date,schedule,settlement_mode,solver_status,solver_success,solver_runtime_seconds,release_count,maximum_scenario_power_balance_residual_kw,initial_energy_kwh,final_energy_kwh,initial_planned_purchase_energy_kwh,initial_planned_purchase_cost_yuan,initial_expected_operating_cost_yuan,adjustment_cost_yuan,adjustment_energy_kwh,adjustment_increase_energy_kwh,adjustment_decrease_energy_kwh,adjusted_interval_count,emergency_energy_kwh,emergency_cost_yuan,realized_total_cost_yuan,emergency_interval_count,battery_throughput_kwh,mean_soc_kwh,minimum_soc_kwh,maximum_soc_kwh,main_settlement
2025-02-01,S0,SEQUENTIAL_PREVIOUS_COMMITMENT,Optimal,1,3.1587716000,1,0.0000000000,6000.0000000000,7189.1800857125,48488.6190411939,25718.3232573597,27159.8253417210,0.0000000000,0.0000000000,0.0000000000,0.0000000000,0,154.6365560516,794.8613147056,26513.1845720653,9,35433.1966624847,7488.9515051147,1236.1167459491,10800.0000000000,True
2025-02-02,S0,SEQUENTIAL_PREVIOUS_COMMITMENT,Optimal,1,2.1541339000,1,0.0000000000,7189.1800857125,7055.4023662184,92950.2024681922,58907.3851707045,61107.6138898741,0.0000000000,0.0000000000,0.0000000000,0.0000000000,0,72.9630995311,253.6632152010,59161.0483859055,5,40250.2295759466,8010.3432386333,1200.0000000000,10800.0000000000,True
2025-02-03,S0,SEQUENTIAL_PREVIOUS_COMMITMENT,Optimal,1,1.2250609000,1,0.0000000000,7055.4023662184,7055.4023573488,91943.6525565188,57980.3777948080,59992.3622884672,0.0000000000,0.0000000000,0.0000000000,0.0000000000,0,135.5137566909,479.3738985301,58459.7516933380,15,41046.1920844097,8003.6817239182,1200.0000000000,10800.0000000000,True
2025-02-04,S0,SEQUENTIAL_PREVIOUS_COMMITMENT,Optimal,1,0.9310597000,1,0.0000000000,7055.4023573488,7079.2156544373,92253.9820298956,58236.7245099293,60428.3349217547,0.0000000000,0.0000000000,0.0000000000,0.0000000000,0,439.9871400913,1638.5685108391,59875.2930207685,19,42860.1717581088,7927.6677282090,1221.4022266348,10800.0000000000,True
2025-02-05,S0,SEQUENTIAL_PREVIOUS_COMMITMENT,Optimal,1,0.9314967000,1,0.0000000000,7079.2156544373,6873.5491654318,90229.9779115742,56814.9083081913,58972.5556203189,0.0000000000,0.0000000000,0.0000000000,0.0000000000,0,381.5507824504,1461.7840276441,58276.6923358354,24,42203.7390601929,7887.0483777970,1200.0000000000,10800.0000000000,True
2025-02-06,S0,SEQUENTIAL_PREVIOUS_COMMITMENT,Optimal,1,2.7380738000,1,0.0000000000,6873.5491654318,7092.4351553880,92791.3798346206,58756.2873319954,60807.2138977973,0.0000000000,0.0000000000,0.0000000000,0.0000000000,0,99.8612088073,353.3847231388,59109.6720551342,6,41562.5956651479,7995.9415661446,1223.6639058160,10800.0000000000,True
2025-02-07,S0,SEQUENTIAL_PREVIOUS_COMMITMENT,Optimal,1,3.3726918000,1,0.0000000000,7092.4351553880,7058.3018853984,46258.2654293506,24552.5461977631,26040.9766694119,0.0000000000,0.0000000000,0.0000000000,0.0000000000,0,114.5556831159,660.7376389573,25213.2838367204,7,34550.3811419884,7471.0438002828,1213.8351869936,10800.0000000000,True
2025-02-08,S0,SEQUENTIAL_PREVIOUS_COMMITMENT,Optimal,1,3.1988756000,1,0.0000000000,7058.3018853984,7044.4666594498,40454.4438984962,21615.7928514352,23249.1104782576,0.0000000000,0.0000000000,0.0000000000,0.0000000000,0,295.8700682813,1256.5800385381,22872.3728899733,19,33533.9154082055,6955.8902644368,1200.0000000000,10800.0000000000,True
2025-02-09,S0,SEQUENTIAL_PREVIOUS_COMMITMENT,Optimal,1,1.0055288000,1,0.0000000000,7044.4666594498,7044.4667725025,87175.3940804710,54725.3497227256,56848.9160668813,0.0000000000,0.0000000000,0.0000000000,0.0000000000,0,695.1468834454,2295.5854626007,57020.9351853263,32,42162.1377988418,7901.7763069842,1200.0000000000,10800.0000000000,True
2025-02-10,S0,SEQUENTIAL_PREVIOUS_COMMITMENT,Optimal,1,0.9124540000,1,0.0000000000,7044.4667725025,6903.8255246751,87366.5488919788,54899.2861615899,56906.3408746925,0.0000000000,0.0000000000,0.0000000000,0.0000000000,0,208.8532841669,718.9771754232,55618.2633370131,14,37725.1320596469,8082.6372889652,1205.0785269097,10800.0000000000,True
2025-02-11,S0,SEQUENTIAL_PREVIOUS_COMMITMENT,Optimal,1,5.3466081000,1,0.0000000000,6903.8255246751,6962.2637364186,85365.2087298615,53383.3610129091,55422.1450521489,0.0000000000,0.0000000000,0.0000000000,0.0000000000,0,249.3364088344,1242.1134611914,54625.4744741005,22,40577.1859169976,7817.0156749639,1200.0000000000,10800.0000000000,True
2025-02-12,S0,SEQUENTIAL_PREVIOUS_COMMITMENT,Optimal,1,6.7274132000,1,0.0000000000,6962.2637364186,7010.4457483153,85459.1119444064,53368.2038788174,55515.3395514062,0.0000000000,0.0000000000,0.0000000000,0.0000000000,0,352.2044354556,1455.3434628213,54823.5473416387,21,40309.0741773055,7885.3802586037,1200.0000000000,10800.0000000000,True
2025-02-13,S0,SEQUENTIAL_PREVIOUS_COMMITMENT,Optimal,1,8.1617896000,1,0.0000000000,7010.4457483153,7112.2394467567,84886.9398504021,53078.1458507384,55056.4776254944,0.0000000000,0.0000000000,0.0000000000,0.0000000000,0,327.6922403072,1408.8071051834,54486.9529559217,24,36076.6510877631,8083.0024351416,1200.0000000000,10800.0000000000,True
2025-02-14,S0,SEQUENTIAL_PREVIOUS_COMMITMENT,Optimal,1,5.5158758000,1,0.0000000000,7112.2394467567,7112.2394634077,38100.0092325990,20441.6693207325,22038.2461545299,0.0000000000,0.0000000000,0.0000000000,0.0000000000,0,724.2084416827,2547.6660794883,22989.3354002209,38,32456.2049268182,6439.8632002386,1200.0000000000,10800.0000000000,True
2025-02-15,S0,SEQUENTIAL_PREVIOUS_COMMITMENT,Optimal,1,6.1077082000,1,0.0000000000,7112.2394634077,7011.2195906992,37161.3500909011,20029.8296810688,21565.8690287809,0.0000000000,0.0000000000,0.0000000000,0.0000000000,0,745.9969694452,2863.9704579538,22893.8001390226,36,31346.8961502635,6383.8522060705,1200.0000000000,10800.0000000000,True
2025-02-16,S0,SEQUENTIAL_PREVIOUS_COMMITMENT,Optimal,1,5.9191496000,1,0.0000000000,7011.2195906992,7041.7325452043,83173.7558048784,51756.3497241417,53923.3820152813,0.0000000000,0.0000000000,0.0000000000,0.0000000000,0,642.9317769871,2476.2722419660,54232.6219661076,42,39933.8238008823,7815.5088735868,1200.0000000000,10800.0000000000,True
2025-02-17,S0,SEQUENTIAL_PREVIOUS_COMMITMENT,Optimal,1,2.0362622000,1,0.0000000000,7041.7325452043,6992.5553715608,82274.7251673648,50962.9357761013,53086.3633827808,0.0000000000,0.0000000000,0.0000000000,0.0000000000,0,313.9527437608,1313.5839546475,52276.5197307488,23,36518.5951672466,7964.6859501460,1200.0000000000,10800.0000000000,True
2025-02-18,S0,SEQUENTIAL_PREVIOUS_COMMITMENT,Optimal,1,9.2962567000,1,0.0000000000,6992.5553715608,6967.9894302331,80852.9705135167,50198.3507109777,52261.8762488355,0.0000000000,0.0000000000,0.0000000000,0.0000000000,0,343.4861215981,1311.6618492314,51510.0125602091,23,38427.9340072979,7819.1059456265,1200.0000000000,10800.0000000000,True
2025-02-19,S0,SEQUENTIAL_PREVIOUS_COMMITMENT,Optimal,1,6.9816278000,1,0.0000000000,6967.9894302331,6999.3998859572,80489.1654138665,49928.4621630565,52016.2834814727,0.0000000000,0.0000000000,0.0000000000,0.0000000000,0,845.2054925672,2847.3589919345,52775.8211549910,40,40818.2482513538,7631.9426800062,1200.0000000000,10800.0000000000,True
2025-02-20,S0,SEQUENTIAL_PREVIOUS_COMMITMENT,Optimal,1,6.5054722000,1,0.0000000000,6999.3998859572,7044.4668020884,80887.3409144180,49969.3914385994,52020.7356434110,0.0000000000,0.0000000000,0.0000000000,0.0000000000,0,439.6802730454,1941.1099105933,51910.5013491927,28,39014.4287529693,7692.5092614064,1200.0000000000,10800.0000000000,True
2025-02-21,S0,SEQUENTIAL_PREVIOUS_COMMITMENT,Optimal,1,6.0652166000,1,0.0000000000,7044.4668020884,6833.8842570661,36397.9751514680,19555.3746327811,20671.6853911259,0.0000000000,0.0000000000,0.0000000000,0.0000000000,0,275.9435909311,937.7635020565,20493.1381348376,24,31715.8012938217,6138.5187065410,1200.0000000000,10800.0000000000,True
2025-02-22,S0,SEQUENTIAL_PREVIOUS_COMMITMENT,Optimal,1,4.9115031000,1,0.0000000000,6833.8842570661,7007.7117234452,36590.0514634854,19657.2919182377,20876.9230048378,0.0000000000,0.0000000000,0.0000000000,0.0000000000,0,314.3096004927,1124.8089034852,20782.1008217228,23,31408.6149116070,6056.8068310218,1200.0000000000,10800.0000000000,True
2025-02-23,S0,SEQUENTIAL_PREVIOUS_COMMITMENT,Optimal,1,9.9653892000,1,0.0000000000,7007.7117234452,6975.5314804267,79476.3858752490,49181.0120426664,51006.8772405064,0.0000000000,0.0000000000,0.0000000000,0.0000000000,0,686.0068339791,2310.8629132660,51491.8749559324,33,39809.9258402428,7600.6201230342,1207.5420561343,10800.0000000000,True
2025-02-24,S0,SEQUENTIAL_PREVIOUS_COMMITMENT,Optimal,1,10.7323012000,1,0.0000000000,6975.5314804267,6916.9057595930,78304.6017986906,48276.7222251675,50365.1807806189,0.0000000000,0.0000000000,0.0000000000,0.0000000000,0,361.7088353933,1505.8551292358,49782.5773544033,24,38162.8381050034,7654.3539820751,1200.0000000000,10800.0000000000,True
2025-02-25,S0,SEQUENTIAL_PREVIOUS_COMMITMENT,Optimal,1,8.2564739000,1,0.0000000000,6916.9057595930,6999.3999951498,78765.4212110739,48564.6056292934,50688.1581497807,0.0000000000,0.0000000000,0.0000000000,0.0000000000,0,343.4492764936,1192.7244442745,49757.3300735679,25,36143.1597418070,7814.0402199929,1200.0000000000,10800.0000000000,True
2025-02-26,S0,SEQUENTIAL_PREVIOUS_COMMITMENT,Optimal,1,4.1887219000,1,0.0000000000,6999.3999951498,7011.2193140460,77832.9179975599,47857.7170514548,49824.5247526862,0.0000000000,0.0000000000,0.0000000000,0.0000000000,0,583.2267648656,2266.0730707225,50123.7901221773,30,38755.9925313112,7585.3877740244,1200.0000000000,10800.0000000000,True
2025-02-27,S0,SEQUENTIAL_PREVIOUS_COMMITMENT,Optimal,1,5.0317639000,1,0.0000000000,7011.2193140460,6999.4000621947,76983.7183837006,47317.7763814463,49245.7921695404,0.0000000000,0.0000000000,0.0000000000,0.0000000000,0,448.4995919727,2103.2234776733,49420.9998591196,18,40536.2850811022,7445.7682035444,1200.0000000000,10800.0000000000,True
2025-02-28,S0,SEQUENTIAL_PREVIOUS_COMMITMENT,Optimal,1,7.1641814000,1,0.0000000000,6999.4000621947,6999.2064518099,35256.1422536819,18835.3162064362,19920.0866753558,0.0000000000,0.0000000000,0.0000000000,0.0000000000,0,411.4504936480,1519.8340418702,20355.1502483064,28,30378.9286215949,6024.9172069474,1200.0000000000,10800.0000000000,True
2025-03-01,S0,SEQUENTIAL_PREVIOUS_COMMITMENT,Optimal,1,5.6423927000,1,0.0000000000,6999.2064518099,6982.2997186477,35455.6687092464,19041.9904301658,20108.5043125352,0.0000000000,0.0000000000,0.0000000000,0.0000000000,0,471.9732459350,2098.7333584231,21140.7237885889,20,29635.3790076599,6195.5741867600,1214.3103363715,10800.0000000000,True
2025-03-02,S0,SEQUENTIAL_PREVIOUS_COMMITMENT,Optimal,1,4.6329999000,1,0.0000000000,6982.2997186477,6999.2063005851,76898.5284335501,47170.8677755988,49330.9329877674,0.0000000000,0.0000000000,0.0000000000,0.0000000000,0,3569.4497922530,13761.9602108783,60932.8279864771,44,39887.8536678183,7549.2462909616,1200.0000000000,10800.0000000000,True
2025-03-03,S0,SEQUENTIAL_PREVIOUS_COMMITMENT,Optimal,1,4.8088906000,1,0.0000000000,6999.2063005851,7000.1735999980,77648.5439025327,47813.1554939175,50048.5577501575,0.0000000000,0.0000000000,0.0000000000,0.0000000000,0,1996.1806686504,8416.0833668478,56229.2388607653,56,41449.7877841402,7488.1177498037,1200.0000000000,10800.0000000000,True
2025-03-04,S0,SEQUENTIAL_PREVIOUS_COMMITMENT,Optimal,1,4.8875316000,1,0.0000000000,7000.1735999980,6969.6416076787,78041.6652879632,48167.2014002377,50665.7498448470,0.0000000000,0.0000000000,0.0000000000,0.0000000000,0,637.1161557510,1842.4027820988,50009.6041823365,29,39487.2299846006,7623.8826042561,1200.0000000000,10800.0000000000,True
2025-03-05,S0,SEQUENTIAL_PREVIOUS_COMMITMENT,Optimal,1,5.6961805000,1,0.0000000000,6969.6416076787,7055.4023665324,79092.8972426641,48714.2509622519,50810.9131579839,0.0000000000,0.0000000000,0.0000000000,0.0000000000,0,156.0162058003,653.9424357617,49368.1933980136,12,36382.2435615141,7906.4843240553,1200.0000000000,10800.0000000000,True
2025-03-06,S0,SEQUENTIAL_PREVIOUS_COMMITMENT,Optimal,1,5.9156775000,1,0.0000000000,7055.4023665324,7044.4665719805,77929.0198732032,48156.3953635425,50429.7418705073,0.0000000000,0.0000000000,0.0000000000,0.0000000000,0,313.9985775594,919.7976508096,49076.1930143520,21,36426.1060361620,7914.8104830788,1200.0000000000,10800.0000000000,True
2025-03-07,S0,SEQUENTIAL_PREVIOUS_COMMITMENT,Optimal,1,8.1912683000,1,0.0000000000,7044.4665719805,7141.1857964297,34818.8228940055,18660.3820231403,19880.7956406587,0.0000000000,0.0000000000,0.0000000000,0.0000000000,0,208.5087599365,724.6465452408,19385.0285683811,14,28864.3120139352,6325.8533840466,1258.2662145544,10800.0000000000,True
2025-03-08,S0,SEQUENTIAL_PREVIOUS_COMMITMENT,Optimal,1,5.2925784000,1,0.0000000000,7141.1857964297,7007.0242002613,32768.0658677326,17755.4286796225,18855.1280626064,0.0000000000,0.0000000000,0.0000000000,0.0000000000,0,360.6204595006,1108.9266721030,18864.3553517255,23,30663.6264089142,5982.9190191717,1214.4689760561,10800.0000000000,True
2025-03-09,S0,SEQUENTIAL_PREVIOUS_COMMITMENT,Optimal,1,5.7608912000,1,0.0000000000,7007.0242002613,6919.1517156533,75079.6107622795,46081.1893357182,48383.7957634963,0.0000000000,0.0000000000,0.0000000000,0.0000000000,0,276.0896524888,1117.1624476104,47198.3517833286,21,37604.2748661968,7632.3362978432,1200.0000000000,10800.0000000000,True
2025-03-10,S0,SEQUENTIAL_PREVIOUS_COMMITMENT,Optimal,1,4.9268312000,1,0.0000000000,6919.1517156533,6916.6019438710,73813.0545152585,45149.7014757182,47180.8204135470,0.0000000000,0.0000000000,0.0000000000,0.0000000000,0,2105.3602809251,6629.0755602813,51778.7770359995,52,38771.5937943990,7419.8561384645,1200.0000000000,10800.0000000000,True
2025-03-11,S0,SEQUENTIAL_PREVIOUS_COMMITMENT,Optimal,1,5.6064257000,1,0.0000000000,6916.6019438710,7049.8801421800,72475.4020037092,44023.2664170004,46139.9551725112,0.0000000000,0.0000000000,0.0000000000,0.0000000000,0,783.1734362192,2966.1739762429,46989.4403932433,40,37878.3292015143,7487.7636471362,1208.1475434028,10800.0000000000,True
2025-03-12,S0,SEQUENTIAL_PREVIOUS_COMMITMENT,Optimal,1,7.2474340000,1,0.0000000000,7049.8801421800,6992.7487728297,73090.2321076243,44526.2581330288,46826.3896384607,0.0000000000,0.0000000000,0.0000000000,0.0000000000,0,447.1354615442,1584.6150249993,46110.8731580280,30,36688.5337840190,7545.8210367844,1200.0000000000,10800.0000000000,True
2025-03-13,S0,SEQUENTIAL_PREVIOUS_COMMITMENT,Optimal,1,6.6216731000,1,0.0000000000,6992.7487728297,7083.2120831748,73240.2566510317,44553.5249415289,46672.5608852615,0.0000000000,0.0000000000,0.0000000000,0.0000000000,0,2078.5797128652,8040.4699045555,52593.9948460844,43,38123.0692479912,7458.4064291012,1200.0000000000,10800.0000000000,True
2025-03-14,S0,SEQUENTIAL_PREVIOUS_COMMITMENT,Optimal,1,3.5235464000,1,0.0000000000,7083.2120831748,6999.3998938712,31882.0304509935,17117.9722740116,18159.0566091372,0.0000000000,0.0000000000,0.0000000000,0.0000000000,0,314.7025352898,1341.2162179735,18459.1884919851,23,30218.9153892704,6049.9635281271,1200.0000000000,10800.0000000000,True
2025-03-15,S0,SEQUENTIAL_PREVIOUS_COMMITMENT,Optimal,1,2.6109552000,1,0.0000000000,6999.3998938712,7097.6677684802,32397.1710628853,17319.9217429537,18366.5888613454,0.0000000000,0.0000000000,0.0000000000,0.0000000000,0,368.2693300699,1557.9724140338,18877.8941569875,24,30672.1505696287,6047.6771436340,1211.4458297164,10800.0000000000,True
2025-03-16,S0,SEQUENTIAL_PREVIOUS_COMMITMENT,Optimal,1,4.1868047000,1,0.0000000000,7097.6677684802,7012.6400542558,71578.8308707702,43496.6132798940,45662.2307779142,0.0000000000,0.0000000000,0.0000000000,0.0000000000,0,610.8795456438,2314.1216014655,45810.7348813595,37,37715.2898467914,7425.8390611014,1204.1546288339,10800.0000000000,True
2025-03-17,S0,SEQUENTIAL_PREVIOUS_COMMITMENT,Optimal,1,3.8852153000,1,0.0000000000,7012.6400542558,7046.7945105719,71741.1830036361,43408.5546980395,45980.9026248001,0.0000000000,0.0000000000,0.0000000000,0.0000000000,0,261.8180988523,1171.3451459081,44579.8998439476,18,35138.9418990064,7573.2526759965,1202.3279720775,10800.0000000000,True
2025-03-18,S0,SEQUENTIAL_PREVIOUS_COMMITMENT,Optimal,1,3.1881805000,1,0.0000000000,7046.7945105719,7086.2220741985,71504.9850981114,43384.1507111545,45497.8687671345,0.0000000000,0.0000000000,0.0000000000,0.0000000000,0,620.5927072738,2648.4155819228,46032.5662930773,25,37675.9815652255,7463.6737371596,1200.0000000000,10800.0000000000,True
2025-03-19,S0,SEQUENTIAL_PREVIOUS_COMMITMENT,Optimal,1,3.0950115000,1,0.0000000000,7086.2220741985,6969.8454601308,69397.3177725609,42059.5166398489,44326.1675528776,0.0000000000,0.0000000000,0.0000000000,0.0000000000,0,354.7617286098,1638.8715139271,43698.3881537760,22,38399.1289039773,7362.0341972978,1200.0000000000,10800.0000000000,True
2025-03-20,S0,SEQUENTIAL_PREVIOUS_COMMITMENT,Optimal,1,4.2558877000,1,0.0000000000,6969.8454601308,6992.7485788186,69560.8312932040,42207.5203464276,44569.6676944371,0.0000000000,0.0000000000,0.0000000000,0.0000000000,0,1012.6180108731,3698.7209836716,45906.2413300992,44,38187.1339620473,7379.2141582997,1200.0000000000,10800.0000000000,True
2025-03-21,S0,SEQUENTIAL_PREVIOUS_COMMITMENT,Optimal,1,3.4726694000,1,0.0000000000,6992.7485788186,7135.5662149877,31422.1353312374,16780.4883925738,17832.6233638760,0.0000000000,0.0000000000,0.0000000000,0.0000000000,0,414.3968168308,1235.4617212467,18015.9501138206,23,30512.1478841842,6118.4900232709,1293.8336797594,10800.0000000000,True
2025-03-22,S0,SEQUENTIAL_PREVIOUS_COMMITMENT,Optimal,1,3.2737160000,1,0.0000000000,7135.5662149877,7123.3399095023,31983.3666968342,17114.7613998146,18228.3156998386,0.0000000000,0.0000000000,0.0000000000,0.0000000000,0,194.2504810098,595.8413121033,17710.6027119179,14,30309.5206249246,6114.7792363938,1267.9367370891,10800.0000000000,True
2025-03-23,S0,SEQUENTIAL_PREVIOUS_COMMITMENT,Optimal,1,5.3578453000,1,0.0000000000,7123.3399095023,6986.4592958263,68199.5927316140,41115.0043235442,43109.4706188689,0.0000000000,0.0000000000,0.0000000000,0.0000000000,0,676.7461399020,2564.2197196234,43679.2240431676,32,37062.8216695567,7396.7686738244,1200.0000000000,10800.0000000000,True
2025-03-24,S0,SEQUENTIAL_PREVIOUS_COMMITMENT,Optimal,1,9.2751429000,1,0.0000000000,6986.4592958263,7044.4665298629,67603.8700961700,40819.2951218540,43544.7480716656,0.0000000000,0.0000000000,0.0000000000,0.0000000000,0,671.5195914123,2117.5510097222,42936.8461315762,37,37983.6206261055,7389.7035657975,1200.0000000000,10800.0000000000,True
2025-03-25,S0,SEQUENTIAL_PREVIOUS_COMMITMENT,Optimal,1,6.9708441000,1,0.0000000000,7044.4665298629,6999.2066221086,68193.5845871028,41154.3244502731,43419.5303281803,0.0000000000,0.0000000000,0.0000000000,0.0000000000,0,1119.4623883562,4004.3167434958,45158.6411937689,44,36991.2871125464,7500.5110620930,1200.0000000000,10800.0000000000,True
2025-03-26,S0,SEQUENTIAL_PREVIOUS_COMMITMENT,Optimal,1,5.2958376000,1,0.0000000000,6999.2066221086,7086.2220083964,66287.4439708253,39859.7188764097,42095.7532407625,0.0000000000,0.0000000000,0.0000000000,0.0000000000,0,458.0077945467,1574.2295206951,41433.9483971048,25,37219.5809925108,7405.7002857697,1200.0000000000,10800.0000000000,True
2025-03-27,S0,SEQUENTIAL_PREVIOUS_COMMITMENT,Optimal,1,4.9665164000,1,0.0000000000,7086.2220083964,7114.7489544391,67104.2091625314,40521.0083292196,42581.4928263156,0.0000000000,0.0000000000,0.0000000000,0.0000000000,0,627.7266508520,2085.3588977827,42606.3672270022,32,36882.2191718665,7484.6259944171,1202.4245245949,10800.0000000000,True
2025-03-28,S0,SEQUENTIAL_PREVIOUS_COMMITMENT,Optimal,1,5.6655726000,1,0.0000000000,7114.7489544391,7221.6184313345,31114.2223392009,16407.6007352109,17445.5848924583,0.0000000000,0.0000000000,0.0000000000,0.0000000000,0,258.5215643664,866.2888456991,17273.8895809100,16,30488.4771864946,5959.0963982855,1241.3370078340,10800.0000000000,True
2025-03-29,S0,SEQUENTIAL_PREVIOUS_COMMITMENT,Optimal,1,3.0889206000,1,0.0000000000,7221.6184313345,7039.9299876802,30440.4407236005,16020.1259158994,17014.1750349713,0.0000000000,0.0000000000,0.0000000000,0.0000000000,0,326.1202101850,1358.6730660804,17378.7989819797,19,30340.1803821915,6036.4673452340,1240.5300949518,10800.0000000000,True
2025-03-30,S0,SEQUENTIAL_PREVIOUS_COMMITMENT,Optimal,1,4.2854994000,1,0.0000000000,7039.9299876802,7012.4806087346,65890.7188793293,39726.7350465788,42331.4814211151,0.0000000000,0.0000000000,0.0000000000,0.0000000000,0,485.8906200004,1806.7007578200,41533.4358043989,26,36179.1778504193,7521.1730585147,1201.2610821759,10800.0000000000,True
2025-03-31,S0,SEQUENTIAL_PREVIOUS_COMMITMENT,Optimal,1,4.6821237000,1,0.0000000000,7012.4806087346,6993.0134342061,62984.1135569205,37824.1046598836,39761.9890615244,0.0000000000,0.0000000000,0.0000000000,0.0000000000,0,1215.4746272023,4435.6660773891,42259.7707372727,44,35532.0829013651,7521.9374908962,1200.4582609954,10800.0000000000,True
2025-04-01,S0,SEQUENTIAL_PREVIOUS_COMMITMENT,Optimal,1,8.4072836000,1,0.0000000000,6993.0134342061,7041.7325573030,66231.1831368510,39728.0048311843,42197.2060016626,0.0000000000,0.0000000000,0.0000000000,0.0000000000,0,1801.1409216445,5011.1234990506,44739.1283302349,48,35311.6698184096,7597.5742855689,1200.0000000000,10800.0000000000,True
2025-04-02,S0,SEQUENTIAL_PREVIOUS_COMMITMENT,Optimal,1,3.7246730000,1,0.0000000000,7041.7325573030,7011.2196431874,65253.6846726482,39073.8377262607,41298.1021909158,0.0000000000,0.0000000000,0.0000000000,0.0000000000,0,2556.3965529943,9488.1550817141,48561.9928079747,57,38390.3401119059,7304.4129806871,1200.0000000000,10800.0000000000,True
2025-04-03,S0,SEQUENTIAL_PREVIOUS_COMMITMENT,Optimal,1,4.0294230000,1,0.0000000000,7011.2196431874,7053.9505189389,65715.2237366903,39355.8562022615,41658.6921122867,0.0000000000,0.0000000000,0.0000000000,0.0000000000,0,405.7006253757,1318.3656148694,40674.2218171309,28,37417.5438525279,7420.8799179601,1200.0000000000,10800.0000000000,True
2025-04-04,S0,SEQUENTIAL_PREVIOUS_COMMITMENT,Optimal,1,1.0666903000,1,0.0000000000,7053.9505189389,7302.5448231893,30048.9430583907,15680.0658113416,16714.2268343827,0.0000000000,0.0000000000,0.0000000000,0.0000000000,0,364.8816613693,1388.3797658957,17068.4455772373,22,30236.2086145400,5835.0986884105,1349.3864922928,10800.0000000000,True
2025-04-05,S0,SEQUENTIAL_PREVIOUS_COMMITMENT,Optimal,1,4.4998224000,1,0.0000000000,7302.5448231893,6992.3630758611,29629.0628110378,15475.4227599343,16456.8212153272,0.0000000000,0.0000000000,0.0000000000,0.0000000000,0,349.4771681585,1150.0555784005,16625.4783383349,28,30218.3860918395,6119.8067191879,1200.0000000000,10800.0000000000,True
2025-04-06,S0,SEQUENTIAL_PREVIOUS_COMMITMENT,Optimal,1,4.6238165000,1,0.0000000000,6992.3630758611,7597.5493908423,66361.8084288868,39252.9596127866,41898.8609320842,0.0000000000,0.0000000000,0.0000000000,0.0000000000,0,402.9130210666,1622.8222837279,40875.7818965145,26,37085.2465432728,7483.4746569685,1200.0000000000,10800.0000000000,True
2025-04-07,S0,SEQUENTIAL_PREVIOUS_COMMITMENT,Optimal,1,4.3351154000,1,0.0000000000,7597.5493908423,7010.4457875116,62694.3624288015,37423.6448813365,39474.2748530448,0.0000000000,0.0000000000,0.0000000000,0.0000000000,0,441.2094137067,1098.4611220033,38522.1060033398,26,35417.7091162885,7505.6035266245,1200.0000000000,10800.0000000000,True
2025-04-08,S0,SEQUENTIAL_PREVIOUS_COMMITMENT,Optimal,1,6.8653315000,1,0.0000000000,7010.4457875116,7041.7328799921,64656.3850468147,38555.9109169482,40682.5680303906,0.0000000000,0.0000000000,0.0000000000,0.0000000000,0,712.1852475869,3173.8615209062,41729.7724378544,34,37697.1431173148,7335.6155451909,1200.0000000000,10800.0000000000,True
2025-04-09,S0,SEQUENTIAL_PREVIOUS_COMMITMENT,Optimal,1,7.6855109000,1,0.0000000000,7041.7328799921,6954.0395267768,62813.4000418061,37605.4696453619,39807.8430780102,0.0000000000,0.0000000000,0.0000000000,0.0000000000,0,2824.3711074530,9390.4786594946,46995.9483048565,57,37469.5815796050,7335.5838253516,1200.0000000000,10800.0000000000,True
2025-04-10,S0,SEQUENTIAL_PREVIOUS_COMMITMENT,Optimal,1,7.9047223000,1,0.0000000000,6954.0395267768,7105.5151932091,63675.7859442987,37966.9381457990,40163.2171970197,0.0000000000,0.0000000000,0.0000000000,0.0000000000,0,639.6959027736,2772.1035308765,40739.0416766755,33,37444.9293052589,7370.3158933847,1207.2574182581,10800.0000000000,True
2025-04-11,S0,SEQUENTIAL_PREVIOUS_COMMITMENT,Optimal,1,3.0287102000,1,0.0000000000,7105.5151932091,7107.5668279926,29040.2745323162,14976.3668017860,15956.6534169752,0.0000000000,0.0000000000,0.0000000000,0.0000000000,0,467.6267017555,1798.0314522847,16774.3982540707,29,30325.6158670228,6159.3355580431,1298.0497833216,10800.0000000000,True
2025-04-12,S0,SEQUENTIAL_PREVIOUS_COMMITMENT,Optimal,1,2.6972838000,1,0.0000000000,7107.5668279926,7273.6068677046,29846.6844270943,15457.9564479310,16381.7669887717,0.0000000000,0.0000000000,0.0000000000,0.0000000000,0,141.3259101812,508.9809991735,15966.9374471044,15,29452.8514902887,6281.5112171004,1339.6465205440,10800.0000000000,True
2025-04-13,S0,SEQUENTIAL_PREVIOUS_COMMITMENT,Optimal,1,3.6250853000,1,0.0000000000,7273.6068677046,7029.0322207307,62184.1553782462,37074.8717417191,39636.9803504026,0.0000000000,0.0000000000,0.0000000000,0.0000000000,0,665.3600408692,2636.7350786949,39711.6068204141,33,36345.6883016556,7404.5776623386,1221.7965028212,10800.0000000000,True
2025-04-14,S0,SEQUENTIAL_PREVIOUS_COMMITMENT,Optimal,1,4.2265954000,1,0.0000000000,7029.0322207307,7126.0684835631,62385.2904837734,36920.4185406196,39105.3326866912,0.0000000000,0.0000000000,0.0000000000,0.0000000000,0,582.7856031263,2216.8674158754,39137.2859564950,28,36147.8000850166,7463.8127523221,1223.2514973958,10800.0000000000,True
2025-04-15,S0,SEQUENTIAL_PREVIOUS_COMMITMENT,Optimal,1,3.5771683000,1,0.0000000000,7126.0684835631,7088.5396314886,61091.6507252687,36520.7283045943,38393.5213163287,0.0000000000,0.0000000000,0.0000000000,0.0000000000,0,373.7095766039,1558.2960429936,38079.0243475879,26,33982.5761907388,7639.2842740651,1200.0000000000,10800.0000000000,True
2025-04-16,S0,SEQUENTIAL_PREVIOUS_COMMITMENT,Optimal,1,3.2624169000,1,0.0000000000,7088.5396314886,7077.6783546064,61996.6806152479,36882.2873488017,38924.1092673898,0.0000000000,0.0000000000,0.0000000000,0.0000000000,0,1291.2128370524,4491.7289305935,41374.0162793951,48,35478.0051335109,7500.6975149442,1223.6638803530,10800.0000000000,True
2025-04-17,S0,SEQUENTIAL_PREVIOUS_COMMITMENT,Optimal,1,3.0344149000,1,0.0000000000,7077.6783546064,6998.7321297559,59994.3577357925,35880.2131813071,37818.0895948498,0.0000000000,0.0000000000,0.0000000000,0.0000000000,0,519.9042492306,1936.1079327492,37816.3211140563,32,35130.5400086673,7484.3863033273,1200.0000000000,10800.0000000000,True
2025-04-18,S0,SEQUENTIAL_PREVIOUS_COMMITMENT,Optimal,1,0.9217496000,1,0.0000000000,6998.7321297559,7480.9165399886,29348.0230216771,15017.2821732308,15901.3464692953,0.0000000000,0.0000000000,0.0000000000,0.0000000000,0,282.3648890576,943.6558404721,15960.9380137029,15,29649.0453065583,5999.5623923736,1532.7540495515,10800.0000000000,True
2025-04-19,S0,SEQUENTIAL_PREVIOUS_COMMITMENT,Optimal,1,2.9765520000,1,0.0000000000,7480.9165399886,7841.3706571226,28427.0796567902,14501.0162442067,15464.0979485161,0.0000000000,0.0000000000,0.0000000000,0.0000000000,0,365.5553759434,1246.9509983238,15747.9672425305,19,30737.5119989661,5993.7242692605,1573.3193756143,10800.0000000000,True
2025-04-20,S0,SEQUENTIAL_PREVIOUS_COMMITMENT,Optimal,1,4.4257031000,1,0.0000000000,7841.3706571226,7046.7167731178,59975.6055265070,35765.2690564048,37835.5908997704,0.0000000000,0.0000000000,0.0000000000,0.0000000000,0,699.2785885727,2403.9671135997,38169.2361700044,31,34924.3128893516,7480.3232710591,1203.9973730469,10800.0000000000,True
2025-04-21,S0,SEQUENTIAL_PREVIOUS_COMMITMENT,Optimal,1,7.2146017000,1,0.0000000000,7046.7167731178,7053.5623298525,60864.8126999669,36059.9272948250,38274.1175655757,0.0000000000,0.0000000000,0.0000000000,0.0000000000,0,404.5358930201,1255.0743409987,37315.0016358237,21,33535.0762738250,7678.7291329057,1200.0000000000,10800.0000000000,True
2025-04-22,S0,SEQUENTIAL_PREVIOUS_COMMITMENT,Optimal,1,6.0399440000,1,0.0000000000,7053.5623298525,7150.5590165844,59124.5373880276,35289.5919095506,37200.7807415716,0.0000000000,0.0000000000,0.0000000000,0.0000000000,0,1324.2409690861,3804.4800422602,39094.0719518108,42,34353.6836337194,7622.8811549049,1229.7267969934,10800.0000000000,True
2025-04-23,S0,SEQUENTIAL_PREVIOUS_COMMITMENT,Optimal,1,5.4349940000,1,0.0000000000,7150.5590165844,7178.8546807725,59795.2439045020,35498.5797868779,37558.7625787955,0.0000000000,0.0000000000,0.0000000000,0.0000000000,0,729.4308307424,2292.4697349861,37791.0495218640,33,33626.6978205051,7661.2471222023,1266.8118263166,10800.0000000000,True
2025-04-24,S0,SEQUENTIAL_PREVIOUS_COMMITMENT,Optimal,1,4.1895809000,1,0.0000000000,7178.8546807725,7054.0084774907,59015.9028750589,35153.2169281872,37329.0190968786,0.0000000000,0.0000000000,0.0000000000,0.0000000000,0,285.5102437062,1026.2017954807,36179.4187236679,21,33206.4465548524,7714.1388374724,1200.0000000000,10800.0000000000,True
2025-04-25,S0,SEQUENTIAL_PREVIOUS_COMMITMENT,Optimal,1,4.3219955000,1,0.0000000000,7054.0084774907,7656.0102072857,28114.1012467608,14092.1415217667,14987.0346338058,0.0000000000,0.0000000000,0.0000000000,0.0000000000,0,200.6612295836,625.8184675812,14717.9599893478,17,30519.5087099444,6075.0640658210,1428.1680610426,10800.0000000000,True
2025-04-26,S0,SEQUENTIAL_PREVIOUS_COMMITMENT,Optimal,1,4.3750491000,1,0.0000000000,7656.0102072857,7460.0694601186,27223.3263100752,13673.1166633293,14532.0536787450,0.0000000000,0.0000000000,0.0000000000,0.0000000000,0,568.1565989115,2138.1715906820,15811.2882540112,30,30609.0635223767,6159.0840259813,1403.2910314840,10800.0000000000,True
2025-04-27,S0,SEQUENTIAL_PREVIOUS_COMMITMENT,Optimal,1,5.6776453000,1,0.0000000000,7460.0694601186,7086.2220317805,55677.5442722459,32932.0133712244,34762.4000280350,0.0000000000,0.0000000000,0.0000000000,0.0000000000,0,1426.4768041776,6329.9501330985,39261.9635043229,39,34982.8776426939,7474.3823683292,1200.0000000000,10800.0000000000,True
2025-04-28,S0,SEQUENTIAL_PREVIOUS_COMMITMENT,Optimal,1,3.7541605000,1,0.0000000000,7086.2220317805,7119.7065794644,57737.1143241364,34249.8192768531,36219.2356607645,0.0000000000,0.0000000000,0.0000000000,0.0000000000,0,4787.7821689492,17125.8187633033,51375.6380401564,59,34467.3654964812,7542.4088628782,1264.3034867389,10800.0000000000,True
2025-04-29,S0,SEQUENTIAL_PREVIOUS_COMMITMENT,Optimal,1,4.1475085000,1,0.0000000000,7119.7065794644,7332.3964275553,58338.6662825851,34521.0602560276,36714.3700671412,0.0000000000,0.0000000000,0.0000000000,0.0000000000,0,893.7366621308,3805.9458409189,38327.0060969465,21,32069.0803367787,7830.4653766208,1200.0000000000,10800.0000000000,True
2025-04-30,S0,SEQUENTIAL_PREVIOUS_COMMITMENT,Optimal,1,3.9056316000,1,0.0000000000,7332.3964275553,7078.6851482766,56422.1811638688,33650.5193839629,35629.0599886774,0.0000000000,0.0000000000,0.0000000000,0.0000000000,0,1744.3384865358,5806.3862064053,39456.9055903681,38,32692.6731368954,7694.6840750054,1230.4713439630,10800.0000000000,True
2025-05-01,S0,SEQUENTIAL_PREVIOUS_COMMITMENT,Optimal,1,5.2985531000,1,0.0000000000,7078.6851482766,7419.2963559790,57537.6007796936,34300.3177109286,36574.0111031252,0.0000000000,0.0000000000,0.0000000000,0.0000000000,0,2865.3048340876,13292.5677902527,47592.8855011814,70,35473.8293272168,7472.6627806600,1200.0000000000,10800.0000000000,True
2025-05-02,S0,SEQUENTIAL_PREVIOUS_COMMITMENT,Optimal,1,2.8036807000,1,0.0000000000,7419.2963559790,7469.4423941017,27757.5760686943,14159.3052992558,15226.4823147991,0.0000000000,0.0000000000,0.0000000000,0.0000000000,0,2524.3112688962,11393.4215024628,25552.7268017186,60,31566.1995497166,6005.3309034245,1216.1519503840,10800.0000000000,True
2025-05-03,S0,SEQUENTIAL_PREVIOUS_COMMITMENT,Optimal,1,1.0566674000,1,0.0000000000,7469.4423941017,7195.4841026530,27660.7725558583,14031.2335520917,14937.1733062208,0.0000000000,0.0000000000,0.0000000000,0.0000000000,0,1836.7355267274,9111.2269536957,23142.4605057874,48,30819.0481316628,6072.7271505978,1232.6283583091,10800.0000000000,True
2025-05-04,S0,SEQUENTIAL_PREVIOUS_COMMITMENT,Optimal,1,4.7011472000,1,0.0000000000,7195.4841026530,7418.6378637520,59140.0175490140,35120.9960023533,37430.1566835488,0.0000000000,0.0000000000,0.0000000000,0.0000000000,0,2300.4418460486,10104.9210918796,45225.9170942328,60,31143.6924822784,7957.5414511798,1200.0000000000,10800.0000000000,True
2025-05-05,S0,SEQUENTIAL_PREVIOUS_COMMITMENT,Optimal,1,4.0682357000,1,0.0000000000,7418.6378637520,7309.7243063876,59795.7140935772,35437.9095934111,37804.9330589245,0.0000000000,0.0000000000,0.0000000000,0.0000000000,0,2836.7242073395,12942.8377644623,48380.7473578734,74,35224.2500820314,7514.5902658146,1200.0000000000,10800.0000000000,True
2025-05-06,S0,SEQUENTIAL_PREVIOUS_COMMITMENT,Optimal,1,4.2493516000,1,0.0000000000,7309.7243063876,7469.6759242321,58657.5453544125,34786.7172911231,37448.8319289001,0.0000000000,0.0000000000,0.0000000000,0.0000000000,0,3178.4403222348,14055.6653295066,48842.3826206297,73,34491.1385426900,7608.1279974872,1200.0000000000,10800.0000000000,True
2025-05-07,S0,SEQUENTIAL_PREVIOUS_COMMITMENT,Optimal,1,4.3867207000,1,0.0000000000,7469.6759242321,7728.6155950878,59480.1365840593,35179.7385199882,37649.0010757513,0.0000000000,0.0000000000,0.0000000000,0.0000000000,0,3127.4258505055,14282.7511994076,49462.4897193958,73,34733.8675064663,7631.1851776216,1200.0000000000,10800.0000000000,True
2025-05-08,S0,SEQUENTIAL_PREVIOUS_COMMITMENT,Optimal,1,4.3230874000,1,0.0000000000,7728.6155950878,7757.9403370874,64200.2902917121,38970.2689943990,41578.5698865944,0.0000000000,0.0000000000,0.0000000000,0.0000000000,0,1109.9322948206,4624.2352683186,43594.5042627176,33,33669.0122416321,7836.7468560431,1221.4631043113,10800.0000000000,True
2025-05-09,S0,SEQUENTIAL_PREVIOUS_COMMITMENT,Optimal,1,0.9722827000,1,0.0000000000,7757.9403370874,7187.9499287765,29460.1364689662,15647.3773379895,16533.0694645200,0.0000000000,0.0000000000,0.0000000000,0.0000000000,0,534.6071762330,2060.0722707700,17707.4496087595,26,30851.8035208360,5888.5296461242,1390.7646847748,10800.0000000000,True
2025-05-10,S0,SEQUENTIAL_PREVIOUS_COMMITMENT,Optimal,1,0.9318857000,1,0.0000000000,7187.9499287765,7252.7838796906,30333.4448714979,16173.5791653673,17256.9636698011,0.0000000000,0.0000000000,0.0000000000,0.0000000000,0,711.4979698395,2938.5122214883,19112.0913868556,30,30165.7127372207,5907.9292058062,1324.1996196520,10800.0000000000,True
2025-05-11,S0,SEQUENTIAL_PREVIOUS_COMMITMENT,Optimal,1,3.9638643000,1,0.0000000000,7252.7838796906,7112.5349754239,62979.9978609289,38087.6063342389,40620.1977442829,0.0000000000,0.0000000000,0.0000000000,0.0000000000,0,1035.1455014313,3831.4491946896,41919.0555289285,43,32907.6908383770,7831.8890382875,1200.0000000000,10800.0000000000,True
2025-05-12,S0,SEQUENTIAL_PREVIOUS_COMMITMENT,Optimal,1,4.0605593000,1,0.0000000000,7112.5349754239,7130.7819514283,61658.3640474819,37283.0867512514,39606.2976245250,0.0000000000,0.0000000000,0.0000000000,0.0000000000,0,1257.5994306977,4003.1280340276,41286.2147852790,35,29631.2200502384,8125.5672730639,1207.4888126447,10800.0000000000,True
2025-05-13,S0,SEQUENTIAL_PREVIOUS_COMMITMENT,Optimal,1,2.9902171000,1,0.0000000000,7130.7819514283,7423.7439826539,64520.9445884039,38764.4310957667,41400.6863620962,0.0000000000,0.0000000000,0.0000000000,0.0000000000,0,292.6232122316,1222.7572337015,39987.1883294682,16,33560.7821581309,7809.8162525007,1200.0000000000,10800.0000000000,True
2025-05-14,S0,SEQUENTIAL_PREVIOUS_COMMITMENT,Optimal,1,4.3967965000,1,0.0000000000,7423.7439826539,7224.2387206999,63502.5565423514,38548.0405438602,41289.0789231678,0.0000000000,0.0000000000,0.0000000000,0.0000000000,0,312.4042453118,925.2071326276,39473.2476764878,20,32409.2943735302,7850.7505955021,1232.4222294560,10800.0000000000,True
2025-05-15,S0,SEQUENTIAL_PREVIOUS_COMMITMENT,Optimal,1,3.5388438000,1,0.0000000000,7224.2387206999,7635.8917237709,63080.7390355051,38175.2149156645,40671.4741986909,0.0000000000,0.0000000000,0.0000000000,0.0000000000,0,1022.2160214750,3978.8334689077,42154.0483845722,31,33203.3640726558,7856.0414999646,1296.2276954572,10800.0000000000,True
2025-05-16,S0,SEQUENTIAL_PREVIOUS_COMMITMENT,Optimal,1,2.9238684000,1,0.0000000000,7635.8917237709,7486.6142243747,28927.8030996907,15450.2113821213,16557.2276878043,0.0000000000,0.0000000000,0.0000000000,0.0000000000,0,463.6200010361,1334.6785891137,16784.8899712350,23,30930.4741882036,5968.1150179736,1434.4769446420,10800.0000000000,True
2025-05-17,S0,SEQUENTIAL_PREVIOUS_COMMITMENT,Optimal,1,2.6767841000,1,0.0000000000,7486.6142243747,7628.3888804928,29615.3840011418,15699.5228497736,16889.9524463251,0.0000000000,0.0000000000,0.0000000000,0.0000000000,0,674.4496957722,2517.3265659869,18216.8494157604,30,30688.8681434180,6206.3983895363,1351.6224771461,10800.0000000000,True
2025-05-18,S0,SEQUENTIAL_PREVIOUS_COMMITMENT,Optimal,1,3.9747593000,1,0.0000000000,7628.3888804928,7562.8894267570,62437.8737970423,37762.4053482556,40104.9380083695,0.0000000000,0.0000000000,0.0000000000,0.0000000000,0,1443.9393249054,4618.1345825948,42380.5399308504,39,32520.6758912718,7849.3869282065,1262.6121663773,10800.0000000000,True
2025-05-19,S0,SEQUENTIAL_PREVIOUS_COMMITMENT,Optimal,1,12.6861637000,1,0.0000000000,7562.8894267570,8191.4413810183,63318.6674745651,38026.5143038482,40939.8066440187,0.0000000000,0.0000000000,0.0000000000,0.0000000000,0,389.3947455038,1984.1331710032,40010.6474748514,18,32153.2859941646,7980.5388323527,1200.0000000000,10800.0000000000,True
2025-05-20,S0,SEQUENTIAL_PREVIOUS_COMMITMENT,Optimal,1,3.6065013000,1,0.0000000000,8191.4413810183,6997.1857886186,57951.0399424016,35319.2992265959,37691.0968705981,0.0000000000,0.0000000000,0.0000000000,0.0000000000,0,1860.9979593282,6101.0323396293,41420.3315662252,48,31473.7106070804,7806.6225865075,1200.0000000000,10800.0000000000,True
2025-05-21,S0,SEQUENTIAL_PREVIOUS_COMMITMENT,Optimal,1,4.3687369000,1,0.0000000000,6997.1857886186,7083.5381191389,59933.7008667929,36222.8120899971,38472.7439387893,0.0000000000,0.0000000000,0.0000000000,0.0000000000,0,1281.4105312421,5044.2637724558,41267.0758624529,31,31434.4554927952,7887.3313269874,1200.1617245370,10800.0000000000,True
2025-05-22,S0,SEQUENTIAL_PREVIOUS_COMMITMENT,Optimal,1,4.4365465000,1,0.0000000000,7083.5381191389,7489.9216132970,60084.0303932746,36209.8832930229,38861.9456512199,0.0000000000,0.0000000000,0.0000000000,0.0000000000,0,663.2295300680,3041.1476866585,39251.0309796814,33,33103.8906084120,7796.6096383555,1200.0000000000,10800.0000000000,True
2025-05-23,S0,SEQUENTIAL_PREVIOUS_COMMITMENT,Optimal,1,2.9591887000,1,0.0000000000,7489.9216132970,7725.0466093352,29315.9766673385,15439.6499839057,16607.7297278961,0.0000000000,0.0000000000,0.0000000000,0.0000000000,0,429.0267482892,1710.4909147963,17150.1408987020,28,31428.2416403836,5995.9704866493,1358.9933701293,10800.0000000000,True
2025-05-24,S0,SEQUENTIAL_PREVIOUS_COMMITMENT,Optimal,1,3.2498784000,1,0.0000000000,7725.0466093352,7762.0506532298,29529.2780385255,15688.1604837875,16986.3199409222,0.0000000000,0.0000000000,0.0000000000,0.0000000000,0,205.1336612019,831.2309243966,16519.3914081840,19,31295.3061604122,6141.3474679409,1485.2844530383,10800.0000000000,True
2025-05-25,S0,SEQUENTIAL_PREVIOUS_COMMITMENT,Optimal,1,7.4199833000,1,0.0000000000,7762.0506532298,7091.1522298394,59426.1517165304,35789.4425430932,38339.9775835342,0.0000000000,0.0000000000,0.0000000000,0.0000000000,0,435.5458640161,2118.1745500390,37907.6170931322,24,30491.2304199227,7933.0081369145,1200.0000000000,10800.0000000000,True
2025-05-26,S0,SEQUENTIAL_PREVIOUS_COMMITMENT,Optimal,1,5.0727791000,1,0.0000000000,7091.1522298394,7146.1070877577,58931.7589426678,35683.2015754061,38152.4821570998,0.0000000000,0.0000000000,0.0000000000,0.0000000000,0,3308.5493400758,12350.7811105555,48033.9826859616,54,32770.0978733310,7785.8802158956,1254.8779761285,10800.0000000000,True
2025-05-27,S0,SEQUENTIAL_PREVIOUS_COMMITMENT,Optimal,1,4.0100012000,1,0.0000000000,7146.1070877577,7712.7689429039,60947.4578100569,36886.7953405929,39742.8937214217,0.0000000000,0.0000000000,0.0000000000,0.0000000000,0,549.0946534306,1969.7283234035,38856.5236639964,26,32082.1803024159,7935.6827308013,1200.0000000000,10800.0000000000,True
2025-05-28,S0,SEQUENTIAL_PREVIOUS_COMMITMENT,Optimal,1,4.2222951000,1,0.0000000000,7712.7689429039,8304.4675064267,62648.8001534883,37847.6632974975,40844.7436779720,0.0000000000,0.0000000000,0.0000000000,0.0000000000,0,1411.5001318373,3793.0698509945,41640.7331484920,33,33464.5059537158,7823.1548298685,1200.0000000000,10800.0000000000,True
2025-05-29,S0,SEQUENTIAL_PREVIOUS_COMMITMENT,Optimal,1,3.5310823000,1,0.0000000000,8304.4675064267,7149.0620262961,58682.7752016645,35543.2106317409,38497.1071320850,0.0000000000,0.0000000000,0.0000000000,0.0000000000,0,1400.4629400752,5340.9954912976,40884.2061230385,57,32283.8976364384,7687.3063046395,1200.0000000000,10800.0000000000,True
2025-05-30,S0,SEQUENTIAL_PREVIOUS_COMMITMENT,Optimal,1,2.6704318000,1,0.0000000000,7149.0620262961,7636.2353430404,29206.6481492597,15243.8073953874,16393.3743569151,0.0000000000,0.0000000000,0.0000000000,0.0000000000,0,796.2511144408,3382.0402221541,18625.8476175415,18,31006.8999596810,6018.3605237238,1388.8047597093,10800.0000000000,True
2025-05-31,S0,SEQUENTIAL_PREVIOUS_COMMITMENT,Optimal,1,2.6099267000,1,0.0000000000,7636.2353430404,7741.1006956621,29301.5817771771,15392.6871138558,16668.0617220787,0.0000000000,0.0000000000,0.0000000000,0.0000000000,0,495.1099689107,1797.7523491308,17190.4394629867,27,31751.5036992238,6096.4754372136,1352.5019346251,10800.0000000000,True
2025-06-01,S0,SEQUENTIAL_PREVIOUS_COMMITMENT,Optimal,1,5.8861955000,1,0.0000000000,7741.1006956621,7500.2770253129,62222.1306800674,37382.9180294793,39660.3151664703,0.0000000000,0.0000000000,0.0000000000,0.0000000000,0,12555.9715195632,48594.3282069097,85977.2462363890,123,34156.5873931222,7676.1849019610,1200.0000000000,10800.0000000000,True
2025-06-02,S0,SEQUENTIAL_PREVIOUS_COMMITMENT,Optimal,1,3.8782132000,1,0.0000000000,7500.2770253129,7381.2624742279,63863.9573405691,38279.9290477558,41597.8132548662,0.0000000000,0.0000000000,0.0000000000,0.0000000000,0,10773.3027792508,43521.3859237204,81801.3149714761,117,35625.9922649657,7574.9710446110,1200.0000000000,10800.0000000000,True
2025-06-03,S0,SEQUENTIAL_PREVIOUS_COMMITMENT,Optimal,1,3.1229259000,1,0.0000000000,7381.2624742279,7376.6439864210,64820.5162651763,38702.2477748383,41623.1984346075,0.0000000000,0.0000000000,0.0000000000,0.0000000000,0,7941.4791318669,32617.6556143702,71319.9033892085,115,37278.9736075294,7518.2701128921,1200.0000000000,10800.0000000000,True
2025-06-04,S0,SEQUENTIAL_PREVIOUS_COMMITMENT,Optimal,1,3.9616745000,1,0.0000000000,7376.6439864210,7588.5988398600,67148.3536426051,40008.3981879689,42900.3173175269,0.0000000000,0.0000000000,0.0000000000,0.0000000000,0,7468.6968986505,28813.4981250808,68821.8963130497,110,36085.0100812963,7690.5565849362,1200.0000000000,10800.0000000000,True
2025-06-05,S0,SEQUENTIAL_PREVIOUS_COMMITMENT,Optimal,1,2.9433873000,1,0.0000000000,7588.5988398600,8165.7418548509,69348.8657063006,41693.5426580564,46422.9569152309,0.0000000000,0.0000000000,0.0000000000,0.0000000000,0,7465.1568732234,28515.7556990456,70209.2983571021,110,38528.7002972576,7604.9771639011,1200.0000000000,10800.0000000000,True
2025-06-06,S0,SEQUENTIAL_PREVIOUS_COMMITMENT,Optimal,1,2.7461101000,1,0.0000000000,8165.7418548509,7274.9472485251,28900.9391671757,15262.6146976684,16904.7244798858,0.0000000000,0.0000000000,0.0000000000,0.0000000000,0,7868.1899791275,33020.6223844418,48283.2370821102,94,31997.6272631992,6015.6717596658,1200.0000000000,10800.0000000000,True
2025-06-07,S0,SEQUENTIAL_PREVIOUS_COMMITMENT,Optimal,1,3.0163251000,1,0.0000000000,7274.9472485251,7469.6757691351,30939.0130248867,16368.4614629801,19615.3275523251,0.0000000000,0.0000000000,0.0000000000,0.0000000000,0,5918.4902826982,24114.4602380467,40482.9217010268,93,31102.1150233105,5918.9934634619,1200.0000000000,10800.0000000000,True
2025-06-08,S0,SEQUENTIAL_PREVIOUS_COMMITMENT,Optimal,1,4.6230873000,1,0.0000000000,7469.6757691351,8367.1887683919,82344.6484589621,51145.9929429905,55250.8164005213,0.0000000000,0.0000000000,0.0000000000,0.0000000000,0,111.1363122666,438.5238318700,51584.5167748606,11,32486.0196921097,8209.4232495838,1200.0000000000,10800.0000000000,True
2025-06-09,S0,SEQUENTIAL_PREVIOUS_COMMITMENT,Optimal,1,3.5092223000,1,0.0000000000,8367.1887683919,7499.1372438016,79394.0582355664,49526.8023933620,53809.3206722589,0.0000000000,0.0000000000,0.0000000000,0.0000000000,0,1126.6238978505,4212.5874782262,53739.3898715882,41,35032.4382260200,7869.5686358879,1200.0000000000,10800.0000000000,True
2025-06-10,S0,SEQUENTIAL_PREVIOUS_COMMITMENT,Optimal,1,2.8287549000,1,0.0000000000,7499.1372438016,7707.4394402722,80092.6199478569,49675.2852809560,53304.6728013626,0.0000000000,0.0000000000,0.0000000000,0.0000000000,0,842.3924046237,2974.6920856510,52649.9773666070,40,38542.6279797270,7723.5116545181,1200.0000000000,10800.0000000000,True
2025-06-11,S0,SEQUENTIAL_PREVIOUS_COMMITMENT,Optimal,1,3.9810518000,1,0.0000000000,7707.4394402722,7712.7687695549,81339.2218094212,50269.2887076072,53572.5144867668,0.0000000000,0.0000000000,0.0000000000,0.0000000000,0,2699.7868936213,12549.2336270427,62818.5223346499,53,41010.9376122591,7572.4113713840,1200.0000000000,10800.0000000000,True
2025-06-12,S0,SEQUENTIAL_PREVIOUS_COMMITMENT,Optimal,1,5.5631959000,1,0.0000000000,7712.7687695549,8253.6646912535,82702.9707000571,51386.3669279570,54839.8444078006,0.0000000000,0.0000000000,0.0000000000,0.0000000000,0,944.7476763912,3941.3636458830,55327.7305738399,29,38206.7149145175,7878.8917943699,1200.0000000000,10800.0000000000,True
2025-06-13,S0,SEQUENTIAL_PREVIOUS_COMMITMENT,Optimal,1,7.5161030000,1,0.0000000000,8253.6646912535,7960.9473940198,38800.7612357020,22272.5778435415,25653.7369544953,0.0000000000,0.0000000000,0.0000000000,0.0000000000,0,637.0607652132,3002.4925703878,25275.0704139293,24,29257.0631402154,6796.4103975410,1320.1603335503,10800.0000000000,True
2025-06-14,S0,SEQUENTIAL_PREVIOUS_COMMITMENT,Optimal,1,3.6245743000,1,0.0000000000,7960.9473940198,7768.4185950399,38326.3767000451,22016.3823266363,24310.5961440793,0.0000000000,0.0000000000,0.0000000000,0.0000000000,0,236.9172598307,773.2152020724,22789.5975287087,15,29209.1456357836,6680.0005400192,1289.6373328546,10800.0000000000,True
2025-06-15,S0,SEQUENTIAL_PREVIOUS_COMMITMENT,Optimal,1,3.4922673000,1,0.0000000000,7768.4185950399,7726.0854900193,82224.9004549726,51438.1745419007,57015.9858043997,0.0000000000,0.0000000000,0.0000000000,0.0000000000,0,548.3373360545,2448.4039262408,53886.5784681415,16,38226.9861476501,7772.4356292384,1213.5152962963,10800.0000000000,True
2025-06-16,S0,SEQUENTIAL_PREVIOUS_COMMITMENT,Optimal,1,4.6696931000,1,0.0000000000,7726.0854900193,7827.4697680134,82176.7418869169,51113.7920106366,55630.9307891952,0.0000000000,0.0000000000,0.0000000000,0.0000000000,0,722.8497091771,3031.8594538585,54145.6514644951,35,40057.5229928435,7653.9184776116,1200.0000000000,10800.0000000000,True
2025-06-17,S0,SEQUENTIAL_PREVIOUS_COMMITMENT,Optimal,1,2.7124484000,1,0.0000000000,7827.4697680134,8165.7418924708,82709.2993460699,51287.0395364733,55752.6581405103,0.0000000000,0.0000000000,0.0000000000,0.0000000000,0,1681.7410209414,7325.8998773789,58612.9394138522,40,39017.7155353376,7827.2976176410,1200.0000000000,10800.0000000000,True
2025-06-18,S0,SEQUENTIAL_PREVIOUS_COMMITMENT,Optimal,1,4.8252328000,1,0.0000000000,8165.7418924708,7659.4357266761,82348.4363546052,51383.3570698819,55572.3199147872,0.0000000000,0.0000000000,0.0000000000,0.0000000000,0,406.2675121029,1511.4375908908,52894.7946607727,23,34622.0028797300,7981.1402586734,1200.0000000000,10800.0000000000,True
2025-06-19,S0,SEQUENTIAL_PREVIOUS_COMMITMENT,Optimal,1,5.3182988000,1,0.0000000000,7659.4357266761,8028.8768583884,82788.6830124357,51684.6909940695,55399.0721281253,0.0000000000,0.0000000000,0.0000000000,0.0000000000,0,663.7338298867,2464.2843294881,54148.9753235576,29,35783.6552278050,7990.1868358959,1200.0000000000,10800.0000000000,True
2025-06-20,S0,SEQUENTIAL_PREVIOUS_COMMITMENT,Optimal,1,3.4130637000,1,0.0000000000,8028.8768583884,8280.8884203345,39219.9132123338,22638.4497518913,26458.0624384780,0.0000000000,0.0000000000,0.0000000000,0.0000000000,0,207.7164689880,526.5596670227,23165.0094189140,13,28169.7354680112,6925.2776515429,1289.1957054075,10800.0000000000,True
2025-06-21,S0,SEQUENTIAL_PREVIOUS_COMMITMENT,Optimal,1,3.3005604000,1,0.0000000000,8280.8884203345,8023.6765424543,36938.9528075791,21238.5919079555,23525.1066918263,0.0000000000,0.0000000000,0.0000000000,0.0000000000,0,189.4791474856,530.9352156280,21769.5271235835,14,32027.3313274670,6283.0476501702,1371.3713072099,10800.0000000000,True
2025-06-22,S0,SEQUENTIAL_PREVIOUS_COMMITMENT,Optimal,1,1.0671745000,1,0.0000000000,8023.6765424543,7837.4421545579,78821.2726195598,48774.3446730617,53175.8046011986,0.0000000000,0.0000000000,0.0000000000,0.0000000000,0,811.2654876956,3228.4111512963,52002.7558243580,25,35046.0652993999,8034.0971407720,1200.0000000000,10800.0000000000,True
2025-06-23,S0,SEQUENTIAL_PREVIOUS_COMMITMENT,Optimal,1,3.7242175000,1,0.0000000000,7837.4421545579,8319.0300496946,80998.8357767860,50273.3720702365,55266.6797677522,0.0000000000,0.0000000000,0.0000000000,0.0000000000,0,405.8553170863,1294.9247797139,51568.2968499504,20,37630.3994505321,7959.5418132402,1200.0000000000,10800.0000000000,True
2025-06-24,S0,SEQUENTIAL_PREVIOUS_COMMITMENT,Optimal,1,3.9120871000,1,0.0000000000,8319.0300496946,7699.1668821561,78909.4010377475,49125.0795665510,52648.3003873128,0.0000000000,0.0000000000,0.0000000000,0.0000000000,0,3939.4162276345,15680.7364212127,64805.8159877637,71,39544.2931731186,7687.3019000340,1200.0000000000,10800.0000000000,True
2025-06-25,S0,SEQUENTIAL_PREVIOUS_COMMITMENT,Optimal,1,5.2713692000,1,0.0000000000,7699.1668821561,7596.8526501760,79441.4389820808,49235.5533371633,53397.6235091001,0.0000000000,0.0000000000,0.0000000000,0.0000000000,0,1258.4375572069,4678.7217680865,53914.2751052497,29,37323.6833441445,7867.0705250908,1200.0000000000,10800.0000000000,True
2025-06-26,S0,SEQUENTIAL_PREVIOUS_COMMITMENT,Optimal,1,3.3426455000,1,0.0000000000,7596.8526501760,7551.9774206043,78638.8744258380,48926.1536399271,53057.3851709965,0.0000000000,0.0000000000,0.0000000000,0.0000000000,0,695.1137683280,2480.0609881485,51406.2146280756,32,37264.7071057872,7768.1718412945,1200.0000000000,10800.0000000000,True
2025-06-27,S0,SEQUENTIAL_PREVIOUS_COMMITMENT,Optimal,1,4.8867210000,1,0.0000000000,7551.9774206043,8385.9687174462,36430.4390310407,20468.7654092966,23460.5922425724,0.0000000000,0.0000000000,0.0000000000,0.0000000000,0,200.6020043609,892.4325518511,21361.1979611477,11,31250.3588429977,6198.0575307017,1420.2269197457,10800.0000000000,True
2025-06-28,S0,SEQUENTIAL_PREVIOUS_COMMITMENT,Optimal,1,3.2320399000,1,0.0000000000,8385.9687174462,8400.9840582766,36183.4861403018,20261.1864673845,23662.3753545207,0.0000000000,0.0000000000,0.0000000000,0.0000000000,0,571.7929167782,2484.6243131351,22745.8107805196,20,32238.8779009059,6363.2384648244,1315.5675272714,10800.0000000000,True
2025-06-29,S0,SEQUENTIAL_PREVIOUS_COMMITMENT,Optimal,1,2.8433148000,1,0.0000000000,8400.9840582766,7717.6520845786,77684.5757606320,48164.2654547332,51908.4255391930,0.0000000000,0.0000000000,0.0000000000,0.0000000000,0,1280.3429010959,4133.9805784862,52298.2460332194,32,35398.2239363237,7865.4965636991,1200.0000000000,10800.0000000000,True
2025-06-30,S0,SEQUENTIAL_PREVIOUS_COMMITMENT,Optimal,1,5.5513561000,1,0.0000000000,7717.6520845786,7775.0267413497,79344.8668524809,49411.3053779605,54777.2825007291,0.0000000000,0.0000000000,0.0000000000,0.0000000000,0,1422.8150021019,4958.0487932999,54369.3541712605,32,36069.7501224208,7919.6641652814,1219.6907407407,10800.0000000000,True
2025-07-01,S0,SEQUENTIAL_PREVIOUS_COMMITMENT,Optimal,1,6.8058183000,1,0.0000000000,7775.0267413497,7987.6867898673,81428.2703564492,50552.8523722875,56044.9166442006,0.0000000000,0.0000000000,0.0000000000,0.0000000000,0,5902.1662477784,20578.8251033312,71131.6774756186,93,37172.7993710941,8029.4409221919,1200.0000000000,10800.0000000000,True
2025-07-02,S0,SEQUENTIAL_PREVIOUS_COMMITMENT,Optimal,1,5.7911247000,1,0.0000000000,7987.6867898673,7756.4234460147,75678.3075394592,46704.8158027164,50275.5297469266,0.0000000000,0.0000000000,0.0000000000,0.0000000000,0,7128.0203903410,24838.6789628487,71543.4947655651,92,33544.3921741936,7956.4961584413,1200.0000000000,10800.0000000000,True
2025-07-03,S0,SEQUENTIAL_PREVIOUS_COMMITMENT,Optimal,1,9.1303612000,1,0.0000000000,7756.4234460147,7267.6411224978,75256.7928852828,46588.0196665641,51590.4427746575,0.0000000000,0.0000000000,0.0000000000,0.0000000000,0,9389.2927557350,34308.0894499607,80896.1091165249,118,37814.2428039175,7715.1753433254,1200.0000000000,10800.0000000000,True
2025-07-04,S0,SEQUENTIAL_PREVIOUS_COMMITMENT,Optimal,1,3.2492306000,1,0.0000000000,7267.6411224978,7867.2612191542,35053.9330377276,19659.2106555919,22659.2954307306,0.0000000000,0.0000000000,0.0000000000,0.0000000000,0,7667.8545834228,27525.2111374429,47184.4217930348,94,32006.5272416242,6041.1312746821,1200.0000000000,10800.0000000000,True
2025-07-05,S0,SEQUENTIAL_PREVIOUS_COMMITMENT,Optimal,1,2.9044870000,1,0.0000000000,7867.2612191542,7738.9699096502,34954.8931495474,19433.4571209468,21504.9875686724,0.0000000000,0.0000000000,0.0000000000,0.0000000000,0,7651.0392249982,29108.2166595770,48541.6737805239,92,32214.0561852316,5946.5711853843,1200.0000000000,10800.0000000000,True
2025-07-06,S0,SEQUENTIAL_PREVIOUS_COMMITMENT,Optimal,1,3.0607080000,1,0.0000000000,7738.9699096502,8019.2338384763,73547.8370039707,45206.5500075024,50031.9858727909,0.0000000000,0.0000000000,0.0000000000,0.0000000000,0,10792.3714194427,42580.1326950041,87786.6827025066,128,38444.7696929814,7651.9354744223,1200.0000000000,10800.0000000000,True
2025-07-07,S0,SEQUENTIAL_PREVIOUS_COMMITMENT,Optimal,1,3.7093500000,1,0.0000000000,8019.2338384763,8194.6590933796,71846.1872471569,43998.8788279840,47572.8976966785,0.0000000000,0.0000000000,0.0000000000,0.0000000000,0,7884.8908631104,28383.9422951844,72382.8211231684,94,35301.4465393269,7811.7218733933,1200.0000000000,10800.0000000000,True
2025-07-08,S0,SEQUENTIAL_PREVIOUS_COMMITMENT,Optimal,1,4.9385457000,1,0.0000000000,8194.6590933796,7435.0881870677,84814.8370906280,53535.4539948401,58194.4540509428,0.0000000000,0.0000000000,0.0000000000,0.0000000000,0,1323.6764531560,5343.3156513216,58878.7696461617,45,36351.8982174243,7736.3822134736,1200.0000000000,10800.0000000000,True
2025-07-09,S0,SEQUENTIAL_PREVIOUS_COMMITMENT,Optimal,1,4.9935163000,1,0.0000000000,7435.0881870677,8225.1995019700,87579.7238732384,55035.8780880393,59427.4885235000,0.0000000000,0.0000000000,0.0000000000,0.0000000000,0,580.3184276424,2329.5113167708,57365.3894048102,22,37188.3697518388,7789.8902591941,1200.0000000000,10800.0000000000,True
2025-07-10,S0,SEQUENTIAL_PREVIOUS_COMMITMENT,Optimal,1,5.7970763000,1,0.0000000000,8225.1995019700,8271.7802241367,87094.9334360826,55157.9208585704,59748.9691244845,0.0000000000,0.0000000000,0.0000000000,0.0000000000,0,480.3622349609,1658.9086422350,56816.8295008054,20,36762.0053850715,7774.4048475671,1200.0000000000,10800.0000000000,True
2025-07-11,S0,SEQUENTIAL_PREVIOUS_COMMITMENT,Optimal,1,5.3355095000,1,0.0000000000,8271.7802241367,7742.6290538727,45219.0026920618,27074.1762651615,29867.1714528363,0.0000000000,0.0000000000,0.0000000000,0.0000000000,0,396.7749284410,1153.2327012767,28227.4089664382,16,32480.4158339856,6276.9375199461,1216.5077678001,10800.0000000000,True
2025-07-12,S0,SEQUENTIAL_PREVIOUS_COMMITMENT,Optimal,1,5.1157537000,1,0.0000000000,7742.6290538727,7489.2002134254,44417.0414592872,26336.4003382574,27662.5282919275,0.0000000000,0.0000000000,0.0000000000,0.0000000000,0,594.9713360369,2041.5014062757,28377.9017445331,22,31262.9745612793,6272.0427657307,1262.0164552717,10800.0000000000,True
2025-07-13,S0,SEQUENTIAL_PREVIOUS_COMMITMENT,Optimal,1,5.9764349000,1,0.0000000000,7489.2002134254,8664.0496724201,89295.8698064770,56455.8099506046,62654.4421361478,0.0000000000,0.0000000000,0.0000000000,0.0000000000,0,89.6683682734,372.6361779938,56828.4461285984,10,35434.1719793804,7962.3693722332,1200.0000000000,10800.0000000000,True
2025-07-14,S0,SEQUENTIAL_PREVIOUS_COMMITMENT,Optimal,1,5.5821826000,1,0.0000000000,8664.0496724201,8471.4148386159,85493.6282732324,53737.8369286763,58572.9279418165,0.0000000000,0.0000000000,0.0000000000,0.0000000000,0,350.8519072456,1742.0693013022,55479.9062299785,15,32768.3317598944,8023.0688522168,1200.0000000000,10800.0000000000,True
2025-07-15,S0,SEQUENTIAL_PREVIOUS_COMMITMENT,Optimal,1,4.5356492000,1,0.0000000000,8471.4148386159,7786.7037167587,84193.8814702049,53077.5459766654,57829.4628506706,0.0000000000,0.0000000000,0.0000000000,0.0000000000,0,952.3310371712,2874.6465018371,55952.1924785025,26,33839.3581909442,7847.0513490467,1200.0000000000,10800.0000000000,True
2025-07-16,S0,SEQUENTIAL_PREVIOUS_COMMITMENT,Optimal,1,3.5454884000,1,0.0000000000,7786.7037167587,8588.3490338616,87235.4857719000,54876.0718855174,59967.7882140965,0.0000000000,0.0000000000,0.0000000000,0.0000000000,0,581.9451749746,2134.6728761507,57010.7447616680,15,34221.8963255554,7979.7306440211,1200.0000000000,10800.0000000000,True
2025-07-17,S0,SEQUENTIAL_PREVIOUS_COMMITMENT,Optimal,1,2.8053397000,1,0.0000000000,8588.3490338616,8215.1139868796,84464.7282976334,53302.7021875990,58971.8635044686,0.0000000000,0.0000000000,0.0000000000,0.0000000000,0,963.2685377973,3579.1028897223,56881.8050773212,29,37214.6810016916,7697.9028457132,1200.0000000000,10800.0000000000,True
2025-07-18,S0,SEQUENTIAL_PREVIOUS_COMMITMENT,Optimal,1,2.8432281000,1,0.0000000000,8215.1139868796,7825.0959147051,43900.5445844414,26022.4720040957,27990.4868476872,0.0000000000,0.0000000000,0.0000000000,0.0000000000,0,240.2355703476,1041.0953279209,27063.5673320166,18,31687.9542335382,6283.9243016467,1249.4272804985,10800.0000000000,True
2025-07-19,S0,SEQUENTIAL_PREVIOUS_COMMITMENT,Optimal,1,4.1878706000,1,0.0000000000,7825.0959147051,7787.8284572490,44603.4353409086,26403.8661308024,29180.8829082258,0.0000000000,0.0000000000,0.0000000000,0.0000000000,0,370.3868129490,1297.9641916028,27701.8303224052,19,30913.2554924248,6402.0234657744,1200.0000000000,10800.0000000000,True
2025-07-20,S0,SEQUENTIAL_PREVIOUS_COMMITMENT,Optimal,1,4.3295868000,1,0.0000000005,7787.8284572490,7571.5462171595,81663.3017703322,51529.8386936873,55057.4816138821,0.0000000000,0.0000000000,0.0000000000,0.0000000000,0,921.1775059046,2936.4066577783,54466.2453514657,29,35331.5756798114,7739.5346945324,1200.0000000000,10800.0000000000,True
2025-07-21,S0,SEQUENTIAL_PREVIOUS_COMMITMENT,Optimal,1,3.9634273000,1,0.0000000000,7571.5462171595,8274.5671755936,86468.0497209793,54458.3342343026,59791.8472631728,0.0000000000,0.0000000000,0.0000000000,0.0000000000,0,474.1631009414,1686.4511076008,56144.7853419035,18,37316.7517576559,7714.5452359245,1200.0000000000,10800.0000000000,True
2025-07-22,S0,SEQUENTIAL_PREVIOUS_COMMITMENT,Optimal,1,6.4071927000,1,0.0000000000,8274.5671755936,7712.5700867388,83215.3266204059,52416.5451072084,57054.7188293289,0.0000000000,0.0000000000,0.0000000000,0.0000000000,0,1007.1574392693,3548.7395940116,55965.2847012200,28,36090.2440721301,7725.6279374230,1200.0000000000,10800.0000000000,True
2025-07-23,S0,SEQUENTIAL_PREVIOUS_COMMITMENT,Optimal,1,5.1480394000,1,0.0000000000,7712.5700867388,7837.4420114675,85807.4049748091,53987.7737351934,58372.3835206715,0.0000000000,0.0000000000,0.0000000000,0.0000000000,0,655.0934257529,2471.5381389685,56459.3118741618,22,36661.1141093067,7761.2326536769,1200.0000000000,10800.0000000000,True
2025-07-24,S0,SEQUENTIAL_PREVIOUS_COMMITMENT,Optimal,1,5.1540652000,1,0.0000000000,7837.4420114675,8411.6648983865,85980.5684927124,53992.2722131018,58627.8970016008,0.0000000000,0.0000000000,0.0000000000,0.0000000000,0,959.5498178953,3850.0650396228,57842.3372527246,25,35464.6081987769,7931.5669052184,1200.0000000000,10800.0000000000,True
2025-07-25,S0,SEQUENTIAL_PREVIOUS_COMMITMENT,Optimal,1,4.2309436000,1,0.0000000000,8411.6648983865,8780.0326882521,45881.8988799939,27314.3713634232,30912.5241501129,0.0000000000,0.0000000000,0.0000000000,0.0000000000,0,154.6982921858,536.3745006115,27850.7458640347,11,32800.9011118568,6510.0786639092,1237.6990727984,10800.0000000000,True
2025-07-26,S0,SEQUENTIAL_PREVIOUS_COMMITMENT,Optimal,1,6.3676564000,1,0.0000000000,8780.0326882521,8307.2835527742,44704.5305946032,26671.8733300526,29611.2423046068,0.0000000000,0.0000000000,0.0000000000,0.0000000000,0,268.0288562306,661.2599492896,27333.1332793421,13,32725.9721082148,6566.9398693187,1291.1298933337,10800.0000000000,True
2025-07-27,S0,SEQUENTIAL_PREVIOUS_COMMITMENT,Optimal,1,6.5012973000,1,0.0000000000,8307.2835527742,7711.5662374974,83449.6361395452,52627.3379030348,57569.3064232794,0.0000000000,0.0000000000,0.0000000000,0.0000000000,0,910.4357340652,3431.2358472076,56058.5737502424,35,37515.2777493727,7625.0098473127,1200.0000000000,10800.0000000000,True
2025-07-28,S0,SEQUENTIAL_PREVIOUS_COMMITMENT,Optimal,1,6.2072939000,1,0.0000000000,7711.5662374974,7754.2646082593,83576.5082293858,52495.6444654331,56178.4040660403,0.0000000000,0.0000000000,0.0000000000,0.0000000000,0,2465.2790550910,8955.8867652899,61451.5312307231,53,39257.7646460153,7526.7797407563,1200.0000000000,10800.0000000000,True
2025-07-29,S0,SEQUENTIAL_PREVIOUS_COMMITMENT,Optimal,1,4.2197625000,1,0.0000000000,7754.2646082593,8165.7420769635,85798.2682988710,53912.0371352986,59185.7785898872,0.0000000000,0.0000000000,0.0000000000,0.0000000000,0,1516.1488847924,4901.8517988413,58813.8889341399,30,37380.9083574968,7779.4625118857,1200.0000000000,10800.0000000000,True
2025-07-30,S0,SEQUENTIAL_PREVIOUS_COMMITMENT,Optimal,1,3.3727313000,1,0.0000000000,8165.7420769635,9260.7822251831,88306.8974580056,55485.5090770051,61084.2913167604,0.0000000000,0.0000000000,0.0000000000,0.0000000000,0,404.7591875207,1540.3210406318,57025.8301176369,17,37982.5886339583,7732.3226717267,1200.0000000000,10800.0000000000,True
2025-07-31,S0,SEQUENTIAL_PREVIOUS_COMMITMENT,Optimal,1,5.2683068000,1,0.0000000000,9260.7822251831,7759.2014427830,82954.3937466200,52347.7019162034,56407.3602670667,0.0000000000,0.0000000000,0.0000000000,0.0000000000,0,928.7985713928,3892.6072898998,56240.3092061032,28,35170.0351539661,7805.4627769847,1200.0000000000,10800.0000000000,True
2025-08-01,S0,SEQUENTIAL_PREVIOUS_COMMITMENT,Optimal,1,5.1189736000,1,0.0000000000,7759.2014427830,8796.5424940453,45650.2331353285,27022.6161566174,29894.7404627036,0.0000000000,0.0000000000,0.0000000000,0.0000000000,0,241.4463466063,575.0179992615,27597.6341558789,13,31019.7545464460,6504.2850963413,1281.0825897162,10800.0000000000,True
2025-08-02,S0,SEQUENTIAL_PREVIOUS_COMMITMENT,Optimal,1,3.1623411000,1,0.0000000000,8796.5424940453,7732.9698709036,42686.6191647541,25340.1697703681,27786.9700132475,0.0000000000,0.0000000000,0.0000000000,0.0000000000,0,257.2931706432,968.3611841023,26308.5309544704,18,31728.6432532793,6558.2240634627,1200.0000000000,10800.0000000000,True
2025-08-03,S0,SEQUENTIAL_PREVIOUS_COMMITMENT,Optimal,1,4.7223168000,1,0.0000000000,7732.9698709036,8325.4474395037,83473.2348089661,52229.1319313050,57492.8425723413,0.0000000000,0.0000000000,0.0000000000,0.0000000000,0,238.2004370821,891.6921251401,53120.8240564451,13,33406.4381675594,7943.5899559393,1200.0000000000,10800.0000000000,True
2025-08-04,S0,SEQUENTIAL_PREVIOUS_COMMITMENT,Optimal,1,4.7680934000,1,0.0000000000,8325.4474395037,8336.6117952751,81617.4123602558,51200.8996277343,55753.4216220030,0.0000000000,0.0000000000,0.0000000000,0.0000000000,0,362.4223468900,1221.7542302307,52422.6538579650,13,33037.2932541324,7936.2353635039,1200.0000000000,10800.0000000000,True
2025-08-05,S0,SEQUENTIAL_PREVIOUS_COMMITMENT,Optimal,1,3.5020341000,1,0.0000000000,8336.6117952751,8766.8385064550,81928.6236906454,51518.2946874097,57058.9702196639,0.0000000000,0.0000000000,0.0000000000,0.0000000000,0,202.2008352556,769.4800155613,52287.7747029710,9,34319.2879120411,7919.1363926012,1200.0000000000,10800.0000000000,True
2025-08-06,S0,SEQUENTIAL_PREVIOUS_COMMITMENT,Optimal,1,3.2257359000,1,0.0000000000,8766.8385064550,10594.9065922955,84309.5727170185,52852.0384561648,58108.2271136227,0.0000000000,0.0000000000,0.0000000000,0.0000000000,0,448.8188143549,1628.0858128711,54480.1242690358,15,36424.9140708618,8021.5287922278,1200.0000000000,10800.0000000000,True
2025-08-07,S0,SEQUENTIAL_PREVIOUS_COMMITMENT,Optimal,1,4.8845248000,1,0.0000000000,10594.9065922955,7749.8471530546,74815.0794074837,47889.9306720998,51806.6463085750,0.0000000000,0.0000000000,0.0000000000,0.0000000000,0,692.2555566192,2033.7405153913,49923.6711874911,27,30760.3197771342,7944.4334063593,1200.0000000000,10800.0000000000,True
2025-08-08,S0,SEQUENTIAL_PREVIOUS_COMMITMENT,Optimal,1,2.7853009000,1,0.0000000000,7749.8471530546,8031.5970759570,44105.8868116280,26020.8022952519,29317.7644517620,0.0000000000,0.0000000000,0.0000000000,0.0000000000,0,218.3912901059,826.4980313796,26847.3003266315,12,32010.9819129042,6358.5870011593,1200.0000000000,10800.0000000000,True
2025-08-09,S0,SEQUENTIAL_PREVIOUS_COMMITMENT,Optimal,1,4.7718014000,1,0.0000000000,8031.5970759570,8200.5892864482,42759.0401645787,25215.0236812070,28057.7052170653,0.0000000000,0.0000000000,0.0000000000,0.0000000000,0,408.3259605025,1391.4147182596,26606.4383994666,20,32328.3679640008,6472.0513126149,1241.2719783223,10800.0000000000,True
2025-08-10,S0,SEQUENTIAL_PREVIOUS_COMMITMENT,Optimal,1,4.3203304000,1,0.0000000000,8200.5892864482,8318.7962790040,77740.4550073657,49440.6425975811,53565.8581946475,0.0000000000,0.0000000000,0.0000000000,0.0000000000,0,417.7367894991,1304.3172988500,50744.9598964311,17,32811.4442742841,7975.7575574836,1200.0000000000,10800.0000000000,True
2025-08-11,S0,SEQUENTIAL_PREVIOUS_COMMITMENT,Optimal,1,4.0387329000,1,0.0000000000,8318.7962790040,7727.0476696618,75857.2600582814,47925.4948975419,51141.9072254821,0.0000000000,0.0000000000,0.0000000000,0.0000000000,0,746.5227652942,2920.8873442335,50846.3822417754,24,33796.6769604444,7783.5048085925,1200.0000000000,10800.0000000000,True
2025-08-12,S0,SEQUENTIAL_PREVIOUS_COMMITMENT,Optimal,1,4.8130513000,1,0.0000000000,7727.0476696618,7849.2823228216,76248.9154901033,47875.3439817685,51784.5536032755,0.0000000000,0.0000000000,0.0000000000,0.0000000000,0,1347.7628392525,5562.5973216302,53437.9413033988,43,32890.2649101777,7956.5654017984,1200.0000000000,10800.0000000000,True
2025-08-13,S0,SEQUENTIAL_PREVIOUS_COMMITMENT,Optimal,1,5.2959626000,1,0.0000000000,7849.2823228216,7715.1590302695,75790.0826575215,47685.0406195580,51044.8055959960,0.0000000000,0.0000000000,0.0000000000,0.0000000000,0,870.3547254279,3047.1826222483,50732.2232418063,31,32990.6161513659,7874.3257214390,1200.0000000000,10800.0000000000,True
2025-08-14,S0,SEQUENTIAL_PREVIOUS_COMMITMENT,Optimal,1,5.1017904000,1,0.0000000000,7715.1590302695,8414.2470875965,77340.0574957083,48612.8548903877,52878.6874134265,0.0000000000,0.0000000000,0.0000000000,0.0000000000,0,916.1002635283,4420.8798780098,53033.7347683975,31,36601.1964103012,7640.0960380752,1200.0000000000,10800.0000000000,True
2025-08-15,S0,SEQUENTIAL_PREVIOUS_COMMITMENT,Optimal,1,3.2766350000,1,0.0000000000,8414.2470875965,7921.6029454597,41681.0095900833,24616.7979253343,27304.2437178557,0.0000000000,0.0000000000,0.0000000000,0.0000000000,0,456.6428157184,1380.4151246178,25997.2130499521,23,32487.7254211129,6344.7210984272,1313.5639830841,10800.0000000000,True
2025-08-16,S0,SEQUENTIAL_PREVIOUS_COMMITMENT,Optimal,1,3.7906847000,1,0.0000000000,7921.6029454597,7890.0966763911,41864.1723746266,24591.2686993328,26511.8318570846,0.0000000000,0.0000000000,0.0000000000,0.0000000000,0,436.4498917488,1702.7729871091,26294.0416864419,21,32208.4792526940,6254.6375641097,1218.3575086899,10800.0000000000,True
2025-08-17,S0,SEQUENTIAL_PREVIOUS_COMMITMENT,Optimal,1,4.3937006000,1,0.0000000000,7890.0966763911,7831.9808685608,75913.9375476373,47900.5510743762,51683.7180370782,0.0000000000,0.0000000000,0.0000000000,0.0000000000,0,654.9173756244,2684.8619502735,50585.4130246498,29,33889.7032809938,7781.8808039770,1200.0000000000,10800.0000000000,True
2025-08-18,S0,SEQUENTIAL_PREVIOUS_COMMITMENT,Optimal,1,3.3778130000,1,0.0000000000,7831.9808685608,7745.8873880971,76443.0466245373,48175.3794493740,52456.6559531708,0.0000000000,0.0000000000,0.0000000000,0.0000000000,0,670.5650723220,2712.0360459305,50887.4154953045,26,35186.4049990912,7708.1050886603,1200.0000000000,10800.0000000000,True
2025-08-19,S0,SEQUENTIAL_PREVIOUS_COMMITMENT,Optimal,1,5.4973816000,1,0.0000000000,7745.8873880971,7987.6113791688,76763.4138071935,48512.4591876763,52954.5833477361,0.0000000000,0.0000000000,0.0000000000,0.0000000000,0,519.4072320673,2036.7995805837,50549.2587682601,20,33242.0049476470,7933.1626920560,1200.0000000000,10800.0000000000,True
2025-08-20,S0,SEQUENTIAL_PREVIOUS_COMMITMENT,Optimal,1,3.2938039000,1,0.0000000000,7987.6113791688,7870.7792141142,76382.0149932720,48129.7531201214,52577.2826165848,0.0000000000,0.0000000000,0.0000000000,0.0000000000,0,2436.3725736024,10468.0611544380,58597.8142745595,59,37127.0964957889,7492.9011869712,1200.0000000000,10800.0000000000,True
2025-08-21,S0,SEQUENTIAL_PREVIOUS_COMMITMENT,Optimal,1,3.9541992000,1,0.0000000000,7870.7792141142,7868.6924220711,76983.6391664524,48735.7219960892,52769.8738254064,0.0000000000,0.0000000000,0.0000000000,0.0000000000,0,577.8884436785,1955.3494694407,50691.0714655299,18,33252.1127710854,7913.0276449748,1200.0000000000,10800.0000000000,True
2025-08-22,S0,SEQUENTIAL_PREVIOUS_COMMITMENT,Optimal,1,2.5606083000,1,0.0000000000,7868.6924220711,7734.6163601995,41827.5632613516,24502.0454245744,26599.0924277193,0.0000000000,0.0000000000,0.0000000000,0.0000000000,0,942.8760720659,3680.9384842555,28182.9839088299,38,31606.3912039224,6376.4992999262,1219.6477397280,10800.0000000000,True
2025-08-23,S0,SEQUENTIAL_PREVIOUS_COMMITMENT,Optimal,1,2.7962431000,1,0.0000000000,7734.6163601995,7759.2075936176,42341.8384063425,24874.2886471317,26765.4547947350,0.0000000000,0.0000000000,0.0000000000,0.0000000000,0,415.2183638650,1470.6146033367,26344.9032504683,19,30834.5845241803,6458.1795563905,1213.5913180700,10800.0000000000,True
2025-08-24,S0,SEQUENTIAL_PREVIOUS_COMMITMENT,Optimal,1,5.8825977000,1,0.0000000000,7759.2075936176,7787.6943866476,76286.9008068563,48292.1451551060,52192.1782252902,0.0000000000,0.0000000000,0.0000000000,0.0000000000,0,704.7809772814,2776.6274280537,51068.7725831596,31,35745.6713468420,7686.7777094044,1200.0000000000,10800.0000000000,True
2025-08-25,S0,SEQUENTIAL_PREVIOUS_COMMITMENT,Optimal,1,4.4719034000,1,0.0000000000,7787.6943866476,8428.1311247851,81363.2869513977,51161.3909323525,55661.0868694965,0.0000000000,0.0000000000,0.0000000000,0.0000000000,0,856.6503874247,3351.1450801681,54512.5360125206,24,37204.8043964885,7705.0253204353,1200.0000000000,10800.0000000000,True
2025-08-26,S0,SEQUENTIAL_PREVIOUS_COMMITMENT,Optimal,1,5.3328392000,1,0.0000000000,8428.1311247851,8088.2082083706,76549.6604291908,48514.9268321596,51843.6170798064,0.0000000000,0.0000000000,0.0000000000,0.0000000000,0,647.6547970624,2706.0487363629,51220.9755685225,22,35443.8276984889,7680.8826004419,1200.0000000000,10800.0000000000,True
2025-08-27,S0,SEQUENTIAL_PREVIOUS_COMMITMENT,Optimal,1,6.5111875000,1,0.0000000000,8088.2082083706,8248.3584175876,79924.6951589517,50502.6755830019,55269.2937314535,0.0000000000,0.0000000000,0.0000000000,0.0000000000,0,395.6882563076,1529.2073784320,52031.8829614339,18,37863.6821536563,7607.5353317256,1200.0000000000,10800.0000000000,True
2025-08-28,S0,SEQUENTIAL_PREVIOUS_COMMITMENT,Optimal,1,5.6690601000,1,0.0000000000,8248.3584175876,8102.2420552306,78615.4615950823,49683.6957078153,54047.9499820956,0.0000000000,0.0000000000,0.0000000000,0.0000000000,0,2454.0260493664,9651.3236137144,59335.0193215297,38,36576.0429483048,7634.3892200207,1200.0000000000,10800.0000000000,True
2025-08-29,S0,SEQUENTIAL_PREVIOUS_COMMITMENT,Optimal,1,2.9784963000,1,0.0000000000,8102.2420552306,8354.4195339465,45197.8277389265,26956.9380478898,30089.1007081271,0.0000000000,0.0000000000,0.0000000000,0.0000000000,0,329.8564838171,1506.5712702425,28463.5093181323,12,33061.0277387804,6318.8032378144,1235.3894650608,10800.0000000000,True
2025-08-30,S0,SEQUENTIAL_PREVIOUS_COMMITMENT,Optimal,1,3.2598931000,1,0.0000000000,8354.4195339465,8341.4167927564,43715.0186784154,25887.7703699027,28314.1491779261,0.0000000000,0.0000000000,0.0000000000,0.0000000000,0,303.1066861735,1011.4541122307,26899.2244821334,22,31215.7662841420,6689.7515834462,1212.8609114583,10800.0000000000,True
2025-08-31,S0,SEQUENTIAL_PREVIOUS_COMMITMENT,Optimal,1,4.6134076000,1,0.0000000000,8341.4167927564,7847.0803228456,78033.4068154272,49663.6222282329,54300.3080835205,0.0000000000,0.0000000000,0.0000000000,0.0000000000,0,536.4633059630,2178.9984384504,51842.6206666833,20,35227.1535723003,7703.0969143655,1200.0000000000,10800.0000000000,True
2025-09-01,S0,SEQUENTIAL_PREVIOUS_COMMITMENT,Optimal,1,3.3196682000,1,0.0000000000,7847.0803228456,7999.7398385363,79276.8629255530,50025.0250320641,54180.0508128217,0.0000000000,0.0000000000,0.0000000000,0.0000000000,0,0.0000000000,0.0000000000,50025.0250320641,0,32103.1289752531,8000.5438714318,1492.8978703704,10800.0000000000,True
2025-09-02,S0,SEQUENTIAL_PREVIOUS_COMMITMENT,Optimal,1,3.2979597000,1,0.0000000000,7999.7398385363,8345.8536125148,78445.1339933468,49524.5264095232,54073.1752061504,0.0000000000,0.0000000000,0.0000000000,0.0000000000,0,87.3955511443,307.7999235191,49832.3263330423,4,36077.1059866564,7684.1635435350,1351.1942881944,10800.0000000000,True
2025-09-03,S0,SEQUENTIAL_PREVIOUS_COMMITMENT,Optimal,1,3.2940314000,1,0.0000000000,8345.8536125148,7951.5590382323,77341.3272671924,49044.7456580483,52743.6126089727,0.0000000000,0.0000000000,0.0000000000,0.0000000000,0,11.3610092725,44.4385877694,49089.1842458177,1,31947.2094358296,7957.5036328023,1308.6426393229,10800.0000000000,True
2025-09-04,S0,SEQUENTIAL_PREVIOUS_COMMITMENT,Optimal,1,3.6225529000,1,0.0000000000,7951.5590382323,8141.9514430770,78548.7851151824,49687.1780578826,53388.2820924633,0.0000000000,0.0000000000,0.0000000000,0.0000000000,0,6.9088706110,14.2815140696,49701.4595719522,2,35047.2773164315,7748.3466912214,1301.6645519387,10800.0000000000,True
2025-09-05,S0,SEQUENTIAL_PREVIOUS_COMMITMENT,Optimal,1,2.2732145000,1,0.0000000000,8141.9514430770,8730.4378597499,43369.8965211013,25701.2430100563,28347.7768305584,0.0000000000,0.0000000000,0.0000000000,0.0000000000,0,0.0000000000,0.0000000000,25701.2430100563,0,31239.0925559355,6664.3280458964,1516.2008498987,10800.0000000000,True
2025-09-06,S0,SEQUENTIAL_PREVIOUS_COMMITMENT,Optimal,1,2.5403419000,1,0.0000000000,8730.4378597499,8046.3313353859,42325.5916205811,25343.2625793312,27479.0538678178,0.0000000000,0.0000000000,0.0000000000,0.0000000000,0,106.9117335056,515.4908543952,25858.7534337264,5,32514.2367483325,6588.5848362157,1451.4172803148,10800.0000000000,True
2025-09-07,S0,SEQUENTIAL_PREVIOUS_COMMITMENT,Optimal,1,4.0517600000,1,0.0000000000,8046.3313353859,7837.4104921094,74986.2564414998,47876.7561987803,51649.0357186128,0.0000000000,0.0000000000,0.0000000000,0.0000000000,0,235.4948607246,1069.2099259061,48945.9661246864,8,34707.5167020313,7711.6009662511,1381.0534923322,10800.0000000000,True
2025-09-08,S0,SEQUENTIAL_PREVIOUS_COMMITMENT,Optimal,1,3.3294996000,1,0.0000000000,7837.4104921094,7531.8595100895,63564.9562555741,39211.5889481448,42194.9113211365,0.0000000000,0.0000000000,0.0000000000,0.0000000000,0,2476.6163532381,9844.4047083895,49055.9936565342,46,34211.4313542843,7577.4566458419,1200.0000000000,10800.0000000000,True
2025-09-09,S0,SEQUENTIAL_PREVIOUS_COMMITMENT,Optimal,1,3.6744429000,1,0.0000000000,7531.8595100895,7825.9381115537,66015.3266648920,40927.6142553198,45077.0368410904,0.0000000000,0.0000000000,0.0000000000,0.0000000000,0,705.5825427208,2916.3417050986,43843.9559604185,23,35125.4777293881,7643.9436584401,1200.0000000000,10800.0000000000,True
2025-09-10,S0,SEQUENTIAL_PREVIOUS_COMMITMENT,Optimal,1,4.3110294000,1,0.0000000000,7825.9381115537,7764.1437648563,67032.5467806524,41601.4670237447,46014.8244939113,0.0000000000,0.0000000000,0.0000000000,0.0000000000,0,2213.7052168994,9300.0718190372,50901.5388427818,54,38043.0475721448,7309.6344049877,1200.0000000000,10800.0000000000,True
2025-09-11,S0,SEQUENTIAL_PREVIOUS_COMMITMENT,Optimal,1,3.9541296000,1,0.0000000000,7764.1437648563,8434.6933107837,68371.0320764583,42194.8241662681,46310.0989188096,0.0000000000,0.0000000000,0.0000000000,0.0000000000,0,464.7381791866,2095.6704502965,44290.4946165646,16,37056.3374380657,7605.3266330874,1210.1685513600,10800.0000000000,True
2025-09-12,S0,SEQUENTIAL_PREVIOUS_COMMITMENT,Optimal,1,2.2279122000,1,0.0000000000,8434.6933107837,7854.2504935472,33933.3001350641,19119.0260349258,22236.8252219887,0.0000000000,0.0000000000,0.0000000000,0.0000000000,0,401.0994448804,1546.9773372961,20666.0033722219,21,32706.9865355696,6383.6443589826,1227.2430347222,10800.0000000000,True
2025-09-13,S0,SEQUENTIAL_PREVIOUS_COMMITMENT,Optimal,1,2.2142389000,1,0.0000000000,7854.2504935472,8035.3054732655,34451.7376712319,19420.7195511141,21698.6591546933,0.0000000000,0.0000000000,0.0000000000,0.0000000000,0,652.2130204800,2646.5332213379,22067.2527724520,20,32143.2100216013,6362.3973569549,1251.4397949219,10800.0000000000,True
2025-09-14,S0,SEQUENTIAL_PREVIOUS_COMMITMENT,Optimal,1,5.1369843000,1,0.0000000000,8035.3054732655,7826.5726853656,67467.8046036308,41805.1092658308,46145.4470619809,0.0000000000,0.0000000000,0.0000000000,0.0000000000,0,1143.0350754935,3880.5913013674,45685.7005671982,37,36925.4449774676,7444.0576268396,1200.0000000000,10800.0000000000,True
2025-09-15,S0,SEQUENTIAL_PREVIOUS_COMMITMENT,Optimal,1,4.2652399000,1,0.0000000000,7826.5726853656,7731.2645065437,66373.5826367527,41219.2708471092,45085.5819270716,0.0000000000,0.0000000000,0.0000000000,0.0000000000,0,517.4496039728,2119.0444925226,43338.3153396318,31,37832.7596233221,7336.6451638488,1200.0000000000,10800.0000000000,True
2025-09-16,S0,SEQUENTIAL_PREVIOUS_COMMITMENT,Optimal,1,4.8360529000,1,0.0000000000,7731.2645065437,7703.6018923165,67856.7798937486,42203.4980974273,46064.3784349540,0.0000000000,0.0000000000,0.0000000000,0.0000000000,0,927.1488425961,2871.0909692511,45074.5890666784,35,36719.4834064842,7472.5041737579,1200.0000000000,10800.0000000000,True
2025-09-17,S0,SEQUENTIAL_PREVIOUS_COMMITMENT,Optimal,1,4.6728089000,1,0.0000000000,7703.6018923165,8284.5649247401,69318.6886028815,42890.2851848631,46831.9313464954,0.0000000000,0.0000000000,0.0000000000,0.0000000000,0,781.8647049940,2692.8954536602,45583.1806385233,33,38350.3509838236,7402.2382526908,1200.0000000000,10800.0000000000,True
2025-09-18,S0,SEQUENTIAL_PREVIOUS_COMMITMENT,Optimal,1,4.7208202000,1,0.0000000000,8284.5649247401,7658.0159527870,65954.3613754155,41373.6675165519,45174.6954558761,0.0000000000,0.0000000000,0.0000000000,0.0000000000,0,956.9913094008,4080.5173620255,45454.1848785775,31,36432.5850611532,7464.6232196167,1200.0000000000,10800.0000000000,True
2025-09-19,S0,SEQUENTIAL_PREVIOUS_COMMITMENT,Optimal,1,2.5196229000,1,0.0000000000,7658.0159527870,8095.6106840646,35316.8000668442,19716.6011868538,22303.8313252588,0.0000000000,0.0000000000,0.0000000000,0.0000000000,0,553.9371118447,1954.7424299952,21671.3436168490,26,32010.5970153234,6212.3339413282,1200.7555338542,10800.0000000000,True
2025-09-20,S0,SEQUENTIAL_PREVIOUS_COMMITMENT,Optimal,1,2.8295327000,1,0.0000000000,8095.6106840646,7713.3938571879,34014.0517801282,19400.9322778476,21001.1011308926,0.0000000000,0.0000000000,0.0000000000,0.0000000000,0,865.0986278739,3795.5766387404,23196.5089165881,31,32484.6719430896,6269.4967961224,1200.0000000000,10800.0000000000,True
2025-09-21,S0,SEQUENTIAL_PREVIOUS_COMMITMENT,Optimal,1,4.2762613000,1,0.0000000000,7713.3938571879,8194.6594564608,70774.7183945492,43783.4966788164,47879.0084174774,0.0000000000,0.0000000000,0.0000000000,0.0000000000,0,424.5608209445,1655.6082951173,45439.1049739336,27,35652.7029797903,7691.8868485796,1200.0000000000,10800.0000000000,True
2025-09-22,S0,SEQUENTIAL_PREVIOUS_COMMITMENT,Optimal,1,2.9078736000,1,0.0000000000,8194.6594564608,7699.0228429835,68550.4851562754,42774.0675610708,46491.0708609754,0.0000000000,0.0000000000,0.0000000000,0.0000000000,0,1003.8414232335,3873.0303484880,46647.0979095588,39,35644.7151832222,7535.4064335798,1200.0000000000,10800.0000000000,True
2025-09-23,S0,SEQUENTIAL_PREVIOUS_COMMITMENT,Optimal,1,5.3757284000,1,0.0000000000,7699.0228429835,7780.5954752634,71190.5973925414,44192.8083706897,47298.0050928504,0.0000000000,0.0000000000,0.0000000000,0.0000000000,0,1015.8184622379,4521.8966179962,48714.7049886859,34,37209.6945074069,7456.6465876563,1200.0000000000,10800.0000000000,True
2025-09-24,S0,SEQUENTIAL_PREVIOUS_COMMITMENT,Optimal,1,7.6362642000,1,0.0000000000,7780.5954752634,8235.3258698018,70986.9478412797,44178.3543782824,48463.5076103798,0.0000000000,0.0000000000,0.0000000000,0.0000000000,0,707.3362239998,2296.4459972230,46474.8003755054,31,37626.5492971637,7484.4560551663,1200.0000000000,10800.0000000000,True
2025-09-25,S0,SEQUENTIAL_PREVIOUS_COMMITMENT,Optimal,1,4.6419290000,1,0.0000000000,8235.3258698018,8314.8449834019,71755.6757223091,45075.0680561184,49660.9080106715,0.0000000000,0.0000000000,0.0000000000,0.0000000000,0,418.7529581666,1640.8929115463,46715.9609676647,22,36263.7452163892,7611.8925609260,1200.0000000000,10800.0000000000,True
2025-09-26,S0,SEQUENTIAL_PREVIOUS_COMMITMENT,Optimal,1,3.6815103000,1,0.0000000000,8314.8449834019,8351.4249869633,35957.1796454426,20832.8562335902,23768.9000202679,0.0000000000,0.0000000000,0.0000000000,0.0000000000,0,251.5360772772,947.5223079862,21780.3785415764,13,32387.2770804979,6359.2022672055,1285.5953663204,10800.0000000000,True
2025-09-27,S0,SEQUENTIAL_PREVIOUS_COMMITMENT,Optimal,1,4.1222854000,1,0.0000000000,8351.4249869633,8140.6030535114,35387.4204646698,20003.3640573660,22099.1967995227,0.0000000000,0.0000000000,0.0000000000,0.0000000000,0,1008.4983207295,3895.7544774724,23899.1185348384,33,32747.1289468802,6392.3037995811,1233.1729080584,10800.0000000000,True
2025-09-28,S0,SEQUENTIAL_PREVIOUS_COMMITMENT,Optimal,1,4.6602405000,1,0.0000000000,8140.6030535114,8204.0343869096,71775.6088601240,44794.5604149776,48524.5288498742,0.0000000000,0.0000000000,0.0000000000,0.0000000000,0,627.2405181306,2345.5418914244,47140.1023064020,32,38534.4307434178,7430.0411586127,1200.0000000000,10800.0000000000,True
2025-09-29,S0,SEQUENTIAL_PREVIOUS_COMMITMENT,Optimal,1,4.6798487000,1,0.0000000000,8204.0343869096,8197.0454443496,73378.3250837060,45881.1031713551,50357.9759530620,0.0000000000,0.0000000000,0.0000000000,0.0000000000,0,475.7427111022,1851.2313110456,47732.3344824008,26,37277.8400079250,7540.6396819482,1200.0000000000,10800.0000000000,True
2025-09-30,S0,SEQUENTIAL_PREVIOUS_COMMITMENT,Optimal,1,5.9445777000,1,0.0000000000,8197.0454443496,8106.6683429960,72947.6914947186,45928.3990827400,50541.8847167431,0.0000000000,0.0000000000,0.0000000000,0.0000000000,0,1039.7718748790,4425.1091560024,50353.5082387424,48,39409.6044811019,7391.4021618473,1200.0000000000,10800.0000000000,True
2025-10-01,S0,SEQUENTIAL_PREVIOUS_COMMITMENT,Optimal,1,5.7278021000,1,0.0000000000,8106.6683429960,8449.0470495425,72862.3092493161,45228.6200618913,49831.6772641562,0.0000000000,0.0000000000,0.0000000000,0.0000000000,0,38.7127520612,97.8213079465,45326.4413698378,5,34829.3191378382,7739.8623833122,1223.1807042101,10800.0000000000,True
2025-10-02,S0,SEQUENTIAL_PREVIOUS_COMMITMENT,Optimal,1,4.5643146000,1,0.0000000000,8449.0470495425,8386.5905281234,72486.6889183317,45461.7055066149,49527.4288220072,0.0000000000,0.0000000000,0.0000000000,0.0000000000,0,124.7762050029,301.5180615204,45763.2235681353,10,35658.3589860696,7606.1755357823,1296.8243127894,10800.0000000000,True
2025-10-03,S0,SEQUENTIAL_PREVIOUS_COMMITMENT,Optimal,1,2.8035931000,1,0.0000000000,8386.5905281234,8100.4925280155,34837.7668295950,19943.1814133988,21821.0150156468,0.0000000000,0.0000000000,0.0000000000,0.0000000000,0,138.4054134716,358.8307232978,20302.0121366967,9,31923.6520490334,6543.7854360579,1292.5629860388,10800.0000000000,True
2025-10-04,S0,SEQUENTIAL_PREVIOUS_COMMITMENT,Optimal,1,2.2850370000,1,0.0000000000,8100.4925280155,7959.3960730613,36369.4673842390,20820.7949562624,22935.0823726711,0.0000000000,0.0000000000,0.0000000000,0.0000000000,0,137.3594267700,523.3980866078,21344.1930428702,7,32202.8632412939,6334.8580679047,1209.3960730613,10800.0000000000,True
2025-10-05,S0,SEQUENTIAL_PREVIOUS_COMMITMENT,Optimal,1,3.7957236000,1,0.0000000000,7959.3960730613,8109.3163343946,72065.6030438837,44977.1162843206,49798.6444023835,0.0000000000,0.0000000000,0.0000000000,0.0000000000,0,91.1153899332,197.3001798566,45174.4164641771,6,35413.7759205908,7618.7574064172,1200.0000000000,10800.0000000000,True
2025-10-06,S0,SEQUENTIAL_PREVIOUS_COMMITMENT,Optimal,1,4.7436075000,1,0.0000000000,8109.3163343946,7840.6427416063,68957.6712347779,43485.4491405898,48097.8352798191,0.0000000000,0.0000000000,0.0000000000,0.0000000000,0,451.4565564682,1196.2670235055,44681.7161640952,18,36786.5782742524,7450.4694551038,1262.2576011285,10800.0000000000,True
2025-10-07,S0,SEQUENTIAL_PREVIOUS_COMMITMENT,Optimal,1,3.5894926000,1,0.0000000000,7840.6427416063,7758.6006937971,68524.4162222625,42868.9619113959,45600.6202385033,0.0000000000,0.0000000000,0.0000000000,0.0000000000,0,359.1247875718,1302.2338133365,44171.1957247324,28,37929.5887490635,7353.9892648527,1221.9261616030,10800.0000000000,True
2025-10-08,S0,SEQUENTIAL_PREVIOUS_COMMITMENT,Optimal,1,4.6713571000,1,0.0000000000,7758.6006937971,7781.3295555426,65175.3815626899,39928.6065688781,44263.2332775649,0.0000000000,0.0000000000,0.0000000000,0.0000000000,0,944.1531741203,3183.9678180364,43112.5743869145,32,37623.3689340023,7305.2961023725,1200.0000000000,10800.0000000000,True
2025-10-09,S0,SEQUENTIAL_PREVIOUS_COMMITMENT,Optimal,1,4.0263094000,1,0.0000000000,7781.3295555426,7755.1703445411,66535.8097303932,40552.9775482198,44689.6917041910,0.0000000000,0.0000000000,0.0000000000,0.0000000000,0,384.9426653530,1711.5473783450,42264.5249265648,22,37183.5875525590,7356.3571678300,1200.0000000000,10800.0000000000,True
2025-10-10,S0,SEQUENTIAL_PREVIOUS_COMMITMENT,Optimal,1,2.1441458000,1,0.0000000000,7755.1703445411,7766.5277695422,31905.8736892566,17211.2025841570,18732.9059073399,0.0000000000,0.0000000000,0.0000000000,0.0000000000,0,753.5284700866,2672.2466787908,19883.4492629479,36,32213.8396671644,6245.9667872192,1200.0000000000,10800.0000000000,True
2025-10-11,S0,SEQUENTIAL_PREVIOUS_COMMITMENT,Optimal,1,2.6430928000,1,0.0000000000,7766.5277695422,8594.5126943549,34666.3609208969,18937.1324001428,21604.0281590201,0.0000000000,0.0000000000,0.0000000000,0.0000000000,0,197.0557862175,974.6991636492,19911.8315637921,15,32408.7794896994,6387.0330516819,1220.5451950955,10800.0000000000,True
2025-10-12,S0,SEQUENTIAL_PREVIOUS_COMMITMENT,Optimal,1,3.2000862000,1,0.0000000000,8594.5126943549,8714.5169433920,69629.5321777896,43119.0223651991,47842.3007071518,0.0000000000,0.0000000000,0.0000000000,0.0000000000,0,354.1876962543,1181.9477994213,44300.9701646204,12,37227.0998830073,7422.9964760862,1200.0000000000,10800.0000000000,True
2025-10-13,S0,SEQUENTIAL_PREVIOUS_COMMITMENT,Optimal,1,2.8445544000,1,0.0000000000,8714.5169433920,7929.3251850353,68095.7917154304,42080.0420196883,46706.9478142155,0.0000000000,0.0000000000,0.0000000000,0.0000000000,0,119.9979389615,406.8415097562,42486.8835294446,9,36938.0577049547,7381.5594858567,1200.0000000000,10800.0000000000,True
2025-10-14,S0,SEQUENTIAL_PREVIOUS_COMMITMENT,Optimal,1,3.5904959000,1,0.0000000000,7929.3251850353,7783.3143084655,67305.9396411762,41214.1740615049,44147.6426741257,0.0000000000,0.0000000000,0.0000000000,0.0000000000,0,982.9347667958,3939.7715700535,45153.9456315585,47,38345.4841398993,7227.8547256427,1200.0000000000,10800.0000000000,True
2025-10-15,S0,SEQUENTIAL_PREVIOUS_COMMITMENT,Optimal,1,3.6850953000,1,0.0000000000,7783.3143084655,7749.1520161117,67446.9054305233,41444.2405500979,45065.5710514119,0.0000000000,0.0000000000,0.0000000000,0.0000000000,0,1257.4065949915,4817.8695318770,46262.1100819750,44,38480.9509605547,7255.2310419679,1200.0000000000,10800.0000000000,True
2025-10-16,S0,SEQUENTIAL_PREVIOUS_COMMITMENT,Optimal,1,4.5837918000,1,0.0000000000,7749.1520161117,8179.1880303990,69044.7215018643,42542.3003652800,46746.8608307599,0.0000000000,0.0000000000,0.0000000000,0.0000000000,0,1862.7057744736,7549.1892517832,50091.4896170632,45,39263.6012529459,7288.8969669772,1200.0000000000,10800.0000000000,True
2025-10-17,S0,SEQUENTIAL_PREVIOUS_COMMITMENT,Optimal,1,2.5241385000,1,0.0000000000,8179.1880303990,8132.4481028776,33974.1909893167,18637.3159065410,20535.1921990291,0.0000000000,0.0000000000,0.0000000000,0.0000000000,0,173.7247959232,786.2384635032,19423.5543700442,15,32509.7593951217,6366.6613115984,1231.6916869213,10800.0000000000,True
2025-10-18,S0,SEQUENTIAL_PREVIOUS_COMMITMENT,Optimal,1,3.0445713000,1,0.0000000000,8132.4481028776,7766.0370947427,33472.5755268162,18781.7845034683,20817.1014504599,0.0000000000,0.0000000000,0.0000000000,0.0000000000,0,402.4485929882,1329.9188589988,20111.7033624671,21,31815.0490831697,6386.5656766492,1201.2233073640,10800.0000000000,True
2025-10-19,S0,SEQUENTIAL_PREVIOUS_COMMITMENT,Optimal,1,3.9452421000,1,0.0000000000,7766.0370947427,8371.4116075486,73635.3764866241,45406.1956691865,50439.3585673035,0.0000000000,0.0000000000,0.0000000000,0.0000000000,0,665.8293852534,2492.8857830163,47899.0814522028,27,39703.5515516737,7434.4070847659,1200.0000000000,10800.0000000000,True
2025-10-20,S0,SEQUENTIAL_PREVIOUS_COMMITMENT,Optimal,1,2.8168647000,1,0.0000000000,8371.4116075486,7999.0411283874,72253.6551589840,44899.7535829813,48867.9069751369,0.0000000000,0.0000000000,0.0000000000,0.0000000000,0,489.3373374944,2002.7142711279,46902.4678541092,28,38416.1918312512,7415.4675295435,1200.0000000000,10800.0000000000,True
2025-10-21,S0,SEQUENTIAL_PREVIOUS_COMMITMENT,Optimal,1,3.3878107000,1,0.0000000000,7999.0411283874,7801.0811046024,72694.4245156593,44923.8349183946,48304.0655788095,0.0000000000,0.0000000000,0.0000000000,0.0000000000,0,1011.2180237962,3671.9919920678,48595.8269104625,45,39337.3040452063,7351.7131293564,1200.0000000000,10800.0000000000,True
2025-10-22,S0,SEQUENTIAL_PREVIOUS_COMMITMENT,Optimal,1,4.0478010000,1,0.0000000000,7801.0811046024,8222.6231476361,73623.0276058081,45505.2784153329,49264.4584509337,0.0000000000,0.0000000000,0.0000000000,0.0000000000,0,1344.7785392240,5634.7491888881,51140.0276042210,41,39148.9107900718,7433.2923297571,1200.0000000000,10800.0000000000,True
2025-10-23,S0,SEQUENTIAL_PREVIOUS_COMMITMENT,Optimal,1,3.5157977000,1,0.0000000000,8222.6231476361,7459.8179073321,74063.7712472524,45994.9483497755,49755.1992172347,0.0000000000,0.0000000000,0.0000000000,0.0000000000,0,299.9367318893,1005.5558220125,47000.5041717880,15,37681.0584534672,7544.2790438757,1200.0000000000,10800.0000000000,True
2025-10-24,S0,SEQUENTIAL_PREVIOUS_COMMITMENT,Optimal,1,3.0272259000,1,0.0000000000,7459.8179073321,7583.2853710343,34302.5877416857,19342.8295253203,21352.1637586858,0.0000000000,0.0000000000,0.0000000000,0.0000000000,0,543.7520267391,2366.5813179149,21709.4108432352,27,31713.8788321382,6021.0605479896,1200.0000000000,10800.0000000000,True
2025-10-25,S0,SEQUENTIAL_PREVIOUS_COMMITMENT,Optimal,1,3.0649419000,1,0.0000000000,7583.2853710343,7808.0803914819,34781.2393303414,19375.7419343959,21777.1682241826,0.0000000000,0.0000000000,0.0000000000,0.0000000000,0,454.3238830495,1828.9181845368,21204.6601189327,27,30916.7159344437,6341.1476956877,1237.3656341615,10800.0000000000,True
2025-10-26,S0,SEQUENTIAL_PREVIOUS_COMMITMENT,Optimal,1,7.3729467000,1,0.0000000000,7808.0803914819,8209.0462347596,77570.3472059714,48278.7803266014,53826.0614675618,0.0000000000,0.0000000000,0.0000000000,0.0000000000,0,189.2796958436,595.2166871971,48873.9970137985,10,37993.6657701396,7735.2376967652,1200.0000000000,10800.0000000000,True
2025-10-27,S0,SEQUENTIAL_PREVIOUS_COMMITMENT,Optimal,1,7.4208307000,1,0.0000000000,8209.0462347596,7774.8540830226,73852.6048141566,45966.0006704125,49496.8177334631,0.0000000000,0.0000000000,0.0000000000,0.0000000000,0,580.5404530647,2217.5324557580,48183.5331261705,29,37622.3135464371,7576.4390553468,1200.0000000000,10800.0000000000,True
2025-10-28,S0,SEQUENTIAL_PREVIOUS_COMMITMENT,Optimal,1,9.1318878000,1,0.0000000000,7774.8540830226,8194.6593493322,76867.5833720946,47582.7972570995,51221.1174706447,0.0000000000,0.0000000000,0.0000000000,0.0000000000,0,242.8392915738,891.6566873790,48474.4539444784,17,39219.7850236222,7643.3363423601,1200.0000000000,10800.0000000000,True
2025-10-29,S0,SEQUENTIAL_PREVIOUS_COMMITMENT,Optimal,1,8.6550665000,1,0.0000000000,8194.6593493322,8161.0509441593,75838.0159331578,47244.8822289222,51867.6807556156,0.0000000000,0.0000000000,0.0000000000,0.0000000000,0,1128.9507572564,3861.5600236231,51106.4422525453,40,41337.8470283920,7484.9197899405,1200.0000000000,10800.0000000000,True
2025-10-30,S0,SEQUENTIAL_PREVIOUS_COMMITMENT,Optimal,1,4.6173914000,1,0.0000000000,8161.0509441593,7728.2517760728,75179.7542056866,46933.0846402854,51393.1961212560,0.0000000000,0.0000000000,0.0000000000,0.0000000000,0,313.1709605194,1161.9659271873,48095.0505674728,22,38014.4210147680,7629.4248031916,1200.0000000000,10800.0000000000,True
2025-10-31,S0,SEQUENTIAL_PREVIOUS_COMMITMENT,Optimal,1,2.9318820000,1,0.0000000000,7728.2517760728,7694.3759697552,35832.4472334198,20278.0561917815,22841.4914554056,0.0000000000,0.0000000000,0.0000000000,0.0000000000,0,272.5356844255,1073.9367739369,21351.9929657184,18,31223.4162077301,6402.4599756888,1200.0000000000,10800.0000000000,True
2025-11-01,S0,SEQUENTIAL_PREVIOUS_COMMITMENT,Optimal,1,3.2173028000,1,0.0000000000,7694.3759697552,8101.6793270481,36891.0346255611,20788.0275634002,24092.9206522466,0.0000000000,0.0000000000,0.0000000000,0.0000000000,0,257.8019139199,752.0614867467,21540.0890501470,15,31722.3310434385,6380.9997327511,1200.0000000000,10800.0000000000,True
2025-11-02,S0,SEQUENTIAL_PREVIOUS_COMMITMENT,Optimal,1,3.2218952000,1,0.0000000000,8101.6793270481,7660.7654860320,75552.9909371969,47139.9769535868,50909.8975905653,0.0000000000,0.0000000000,0.0000000000,0.0000000000,0,751.3212758661,2747.8925002399,49887.8694538267,33,40259.4598331629,7505.2205414062,1200.0000000000,10800.0000000000,True
2025-11-03,S0,SEQUENTIAL_PREVIOUS_COMMITMENT,Optimal,1,3.9697047000,1,0.0000000000,7660.7654860320,7723.3035867858,77485.7270262910,48288.1607468994,51795.7960732635,0.0000000000,0.0000000000,0.0000000000,0.0000000000,0,816.9377673261,2426.3238070571,50714.4845539565,29,39314.6577540523,7624.9988539705,1200.0000000000,10800.0000000000,True
2025-11-04,S0,SEQUENTIAL_PREVIOUS_COMMITMENT,Optimal,1,4.5364905000,1,0.0000000000,7723.3035867858,8188.6718205868,79657.5624221612,49698.8501453370,53322.4751660030,0.0000000000,0.0000000000,0.0000000000,0.0000000000,0,336.9732622981,1252.8983095781,50951.7484549152,29,37701.8402038846,7850.0317194496,1200.0000000000,10800.0000000000,True
2025-11-05,S0,SEQUENTIAL_PREVIOUS_COMMITMENT,Optimal,1,4.0257533000,1,0.0000000000,8188.6718205868,8400.0962488494,80082.1259259201,50152.1100104079,54871.7938875001,0.0000000000,0.0000000000,0.0000000000,0.0000000000,0,300.5976178999,965.1849267345,51117.2949371424,17,39580.8355698626,7719.8506127588,1200.0000000000,10800.0000000000,True
2025-11-06,S0,SEQUENTIAL_PREVIOUS_COMMITMENT,Optimal,1,3.2493698000,1,0.0000000000,8400.0962488494,8173.3861715959,78772.5442133265,49368.2688502231,53380.9271971422,0.0000000000,0.0000000000,0.0000000000,0.0000000000,0,1156.1600247629,4581.7287879665,53949.9976381896,41,39762.1634987923,7669.6755866330,1200.0000000000,10800.0000000000,True
2025-11-07,S0,SEQUENTIAL_PREVIOUS_COMMITMENT,Optimal,1,2.8463851000,1,0.0000000000,8173.3861715959,7737.6008952935,35735.5804680815,20034.9381873679,22100.2898353139,0.0000000000,0.0000000000,0.0000000000,0.0000000000,0,423.5542423947,1821.0103979941,21855.9485853621,29,32607.0440493127,6263.6028933780,1200.0000000000,10800.0000000000,True
2025-11-08,S0,SEQUENTIAL_PREVIOUS_COMMITMENT,Optimal,1,2.9564522000,1,0.0000000000,7737.6008952935,7705.1737324492,35908.2947776883,20175.3698634831,22783.3094651158,0.0000000000,0.0000000000,0.0000000000,0.0000000000,0,282.6326894632,1183.1104027721,21358.4802662552,19,31035.3349909902,6328.9703803796,1200.0000000000,10800.0000000000,True
2025-11-09,S0,SEQUENTIAL_PREVIOUS_COMMITMENT,Optimal,1,3.0136992000,1,0.0000000000,7705.1737324492,8187.3415550404,80333.2848242073,50290.7543285391,53522.7230513068,0.0000000000,0.0000000000,0.0000000000,0.0000000000,0,871.8383720567,3543.7530094903,53834.5073380294,35,39392.4859118896,7817.1093329150,1200.0000000000,10800.0000000000,True
2025-11-10,S0,SEQUENTIAL_PREVIOUS_COMMITMENT,Optimal,1,2.9952415000,1,0.0000000000,8187.3415550404,8386.0842652677,80323.7135865664,50184.6804186805,54395.9361426536,0.0000000000,0.0000000000,0.0000000000,0.0000000000,0,1185.5375487357,4552.0000811568,54736.6804998374,45,40721.9902693809,7721.4802627968,1200.0000000000,10800.0000000000,True
2025-11-11,S0,SEQUENTIAL_PREVIOUS_COMMITMENT,Optimal,1,3.2098529000,1,0.0000000000,8386.0842652677,8252.9784904206,81355.7011245077,51467.7940385788,56099.0364897076,0.0000000000,0.0000000000,0.0000000000,0.0000000000,0,262.8529116049,911.6412259474,52379.4352645261,20,37881.6545704253,7981.8515309774,1200.0000000000,10800.0000000000,True
2025-11-12,S0,SEQUENTIAL_PREVIOUS_COMMITMENT,Optimal,1,3.7088525000,1,0.0000000000,8252.9784904206,8017.4601196298,80758.0431909951,50679.9597464689,55969.4270835229,0.0000000000,0.0000000000,0.0000000000,0.0000000000,0,247.6353812121,1217.0011519057,51896.9608983746,21,39800.6621037845,7802.0139929496,1200.0000000000,10800.0000000000,True
2025-11-13,S0,SEQUENTIAL_PREVIOUS_COMMITMENT,Optimal,1,3.7422035000,1,0.0000000000,8017.4601196298,8260.0823715376,83114.6158053931,52540.0941966572,58263.7937623638,0.0000000000,0.0000000000,0.0000000000,0.0000000000,0,230.6325053351,975.9001827700,53515.9943794272,20,37336.5834977000,8118.0808616323,1200.0000000000,10800.0000000000,True
2025-11-14,S0,SEQUENTIAL_PREVIOUS_COMMITMENT,Optimal,1,2.9824449000,1,0.0000000000,8260.0823715376,8230.1643571139,37649.0265138768,21532.2253444771,24326.8797851247,0.0000000000,0.0000000000,0.0000000000,0.0000000000,0,148.1232291912,571.1156630958,22103.3410075730,14,31666.6996651712,6606.3950843343,1200.0000000000,10800.0000000000,True
2025-11-15,S0,SEQUENTIAL_PREVIOUS_COMMITMENT,Optimal,1,2.9092016000,1,0.0000000000,8230.1643571139,8070.0863853568,38522.5665726682,21606.8385830445,24732.5421576887,0.0000000000,0.0000000000,0.0000000000,0.0000000000,0,264.3519326282,955.5328664884,22562.3714495329,21,30924.0781049527,6928.6822734996,1200.0000000000,10800.0000000000,True
2025-11-16,S0,SEQUENTIAL_PREVIOUS_COMMITMENT,Optimal,1,4.0284599000,1,0.0000000000,8070.0863853568,8106.4652064186,83188.0437303421,52519.7403407640,56606.1837878768,0.0000000000,0.0000000000,0.0000000000,0.0000000000,0,600.9552733192,2117.0825306509,54636.8228714149,30,40754.4237352884,7844.4192144252,1200.0000000000,10800.0000000000,True
2025-11-17,S0,SEQUENTIAL_PREVIOUS_COMMITMENT,Optimal,1,2.6957511000,1,0.0000000000,8106.4652064186,8519.2945735754,84964.6517721750,53818.4189495345,58286.5301249052,0.0000000000,0.0000000000,0.0000000000,0.0000000000,0,197.4570573424,600.7588594836,54419.1778090181,13,39599.6546017012,7953.8701425121,1200.0000000000,10800.0000000000,True
2025-11-18,S0,SEQUENTIAL_PREVIOUS_COMMITMENT,Optimal,1,2.9622238000,1,0.0000000000,8519.2945735754,8069.1665150406,82674.9812650319,52379.8373172674,56712.8684069735,0.0000000000,0.0000000000,0.0000000000,0.0000000000,0,615.5736415323,1989.0074903136,54368.8448075810,28,39567.1563172602,7902.7552854077,1200.0000000000,10800.0000000000,True
2025-11-19,S0,SEQUENTIAL_PREVIOUS_COMMITMENT,Optimal,1,3.4731353000,1,0.0000000000,8069.1665150406,7684.9760771983,82548.7630983290,52106.8039598360,57343.9875339170,0.0000000000,0.0000000000,0.0000000000,0.0000000000,0,967.4632736621,4203.4584178768,56310.2623777128,30,41275.2886564580,7748.6733472331,1200.0000000000,10800.0000000000,True
2025-11-20,S0,SEQUENTIAL_PREVIOUS_COMMITMENT,Optimal,1,3.5745349000,1,0.0000000000,7684.9760771983,8502.8228695662,86043.2488786478,54395.2252290529,58727.0884426944,0.0000000000,0.0000000000,0.0000000000,0.0000000000,0,347.3888816655,1270.2745387988,55665.4997678517,22,40591.3498346943,7996.2736279194,1200.0000000000,10800.0000000000,True
2025-11-21,S0,SEQUENTIAL_PREVIOUS_COMMITMENT,Optimal,1,2.7177781000,1,0.0000000000,8502.8228695662,7776.8256032433,38508.3165500395,21821.0250261896,24966.1176254632,0.0000000000,0.0000000000,0.0000000000,0.0000000000,0,306.8455857705,807.4019381059,22628.4269642955,20,30713.9092138690,6991.1485425375,1200.0000000000,10800.0000000000,True
2025-11-22,S0,SEQUENTIAL_PREVIOUS_COMMITMENT,Optimal,1,4.1698934000,1,0.0000000000,7776.8256032433,8598.3230383449,43029.0758693618,23498.3710772314,27785.3251930828,0.0000000000,0.0000000000,0.0000000000,0.0000000000,0,241.6303220699,939.1047375961,24437.4758148275,16,32535.7907969662,7773.5630944297,1200.0000000000,10800.0000000000,True
2025-11-23,S0,SEQUENTIAL_PREVIOUS_COMMITMENT,Optimal,1,3.8286536000,1,0.0000000000,8598.3230383449,8255.0213590001,85556.9735495402,54424.3686584129,59299.3976160940,0.0000000000,0.0000000000,0.0000000000,0.0000000000,0,674.5433604472,2950.5529648451,57374.9216232580,24,40612.9602898753,7847.3700394464,1200.0000000000,10800.0000000000,True
2025-11-24,S0,SEQUENTIAL_PREVIOUS_COMMITMENT,Optimal,1,3.7881424000,1,0.0000000000,8255.0213590001,7678.0808959615,82783.0765393146,52370.8464912588,56145.2873908790,0.0000000000,0.0000000000,0.0000000000,0.0000000000,0,560.7929815822,2175.8202430063,54546.6667342651,31,38938.1345840567,7914.7403163052,1200.0000000000,10800.0000000000,True
2025-11-25,S0,SEQUENTIAL_PREVIOUS_COMMITMENT,Optimal,1,3.0643518000,1,0.0000000000,7678.0808959615,8386.2620968875,87798.4820827499,55513.3667262588,59576.3712753962,0.0000000000,0.0000000000,0.0000000000,0.0000000000,0,317.0374970299,974.6218280701,56487.9885543289,22,41021.4805644983,7987.7693836800,1200.0000000000,10800.0000000000,True
2025-11-26,S0,SEQUENTIAL_PREVIOUS_COMMITMENT,Optimal,1,4.0653002000,1,0.0000000000,8386.2620968875,7817.7578051253,84991.6984100993,53895.8776964874,57274.0257931111,0.0000000000,0.0000000000,0.0000000000,0.0000000000,0,393.4641013908,1556.3963460319,55452.2740425193,20,41370.2847582405,7810.5473929017,1200.0000000000,10800.0000000000,True
2025-11-27,S0,SEQUENTIAL_PREVIOUS_COMMITMENT,Optimal,1,3.3550602000,1,0.0000000000,7817.7578051253,8183.5095111833,86171.2364331576,54542.9270040579,58480.1969109462,0.0000000000,0.0000000000,0.0000000000,0.0000000000,0,238.9124596511,872.4395616722,55415.3665657302,16,40832.4367299387,7999.3052347590,1200.0000000000,10800.0000000000,True
2025-11-28,S0,SEQUENTIAL_PREVIOUS_COMMITMENT,Optimal,1,7.0533349000,1,0.0000000000,8183.5095111833,8219.1745885183,41339.2251246468,23290.2135774975,27659.5398365061,0.0000000000,0.0000000000,0.0000000000,0.0000000000,0,282.4827226441,1002.3887921197,24292.6023696172,17,32320.2772009741,7201.7269728440,1200.0000000000,10800.0000000000,True
2025-11-29,S0,SEQUENTIAL_PREVIOUS_COMMITMENT,Optimal,1,3.2270662000,1,0.0000000000,8219.1745885183,8182.9431870596,43212.9196928936,24087.0591544807,28382.0092614986,0.0000000000,0.0000000000,0.0000000000,0.0000000000,0,917.0678878697,2894.5963599745,26981.6555144552,20,32909.7109993967,7647.0204036593,1200.0000000000,10800.0000000000,True
2025-11-30,S0,SEQUENTIAL_PREVIOUS_COMMITMENT,Optimal,1,4.0487435000,1,0.0000000000,8182.9431870596,7867.4413526118,86848.1946301893,55113.2570249392,59323.3584186038,0.0000000000,0.0000000000,0.0000000000,0.0000000000,0,1108.0751268837,4209.7445650782,59323.0015900174,46,43317.3014113155,7747.2101331120,1200.0000000000,10800.0000000000,True
2025-12-01,S0,SEQUENTIAL_PREVIOUS_COMMITMENT,Optimal,1,1.0191437000,1,0.0000000000,7867.4413526118,7950.0000000000,88455.9737746452,56276.8062839017,59722.8022869408,0.0000000000,0.0000000000,0.0000000000,0.0000000000,0,4318.3035438726,15875.1496767709,72151.9559606726,90,45001.7875124949,7716.1847363828,1200.0000000000,10800.0000000000,True
2025-12-02,S0,SEQUENTIAL_PREVIOUS_COMMITMENT,Optimal,1,4.1571980000,1,0.0000000000,7950.0000000000,8723.6342832535,90975.6637881591,57661.5156324605,63163.7157444644,0.0000000000,0.0000000000,0.0000000000,0.0000000000,0,4646.3152143310,18357.3361223586,76018.8517548191,96,45763.3196723330,7814.2993594300,1200.0000000000,10800.0000000000,True
2025-12-03,S0,SEQUENTIAL_PREVIOUS_COMMITMENT,Optimal,1,2.8729731000,1,0.0000000000,8723.6342832535,7703.9917034613,87000.8331752824,55570.7327174481,59388.0056528395,0.0000000000,0.0000000000,0.0000000000,0.0000000000,0,4805.6165864502,16028.6256857683,71599.3584032164,98,43595.0650122206,7689.0244361557,1200.0000000000,10800.0000000000,True
2025-12-04,S0,SEQUENTIAL_PREVIOUS_COMMITMENT,Optimal,1,3.9830954000,1,0.0000000000,7703.9917034613,7643.0776556828,88765.8530704554,56658.9679256733,60400.8080002194,0.0000000000,0.0000000000,0.0000000000,0.0000000000,0,4580.7787680545,16738.4853631001,73397.4532887734,84,44429.0230459822,7768.1306234675,1200.0000000000,10800.0000000000,True
2025-12-05,S0,SEQUENTIAL_PREVIOUS_COMMITMENT,Optimal,1,3.4219790000,1,0.0000000000,7643.0776556828,8153.1390098264,45510.2697957651,25067.0347458541,28227.1942682069,0.0000000000,0.0000000000,0.0000000000,0.0000000000,0,2691.7369683150,9032.2508890646,34099.2856349187,75,35668.8457433197,7358.3022870678,1200.0000000000,10800.0000000000,True
2025-12-06,S0,SEQUENTIAL_PREVIOUS_COMMITMENT,Optimal,1,7.4846100000,1,0.0000000000,8153.1390098264,8728.4465415853,47812.4066769900,26468.4276165134,30277.0784677464,0.0000000000,0.0000000000,0.0000000000,0.0000000000,0,3300.3146866816,9776.8940477247,36245.3216642381,77,35677.1500505832,7571.3871285936,1200.0000000000,10800.0000000000,True
2025-12-07,S0,SEQUENTIAL_PREVIOUS_COMMITMENT,Optimal,1,0.9648962000,1,0.0000000000,8728.4465415853,7928.2337412402,90864.6148713929,58400.2431246576,63764.2553687801,0.0000000000,0.0000000000,0.0000000000,0.0000000000,0,2730.0953992132,9263.7668261364,67664.0099507940,72,42996.2289987370,7848.7336316183,1200.0000000000,10800.0000000000,True
2025-12-08,S0,SEQUENTIAL_PREVIOUS_COMMITMENT,Optimal,1,0.9798165000,1,0.0000000000,7928.2337412402,7918.3068293980,99070.7796505837,63882.5066370082,68200.6775161586,0.0000000000,0.0000000000,0.0000000000,0.0000000000,0,401.6617748048,1748.1204443260,65630.6270813341,20,42573.6479743005,7975.5049556427,1200.0000000000,10800.0000000000,True
2025-12-09,S0,SEQUENTIAL_PREVIOUS_COMMITMENT,Optimal,1,3.2225314000,1,0.0000000000,7918.3068293980,7715.1358569929,98644.0576311260,63539.2707753353,67631.1241539510,0.0000000000,0.0000000000,0.0000000000,0.0000000000,0,396.8503063927,1704.5863109999,65243.8570863353,23,44083.8520808192,7844.2693550114,1200.0000000000,10800.0000000000,True
2025-12-10,S0,SEQUENTIAL_PREVIOUS_COMMITMENT,Optimal,1,4.2685655000,1,0.0000000000,7715.1358569929,8528.4583058640,100700.7387399998,64656.5991782401,70096.8638739014,0.0000000000,0.0000000000,0.0000000000,0.0000000000,0,273.7117398914,1100.0393772089,65756.6385554490,15,43681.3084531580,7974.0545456956,1200.0000000000,10800.0000000000,True
2025-12-11,S0,SEQUENTIAL_PREVIOUS_COMMITMENT,Optimal,1,4.6919287000,1,0.0000000000,8528.4583058640,7775.9373986836,97982.6129723620,63346.9558833569,67360.7370815274,0.0000000000,0.0000000000,0.0000000000,0.0000000000,0,157.6787110523,493.6667508561,63840.6226342130,10,41939.3512731350,7941.4126364475,1200.0000000000,10800.0000000000,True
2025-12-12,S0,SEQUENTIAL_PREVIOUS_COMMITMENT,Optimal,1,4.9379746000,1,0.0000000000,7775.9373986836,8464.9886531039,54370.6863598381,29800.5928018700,34019.8229154333,0.0000000000,0.0000000000,0.0000000000,0.0000000000,0,384.7488904600,1112.6109580438,30913.2037599139,22,36628.7572327729,7507.9607732742,1200.0000000000,10800.0000000000,True
2025-12-13,S0,SEQUENTIAL_PREVIOUS_COMMITMENT,Optimal,1,3.8071739000,1,0.0000000000,8464.9886531039,8176.2086132558,54443.8783604748,29824.5512878865,33458.9214926628,0.0000000000,0.0000000000,0.0000000000,0.0000000000,0,217.8023708349,1061.3096203985,30885.8609082851,14,35774.2249659412,7497.1462921117,1200.0000000000,10800.0000000000,True
2025-12-14,S0,SEQUENTIAL_PREVIOUS_COMMITMENT,Optimal,1,2.2239588000,1,0.0000000000,8176.2086132558,8641.4776321524,100250.5440528609,64757.6609454777,69256.2915587541,0.0000000000,0.0000000000,0.0000000000,0.0000000000,0,322.0894103332,1230.8117112189,65988.4726566966,18,44716.7411033963,7875.2537248333,1200.0000000000,10800.0000000000,True
2025-12-15,S0,SEQUENTIAL_PREVIOUS_COMMITMENT,Optimal,1,0.9884100000,1,0.0000000000,8641.4776321524,7946.4618796800,96616.3381300352,62176.7559325982,66104.6125848150,0.0000000000,0.0000000000,0.0000000000,0.0000000000,0,616.9508887838,2168.6709971647,64345.4269297629,30,43782.7614264664,7816.5013245795,1200.0000000000,10800.0000000000,True
2025-12-16,S0,SEQUENTIAL_PREVIOUS_COMMITMENT,Optimal,1,2.6698944000,1,0.0000000000,7946.4618796800,7664.6278943014,98436.8588752736,63689.4374534278,67606.9105649267,0.0000000000,0.0000000000,0.0000000000,0.0000000000,0,225.2064091972,692.3640171530,64381.8014705808,24,43961.5001041586,7777.6037039373,1200.0000000000,10800.0000000000,True
2025-12-17,S0,SEQUENTIAL_PREVIOUS_COMMITMENT,Optimal,1,5.6901790000,1,0.0000000000,7664.6278943014,8021.4990889097,100353.2051698600,64510.1529523955,69156.2104459583,0.0000000000,0.0000000000,0.0000000000,0.0000000000,0,419.0490390544,1684.7204230956,66194.8733754912,18,43372.3735955752,7929.4718528869,1200.0000000000,10800.0000000000,True
2025-12-18,S0,SEQUENTIAL_PREVIOUS_COMMITMENT,Optimal,1,6.9510889000,1,0.0000000000,8021.4990889097,8109.7342384564,98681.5652731041,63626.8890988510,67793.9548070011,0.0000000000,0.0000000000,0.0000000000,0.0000000000,0,492.4257535539,1526.7429227762,65153.6320216273,21,44219.2331971076,7881.8221512863,1200.0000000000,10800.0000000000,True
2025-12-19,S0,SEQUENTIAL_PREVIOUS_COMMITMENT,Optimal,1,4.7645418000,1,0.0000000000,8109.7342384564,8780.9260082107,56078.8672676663,30547.2958520712,34902.4082293572,0.0000000000,0.0000000000,0.0000000000,0.0000000000,0,88.5735420845,262.0195621176,30809.3154141888,7,36312.0486113444,7529.3771328731,1200.0000000000,10800.0000000000,True
2025-12-20,S0,SEQUENTIAL_PREVIOUS_COMMITMENT,Optimal,1,5.5304094000,1,0.0000000000,8780.9260082107,8551.4891120467,53946.6463002387,30070.9969528793,34188.2509966725,0.0000000000,0.0000000000,0.0000000000,0.0000000000,0,200.5013143394,651.9151672101,30722.9121200894,16,36808.1058006313,7433.4641043295,1200.0000000000,10800.0000000000,True
2025-12-21,S0,SEQUENTIAL_PREVIOUS_COMMITMENT,Optimal,1,1.5930458000,1,0.0000000000,8551.4891120467,7949.2636840787,98691.3178258776,63870.8925614431,67234.6776878804,0.0000000000,0.0000000000,0.0000000000,0.0000000000,0,648.7311181591,1962.4283960896,65833.3209575326,24,42733.1695066077,7942.5612432414,1200.0000000000,10800.0000000000,True
2025-12-22,S0,SEQUENTIAL_PREVIOUS_COMMITMENT,Optimal,1,3.1440043000,1,0.0000000000,7949.2636840787,8499.1804798352,100359.1809657902,64530.2540556867,69300.5210762062,0.0000000000,0.0000000000,0.0000000000,0.0000000000,0,294.0121072384,904.0494008280,65434.3034565147,25,44577.7654678929,7924.1696363300,1200.0000000000,10800.0000000000,True
2025-12-23,S0,SEQUENTIAL_PREVIOUS_COMMITMENT,Optimal,1,5.1436541000,1,0.0000000000,8499.1804798352,8566.1159563480,99865.0311907913,64446.4671922182,68654.0955071861,0.0000000000,0.0000000000,0.0000000000,0.0000000000,0,99.1979086262,275.5349142371,64722.0021064553,11,43372.7082524047,7982.3525335917,1200.0000000000,10800.0000000000,True
2025-12-24,S0,SEQUENTIAL_PREVIOUS_COMMITMENT,Optimal,1,1.8970918000,1,0.0000000000,8566.1159563480,8582.6264318352,99766.2844046152,64302.4851932005,68745.1034338951,0.0000000000,0.0000000000,0.0000000000,0.0000000000,0,155.7942947873,545.5954535043,64848.0806467049,16,43730.6947566857,7964.4418023353,1200.0000000000,10800.0000000000,True
2025-12-25,S0,SEQUENTIAL_PREVIOUS_COMMITMENT,Optimal,1,4.3400741000,1,0.0000000000,8582.6264318352,8256.9830531200,98030.2030147683,63161.7118450948,66491.3849529166,0.0000000000,0.0000000000,0.0000000000,0.0000000000,0,641.7969766947,2293.6352476291,65455.3470927239,30,42555.1513213864,7940.0501919381,1200.0000000000,10800.0000000000,True
2025-12-26,S0,SEQUENTIAL_PREVIOUS_COMMITMENT,Optimal,1,2.4846582000,1,0.0000000000,8256.9830531200,7933.0695502685,52835.1966392014,29319.7656632513,32491.9181605214,0.0000000000,0.0000000000,0.0000000000,0.0000000000,0,256.0050740550,897.9447154534,30217.7103787047,16,36042.1680122826,7541.7721398675,1200.0000000000,10800.0000000000,True
2025-12-27,S0,SEQUENTIAL_PREVIOUS_COMMITMENT,Optimal,1,2.8735366000,1,0.0000000000,7933.0695502685,7694.0670468145,52426.0187449344,28593.9838916847,32380.0488834953,0.0000000000,0.0000000000,0.0000000000,0.0000000000,0,267.3826401852,1003.4423754941,29597.4262671788,22,36116.8210290748,7444.0104910278,1200.0000000000,10800.0000000000,True
2025-12-28,S0,SEQUENTIAL_PREVIOUS_COMMITMENT,Optimal,1,2.5702770000,1,0.0000000000,7694.0670468145,8470.0240543831,100883.3040940922,64931.2496442299,69448.9352327770,0.0000000000,0.0000000000,0.0000000000,0.0000000000,0,348.6556519531,1256.4211026903,66187.6707469202,20,43059.6788353616,7968.2569503976,1200.0000000000,10800.0000000000,True
2025-12-29,S0,SEQUENTIAL_PREVIOUS_COMMITMENT,Optimal,1,3.2182774000,1,0.0000000000,8470.0240543831,7764.7224043598,97754.6872000360,63138.3499573475,68013.7770253129,0.0000000000,0.0000000000,0.0000000000,0.0000000000,0,285.8293104574,904.5458824292,64042.8958397767,17,42356.7570964761,7951.6387989203,1200.0000000000,10800.0000000000,True
2025-12-30,S0,SEQUENTIAL_PREVIOUS_COMMITMENT,Optimal,1,3.3185728000,1,0.0000000000,7764.7224043598,8060.1839543070,98540.8282518390,63362.5434712634,67675.3399631731,0.0000000000,0.0000000000,0.0000000000,0.0000000000,0,231.0487841425,704.1716243790,64066.7150956424,19,43260.8485454376,7906.6460435084,1200.0000000000,10800.0000000000,True
2025-12-31,S0,SEQUENTIAL_PREVIOUS_COMMITMENT,Optimal,1,1.0444038000,1,0.0000000000,8060.1839543070,7834.3287696161,98707.9971719930,63575.8156626985,67161.7743956016,0.0000000000,0.0000000000,0.0000000000,0.0000000000,0,431.5127400484,1185.6108255418,64761.4264882402,24,43949.4173841455,7893.9691239366,1200.0000000000,10800.0000000000,True
2025-02-01,S1,SEQUENTIAL_PREVIOUS_COMMITMENT,Optimal,1,8.8942110000,2,0.0000000000,6000.0000000000,7151.3279847468,48488.6190411939,25718.3232573597,27159.8253417210,-21.6557048390,74.1178889336,0.0000000000,74.1178889336,9,160.4320826789,824.5080938900,26521.1756464106,10,35429.1627044072,7490.7685962587,1236.1167459491,10800.0000000000,True
2025-02-02,S1,SEQUENTIAL_PREVIOUS_COMMITMENT,Optimal,1,2.3328511000,2,0.0000000000,7151.3279847468,7021.8808963110,92992.2603581541,58925.3480955072,61125.5768146768,-31.4122558753,132.4388533552,0.0000000000,132.4388533552,6,72.9631137269,253.6633111859,59147.5991508178,5,40339.6592265885,8007.7117236541,1200.0000000000,10800.0000000000,True
2025-02-03,S1,SEQUENTIAL_PREVIOUS_COMMITMENT,Optimal,1,7.3696185000,2,0.0000000000,7021.8808963110,7020.4642465451,91980.8986341937,57996.2887189278,60008.2732125870,-49.7845250973,136.9341612798,0.0000000000,136.9341612798,8,200.2007384214,816.3857121563,58762.8899059868,13,41368.9463906847,8015.9696451548,1200.0000000000,10800.0000000000,True
2025-02-04,S1,SEQUENTIAL_PREVIOUS_COMMITMENT,Optimal,1,10.6677426000,2,0.0000000000,7020.4642465451,7037.2828541444,92292.8021530108,58253.3078662622,60444.9182780875,117.9792842904,104.9101273428,104.9101273428,0.0000000000,5,431.4988908282,1580.4527758929,59951.7399264454,17,42852.7662081657,7935.6081887449,1221.4022266348,10800.0000000000,True
2025-02-05,S1,SEQUENTIAL_PREVIOUS_COMMITMENT,Optimal,1,8.5793801000,2,0.0000000000,7037.2828541444,6849.5061446889,90273.8851811079,56839.4948393275,58997.1421514551,246.3062165414,281.6687997035,281.6687997035,0.0000000000,13,288.3554606593,1244.2996815567,58330.1007374256,24,42178.7055837191,7892.2041033650,1200.0000000000,10800.0000000000,True
2025-02-06,S1,SEQUENTIAL_PREVIOUS_COMMITMENT,Optimal,1,11.4481713000,2,0.0000000000,6849.5061446889,7069.0101201233,92818.0943021127,58767.6997525080,60818.6263183100,15.7661387719,18.5592210936,18.5592210936,0.0000000000,3,94.2214399089,334.7734857740,59118.2393770539,5,41756.2523598232,7991.0991542450,1223.6639058160,10800.0000000000,True
2025-02-07,S1,SEQUENTIAL_PREVIOUS_COMMITMENT,Optimal,1,14.3066847000,2,0.0000000000,7069.0101201233,7011.5858115379,46284.2932463115,24563.6626783871,26052.0931500358,5.8997782546,12.1672010447,6.5483851576,5.6188158871,2,114.5556831159,660.7376389573,25230.3000955990,7,34487.3159635580,7467.4264737240,1209.4526548902,10800.0000000000,True
2025-02-08,S1,SEQUENTIAL_PREVIOUS_COMMITMENT,Optimal,1,13.0565093000,2,0.0000000000,7011.5858115379,6989.1518569943,40506.3506472301,21637.9518424697,23271.2694692921,0.0000000000,0.0000000000,0.0000000000,0.0000000000,0,290.4276642924,1312.0853848754,22950.0372273451,21,33433.8859798048,6961.6628509193,1208.3672419057,10800.0000000000,True
2025-02-09,S1,SEQUENTIAL_PREVIOUS_COMMITMENT,Optimal,1,14.1022601000,2,0.0000000000,6989.1518569943,7001.4871948658,87238.0231217599,54749.7010000290,56873.2673441848,43.8573067222,88.3381800157,73.3542740986,14.9839059171,5,521.4864584955,1697.0684507852,56490.6267575364,31,42652.6852356101,7905.8457408395,1200.0000000000,10800.0000000000,True
2025-02-10,S1,SEQUENTIAL_PREVIOUS_COMMITMENT,Optimal,1,11.4056666000,2,0.0000000000,7001.4871948658,6848.1909190979,87415.4721040468,54917.7823577636,56924.8370708662,-535.0612611915,1625.2205428539,0.0000000000,1625.2205428539,30,189.6016158727,678.3733803386,55061.0944769107,14,37973.2155894814,8055.1857620338,1205.0785269097,10800.0000000000,True
2025-02-11,S1,SEQUENTIAL_PREVIOUS_COMMITMENT,Optimal,1,13.1517828000,2,0.0000000000,6848.1909190979,6917.2892328379,85427.0249582807,53409.7689056898,55448.5529449296,-43.2904387010,121.9741941277,0.0000000000,121.9741941277,11,285.7571805392,1425.5061826415,54791.9846496303,22,40731.4243230462,7801.8640327037,1200.0000000000,10800.0000000000,True
2025-02-12,S1,SEQUENTIAL_PREVIOUS_COMMITMENT,Optimal,1,10.2070581000,2,0.0000000000,6917.2892328379,6983.2309434470,85509.0836150516,53389.5517765170,55536.6874491058,-160.4978644079,501.0309445506,0.0000000000,501.0309445506,19,298.0244445002,1220.6586368281,54449.7125489372,20,40705.1496713256,7870.6043149263,1200.0000000000,10800.0000000000,True
2025-02-13,S1,SEQUENTIAL_PREVIOUS_COMMITMENT,Optimal,1,6.4135972000,2,0.0000000000,6983.2309434470,7084.0811735543,84917.1785224781,53091.0638114492,55069.3955862052,-443.8975116937,1205.4822778506,0.0000000000,1205.4822778506,22,366.1163588587,1574.4882794603,54221.6545792158,24,37615.0767688566,7900.1358039451,1200.0000000000,10800.0000000000,True
2025-02-14,S1,SEQUENTIAL_PREVIOUS_COMMITMENT,Optimal,1,10.2110224000,2,0.0000000000,7084.0811735543,7085.8209986905,38131.2962028239,20454.9506395930,22051.5274733904,-15.2041867873,35.2379612881,0.0000000000,35.2379612881,3,699.9999974059,2701.6442725921,23141.3907253978,34,32347.9359712009,6438.1405431775,1200.0000000000,10800.0000000000,True
2025-02-15,S1,SEQUENTIAL_PREVIOUS_COMMITMENT,Optimal,1,8.2027589000,2,0.0000000000,7085.8209986905,6989.4129889559,37190.7039405869,20042.2903902604,21578.3297379725,-11.4370276652,26.4192352275,0.0000000000,26.4192352275,4,659.7779662766,2568.9701427570,22599.8235053523,35,31379.9380475014,6350.0680405979,1200.0000000000,10800.0000000000,True
2025-02-16,S1,SEQUENTIAL_PREVIOUS_COMMITMENT,Optimal,1,7.1452370000,2,0.0000000000,6989.4129889559,7019.2565803967,83197.9853623710,51766.7005911025,53933.7328822422,-51.0821051755,162.8028793629,0.0000000000,162.8028793629,15,702.3537303942,2642.2406125734,54357.8590985004,43,40099.3232449522,7812.6528525643,1200.0000000000,10800.0000000000,True
2025-02-17,S1,SEQUENTIAL_PREVIOUS_COMMITMENT,Optimal,1,6.2835370000,2,0.0000000000,7019.2565803967,6924.3845495303,82301.4438131634,50971.0113353164,53094.4389419958,-347.8109572840,966.2326369483,0.0000000000,966.2326369483,17,352.1691848063,1504.5298620813,52127.7302401137,23,37402.5824013510,7850.0411743527,1200.0000000000,10800.0000000000,True
2025-02-18,S1,SEQUENTIAL_PREVIOUS_COMMITMENT,Optimal,1,8.3568921000,2,0.0000000000,6924.3845495303,6922.4784705796,80928.7158713284,50230.7091278348,52294.2346656927,-1.7817399588,5.3924867232,0.0000000000,5.3924867232,2,340.5496751756,1356.5598280982,51585.4872159742,21,38453.5794305684,7822.6523445395,1200.0000000000,10800.0000000000,True
2025-02-19,S1,SEQUENTIAL_PREVIOUS_COMMITMENT,Optimal,1,12.7346319000,2,0.0000000000,6922.4784705796,6936.3518815808,80539.7331468148,49950.0646985720,52037.8860169882,-37.8554959867,159.0378583834,0.0000000000,159.0378583834,11,819.0901584785,2819.7910687071,52732.0002712925,40,40862.5064463240,7643.7870933320,1200.0000000000,10800.0000000000,True
2025-02-20,S1,SEQUENTIAL_PREVIOUS_COMMITMENT,Optimal,1,8.6894027000,2,0.0000000000,6936.3518815808,7009.6044399826,80957.3942526140,49999.3182246767,52050.6624294884,-53.3262642906,198.1066399197,1.8876166229,196.2190232968,11,521.8374662759,2280.6454445511,52226.6374049373,32,38905.4233171599,7712.6689000681,1200.0000000000,10800.0000000000,True
2025-02-21,S1,SEQUENTIAL_PREVIOUS_COMMITMENT,Optimal,1,7.9744141000,2,0.0000000000,7009.6044399826,6810.0030441393,36436.7111093633,19571.8180469077,20688.1288052524,0.0000000000,0.0000000000,0.0000000000,0.0000000000,0,291.5621640114,1016.9564459781,20588.7744928858,25,31559.4038364260,6200.5221681949,1200.0000000000,10800.0000000000,True
2025-02-22,S1,SEQUENTIAL_PREVIOUS_COMMITMENT,Optimal,1,9.4384395000,2,0.0000000000,6810.0030441393,6988.0577737924,36616.5861445152,19667.1442453040,20886.7753319041,-18.8934125046,56.3387714722,3.4570244759,52.8817469963,5,343.7157598665,1283.2305728794,20931.4814056789,25,31426.2720521681,6068.9695173042,1200.0000000000,10800.0000000000,True
2025-02-23,S1,SEQUENTIAL_PREVIOUS_COMMITMENT,Optimal,1,6.5632947000,2,0.0000000000,6988.0577737924,6933.4810165595,79498.2235970854,49190.3411174349,51016.2063152749,0.0000000000,0.0000000000,0.0000000000,0.0000000000,0,657.0757745896,2224.6684515797,51415.0095690146,36,39845.0823708773,7611.4753695039,1207.5420561343,10800.0000000000,True
2025-02-24,S1,SEQUENTIAL_PREVIOUS_COMMITMENT,Optimal,1,8.0331001000,2,0.0000000000,6933.4810165595,6895.0065367740,78351.3245363208,48296.6821786831,50385.1407341345,-2.8896883811,8.3771224267,0.0000000000,8.3771224267,1,451.8323390138,1965.4287200253,50259.2212103273,28,37974.3454653640,7673.5739603972,1200.0000000000,10800.0000000000,True
2025-02-25,S1,SEQUENTIAL_PREVIOUS_COMMITMENT,Optimal,1,7.6892234000,2,0.0000000000,6895.0065367740,6967.3060733471,78789.7536808728,48575.0004603915,50698.5529808788,-270.5215186925,654.9779668643,0.0000000000,654.9779668643,14,468.9729266690,1801.9167625148,50106.3957042139,29,36969.0543649612,7710.6318054622,1200.0000000000,10800.0000000000,True
2025-02-26,S1,SEQUENTIAL_PREVIOUS_COMMITMENT,Optimal,1,11.9181678000,2,0.0000000000,6967.3060733471,6960.5130938854,77868.5779106740,47872.9509663372,49839.7586675685,-47.6977860968,121.5691942352,0.0000000000,121.5691942352,12,620.4595803151,2553.5747286787,50378.8279089191,29,38627.4682563867,7591.4392189909,1200.0000000000,10800.0000000000,True
2025-02-27,S1,SEQUENTIAL_PREVIOUS_COMMITMENT,Optimal,1,12.0624080000,2,0.0000000000,6960.5130938854,6959.4209158731,77040.0586283235,47341.8449339492,49269.8607220433,-45.7749863749,190.5007612114,0.0000000000,190.5007612114,9,422.9660209049,1894.8076376002,49190.8775851746,17,40598.9916862742,7467.5172080919,1200.0000000000,10800.0000000000,True
2025-02-28,S1,SEQUENTIAL_PREVIOUS_COMMITMENT,Optimal,1,11.4353414000,2,0.0000000000,6959.4209158731,6968.0082882899,35300.5635273725,18851.8098253575,19936.5802942771,-23.8925891080,56.0871159076,0.0000000000,56.0871159076,4,350.2105714637,1364.4719657160,20192.3892019656,23,30426.3787586945,6070.6684278686,1200.0000000000,10800.0000000000,True
2025-03-01,S1,SEQUENTIAL_PREVIOUS_COMMITMENT,Optimal,1,8.6988346000,2,0.0000000000,6968.0082882899,6951.6770153780,35490.3333353797,19054.8614058491,20121.3752882185,0.0000000000,0.0000000000,0.0000000000,0.0000000000,0,371.6419375416,1600.0487480520,20654.9101539011,18,29568.4842914435,6010.9951611303,1214.3103363715,10800.0000000000,True
2025-03-02,S1,SEQUENTIAL_PREVIOUS_COMMITMENT,Optimal,1,10.1362651000,2,0.0000000000,6951.6770153780,6970.6913040212,76932.5536594053,47185.4033520841,49345.4685642527,895.7038772614,911.9191746238,911.9191746238,0.0000000000,19,3135.8185882754,12273.7266443104,60354.8338736559,39,39631.9292857534,7622.1061763425,1200.0000000000,10800.0000000000,True
2025-03-03,S1,SEQUENTIAL_PREVIOUS_COMMITMENT,Optimal,1,8.0912778000,2,0.0000000000,6970.6913040212,6970.2305250016,77680.2272320482,47826.6906122865,50062.0928685265,87.7838624492,166.4354045682,90.6199781674,75.8154264008,16,1933.6900761929,8016.1246230378,55930.5990977736,53,41388.5692363727,7529.8313034466,1200.0000000000,10800.0000000000,True
2025-03-04,S1,SEQUENTIAL_PREVIOUS_COMMITMENT,Optimal,1,7.9457114000,2,0.0000000000,6970.2305250016,6930.6843743345,78074.9353712925,48181.4143798360,50679.9628244453,41.4934524321,69.2556206634,61.4124969277,7.8431237358,6,534.5200647537,1470.4028470926,49693.3106793606,27,39432.7975663615,7643.0175592679,1200.0000000000,10800.0000000000,True
2025-03-05,S1,SEQUENTIAL_PREVIOUS_COMMITMENT,Optimal,1,8.9056987000,2,0.0000000000,6930.6843743345,7033.2322579351,79136.1830574910,48732.7426623459,50829.4048580779,-40.3004100282,152.3351213026,0.0000000000,152.3351213026,8,107.0042715484,471.5228028682,49163.9650551858,10,36445.8241851385,7912.1530061793,1200.0000000000,10800.0000000000,True
2025-03-06,S1,SEQUENTIAL_PREVIOUS_COMMITMENT,Optimal,1,12.6988263000,2,0.0000000000,7033.2322579351,7010.3631824948,77953.6533272003,48166.9181748271,50440.2646817919,-122.4580134499,337.3469378343,0.0000000000,337.3469378343,19,279.9959175414,822.3414453273,48866.8016067045,18,36439.0294403126,7909.9677424855,1200.0000000000,10800.0000000000,True
2025-03-07,S1,SEQUENTIAL_PREVIOUS_COMMITMENT,Optimal,1,9.9287957000,2,0.0000000000,7010.3631824948,7095.7949879829,34849.5159445426,18674.0066682737,19894.4202857921,-17.5820863396,39.7578565113,0.0000000000,39.7578565113,5,198.7999370688,710.7091177627,19367.1336996968,14,28805.4160077392,6275.3499659568,1252.9781119995,10800.0000000000,True
2025-03-08,S1,SEQUENTIAL_PREVIOUS_COMMITMENT,Optimal,1,13.0211157000,2,0.0000000000,7095.7949879829,6964.3430899639,32808.9175953348,17773.3830139036,18873.0823968876,-20.0998885085,47.0416518092,0.0000000000,47.0416518092,5,354.3378223898,1099.5833353347,18852.8664607298,24,30602.8437671922,5953.8940224727,1214.4689760561,10800.0000000000,True
2025-03-09,S1,SEQUENTIAL_PREVIOUS_COMMITMENT,Optimal,1,8.3468589000,2,0.0000000000,6964.3430899639,6873.9926602966,75127.0342181654,46101.4486360727,48404.0550638508,-358.8522619163,1159.3217140406,0.0000000000,1159.3217140406,33,252.4814745855,1031.6532544115,46774.2496285679,24,37744.0250937715,7538.1496869720,1200.0000000000,10800.0000000000,True
2025-03-10,S1,SEQUENTIAL_PREVIOUS_COMMITMENT,Optimal,1,7.7472976000,2,0.0000000000,6873.9926602966,6873.9895618723,73863.2312434326,45171.1369739942,47202.2559118229,-2.0607255472,6.2381284888,0.0000000000,6.2381284888,2,1814.3197308256,5483.1899148017,50652.2661632486,52,38980.3935072640,7394.0815591528,1200.0000000000,10800.0000000000,True
2025-03-11,S1,SEQUENTIAL_PREVIOUS_COMMITMENT,Optimal,1,8.6338258000,2,0.0000000000,6873.9895618723,7034.4255500757,72522.7490948188,44043.4930943225,46160.1818498332,75.4014501329,66.9608463222,66.9608463222,0.0000000000,7,652.2398498593,2655.0080568239,46773.9026012792,39,37573.9538121506,7523.7426613090,1208.1475434028,10800.0000000000,True
2025-03-12,S1,SEQUENTIAL_PREVIOUS_COMMITMENT,Optimal,1,7.7029653000,2,0.0000000000,7034.4255500757,6963.6092536963,73107.4038766291,44533.5939127476,46833.7254181795,-366.9963510496,1023.5949211388,0.0000000000,1023.5949211388,28,516.4100711975,1924.8556110508,46091.4531727488,32,37311.4424708729,7468.0874165558,1200.0000000000,10800.0000000000,True
2025-03-13,S1,SEQUENTIAL_PREVIOUS_COMMITMENT,Optimal,1,14.7498089000,2,0.0000000000,6963.6092536963,7033.9992960835,73272.6338945132,44567.3564999442,46686.3924436768,9.1075980152,20.5422214683,9.4813083527,11.0609131156,4,1841.7125139130,7459.8962169288,52036.3603148882,48,38143.0864555469,7496.0993388040,1200.0000000000,10800.0000000000,True
2025-03-14,S1,SEQUENTIAL_PREVIOUS_COMMITMENT,Optimal,1,10.0987007000,2,0.0000000000,7033.9992960835,6967.7894392271,31926.3219593756,17137.4295336438,18178.5138687695,-24.8836261479,55.4629758778,0.0000000000,55.4629758778,3,352.7068203429,1528.1316441847,18640.6775516807,26,30180.1536598608,6129.8926482525,1200.0000000000,10800.0000000000,True
2025-03-15,S1,SEQUENTIAL_PREVIOUS_COMMITMENT,Optimal,1,10.7163716000,2,0.0000000000,6967.7894392271,7074.6828635488,32425.6204720650,17332.4252582882,18379.0923766799,-16.9314063126,38.0839351569,0.0000000000,38.0839351569,3,388.6369733970,1670.9824053864,18986.4762573620,25,30637.6098091065,6014.9285911388,1209.5326664119,10800.0000000000,True
2025-03-16,S1,SEQUENTIAL_PREVIOUS_COMMITMENT,Optimal,1,9.1969050000,2,0.0000000000,7074.6828635488,6977.1308147671,71604.3696540274,43507.5208942231,45673.1383922434,42.8934758260,59.4654052623,59.4654052623,0.0000000000,6,520.6904444487,2041.5244494475,45591.9388194966,35,37808.0364043759,7424.4291682452,1204.1545794313,10800.0000000000,True
2025-03-17,S1,SEQUENTIAL_PREVIOUS_COMMITMENT,Optimal,1,14.3754374000,2,0.0000000000,6977.1308147671,7012.0081544211,71780.6377141791,43425.4097503834,45997.7576771440,-568.2252178037,1640.5158574762,0.0000000000,1640.5158574762,27,325.4095849395,1458.0603533090,44315.2448858887,20,36365.7746582728,7437.2441357751,1202.3279598757,10800.0000000000,True
2025-03-18,S1,SEQUENTIAL_PREVIOUS_COMMITMENT,Optimal,1,6.7257198000,2,0.0000000000,7012.0081544211,7066.5409028661,71543.6366049456,43400.6626348741,45514.3806908541,-24.7222411771,103.7844371238,0.0000000000,103.7844371238,6,509.8691623235,2060.2726870120,45436.2130807090,27,37879.2202149458,7457.7260219332,1200.0000000000,10800.0000000000,True
2025-03-19,S1,SEQUENTIAL_PREVIOUS_COMMITMENT,Optimal,1,7.0370345000,2,0.0000000000,7066.5409028661,6937.2385871201,69419.1857407081,42068.8564490446,44335.5073620733,-0.8665185835,43.0097283516,6.6655232455,36.3442051061,7,380.8325582790,1688.4591626462,43756.4490931073,23,38327.1668989163,7390.5171930373,1200.0000000000,10800.0000000000,True
2025-03-20,S1,SEQUENTIAL_PREVIOUS_COMMITMENT,Optimal,1,7.4088092000,2,0.0000000000,6937.2385871201,6970.4107315964,69597.0611521048,42222.9977421500,44585.1450901595,-82.3796288021,255.2279074960,0.0000000000,255.2279074960,12,955.9886675500,3526.3437938492,45666.9619071972,43,38255.0129806832,7368.4728676970,1200.0000000000,10800.0000000000,True
2025-03-21,S1,SEQUENTIAL_PREVIOUS_COMMITMENT,Optimal,1,7.1603982000,2,0.0000000000,6970.4107315964,7102.3147367369,31442.2393937374,16789.3201072301,17841.4550785322,-53.6935773677,125.0751053853,0.0000000000,125.0751053853,8,409.1506026821,1223.3334453131,17958.9599751755,24,30494.8282556314,6119.2702264078,1288.6855114225,10800.0000000000,True
2025-03-22,S1,SEQUENTIAL_PREVIOUS_COMMITMENT,Optimal,1,6.2209858000,2,0.0000000000,7102.3147367369,7106.5556071861,32013.2930272599,17127.8960662385,18241.4503662624,-14.6218506906,32.8095116518,0.0000000000,32.8095116518,2,135.6667271330,320.0972049365,17433.3714204844,13,30273.3411678767,6000.9410670758,1265.6428888744,10800.0000000000,True
2025-03-23,S1,SEQUENTIAL_PREVIOUS_COMMITMENT,Optimal,1,7.2200418000,2,0.0000000000,7106.5556071861,6966.3618859775,68218.2419564098,41122.9694074545,43117.4357027792,0.0000000000,0.0000000000,0.0000000000,0.0000000000,0,612.1068599890,2555.7788882840,43678.7482957384,32,36908.3400272298,7400.3497214402,1200.0000000000,10800.0000000000,True
2025-03-24,S1,SEQUENTIAL_PREVIOUS_COMMITMENT,Optimal,1,10.8084409000,2,0.0000000000,6966.3618859775,7013.2935797399,67626.2005515576,40828.8346923956,43554.2876422071,-24.8293290113,77.1457628337,0.0000000000,77.1457628337,5,712.9627200136,2327.7850949416,43131.7904583259,37,38061.4010659759,7392.5840010096,1200.0000000000,10800.0000000000,True
2025-03-25,S1,SEQUENTIAL_PREVIOUS_COMMITMENT,Optimal,1,8.8112691000,2,0.0000000000,7013.2935797399,6971.7998589612,68228.2211983505,41169.1212105981,43434.3270885054,-27.1972710293,83.1352123215,0.0000000000,83.1352123215,8,915.4052879996,3223.6319816472,44365.5559212161,44,37284.5739165824,7468.6198525984,1200.0000000000,10800.0000000000,True
2025-03-26,S1,SEQUENTIAL_PREVIOUS_COMMITMENT,Optimal,1,17.6095541000,2,0.0000000000,6971.7998589612,7059.0696271211,66317.8959298780,39872.7279533170,42108.7623176698,-2.0607128069,8.5382755619,0.0000000000,8.5382755619,1,406.3068323685,1344.3432216060,41215.0104621162,28,37358.4018163713,7393.4243655025,1200.0000000000,10800.0000000000,True
2025-03-27,S1,SEQUENTIAL_PREVIOUS_COMMITMENT,Optimal,1,7.3136403000,2,0.0000000000,7059.0696271211,7077.8648231276,67134.3784750596,40533.8936426003,42594.3781396964,-28.2324227331,472.1396473140,100.7008297675,371.4388175465,18,722.5573912985,2714.0712241834,43219.7324440506,36,37248.5892972385,7450.2047276156,1202.4245245949,10800.0000000000,True
2025-03-28,S1,SEQUENTIAL_PREVIOUS_COMMITMENT,Optimal,1,6.7809701000,2,0.0000000000,7077.8648231276,7193.4836105490,31147.4180573813,16422.1703359202,17460.1544931677,-8.9963427146,19.3874800680,0.0000000000,19.3874800680,2,204.1209948370,654.2703175365,17067.4443107421,16,30545.4864235188,6093.6595327074,1241.3846925644,10800.0000000000,True
2025-03-29,S1,SEQUENTIAL_PREVIOUS_COMMITMENT,Optimal,1,7.1235141000,2,0.0000000000,7193.4836105490,7012.1086236398,30465.7620623074,16031.2394514578,17025.2885705298,-12.1514456707,26.6859086204,0.0000000000,26.6859086204,2,324.1236975238,1349.5260433233,17368.6140491104,19,30294.5626172311,6162.1235189430,1244.0862279274,10800.0000000000,True
2025-03-30,S1,SEQUENTIAL_PREVIOUS_COMMITMENT,Optimal,1,11.8046889000,2,0.0000000000,7012.1086236398,6990.0133421150,65921.6315060409,39739.9409207101,42344.6872952463,-131.3149357742,412.0590593219,0.0000000000,412.0590593219,12,578.7598524315,2251.6896391628,41860.3156240986,27,36600.3124889465,7505.9777938243,1201.2610821759,10800.0000000000,True
2025-03-31,S1,SEQUENTIAL_PREVIOUS_COMMITMENT,Optimal,1,11.9989608000,2,0.0000000000,6990.0133421150,6957.2946331175,63009.0771864979,37834.7691224390,39772.6535240799,330.2211832863,306.6648540094,306.6648540094,0.0000000000,15,861.9647758187,3181.9739015611,41346.9642072864,39,35673.0233631501,7517.8026510406,1200.4582609954,10800.0000000000,True
2025-04-01,S1,SEQUENTIAL_PREVIOUS_COMMITMENT,Optimal,1,11.9289694000,2,0.0000000000,6957.2946331175,7008.4324067496,66270.8706936162,39744.9593554344,42214.1605259127,9.1917506975,8.1023181376,8.1023181376,0.0000000000,2,1501.5169212311,4299.3344631001,44053.4855692320,48,35258.4788818720,7612.6865509250,1200.0000000000,10800.0000000000,True
2025-04-02,S1,SEQUENTIAL_PREVIOUS_COMMITMENT,Optimal,1,11.4850993000,2,0.0000000000,7008.4324067496,6995.0998601109,65290.6848399298,39089.6441977233,41313.9086623785,439.5589441520,392.5567526511,392.5567526511,0.0000000000,7,2179.8235265472,7693.7500719465,47222.9532138219,57,38270.2155158313,7343.9776262474,1200.0000000000,10800.0000000000,True
2025-04-03,S1,SEQUENTIAL_PREVIOUS_COMMITMENT,Optimal,1,6.5019879000,2,0.0000000000,6995.0998601109,7020.8493515851,65733.1346067753,39363.5077259618,41666.3436359871,0.0000000000,0.0000000000,0.0000000000,0.0000000000,0,390.8533687684,1267.0782525301,40630.5859784919,26,37505.0548942833,7414.1645861366,1200.0000000000,10800.0000000000,True
2025-04-04,S1,SEQUENTIAL_PREVIOUS_COMMITMENT,Optimal,1,3.8989997000,2,0.0000000000,7020.8493515851,7268.2228767156,30078.7341090092,15693.1411034581,16727.3021264992,-17.7329182496,38.8679611320,0.0000000000,38.8679611320,7,372.2282451856,1431.3611964431,17106.7693816515,22,30183.5095998402,6021.3180562846,1351.8517478771,10800.0000000000,True
2025-04-05,S1,SEQUENTIAL_PREVIOUS_COMMITMENT,Optimal,1,6.5795219000,2,0.0000000000,7268.2228767156,6966.3390741250,29659.9525628641,15488.9410863506,16470.3395417434,-6.5101084363,13.8986089589,0.0000000000,13.8986089589,1,358.0047100856,1195.1261184811,16677.5570963953,29,30181.0336767768,6085.9051730093,1200.0000000000,10800.0000000000,True
2025-04-06,S1,SEQUENTIAL_PREVIOUS_COMMITMENT,Optimal,1,13.9285032000,2,0.0000000000,6966.3390741250,7560.7111114008,66390.7239863714,39265.3123389440,41911.2136582416,-5.9992922424,25.2357084626,0.0000000000,25.2357084626,3,354.5849672017,1419.1722785711,40678.4853252727,25,37176.4152832240,7480.4763145938,1200.0000000000,10800.0000000000,True
2025-04-07,S1,SEQUENTIAL_PREVIOUS_COMMITMENT,Optimal,1,6.5629089000,2,0.0000000000,7560.7111114008,6980.2129985214,62735.2938504033,37441.1266915026,39491.7566632109,-23.9141645077,138.0590705096,8.1481798454,129.9108906643,7,400.9435068949,1018.8857954997,38436.0983224947,25,35427.1684529295,7523.1490568233,1200.0000000000,10800.0000000000,True
2025-04-08,S1,SEQUENTIAL_PREVIOUS_COMMITMENT,Optimal,1,13.7974170000,2,0.0000000000,6980.2129985214,7013.3291776447,64689.9770345815,38570.2614141222,40696.9185275646,44.1462516315,70.0904184662,38.3960317794,31.6943866868,9,674.7151051366,3021.1274610367,41635.5351267904,32,37662.3206566980,7324.5072371808,1200.0000000000,10800.0000000000,True
2025-04-09,S1,SEQUENTIAL_PREVIOUS_COMMITMENT,Optimal,1,12.3667362000,2,0.0000000000,7013.3291776447,6921.4519648374,62844.9597110809,37618.9519360761,39821.3253687244,263.8262684731,353.1652671665,353.1652671665,0.0000000000,10,2440.6493632970,8143.6089550844,46026.3871596336,52,37442.7913087557,7331.1388869495,1200.0000000000,10800.0000000000,True
2025-04-10,S1,SEQUENTIAL_PREVIOUS_COMMITMENT,Optimal,1,10.0156684000,2,0.0000000000,6921.4519648374,7073.8647673193,63711.9943464535,37982.4063751996,40178.6854264202,70.5681859038,60.8898198803,60.8898198803,0.0000000000,10,565.4945891428,2411.3765540888,40464.3511151922,33,37355.8619456473,7347.1746442718,1207.2574182581,10800.0000000000,True
2025-04-11,S1,SEQUENTIAL_PREVIOUS_COMMITMENT,Optimal,1,7.8399187000,2,0.0000000000,7073.8647673193,7097.8488613172,29068.7599156169,14988.8263084418,15969.1129236310,0.0000000000,0.0000000000,0.0000000000,0.0000000000,0,489.7876577843,1914.1956907366,16903.0219991784,29,30221.6729044086,6103.7479352643,1300.6109900946,10800.0000000000,True
2025-04-12,S1,SEQUENTIAL_PREVIOUS_COMMITMENT,Optimal,1,6.7031426000,2,0.0000000000,7097.8488613172,7246.2268083434,29855.4305971021,15461.7855211604,16385.5960620011,-8.9751535579,20.5385018688,0.0000000000,20.5385018688,3,145.4827909685,531.0714770756,15983.8818446781,15,29434.4573891681,6304.9957421072,1338.5373333978,10800.0000000000,True
2025-04-13,S1,SEQUENTIAL_PREVIOUS_COMMITMENT,Optimal,1,6.5248654000,2,0.0000000000,7246.2268083434,6989.6476400196,62214.5776664253,37087.8651010004,39649.9737096839,-0.6005045656,1.4910107152,0.0000000000,1.4910107152,1,602.4890942857,2554.2895085686,39641.5541050034,32,36465.6290138250,7394.1231931631,1221.7965028212,10800.0000000000,True
2025-04-14,S1,SEQUENTIAL_PREVIOUS_COMMITMENT,Optimal,1,21.5428245000,2,0.0000000000,6989.6476400196,7086.0483577855,62429.0511290079,36939.1130882638,39124.0272343354,-123.0647772524,332.2588828480,0.0000000000,332.2588828480,14,471.8691444800,1974.9208260948,38790.9691371061,29,36144.9975254246,7420.2279354195,1223.2514973958,10800.0000000000,True
2025-04-15,S1,SEQUENTIAL_PREVIOUS_COMMITMENT,Optimal,1,8.2704234000,2,0.0000000000,7086.0483577855,7050.6819975730,61136.1175316883,36539.7200776162,38412.5130893505,47.7398801534,59.3602079203,49.8751843260,9.4850235943,7,300.5136311852,1289.5002258331,37876.9601836026,25,34067.0623117267,7637.6625631942,1200.0000000000,10800.0000000000,True
2025-04-16,S1,SEQUENTIAL_PREVIOUS_COMMITMENT,Optimal,1,7.6736667000,2,0.0000000000,7050.6819975730,7047.6941997851,62038.7446529320,36900.2528992965,38942.0748178846,59.0762370742,54.8008434307,54.8008434307,0.0000000000,8,1154.4833714469,4504.3126711993,41463.6418075700,47,35078.7978499865,7524.8891177766,1223.6638803530,10800.0000000000,True
2025-04-17,S1,SEQUENTIAL_PREVIOUS_COMMITMENT,Optimal,1,10.7517585000,2,0.0000000000,7047.6941997851,6968.5006686195,60027.6734633717,35894.4425847562,37832.3189982989,10.8903985764,10.0695459149,10.0695459149,0.0000000000,3,454.0770557902,1724.1980664817,37629.5310498144,31,35122.8178585442,7485.1957603796,1200.0000000000,10800.0000000000,True
2025-04-18,S1,SEQUENTIAL_PREVIOUS_COMMITMENT,Optimal,1,6.4148090000,2,0.0000000000,6968.5006686195,7427.6952179219,29375.2313366999,15029.1939735478,15913.2582696123,-2.8714240501,6.4887454210,0.0000000000,6.4887454210,2,282.3648890576,943.6558404721,15969.9783899698,15,29590.2372194001,6034.0413652983,1525.5164555122,10800.0000000000,True
2025-04-19,S1,SEQUENTIAL_PREVIOUS_COMMITMENT,Optimal,1,10.0190858000,2,0.0000000000,7427.6952179219,7749.5529014072,28474.9788466502,14521.9529800945,15485.0346844039,-6.3531251595,15.7092421128,0.3799825580,15.3292595548,3,370.3704838092,1296.5872664460,15812.1871213810,16,30628.9713778712,6047.8521286653,1583.4816721152,10800.0000000000,True
2025-04-20,S1,SEQUENTIAL_PREVIOUS_COMMITMENT,Optimal,1,12.2838251000,2,0.0000000000,7749.5529014072,7018.2220565017,60077.6252550796,35808.8324889988,37879.1543323644,-1.6994111573,11.5601704438,0.6070955000,10.9530749438,3,624.3079049381,1982.1984291022,37789.3315069436,31,35168.5283236506,7487.3175968537,1203.9973730469,10800.0000000000,True
2025-04-21,S1,SEQUENTIAL_PREVIOUS_COMMITMENT,Optimal,1,7.5597140000,2,0.0000000000,7018.2220565017,7033.8124062595,60896.4734962069,36073.4527869787,38287.6430577294,-338.8533062609,1375.1012005669,0.0000000000,1375.1012005669,19,600.1261620265,2038.7024888570,37773.3019695749,27,33326.8659804112,7642.3493274825,1200.0000000000,10800.0000000000,True
2025-04-22,S1,SEQUENTIAL_PREVIOUS_COMMITMENT,Optimal,1,8.1353868000,2,0.0000000000,7033.8124062595,7106.6171119509,59146.4817475754,35298.9661441350,37210.1549761560,16.5700707770,16.4534823346,16.4534823346,0.0000000000,2,1019.6917149420,3062.5496386693,38378.0858535813,38,34336.4095484562,7596.5097624107,1231.5267792052,10800.0000000000,True
2025-04-23,S1,SEQUENTIAL_PREVIOUS_COMMITMENT,Optimal,1,8.5832061000,2,0.0000000000,7106.6171119509,7154.4738462637,59844.0682429837,35519.4326618434,37579.6154537611,0.0000000000,0.0000000000,0.0000000000,0.0000000000,0,581.9940247065,1977.5320202662,37496.9646821096,31,33590.3760694341,7641.9267144119,1266.8118263165,10800.0000000000,True
2025-04-24,S1,SEQUENTIAL_PREVIOUS_COMMITMENT,Optimal,1,9.9283181000,2,0.0000000000,7154.4738462637,7016.4761207198,59042.9926911798,35164.7869886524,37340.5891573439,-118.5401150865,476.2751955357,0.0000000000,476.2751955357,7,272.6254478912,1075.2147202781,36121.4615938441,18,33117.3139872490,7679.3081353176,1200.0000000000,10800.0000000000,True
2025-04-25,S1,SEQUENTIAL_PREVIOUS_COMMITMENT,Optimal,1,8.9371244000,2,0.0000000000,7016.4761207198,7626.0991190001,28147.8803678545,14106.9063755968,15001.7994876359,0.0000000000,0.0000000000,0.0000000000,0.0000000000,0,199.9818435423,649.9949354313,14756.9013110280,17,30442.9931861327,6046.5952567022,1430.7559378720,10800.0000000000,True
2025-04-26,S1,SEQUENTIAL_PREVIOUS_COMMITMENT,Optimal,1,9.3226294000,2,0.0000000000,7626.0991190001,7402.9401076443,27250.2462895323,13684.8645423643,14543.8015577800,0.0000000000,0.0000000000,0.0000000000,0.0000000000,0,539.4673460883,2044.6874350565,15729.5519774208,29,30572.2520499568,6106.4962625729,1385.8950385655,10800.0000000000,True
2025-04-27,S1,SEQUENTIAL_PREVIOUS_COMMITMENT,Optimal,1,12.6404714000,2,0.0000000000,7402.9401076443,7062.9911371407,55741.0213305507,32959.1244228264,34789.5110796370,409.9917864769,603.5327258004,603.5327258004,0.0000000000,4,1300.9026916082,5685.3742194896,39054.4904287928,38,35318.4468635112,7414.5730050048,1200.0000000000,10800.0000000000,True
2025-04-28,S1,SEQUENTIAL_PREVIOUS_COMMITMENT,Optimal,1,10.4793586000,2,0.0000000000,7062.9911371407,7081.4153364960,57762.9264292917,34260.8436269650,36230.2600108763,1334.4597025535,1852.5262014609,1852.5262014609,0.0000000000,15,3095.5888100019,10967.3226973811,46562.6260268995,55,35247.1483716529,7483.5956893286,1266.4791034891,10800.0000000000,True
2025-04-29,S1,SEQUENTIAL_PREVIOUS_COMMITMENT,Optimal,1,12.4147116000,2,0.0000000000,7081.4153364960,7299.0403502622,58381.2121081055,34539.2315781074,36732.5413892209,13.5462529489,11.2832496036,11.2832496036,0.0000000000,4,883.2112917413,3764.5060387530,38317.2838698093,22,32075.7159991958,7798.3843572124,1200.0000000000,10800.0000000000,True
2025-04-30,S1,SEQUENTIAL_PREVIOUS_COMMITMENT,Optimal,1,9.7713821000,2,0.0000000000,7299.0403502622,7048.5114969355,56459.2434719722,33666.3486957538,35644.8893004684,0.0000000000,0.0000000000,0.0000000000,0.0000000000,0,1299.4377963038,4475.4402247013,38141.7889204551,38,32799.6482364621,7670.7665250619,1229.3695224107,10800.0000000000,True
2025-05-01,S1,SEQUENTIAL_PREVIOUS_COMMITMENT,Optimal,1,9.2986479000,2,0.0000000000,7048.5114969355,7367.9315420684,57571.1270589615,34314.6369501932,36588.3303423897,189.9256244289,349.2300882380,290.9513158613,58.2787723767,5,2405.0635135463,11237.1230672649,45741.6856418870,59,36339.0858313619,7421.2894310318,1200.0000000000,10800.0000000000,True
2025-05-02,S1,SEQUENTIAL_PREVIOUS_COMMITMENT,Optimal,1,7.6199322000,2,0.0000000000,7367.9315420684,7417.3539035521,27803.8044012138,14179.4932120671,15246.6702276104,18.4304942955,13.6646910034,13.6646910034,0.0000000000,3,2376.7564033332,10915.7214229826,25113.6451293452,59,31619.1077970397,5828.8601580833,1200.0000000000,10800.0000000000,True
2025-05-03,S1,SEQUENTIAL_PREVIOUS_COMMITMENT,Optimal,1,5.8462906000,2,0.0000000000,7417.3539035521,7180.5175689101,27707.6521973530,14051.7036884501,14957.6434425792,0.0000000000,0.0000000000,0.0000000000,0.0000000000,0,1823.5672452000,9089.4396298035,23141.1433182536,47,30767.7646375288,6166.1704531941,1238.2047042501,10800.0000000000,True
2025-05-04,S1,SEQUENTIAL_PREVIOUS_COMMITMENT,Optimal,1,8.6543554000,2,0.0000000000,7180.5175689101,7365.1418889075,59156.6470309505,35128.0984540884,37437.2591352839,-147.6490134382,647.0253385037,0.0000000000,647.0253385037,4,2345.3706292123,10382.1266031964,45362.5760438466,65,30980.2920478125,7967.2435234171,1200.0000000000,10800.0000000000,True
2025-05-05,S1,SEQUENTIAL_PREVIOUS_COMMITMENT,Optimal,1,10.9352672000,2,0.0000000000,7365.1418889075,7274.7952238138,59855.1540656266,35463.2964054734,37830.3198709868,188.6199579556,269.9943898036,269.9943898036,0.0000000000,2,2443.3944151877,11185.0880355713,46837.0043990003,65,36122.7157047492,7457.7671324015,1200.0000000000,10800.0000000000,True
2025-05-06,S1,SEQUENTIAL_PREVIOUS_COMMITMENT,Optimal,1,9.4403317000,2,0.0000000000,7274.7952238138,7439.5279302542,58696.3554461611,34803.2930813090,37465.4077190859,0.0000000000,0.0000000000,0.0000000000,0.0000000000,0,2679.6139399218,11697.4557777304,46500.7488590394,71,35427.2194070402,7513.6617918245,1200.0000000000,10800.0000000000,True
2025-05-07,S1,SEQUENTIAL_PREVIOUS_COMMITMENT,Optimal,1,8.7034753000,2,0.0000000000,7439.5279302542,7697.9915598954,59513.6343551458,35194.0454180192,37663.3079737824,72.8041086646,66.2804362698,66.2804362698,0.0000000000,8,2914.0306078400,13416.4151720924,48683.2646987762,70,34969.4268855631,7618.8298330436,1200.0000000000,10800.0000000000,True
2025-05-08,S1,SEQUENTIAL_PREVIOUS_COMMITMENT,Optimal,1,10.4688750000,2,0.0000000000,7697.9915598954,7712.9576073239,64234.3169974814,38984.8018004331,41593.1026926285,0.0000000000,0.0000000000,0.0000000000,0.0000000000,0,987.1544543636,4227.3319943421,43212.1337947752,31,33777.6332057884,7799.9927655049,1221.4631043113,10800.0000000000,True
2025-05-09,S1,SEQUENTIAL_PREVIOUS_COMMITMENT,Optimal,1,5.3019603000,2,0.0000000000,7712.9576073239,7144.2502326767,29500.6209257533,15665.0569002684,16550.7490267990,0.0000000000,0.0000000000,0.0000000000,0.0000000000,0,482.0333438576,1831.4974419206,17496.5543421890,24,30853.4615503610,6025.9993501501,1388.6749265549,10800.0000000000,True
2025-05-10,S1,SEQUENTIAL_PREVIOUS_COMMITMENT,Optimal,1,4.6276295000,2,0.0000000000,7144.2502326767,7221.4466509217,30372.7745979877,16190.7701888160,17274.1546932498,1.6057337178,1.2109068311,1.2109068311,0.0000000000,2,544.8684570437,2196.0565687330,18388.4324912668,27,30123.0741869470,5869.0750456187,1323.3784910531,10800.0000000000,True
2025-05-11,S1,SEQUENTIAL_PREVIOUS_COMMITMENT,Optimal,1,8.2269517000,2,0.0000000000,7221.4466509217,7072.6790012124,63014.8170040055,38102.4775902469,40635.0690002909,11.2128381822,11.1670532638,11.1670532638,0.0000000000,1,950.5274034322,3707.7116742154,41821.4021026445,40,32888.3999023971,7823.3589123934,1200.0000000000,10800.0000000000,True
2025-05-12,S1,SEQUENTIAL_PREVIOUS_COMMITMENT,Optimal,1,11.3008080000,2,0.0000000000,7072.6790012124,7086.5537140307,61702.6484632724,37302.0006252356,39625.2114985092,18.0278908855,14.6196794494,14.6196794494,0.0000000000,5,986.6476360753,3463.3915169164,40783.4200330374,38,29550.5522587904,8098.4782074620,1201.5767626748,10800.0000000000,True
2025-05-13,S1,SEQUENTIAL_PREVIOUS_COMMITMENT,Optimal,1,9.4858816000,2,0.0000000000,7086.5537140307,7374.9369107138,64570.0870744013,38785.4198515361,41421.6751178657,-70.3708968147,293.2159613976,0.0000000000,293.2159613976,3,297.2683013248,1348.8966506492,40063.9456053706,14,33558.6171910629,7806.2837300618,1200.0000000000,10800.0000000000,True
2025-05-14,S1,SEQUENTIAL_PREVIOUS_COMMITMENT,Optimal,1,9.8279342000,2,0.0000000000,7374.9369107138,7184.6983149743,63556.7866222849,38571.2022109998,41312.2405903073,16.2111414714,24.3849901795,24.3849901795,0.0000000000,1,254.6265675709,826.7792411312,39414.1925936024,22,32408.7408807863,7825.9838648991,1232.4222294560,10800.0000000000,True
2025-05-15,S1,SEQUENTIAL_PREVIOUS_COMMITMENT,Optimal,1,9.7217075000,2,0.0000000000,7184.6983149743,7580.3575790890,63124.6728196446,38193.9790348705,40690.2383178969,451.3463881367,397.5329102850,397.5329102850,0.0000000000,16,636.0394499037,2499.8214493144,41145.1468723216,26,33511.6335906521,7820.6904661757,1285.1089108375,10800.0000000000,True
2025-05-16,S1,SEQUENTIAL_PREVIOUS_COMMITMENT,Optimal,1,6.4732680000,2,0.0000000000,7580.3575790890,7452.6789260762,28977.7838299044,15472.0029804945,16579.0192861775,0.0000000000,0.0000000000,0.0000000000,0.0000000000,0,456.9742264428,1325.8874458583,16797.8904263528,20,30852.9320941706,6144.0108172925,1430.3663226311,10800.0000000000,True
2025-05-17,S1,SEQUENTIAL_PREVIOUS_COMMITMENT,Optimal,1,6.5874806000,2,0.0000000000,7452.6789260762,7578.8169578350,29645.9257696105,15712.8512775333,16903.2808740848,-2.4807495849,5.6438393469,0.0000000000,5.6438393469,1,664.0027634025,2490.8299508881,18201.2004788365,29,30633.9204795522,6172.0806920438,1342.8242126190,10800.0000000000,True
2025-05-18,S1,SEQUENTIAL_PREVIOUS_COMMITMENT,Optimal,1,7.9594044000,2,0.0000000000,7578.8169578350,7527.4966987080,62492.9537111066,37785.9299795525,40128.4626396663,7.2340853737,6.5831117950,6.5831117950,0.0000000000,2,1176.9739090328,3449.5419447808,41242.7060097069,36,32988.3969552545,7818.8107391428,1259.7592002460,10800.0000000000,True
2025-05-19,S1,SEQUENTIAL_PREVIOUS_COMMITMENT,Optimal,1,8.3329062000,2,0.0000000000,7527.4966987080,8140.4178173790,63357.9927279528,38043.3101195701,40956.6024597407,-7.4345487976,33.5494079315,0.0000000000,33.5494079315,1,359.1097785340,1887.2846486774,39923.1602194498,16,32210.1237072266,7979.1605322654,1200.0000000000,10800.0000000000,True
2025-05-20,S1,SEQUENTIAL_PREVIOUS_COMMITMENT,Optimal,1,6.2046076000,2,0.0000000000,8140.4178173790,6954.6784653041,58007.7327908898,35343.5014036155,37715.2990476177,43.0554235956,40.0662772355,40.0662772355,0.0000000000,6,1641.9289816424,5669.0419852900,41055.5988125011,48,31414.0121274076,7810.0993374898,1200.0000000000,10800.0000000000,True
2025-05-21,S1,SEQUENTIAL_PREVIOUS_COMMITMENT,Optimal,1,9.2273445000,2,0.0000000000,6954.6784653041,7055.1316117520,59980.9312260313,36242.9888994638,38492.9207482559,175.4986769949,159.9205278781,159.9205278781,0.0000000000,10,1059.1882090270,4176.6356924743,40595.1232689330,27,31521.9014470004,7847.6941232431,1200.1528295452,10800.0000000000,True
2025-05-22,S1,SEQUENTIAL_PREVIOUS_COMMITMENT,Optimal,1,7.8814105000,2,0.0000000000,7055.1316117520,7430.8981278731,60115.5931792601,36223.3637589173,38875.4261171143,44.0048628221,32.7942247472,32.7942247472,0.0000000000,6,533.6893196066,2649.6940215027,38917.0626432421,28,33063.0351140332,7750.7686308079,1200.0000000000,10800.0000000000,True
2025-05-23,S1,SEQUENTIAL_PREVIOUS_COMMITMENT,Optimal,1,6.9455462000,2,0.0000000000,7430.8981278731,7687.1163424978,29369.0978042200,15462.8107995860,16630.8905435765,0.0000000000,0.0000000000,0.0000000000,0.0000000000,0,407.9253695180,1653.1943967304,17116.0051963164,26,31397.9156142026,6185.6934714112,1354.9082105329,10800.0000000000,True
2025-05-24,S1,SEQUENTIAL_PREVIOUS_COMMITMENT,Optimal,1,6.6902703000,2,0.0000000000,7687.1163424978,7720.1453652259,29563.4152786792,15703.0443204945,17001.2037776292,0.0000000000,0.0000000000,0.0000000000,0.0000000000,0,193.0154625190,790.8173119282,16493.8616324227,18,31250.9903186619,6149.2505750413,1477.5477210783,10800.0000000000,True
2025-05-25,S1,SEQUENTIAL_PREVIOUS_COMMITMENT,Optimal,1,8.5749552000,2,0.0000000000,7720.1453652259,7062.5042191334,59472.7131476459,35809.3289303226,38359.8639707636,0.0000000000,0.0000000000,0.0000000000,0.0000000000,0,417.1333738301,2044.4328251442,37853.7617554668,21,30562.2183434362,7927.1483124472,1200.0000000000,10800.0000000000,True
2025-05-26,S1,SEQUENTIAL_PREVIOUS_COMMITMENT,Optimal,1,11.4690615000,2,0.0000000000,7062.5042191334,7097.7454491581,58963.5900656745,35696.7966480423,38166.0772297359,1026.8917832949,1488.1565316521,1488.1565316521,0.0000000000,5,2016.2049928403,7054.1990458119,43777.8874771491,44,33985.4809743043,7632.3605975466,1253.8203703704,10800.0000000000,True
2025-05-27,S1,SEQUENTIAL_PREVIOUS_COMMITMENT,Optimal,1,10.7034577000,2,0.0000000000,7097.7454491581,7676.0881246711,61001.1929640564,36909.7456248661,39765.8440056949,116.6939929604,104.7285042194,104.7285042194,0.0000000000,8,612.7989687147,2239.7992051686,39266.2388229950,29,31871.1092749457,7936.9953281501,1200.0000000000,10800.0000000000,True
2025-05-28,S1,SEQUENTIAL_PREVIOUS_COMMITMENT,Optimal,1,11.8629790000,2,0.0000000000,7676.0881246711,8223.8232902989,62689.5566181914,37865.0703835722,40862.1507640467,162.3811329732,233.5989956937,233.5989956937,0.0000000000,5,1185.7836254620,3108.9075981713,41136.3591147166,27,33642.1207732967,7806.7005013514,1200.0000000000,10800.0000000000,True
2025-05-29,S1,SEQUENTIAL_PREVIOUS_COMMITMENT,Optimal,1,7.8974463000,2,0.0000000000,8223.8232902989,7099.4671952956,58772.3798862509,35581.4628715908,38535.3593719350,840.7728702578,1186.6852178129,1186.6852178129,0.0000000000,8,1024.0843523677,3780.9851849537,40203.2209268024,51,32931.8838046602,7690.0008322319,1200.0000000000,10800.0000000000,True
2025-05-30,S1,SEQUENTIAL_PREVIOUS_COMMITMENT,Optimal,1,6.1218550000,2,0.0000000000,7099.4671952956,7593.0505927012,29251.2834971601,15263.2944317202,16412.8613932480,13.3694676290,9.8769707661,9.8769707661,0.0000000000,1,755.6812112403,3226.5290145965,18503.1929139458,18,30968.2981234140,5983.4033774105,1377.3621041872,10800.0000000000,True
2025-05-31,S1,SEQUENTIAL_PREVIOUS_COMMITMENT,Optimal,1,5.9965613000,2,0.0000000000,7593.0505927012,7698.7789932119,29340.4480524823,15409.6328098889,16685.0074181118,0.0000000000,0.0000000000,0.0000000000,0.0000000000,0,456.5498278704,1643.1204060765,17052.7532159654,24,31777.4505074794,5941.7589768487,1315.7065262439,10800.0000000000,True
2025-06-01,S1,SEQUENTIAL_PREVIOUS_COMMITMENT,Optimal,1,6.9713968000,2,0.0000000000,7698.7789932119,7459.5159318342,62269.1547939010,37403.0020284976,39680.3991654887,1810.1874971414,2401.0240243603,2401.0240243603,0.0000000000,21,10276.2138698831,39221.9675658433,78435.1570914824,114,35657.4568741459,7693.9666369368,1200.0000000000,10800.0000000000,True
2025-06-02,S1,SEQUENTIAL_PREVIOUS_COMMITMENT,Optimal,1,6.2479010000,2,0.0000000000,7459.5159318342,7348.1249186181,63909.2474444343,38299.2724511166,41617.1566582271,164.7280015225,413.4824084378,185.0756254921,228.4067829457,18,9769.9081300008,38900.8530130111,77364.8534656502,112,36703.3247642087,7546.9312890434,1200.0000000000,10800.0000000000,True
2025-06-03,S1,SEQUENTIAL_PREVIOUS_COMMITMENT,Optimal,1,5.1887191000,2,0.0000000000,7348.1249186181,7334.0115763009,64857.3357714095,38717.9733859505,41638.9240457197,1365.8060357226,1424.0616850961,1424.0616850961,0.0000000000,26,6870.8314847006,28032.4663531518,68116.2457748248,105,37856.0311283997,7499.6688849262,1200.0000000000,10800.0000000000,True
2025-06-04,S1,SEQUENTIAL_PREVIOUS_COMMITMENT,Optimal,1,7.7808490000,2,0.0000000000,7334.0115763009,7551.5140584110,67195.7229871829,40028.6296350381,42920.5487645961,-35.7648415699,151.1901939354,0.0000000000,151.1901939354,6,7461.0744575977,28662.1822152386,68655.0470087068,109,36346.2089309954,7670.7978625614,1200.0000000000,10800.0000000000,True
2025-06-05,S1,SEQUENTIAL_PREVIOUS_COMMITMENT,Optimal,1,5.9489490000,2,0.0000000000,7551.5140584110,8111.2365113360,69390.0710190216,41711.1414471196,46440.5557042941,573.7423359280,499.6343450785,499.6343450785,0.0000000000,10,6933.2722427384,26383.8911336112,68668.7749166588,102,38564.6857000065,7598.3239513003,1200.0000000000,10800.0000000000,True
2025-06-06,S1,SEQUENTIAL_PREVIOUS_COMMITMENT,Optimal,1,6.6091167000,2,0.0000000000,8111.2365113360,7228.7080060845,28949.9939763391,15284.0025944636,16926.1123766810,70.0772373709,54.4079340836,54.4079340836,0.0000000000,4,7525.9504046384,31663.5950989272,47017.6749307617,91,32019.5248562052,5987.8805595914,1200.0000000000,10800.0000000000,True
2025-06-07,S1,SEQUENTIAL_PREVIOUS_COMMITMENT,Optimal,1,6.8217585000,2,0.0000000000,7228.7080060845,7392.1062871654,30980.6283430833,16386.6515185638,19633.5176079089,0.0000000000,0.0000000000,0.0000000000,0.0000000000,0,5650.7832530634,23206.3431970936,39592.9947156574,88,31126.1711355196,5837.2902012934,1200.0000000000,10800.0000000000,True
2025-06-08,S1,SEQUENTIAL_PREVIOUS_COMMITMENT,Optimal,1,6.5886679000,2,0.0000000000,7392.1062871654,8292.2623460467,82430.8367722619,51182.8039716008,55287.6274291316,-456.4388066584,1142.4272979547,0.0000000000,1142.4272979547,8,27.7669987678,87.3324785020,50813.6976434445,6,34818.5072750460,7956.1078152180,1200.0000000000,10800.0000000000,True
2025-06-09,S1,SEQUENTIAL_PREVIOUS_COMMITMENT,Optimal,1,6.4136617000,2,0.0000000000,8292.2623460467,7452.4542233300,79477.3098159499,49562.3424930277,53844.8607719246,-1.8373481215,7.8839391151,0.0430563707,7.8408827444,4,1047.9372485580,3957.1952720273,53517.7004169336,40,35539.1322970970,7813.2405267942,1200.0000000000,10800.0000000000,True
2025-06-10,S1,SEQUENTIAL_PREVIOUS_COMMITMENT,Optimal,1,5.4458608000,2,0.0000000000,7452.4542233300,7665.8909155145,80144.4899706032,49697.4389676710,53326.8264880775,44.6866431412,32.3946666564,32.3946666564,0.0000000000,5,684.6034776876,2217.5609063479,51959.6865171601,34,38812.3337046879,7701.8043168269,1200.0000000000,10800.0000000000,True
2025-06-11,S1,SEQUENTIAL_PREVIOUS_COMMITMENT,Optimal,1,7.2260120000,2,0.0000000000,7665.8909155145,7670.4988720940,81385.3868369298,50289.0057908561,53592.2315700157,836.2946668506,750.9167524372,750.9167524372,0.0000000000,10,1969.0416832034,8988.4045404814,60113.7049981881,47,41402.9767365103,7593.2501001236,1200.0000000000,10800.0000000000,True
2025-06-12,S1,SEQUENTIAL_PREVIOUS_COMMITMENT,Optimal,1,16.1994455000,2,0.0000000000,7670.4988720940,8207.5896451380,82749.9372527915,51406.4263426298,54859.9038224735,0.0000000000,0.0000000000,0.0000000000,0.0000000000,0,939.6583606998,3942.5956932347,55349.0220358645,29,38292.7187889877,7870.8327468381,1200.0000000000,10800.0000000000,True
2025-06-13,S1,SEQUENTIAL_PREVIOUS_COMMITMENT,Optimal,1,14.9048300000,2,0.0000000000,8207.5896451380,7917.8586996431,38842.2287772059,22290.7323332120,25671.8914441657,-0.8860987094,1.4392897092,0.0000000000,1.4392897092,1,430.8618089856,2077.2698262365,24367.1160607390,19,29245.8006631815,6721.1059492222,1320.5915090558,10800.0000000000,True
2025-06-14,S1,SEQUENTIAL_PREVIOUS_COMMITMENT,Optimal,1,6.8475500000,2,0.0000000000,7917.8586996431,7731.3703040173,38365.1565249841,22033.3446220646,24327.5584395076,0.0000000000,0.0000000000,0.0000000000,0.0000000000,0,207.2826433761,709.7656990976,22743.1103211622,14,29152.7473440540,6690.1492398072,1287.0275346706,10800.0000000000,True
2025-06-15,S1,SEQUENTIAL_PREVIOUS_COMMITMENT,Optimal,1,11.9987764000,2,0.0000000000,7731.3703040173,7679.4285455749,82266.0652227755,51455.7560142293,57033.5672767283,41.1924691470,57.4328585182,57.4328585182,0.0000000000,6,307.0623251406,1336.5187847718,52833.4672681481,13,38589.1562795831,7768.4406200789,1213.5152962963,10800.0000000000,True
2025-06-16,S1,SEQUENTIAL_PREVIOUS_COMMITMENT,Optimal,1,7.3058199000,2,0.0000000000,7679.4285455749,7770.0162641433,82228.5829362996,51135.9333228280,55653.0721013866,71.6864225883,97.6636364781,97.6636364781,0.0000000000,6,646.4921717731,2605.1395925063,53812.7593379225,34,40307.2438390339,7646.4647869109,1200.0000000000,10800.0000000000,True
2025-06-17,S1,SEQUENTIAL_PREVIOUS_COMMITMENT,Optimal,1,7.6634020000,2,0.0000000000,7770.0162641433,8073.0227337613,82773.1365725922,51314.2983115281,55779.9169155651,256.9477207926,202.7014010431,202.7014010431,0.0000000000,12,1482.8762729912,6488.5563340643,58059.8023663849,37,38998.2459557765,7840.6794532040,1200.0000000000,10800.0000000000,True
2025-06-18,S1,SEQUENTIAL_PREVIOUS_COMMITMENT,Optimal,1,6.9242903000,2,0.0000000000,8073.0227337613,7624.9272667513,82451.4576420602,51427.3368574964,55616.2997024017,101.2404062297,105.6049827469,105.6049827469,0.0000000000,11,410.6969559548,1509.7286799458,53038.3059436719,25,34926.7838365482,7976.9392181241,1200.0000000000,10800.0000000000,True
2025-06-19,S1,SEQUENTIAL_PREVIOUS_COMMITMENT,Optimal,1,6.6154322000,2,0.0000000000,7624.9272667513,7990.1297419604,82827.0257456854,51701.0671754405,55415.4483094963,-119.3303188340,362.8071650789,0.0000000000,362.8071650789,13,675.0844521247,2566.1724096957,54147.9092663022,27,35800.5510800053,8003.4790293385,1200.0000000000,10800.0000000000,True
2025-06-20,S1,SEQUENTIAL_PREVIOUS_COMMITMENT,Optimal,1,6.3718743000,2,0.0000000000,7990.1297419604,8216.7512708297,39254.7856171189,22653.7168907062,26473.3295772930,0.0000000000,0.0000000000,0.0000000000,0.0000000000,0,185.2534385539,516.2942999648,23170.0111906710,14,28055.1926929912,6956.0455259176,1284.8860511102,10800.0000000000,True
2025-06-21,S1,SEQUENTIAL_PREVIOUS_COMMITMENT,Optimal,1,6.9749621000,2,0.0000000000,8216.7512708297,7960.1811065684,36996.6762421334,21263.7704403731,23550.2852242439,0.0000000000,0.0000000000,0.0000000000,0.0000000000,0,192.7852454496,545.4126186123,21809.1830589854,15,31931.5957087490,6195.5572142159,1368.3527882800,10800.0000000000,True
2025-06-22,S1,SEQUENTIAL_PREVIOUS_COMMITMENT,Optimal,1,5.4201777000,2,0.0000000000,7960.1811065684,7780.9033488577,78891.8231038774,48804.4626748169,53205.9226029538,-123.3989470909,445.3662568567,36.0459549770,409.3203018797,10,796.4466636548,3113.4631172638,51794.5268449897,29,35541.7844586641,7987.5815960747,1200.0000000000,10800.0000000000,True
2025-06-23,S1,SEQUENTIAL_PREVIOUS_COMMITMENT,Optimal,1,6.0228070000,2,0.0000000000,7780.9033488577,8240.3694187267,81061.6566720085,50300.1945541072,55293.5022516229,0.0000000000,0.0000000000,0.0000000000,0.0000000000,0,406.0038590983,1330.9655916935,51631.1601458007,21,37671.8760305184,7959.5664753531,1200.0000000000,10800.0000000000,True
2025-06-24,S1,SEQUENTIAL_PREVIOUS_COMMITMENT,Optimal,1,5.8876611000,2,0.0000000000,8240.3694187267,7664.5637996546,78996.8017388229,49162.3909258400,52685.6117466019,1016.2905994641,844.4144157488,844.4144157488,0.0000000000,19,3158.3946893040,12068.8024858794,62247.4840111836,64,39600.4228399936,7725.8684986578,1200.0000000000,10800.0000000000,True
2025-06-25,S1,SEQUENTIAL_PREVIOUS_COMMITMENT,Optimal,1,7.3553912000,2,0.0000000000,7664.5637996546,7534.2404277729,79479.8868515269,49251.9744222037,53414.0445941405,94.2280829144,132.5670079414,132.5670079414,0.0000000000,4,938.9980762162,3760.8503583213,53107.0528634393,31,37600.4913080755,7843.8563976511,1200.0000000000,10800.0000000000,True
2025-06-26,S1,SEQUENTIAL_PREVIOUS_COMMITMENT,Optimal,1,7.4106847000,2,0.0000000000,7534.2404277729,7484.3830729118,78708.4435618414,48955.8666179141,53087.0981489836,29.0450230612,42.2480197145,42.2480197145,0.0000000000,4,566.2595503364,2014.0028446799,50998.9144856552,25,37368.6439202843,7768.8713795135,1200.0000000000,10800.0000000000,True
2025-06-27,S1,SEQUENTIAL_PREVIOUS_COMMITMENT,Optimal,1,7.8117846000,2,0.0000000000,7484.3830729118,8335.1209541721,36491.2739439639,20495.3320157702,23487.1588490460,0.0000000000,0.0000000000,0.0000000000,0.0000000000,0,200.6020043609,892.4325518511,21387.7645676213,11,31166.6117740423,6250.7201776712,1419.4375906260,10800.0000000000,True
2025-06-28,S1,SEQUENTIAL_PREVIOUS_COMMITMENT,Optimal,1,7.2093395000,2,0.0000000000,8335.1209541721,8341.9690579064,36229.2491272485,20281.1574348880,23682.3463220243,0.0000000000,0.0000000000,0.0000000000,0.0000000000,0,491.7902918349,2136.2630885280,22417.4205234160,17,32243.7966773911,6265.8635823961,1307.1471467652,10800.0000000000,True
2025-06-29,S1,SEQUENTIAL_PREVIOUS_COMMITMENT,Optimal,1,6.7751991000,2,0.0000000000,8341.9690579064,7673.4745129640,77750.1479832656,48192.2582365755,51936.4183210353,6.4360043675,4.6307919645,4.6307919645,0.0000000000,2,1236.7568784972,3973.7340331332,52172.4282740762,31,35585.9477989840,7852.6580227215,1200.0000000000,10800.0000000000,True
2025-06-30,S1,SEQUENTIAL_PREVIOUS_COMMITMENT,Optimal,1,5.3573249000,2,0.0000000000,7673.4745129640,7730.0043780684,79393.9530431638,49432.2700900012,54798.2472127697,36.6970303151,30.6729350263,30.6729350263,0.0000000000,4,1197.9880843150,4103.5147523430,53572.4818726593,30,36644.0929428801,7842.3086429869,1219.6907407407,10800.0000000000,True
2025-07-01,S1,SEQUENTIAL_PREVIOUS_COMMITMENT,Optimal,1,8.9353417000,2,0.0000000000,7730.0043780684,7880.4123346626,81478.2952045395,50574.2179849068,56066.2822568199,-10.6374999350,49.6691176501,0.0000000000,49.6691176501,4,5860.7438263985,20609.7262228480,71173.3067078199,93,37059.4775739783,8036.4321989658,1200.0000000000,10800.0000000000,True
2025-07-02,S1,SEQUENTIAL_PREVIOUS_COMMITMENT,Optimal,1,6.6919627000,2,0.0000000000,7880.4123346626,7713.0105581024,75797.5013785756,46755.6996526352,50326.4135968454,-352.6244885936,931.6134052763,0.0000000000,931.6134052763,10,7216.2634137659,25361.3873899470,71764.4625539886,95,34848.8675330884,7818.5022927405,1200.0000000000,10800.0000000000,True
2025-07-03,S1,SEQUENTIAL_PREVIOUS_COMMITMENT,Optimal,1,6.7174041000,2,0.0000000000,7713.0105581024,7213.9513990096,75305.0294274076,46608.6214937056,51611.0446017990,67.1892975127,92.6092026142,92.6092026142,0.0000000000,4,9058.5487729244,33082.8530789022,79758.6638701206,115,37974.3465306050,7690.2305568620,1200.0000000000,10800.0000000000,True
2025-07-04,S1,SEQUENTIAL_PREVIOUS_COMMITMENT,Optimal,1,8.8884057000,2,0.0000000000,7213.9513990096,7803.9082736428,35102.2537888669,19680.3123276144,22680.3971027531,0.0000000000,0.0000000000,0.0000000000,0.0000000000,0,7737.6754502792,28112.4106443031,47792.7229719176,98,31871.6510515711,6100.0175081270,1200.0000000000,10800.0000000000,True
2025-07-05,S1,SEQUENTIAL_PREVIOUS_COMMITMENT,Optimal,1,8.7112895000,2,0.0000000000,7803.9082736428,7673.8970042864,35011.9108005077,19458.3529156983,21529.8833634239,0.0000000000,0.0000000000,0.0000000000,0.0000000000,0,7559.5629381237,28843.3867407801,48301.7396564784,92,32202.1920441399,6042.7658778738,1200.0000000000,10800.0000000000,True
2025-07-06,S1,SEQUENTIAL_PREVIOUS_COMMITMENT,Optimal,1,13.3078951000,2,0.0000000000,7673.8970042864,7961.6275174946,73620.1402321528,45237.4307162590,50062.8665815475,176.2931054368,221.1213658973,221.1213658973,0.0000000000,14,10622.7871359648,42179.5592624464,87593.2830841423,124,38217.1895016605,7691.5780555337,1200.0000000000,10800.0000000000,True
2025-07-07,S1,SEQUENTIAL_PREVIOUS_COMMITMENT,Optimal,1,9.0934554000,2,0.0000000000,7961.6275174946,8140.0655070443,71910.1942704698,44026.2034262362,47600.2222949308,-1.7166320556,4.8527139973,0.0000000000,4.8527139973,2,8264.5332134283,30513.5289262106,74538.0157203912,98,34130.4165955432,7901.9417087831,1200.0000000000,10800.0000000000,True
2025-07-08,S1,SEQUENTIAL_PREVIOUS_COMMITMENT,Optimal,1,12.0908988000,2,0.0000000000,8140.0655070443,7398.6538880225,84875.4966310006,53561.3495526252,58220.3496087278,-29.6782291809,130.0631363316,0.0000000000,130.0631363316,5,1139.3514889259,4616.0712644901,58147.7425879343,41,36908.6912916973,7667.0334601967,1200.0000000000,10800.0000000000,True
2025-07-09,S1,SEQUENTIAL_PREVIOUS_COMMITMENT,Optimal,1,10.0977552000,2,0.0000000000,7398.6538880225,8162.7674209877,87620.2064277330,55053.1681870640,59444.7786225247,7.9891543700,27.2841445915,17.9910235536,9.2931210379,2,493.4061429410,2027.4611957825,57088.6185372165,20,37447.2083376717,7750.3633548502,1200.0000000000,10800.0000000000,True
2025-07-10,S1,SEQUENTIAL_PREVIOUS_COMMITMENT,Optimal,1,9.5614072000,2,0.0000000000,8162.7674209877,8185.8597226537,87164.3024149519,55187.5344756497,59778.5827415637,-23.4610127216,97.0301440815,0.0000000000,97.0301440815,4,491.3405399762,1724.7753499853,56888.8488129133,19,36692.9207735812,7789.3309383984,1200.0000000000,10800.0000000000,True
2025-07-11,S1,SEQUENTIAL_PREVIOUS_COMMITMENT,Optimal,1,7.8003314000,2,0.0000000000,8185.8597226537,7659.0222739743,45296.3311433964,27107.9894155282,29900.9846032030,0.0000000000,0.0000000000,0.0000000000,0.0000000000,0,353.8337900264,1001.3431693107,28109.3325848389,15,32402.0240072525,6262.9856570645,1208.7269454755,10800.0000000000,True
2025-07-12,S1,SEQUENTIAL_PREVIOUS_COMMITMENT,Optimal,1,7.5801885000,2,0.0000000000,7659.0222739743,7416.9443749689,44492.2875611958,26369.3165661059,27695.4445197760,1.2660717390,0.9211479057,0.9211479057,0.0000000000,1,561.9158750076,1926.5216790039,28297.1043168488,22,31182.5738112343,6197.7762879408,1259.3009312140,10800.0000000000,True
2025-07-13,S1,SEQUENTIAL_PREVIOUS_COMMITMENT,Optimal,1,6.9787374000,2,0.0000000000,7416.9443749689,8505.2306158880,89376.1540714287,56490.0993601655,62688.7315457086,-4.3119520611,17.8938290816,0.0000000000,17.8938290816,2,86.4782641194,363.3475719611,56849.1349800655,8,35563.1186417057,7943.4719813333,1200.0000000000,10800.0000000000,True
2025-07-14,S1,SEQUENTIAL_PREVIOUS_COMMITMENT,Optimal,1,4.7099668000,2,0.0000000000,8505.2306158880,8407.6593888547,85670.0938916014,53812.9039852557,58647.9949983959,-10.2567047152,39.7085784384,0.0000000000,39.7085784384,2,329.4510006286,1653.8012250477,55456.4485055883,14,32896.9223399755,8029.3675909724,1200.0000000000,10800.0000000000,True
2025-07-15,S1,SEQUENTIAL_PREVIOUS_COMMITMENT,Optimal,1,10.4119939000,2,0.0000000000,8407.6593888547,7737.9833400587,84264.7208588285,53107.7873116688,57859.7041856740,-46.5024964948,144.1559444064,0.0000000000,144.1559444064,6,651.1090575265,2066.9724439707,55128.2572591447,24,34037.0210859518,7834.1550486513,1200.0000000000,10800.0000000000,True
2025-07-16,S1,SEQUENTIAL_PREVIOUS_COMMITMENT,Optimal,1,7.7517898000,2,0.0000000000,7737.9833400587,8483.3068843391,87289.6195237888,54899.1924109491,59990.9087395282,-2.4148393193,8.6183243534,0.0000000000,8.6183243534,2,559.4981863604,2083.1615719779,56979.9391436076,15,34240.5805742053,7972.3315458057,1200.0000000000,10800.0000000000,True
2025-07-17,S1,SEQUENTIAL_PREVIOUS_COMMITMENT,Optimal,1,7.3096760000,2,0.0000000000,8483.3068843391,8125.3968834725,84581.4417971029,53352.4376994435,59021.5990163132,-2.3312322773,10.0009964707,0.0000000000,10.0009964707,1,849.7875107832,3054.6392772547,56404.7457444209,27,37444.4569870584,7685.1269974162,1200.0000000000,10800.0000000000,True
2025-07-18,S1,SEQUENTIAL_PREVIOUS_COMMITMENT,Optimal,1,8.7854388000,2,0.0000000000,8125.3968834725,7771.5805816565,43981.2899775079,26057.7741338003,28025.7889773918,0.0850094239,0.0703574789,0.0703574789,0.0000000000,1,234.0088540109,1024.7835219420,27082.6426651662,17,31595.8008856156,6248.7493304530,1248.6386089626,10800.0000000000,True
2025-07-19,S1,SEQUENTIAL_PREVIOUS_COMMITMENT,Optimal,1,8.2608250000,2,0.0000000000,7771.5805816565,7738.0902578313,44651.5991406522,26424.9280774589,29201.9448548823,-0.7448656744,1.9124742819,0.0000000000,1.9124742819,2,367.5827869733,1293.9844801818,27718.1676919663,19,30829.6433581985,6279.0932563527,1200.0000000000,10800.0000000000,True
2025-07-20,S1,SEQUENTIAL_PREVIOUS_COMMITMENT,Optimal,1,10.6364044000,2,0.0000000000,7738.0902578313,7534.2016949517,81718.5664363519,51553.4422325443,55081.0851527391,28.1408905406,33.5557540481,33.5557540481,0.0000000000,2,833.8001993905,2664.4755148683,54246.0586379532,30,35472.8787071879,7720.6417575251,1200.0000000000,10800.0000000000,True
2025-07-21,S1,SEQUENTIAL_PREVIOUS_COMMITMENT,Optimal,1,7.7852018000,2,0.0000000000,7534.2016949517,8159.6863541960,86509.5436345435,54476.0562847859,59809.5693136561,-13.3128058779,55.5312611675,0.0000000000,55.5312611675,4,373.0792838053,1196.8199255246,55659.5634044326,15,37644.7600859742,7678.7434278779,1200.0000000000,10800.0000000000,True
2025-07-22,S1,SEQUENTIAL_PREVIOUS_COMMITMENT,Optimal,1,8.0695366000,2,0.0000000000,8159.6863541960,7653.1482922148,83342.9719775143,52471.0369101580,57109.2106322785,815.2742133855,895.3649532244,895.3649532244,0.0000000000,18,788.8231768505,2699.9973499800,55986.3084735234,27,36316.1599645685,7713.4082581282,1200.0000000000,10800.0000000000,True
2025-07-23,S1,SEQUENTIAL_PREVIOUS_COMMITMENT,Optimal,1,9.8750148000,2,0.0000000000,7653.1482922148,7776.8029417337,85873.4291909469,54015.9726779058,58400.5824633840,-33.3418132250,139.2597953496,0.0000000000,139.2597953496,6,532.5385685594,1923.1671251155,55905.7979897964,18,37206.4461323700,7700.4602151011,1200.0000000000,10800.0000000000,True
2025-07-24,S1,SEQUENTIAL_PREVIOUS_COMMITMENT,Optimal,1,6.9796365000,2,0.0000000000,7776.8029417337,8377.7421734154,86047.9452368610,54021.0405000807,58656.6652885797,4.3749527134,240.9770339093,51.2379056102,189.7391282991,14,918.2490419460,3693.8389828383,57719.2544356325,25,35607.3546111618,7909.5038287128,1200.0000000000,10800.0000000000,True
2025-07-25,S1,SEQUENTIAL_PREVIOUS_COMMITMENT,Optimal,1,7.2939004000,2,0.0000000000,8377.7421734154,8631.4640662056,45912.4293324679,27327.7162241996,30925.8690108893,0.0000000000,0.0000000000,0.0000000000,0.0000000000,0,116.7044784662,398.3154939635,27726.0317181631,10,32699.4356506820,6561.0517229512,1236.8238711620,10800.0000000000,True
2025-07-26,S1,SEQUENTIAL_PREVIOUS_COMMITMENT,Optimal,1,6.8113578000,2,0.0000000000,8631.4640662056,8190.5285329880,44838.2423544451,26730.2732817406,29669.6422562948,0.0000000000,0.0000000000,0.0000000000,0.0000000000,0,255.6060106886,640.3573918550,27370.6306735956,13,32554.9197902906,6556.9667872150,1287.7946059875,10800.0000000000,True
2025-07-27,S1,SEQUENTIAL_PREVIOUS_COMMITMENT,Optimal,1,6.6271950000,2,0.0000000000,8190.5285329880,7622.5818932410,83579.3639393076,52682.7187007534,57624.6872209980,-6.0631995158,113.1591712046,15.9941201278,97.1650510768,5,791.9770357572,2835.8393118225,55512.4948130600,30,37970.8410624330,7578.2799609638,1200.0000000000,10800.0000000000,True
2025-07-28,S1,SEQUENTIAL_PREVIOUS_COMMITMENT,Optimal,1,8.5869329000,2,0.0000000000,7622.5818932410,7697.8710237324,83675.3797230040,52537.8724803574,56220.6320809647,228.9857901532,209.0415488744,209.0415488744,0.0000000000,21,2254.9867921774,8068.2966157196,60835.1548862303,49,39306.4276071245,7522.1985238357,1200.0000000000,10800.0000000000,True
2025-07-29,S1,SEQUENTIAL_PREVIOUS_COMMITMENT,Optimal,1,11.8652815000,2,0.0000000000,7697.8710237324,8100.2395650277,85860.9278372343,53938.7990241336,59212.5404787221,523.3946633293,645.9121681932,645.9121681932,0.0000000000,11,782.0364169094,2460.5291364894,56922.7228239523,20,37883.9539429410,7740.5113488093,1200.0000000000,10800.0000000000,True
2025-07-30,S1,SEQUENTIAL_PREVIOUS_COMMITMENT,Optimal,1,6.2973176000,2,0.0000000000,8100.2395650277,9139.4016461177,88379.6780268231,55516.5791018333,61115.3613415886,290.8953638840,268.6253965409,268.6253965409,0.0000000000,6,257.0053987844,922.3907768586,56729.8652425760,13,37909.7613592677,7730.5026076167,1200.0000000000,10800.0000000000,True
2025-07-31,S1,SEQUENTIAL_PREVIOUS_COMMITMENT,Optimal,1,7.7689426000,2,0.0000000000,9139.4016461177,7698.0054322217,83089.2610566926,52404.9935495223,56464.6519003856,0.0000000000,0.0000000000,0.0000000000,0.0000000000,0,781.1723622387,3148.8919997538,55553.8855492761,26,35702.8985556326,7764.0041437311,1200.0000000000,10800.0000000000,True
2025-08-01,S1,SEQUENTIAL_PREVIOUS_COMMITMENT,Optimal,1,7.1587144000,2,0.0000000000,7698.0054322217,8699.0384243674,45705.3095448337,27046.7113761890,29918.8356822752,-2.1421659405,5.4765842785,0.0000000000,5.4765842785,1,227.0270320854,551.1005424137,27595.6697526622,13,30874.8100444643,6510.9169039251,1281.1329524526,10800.0000000000,True
2025-08-02,S1,SEQUENTIAL_PREVIOUS_COMMITMENT,Optimal,1,6.8751407000,2,0.0000000000,8699.0384243674,7674.1555751136,42774.3728274642,25378.4917948736,27825.2920377530,0.0000000000,0.0000000000,0.0000000000,0.0000000000,0,226.7951979034,840.2254687841,26218.7172636577,18,31661.4444650470,6501.3619945721,1200.0000000000,10800.0000000000,True
2025-08-03,S1,SEQUENTIAL_PREVIOUS_COMMITMENT,Optimal,1,7.7131705000,2,0.0000000000,7674.1555751136,8265.2954746238,83538.5840265104,52257.0425821182,57520.7532231545,-254.9483653543,848.0915139748,0.0000000000,848.0915139748,4,195.4800366611,788.1231254961,52790.2173422600,11,33780.8760534196,7904.8146991301,1200.0000000000,10800.0000000000,True
2025-08-04,S1,SEQUENTIAL_PREVIOUS_COMMITMENT,Optimal,1,7.9973724000,2,0.0000000000,8265.2954746238,8281.0908290207,81684.2478767891,51229.4317097424,55781.9537040110,0.3699184144,0.2894850056,0.2894850056,0.0000000000,1,352.3604309948,1199.5985712593,52429.4001994160,13,33070.1265343360,7925.0196589349,1200.0000000000,10800.0000000000,True
2025-08-05,S1,SEQUENTIAL_PREVIOUS_COMMITMENT,Optimal,1,12.9620618000,2,0.0000000000,8281.0908290207,8626.2587900199,81990.3136531502,51544.6301324030,57085.3056646572,0.0000000000,0.0000000000,0.0000000000,0.0000000000,0,216.5893475260,910.4619499584,52455.0920823614,10,34155.4471187728,7915.1664411185,1200.0000000000,10800.0000000000,True
2025-08-06,S1,SEQUENTIAL_PREVIOUS_COMMITMENT,Optimal,1,10.5923763000,2,0.0000000000,8626.2587900199,10394.0477299908,84465.7724019465,52918.3920823222,58174.5807397801,0.0000000000,0.0000000000,0.0000000000,0.0000000000,0,417.7849224233,1580.2934964618,54498.6855787840,15,36338.8049634841,8004.7198642793,1200.0000000000,10800.0000000000,True
2025-08-07,S1,SEQUENTIAL_PREVIOUS_COMMITMENT,Optimal,1,8.2135334000,2,0.0000000000,10394.0477299908,7697.5082623572,75038.2559211556,47972.7961116262,51889.5117481014,-67.3992596409,339.5412460014,7.7503453129,331.7909006885,10,495.5785536423,1270.8028183425,49176.1996703278,25,31327.4773421007,7874.1488894650,1200.0000000000,10800.0000000000,True
2025-08-08,S1,SEQUENTIAL_PREVIOUS_COMMITMENT,Optimal,1,7.1369707000,2,0.0000000000,7697.5082623572,7928.7628949132,44152.9918132556,26041.4060229638,29338.3681794740,0.0000000000,0.0000000000,0.0000000000,0.0000000000,0,174.0005775103,661.2682976308,26702.6743205946,11,31962.7987320023,6361.1932653657,1200.0000000000,10800.0000000000,True
2025-08-09,S1,SEQUENTIAL_PREVIOUS_COMMITMENT,Optimal,1,6.9181899000,2,0.0000000000,7928.7628949132,8100.9683964720,42851.5909275182,25255.4776196878,28098.1591555462,0.0000000000,0.0000000000,0.0000000000,0.0000000000,0,364.5984986968,1233.4126257700,26488.8902454578,19,32322.3735976630,6364.2016718974,1236.1082321721,10800.0000000000,True
2025-08-10,S1,SEQUENTIAL_PREVIOUS_COMMITMENT,Optimal,1,8.8410682000,2,0.0000000000,8100.9683964720,8232.4867123084,77851.1448851170,49487.8961063931,53613.1117034596,0.0000000000,0.0000000000,0.0000000000,0.0000000000,0,285.8434816243,931.6717348556,50419.5678412487,15,32887.6293362012,7969.6802865383,1200.0000000000,10800.0000000000,True
2025-08-11,S1,SEQUENTIAL_PREVIOUS_COMMITMENT,Optimal,1,8.2346496000,2,0.0000000000,8232.4867123084,7657.0766310695,75953.1595768321,47966.4344020112,51182.8467299513,11.0029388756,7.8816288444,7.8816288444,0.0000000000,2,623.0517091133,2363.7427859808,50341.1801268676,20,34030.5150775423,7759.6076495003,1200.0000000000,10800.0000000000,True
2025-08-12,S1,SEQUENTIAL_PREVIOUS_COMMITMENT,Optimal,1,8.8534904000,2,0.0000000000,7657.0766310695,7782.2056825583,76326.6610885392,47908.5491268605,51817.7587483675,164.3633912070,131.9354835626,131.9354835626,0.0000000000,12,1122.6578047784,4654.4641831739,52727.3767012415,40,32938.6684859604,7931.1511840660,1200.0000000000,10800.0000000000,True
2025-08-13,S1,SEQUENTIAL_PREVIOUS_COMMITMENT,Optimal,1,8.4785304000,2,0.0000000000,7782.2056825583,7649.7743387909,75864.6122578140,47716.8612602157,51076.6262366536,0.0000000000,0.0000000000,0.0000000000,0.0000000000,0,825.0195370326,2965.5600259066,50682.4212861222,31,32879.6665428732,7865.0558769493,1200.0000000000,10800.0000000000,True
2025-08-14,S1,SEQUENTIAL_PREVIOUS_COMMITMENT,Optimal,1,8.4138933000,2,0.0000000000,7649.7743387909,8318.8709066793,77412.7071529067,48643.8835589772,52909.7160820159,903.9276537100,1194.2285534905,1194.2285534905,0.0000000000,7,560.0261972067,2518.5827421980,52066.3939548851,26,37395.7911762240,7608.9498322542,1200.0000000000,10800.0000000000,True
2025-08-15,S1,SEQUENTIAL_PREVIOUS_COMMITMENT,Optimal,1,7.4907730000,2,0.0000000000,8318.8709066793,7842.3129179218,41766.8481529088,24654.2960892310,27341.7418817523,0.0000000000,0.0000000000,0.0000000000,0.0000000000,0,435.1944967681,1320.5892636091,25974.8853528400,22,32386.3712359619,6231.5991590987,1309.6316382900,10800.0000000000,True
2025-08-16,S1,SEQUENTIAL_PREVIOUS_COMMITMENT,Optimal,1,4.0738229000,2,0.0000000000,7842.3129179218,7840.3157154808,41935.5333994107,24622.4606032660,26543.0237610177,0.0000000000,0.0000000000,0.0000000000,0.0000000000,0,437.5315726609,1713.4752836074,26335.9358868734,21,32089.4936321814,6460.4438960635,1216.3922839993,10800.0000000000,True
2025-08-17,S1,SEQUENTIAL_PREVIOUS_COMMITMENT,Optimal,1,7.3110883000,2,0.0000000000,7840.3157154808,7778.7905455718,75969.2497264265,47924.1638435014,51707.3308062033,0.0000000000,0.0000000000,0.0000000000,0.0000000000,0,504.1614713043,2102.8587873830,50027.0226308844,25,34239.2477794426,7754.3093455994,1200.0000000000,10800.0000000000,True
2025-08-18,S1,SEQUENTIAL_PREVIOUS_COMMITMENT,Optimal,1,8.6607652000,2,0.0000000000,7778.7905455718,7700.1789543949,76502.1469834140,48200.6141057906,52481.8906095873,0.0000000000,0.0000000000,0.0000000000,0.0000000000,0,684.5307143115,2781.2089899388,50981.8230957293,27,35177.9052784173,7707.1759986263,1200.0000000000,10800.0000000000,True
2025-08-19,S1,SEQUENTIAL_PREVIOUS_COMMITMENT,Optimal,1,11.8561024000,2,0.0000000000,7700.1789543949,7909.1515882255,76814.2009557516,48534.1503788255,52976.2745388853,0.0000000000,0.0000000000,0.0000000000,0.0000000000,0,573.4648117775,2319.8655931408,50854.0159719662,21,33101.2848094711,7920.6280420779,1200.0000000000,10800.0000000000,True
2025-08-20,S1,SEQUENTIAL_PREVIOUS_COMMITMENT,Optimal,1,7.8664459000,2,0.0000000000,7909.1515882255,7807.0756469484,76469.1925387645,48166.9692142922,52614.4987107556,1158.9692578195,1183.2295549992,1183.2295549992,0.0000000000,6,1437.5356371424,5607.8576089890,54933.7960811006,44,37820.6661284261,7477.4704450426,1200.0000000000,10800.0000000000,True
2025-08-21,S1,SEQUENTIAL_PREVIOUS_COMMITMENT,Optimal,1,6.8436088000,2,0.0000000000,7807.0756469484,7814.8173217022,77054.4209077477,48765.9387214482,52800.0905507654,11.7194038507,7.9868688841,7.9868688841,0.0000000000,2,555.1420256557,1891.5945621183,50669.2526874172,17,33289.6284168051,7904.2627601839,1200.0000000000,10800.0000000000,True
2025-08-22,S1,SEQUENTIAL_PREVIOUS_COMMITMENT,Optimal,1,5.6196685000,2,0.0000000000,7814.8173217022,7682.6217557073,41876.0508516836,24523.2538965857,26620.3008997305,0.0000000000,0.0000000000,0.0000000000,0.0000000000,0,941.6420959906,3664.8883283183,28188.1422249040,36,31541.3876124019,6529.1001366270,1219.6477397280,10800.0000000000,True
2025-08-23,S1,SEQUENTIAL_PREVIOUS_COMMITMENT,Optimal,1,5.6445128000,2,0.0000000000,7682.6217557073,7708.5372835640,42388.6335503855,24894.7568431361,26785.9229907394,3.0769408931,2.3334022622,2.3334022622,0.0000000000,1,409.4214502946,1452.6130547281,26350.4468387573,18,30769.5520826068,6411.5898622289,1202.4932650513,10800.0000000000,True
2025-08-24,S1,SEQUENTIAL_PREVIOUS_COMMITMENT,Optimal,1,9.0366978000,2,0.0000000000,7708.5372835640,7726.6239131956,76343.2011513603,48316.1910322436,52216.2241024278,-7.2304859515,30.3345867265,0.0000000000,30.3345867265,2,641.6200387805,2581.9685646160,50890.9291109081,26,35891.7260329375,7690.7410732524,1200.0000000000,10800.0000000000,True
2025-08-25,S1,SEQUENTIAL_PREVIOUS_COMMITMENT,Optimal,1,6.7693332000,2,0.0000000000,7726.6239131956,8332.8632826266,81431.1430330110,51190.3722648096,55690.0682019535,166.6829213095,360.2383364993,174.9142334046,185.3241030948,14,615.5765053723,2398.9690599863,53756.0242461054,22,37550.4324034068,7694.0728155988,1200.0000000000,10800.0000000000,True
2025-08-26,S1,SEQUENTIAL_PREVIOUS_COMMITMENT,Optimal,1,6.7337516000,2,0.0000000000,8332.8632826266,8029.3777477587,76655.5135871447,48560.1155452902,51888.8057929369,50.2015737813,44.4701158384,44.4701158384,0.0000000000,8,606.2777117531,2559.7808267768,51170.0979458483,21,35514.3025996345,7688.0191582738,1200.0000000000,10800.0000000000,True
2025-08-27,S1,SEQUENTIAL_PREVIOUS_COMMITMENT,Optimal,1,8.0508842000,2,0.0000000000,8029.3777477587,8179.4110769119,79990.0623374095,50530.5808314855,55297.1989799372,353.2678914406,434.6012983410,434.6012983410,0.0000000000,11,357.8773596635,1456.3582182004,52340.2069411265,16,37865.1142435587,7633.3654891357,1200.0000000000,10800.0000000000,True
2025-08-28,S1,SEQUENTIAL_PREVIOUS_COMMITMENT,Optimal,1,6.3414996000,2,0.0000000000,8179.4110769119,8046.8415045578,78692.0697513886,49716.3997297424,54080.6540040228,208.1605554679,220.5811569259,220.5811569259,0.0000000000,16,2277.0380433470,8966.2813033177,58890.8415885281,39,36561.9122559068,7629.8218858172,1200.0000000000,10800.0000000000,True
2025-08-29,S1,SEQUENTIAL_PREVIOUS_COMMITMENT,Optimal,1,5.5037996000,2,0.0000000000,8046.8415045578,8254.1203163520,45247.6882345320,26978.7509790382,30110.9136392755,48.2849794591,45.5768037810,45.5768037810,0.0000000000,2,302.8792303991,1408.5578477998,28435.5938062970,10,32942.7451683483,6250.6262505112,1234.3700240324,10800.0000000000,True
2025-08-30,S1,SEQUENTIAL_PREVIOUS_COMMITMENT,Optimal,1,7.3835289000,2,0.0000000000,8254.1203163520,8267.7212139622,43805.2879742504,25927.2541599009,28353.6329679243,0.0000000000,0.0000000000,0.0000000000,0.0000000000,0,272.6825286631,929.5461227582,26856.8002826591,19,31089.1550334663,6756.0715458774,1212.8609114583,10800.0000000000,True
2025-08-31,S1,SEQUENTIAL_PREVIOUS_COMMITMENT,Optimal,1,6.2798458000,2,0.0000000000,8267.7212139622,7775.1393886008,78115.2907918651,49698.5784977743,54335.2643530618,0.0000000000,0.0000000000,0.0000000000,0.0000000000,0,413.0539920225,1621.5343326024,51320.1128303767,19,35316.7609456406,7653.2013099466,1200.0000000000,10800.0000000000,True
2025-09-01,S1,SEQUENTIAL_PREVIOUS_COMMITMENT,Optimal,1,8.6064417000,2,0.0000000000,7775.1393886008,7948.2137335739,79356.7972969361,50059.1545397879,54214.1803205455,-19.3462615467,51.1143706442,0.0000000000,51.1143706442,6,0.0000000000,0.0000000000,50039.8082782412,0,32137.9867678601,7987.3733879661,1492.8978703704,10800.0000000000,True
2025-09-02,S1,SEQUENTIAL_PREVIOUS_COMMITMENT,Optimal,1,6.6667002000,2,0.0000000000,7948.2137335739,8275.4335890661,78502.3852210827,49548.9669586437,54097.6157552709,21.9806117447,28.0010566434,28.0010566434,0.0000000000,2,52.6549473420,163.9908029005,49734.9383732889,3,36158.9088834530,7677.9555498922,1350.7406800379,10800.0000000000,True
2025-09-03,S1,SEQUENTIAL_PREVIOUS_COMMITMENT,Optimal,1,7.3165867000,2,0.0000000000,8275.4335890661,7901.5588173718,77419.5717376911,49078.1482225041,52777.0151734286,33.0242986392,45.4035097477,30.6280796363,14.7754301114,7,8.6932091760,34.0034876920,49145.1760088353,1,31983.3244072201,7938.8362637672,1308.6426219130,10800.0000000000,True
2025-09-04,S1,SEQUENTIAL_PREVIOUS_COMMITMENT,Optimal,1,7.3959584000,2,0.0000000000,7901.5588173718,8057.6666209059,78604.3409161385,49710.8948293107,53411.9988638915,107.6407112988,133.8406639415,89.5688888467,44.2717750948,14,6.3134549889,11.7209291868,49830.2564697963,1,35044.8438276764,7764.9928715359,1301.5752628984,10800.0000000000,True
2025-09-05,S1,SEQUENTIAL_PREVIOUS_COMMITMENT,Optimal,1,4.7938108000,2,0.0000000000,8057.6666209059,8637.1642350125,43445.7528610553,25734.4529156882,28380.9867361903,0.0000000000,0.0000000000,0.0000000000,0.0000000000,0,0.0000000000,0.0000000000,25734.4529156882,0,31114.5357177118,6638.6123307934,1515.6066318996,10800.0000000000,True
2025-09-06,S1,SEQUENTIAL_PREVIOUS_COMMITMENT,Optimal,1,5.0355411000,2,0.0000000000,8637.1642350125,7995.5370032772,42409.5378828448,25379.9134614046,27515.7047498913,0.0000000000,0.0000000000,0.0000000000,0.0000000000,0,77.4207742561,325.8958811095,25705.8093425141,3,32285.4382170099,6401.1073727544,1501.3545381914,10800.0000000000,True
2025-09-07,S1,SEQUENTIAL_PREVIOUS_COMMITMENT,Optimal,1,6.8250101000,2,0.0000000000,7995.5370032772,7768.5266916001,75042.6945882873,47900.8496436439,51673.1291634764,275.6033117667,382.1918277018,382.1918277018,0.0000000000,11,133.9366528269,538.9725873884,48715.4255427989,7,34920.7404536574,7704.8007547261,1381.0516281293,10800.0000000000,True
2025-09-08,S1,SEQUENTIAL_PREVIOUS_COMMITMENT,Optimal,1,8.1519313000,2,0.0000000000,7768.5266916001,7475.8476755988,63641.4938116956,39244.2698249216,42227.5921979133,124.5841323374,119.9368717907,119.9368717907,0.0000000000,7,2429.2303664632,9830.7968254714,49199.6507827303,48,34258.6558053542,7586.8798143237,1200.0000000000,10800.0000000000,True
2025-09-09,S1,SEQUENTIAL_PREVIOUS_COMMITMENT,Optimal,1,8.1280360000,2,0.0000000000,7475.8476755988,7759.4478631632,66077.5620365483,40954.1949825543,45103.6175683248,181.2450119529,177.0816444640,177.0816444640,0.0000000000,6,635.2182933154,2677.9599561380,43813.3999506452,22,35160.3020150337,7656.0833106595,1200.0000000000,10800.0000000000,True
2025-09-10,S1,SEQUENTIAL_PREVIOUS_COMMITMENT,Optimal,1,8.1711877000,2,0.0000000000,7759.4478631632,7707.4587465006,67106.4248344196,41633.0145764839,46046.3720466504,-1.2469990709,5.2121173289,0.0000000000,5.2121173289,1,2092.4159353221,8402.3056353599,50034.0732127728,46,38736.3561737742,7258.6227091039,1200.0000000000,10800.0000000000,True
2025-09-11,S1,SEQUENTIAL_PREVIOUS_COMMITMENT,Optimal,1,7.5030979000,2,0.0000000000,7707.4587465006,8341.2796402650,68434.0154301870,42221.7243566456,46336.9991091871,-46.2071864574,201.0799052883,0.0000000000,201.0799052883,6,383.8826398564,1693.3766498617,43868.8938200498,15,37238.2311501070,7592.0747829001,1210.1685513600,10800.0000000000,True
2025-09-12,S1,SEQUENTIAL_PREVIOUS_COMMITMENT,Optimal,1,4.3158955000,2,0.0000000000,8341.2796402650,7757.9421177153,34017.3724385309,19155.7151881587,22273.5143752216,0.0000000000,0.0000000000,0.0000000000,0.0000000000,0,386.2733926161,1495.4285417386,20651.1437298974,21,32551.0125347618,6335.8721058202,1227.2430347222,10800.0000000000,True
2025-09-13,S1,SEQUENTIAL_PREVIOUS_COMMITMENT,Optimal,1,5.0447072000,2,0.0000000000,7757.9421177153,7986.5256504158,34538.4152094806,19458.6221571533,21736.5617607325,37.7882410540,36.5156699560,36.5156699560,0.0000000000,1,626.4179750671,2584.9085313067,22081.3189295139,20,32022.6759844805,6287.7483924675,1248.9209561398,10800.0000000000,True
2025-09-14,S1,SEQUENTIAL_PREVIOUS_COMMITMENT,Optimal,1,8.6488112000,2,0.0000000000,7986.5256504158,7753.9557212090,67522.0044067971,41828.2471618025,46168.5849579526,0.0000000000,0.0000000000,0.0000000000,0.0000000000,0,1044.5170067228,3654.9122394872,45483.1594012897,36,36919.5726465317,7441.9098290070,1200.0000000000,10800.0000000000,True
2025-09-15,S1,SEQUENTIAL_PREVIOUS_COMMITMENT,Optimal,1,7.9696310000,2,0.0000000000,7753.9557212090,7691.6747405570,66454.2681524821,41253.7257258360,45120.0368057985,-1.0054688701,4.2025867087,0.0000000000,4.2025867087,1,446.0174645782,1843.9189205539,43096.6391775199,27,38045.6182854011,7337.0863653860,1200.0000000000,10800.0000000000,True
2025-09-16,S1,SEQUENTIAL_PREVIOUS_COMMITMENT,Optimal,1,9.7242092000,2,0.0000000000,7691.6747405570,7627.3069401500,67900.7685226227,42222.2856408194,46083.1659783461,0.0000000000,0.0000000000,0.0000000000,0.0000000000,0,852.7957608419,2665.8429262686,44888.1285670879,34,36782.1170548919,7465.2076106673,1200.0000000000,10800.0000000000,True
2025-09-17,S1,SEQUENTIAL_PREVIOUS_COMMITMENT,Optimal,1,12.1112612000,2,0.0000000000,7627.3069401500,8231.3468850085,69403.4607719554,42926.4913782745,46868.1375399069,140.1429740014,115.6173998098,115.6173998098,0.0000000000,6,563.2284275788,1787.6331927990,44854.2675450750,29,38399.9970406249,7394.2839380249,1200.0000000000,10800.0000000000,True
2025-09-18,S1,SEQUENTIAL_PREVIOUS_COMMITMENT,Optimal,1,12.7693956000,2,0.0000000000,8231.3468850085,7609.4848479151,66013.4925306728,41398.9106067313,45199.9385460555,816.9743458086,1118.4740788090,1118.4740788090,0.0000000000,14,528.9408650555,2313.7224930458,44529.6074455857,22,36612.2149049321,7456.0712377241,1200.0000000000,10800.0000000000,True
2025-09-19,S1,SEQUENTIAL_PREVIOUS_COMMITMENT,Optimal,1,6.1395474000,2,0.0000000000,7609.4848479151,8043.3732387702,35360.4780612290,19735.7234127955,22322.9535512005,55.9949925001,43.3796057572,43.3796057572,0.0000000000,4,494.7980947848,1716.6987191819,21508.4171244775,26,31920.1513255475,6142.1116146931,1200.7555338542,10800.0000000000,True
2025-09-20,S1,SEQUENTIAL_PREVIOUS_COMMITMENT,Optimal,1,6.0815437000,2,0.0000000000,8043.3732387702,7655.3155038712,34061.0654808932,19421.4960705622,21021.6649236072,0.5577709690,0.4364917393,0.4364917393,0.0000000000,1,648.5871815606,2734.8797666904,22156.9336082217,29,32394.4957701427,6156.4389437701,1200.0000000000,10800.0000000000,True
2025-09-21,S1,SEQUENTIAL_PREVIOUS_COMMITMENT,Optimal,1,11.1592196000,2,0.0000000000,7655.3155038712,8118.8737120127,70839.2498982344,43811.0580840403,47906.5698227013,0.0000000000,0.0000000000,0.0000000000,0.0000000000,0,297.0375840669,1353.4703910254,45164.5284750658,21,35660.2361102964,7658.6159483687,1200.0000000000,10800.0000000000,True
2025-09-22,S1,SEQUENTIAL_PREVIOUS_COMMITMENT,Optimal,1,7.9533766000,2,0.0000000000,8118.8737120127,7664.6350233401,68634.6915389955,42810.0152658540,46527.0185657586,59.1847210108,72.7693834063,51.1945056873,21.5748777190,8,883.0632889250,3489.9012576369,46359.1012445016,38,35793.8554477628,7533.9856261595,1200.0000000000,10800.0000000000,True
2025-09-23,S1,SEQUENTIAL_PREVIOUS_COMMITMENT,Optimal,1,8.1704012000,2,0.0000000000,7664.6350233401,7732.0363769561,71228.8060810340,44209.1273015449,47314.3240237056,88.2533837083,82.0917178124,82.0917178124,0.0000000000,9,912.8178367479,4095.2773804229,48392.6580656761,31,37402.5898350355,7432.1570382607,1200.0000000000,10800.0000000000,True
2025-09-24,S1,SEQUENTIAL_PREVIOUS_COMMITMENT,Optimal,1,8.4733372000,2,0.0000000000,7732.0363769561,8161.3260619495,71040.9023949544,44201.3983681568,48486.5516002543,14.4625889572,13.9755413415,13.9755413415,0.0000000000,1,680.8457618634,2357.6218339058,46573.4827910199,30,37550.1761230372,7475.3303524080,1200.0000000000,10800.0000000000,True
2025-09-25,S1,SEQUENTIAL_PREVIOUS_COMMITMENT,Optimal,1,7.2547558000,2,0.0000000000,8161.3260619495,8256.3969347184,71837.8977310339,45110.1686316430,49696.0085861961,12.1714292631,19.7283884643,19.7283884643,0.0000000000,1,448.6003428468,1799.7645681666,46922.1046290727,24,36164.9087961448,7626.1692065123,1200.0000000000,10800.0000000000,True
2025-09-26,S1,SEQUENTIAL_PREVIOUS_COMMITMENT,Optimal,1,6.1682834000,2,0.0000000000,8256.3969347184,8258.8673589236,36009.7828892577,20855.8648924349,23791.9086791126,-2.3649244665,5.0489420720,0.0000000000,5.0489420720,1,181.9538917531,632.3779589735,21485.8779269420,10,32245.9536441590,6206.7243283732,1284.1610365302,10800.0000000000,True
2025-09-27,S1,SEQUENTIAL_PREVIOUS_COMMITMENT,Optimal,1,6.5254127000,2,0.0000000000,8258.8673589236,8074.7119791118,35470.7223299055,20039.8002932201,22135.6330353768,128.3509425930,105.7899920342,105.7899920342,0.0000000000,5,901.0794877839,3496.1559298607,23664.3071656737,31,32637.5179824621,6363.3345244734,1227.0798362269,10800.0000000000,True
2025-09-28,S1,SEQUENTIAL_PREVIOUS_COMMITMENT,Optimal,1,6.5476585000,2,0.0000000000,8074.7119791118,8138.9490213316,71848.8211650125,44825.8147479345,48555.7831828311,974.8056806702,1110.3044586339,1110.3044586339,0.0000000000,18,490.6161351678,1777.9209641666,47578.5413927713,25,38024.8104462556,7493.5653405141,1200.0000000000,10800.0000000000,True
2025-09-29,S1,SEQUENTIAL_PREVIOUS_COMMITMENT,Optimal,1,7.6383129000,2,0.0000000000,8138.9490213316,8102.7738722648,73450.6421565704,45911.9753297610,50388.8481114679,-32.0470419818,135.9994366136,0.0000000000,135.9994366136,6,489.1218805365,1945.3442512232,47825.2725390024,25,37403.1954598141,7521.4692771911,1200.0000000000,10800.0000000000,True
2025-09-30,S1,SEQUENTIAL_PREVIOUS_COMMITMENT,Optimal,1,7.1554618000,2,0.0000000000,8102.7738722648,8008.5689348110,73052.4376859239,45973.1152317656,50586.6008657687,272.2294225007,232.6380861511,232.6380861511,0.0000000000,6,664.1509348328,2830.5463356041,49075.8909898704,37,39371.5056249900,7394.7761040638,1200.0000000000,10800.0000000000,True
2025-10-01,S1,SEQUENTIAL_PREVIOUS_COMMITMENT,Optimal,1,6.9259832000,2,0.0000000000,8008.5689348110,8394.9048109538,72971.3085917439,45275.1518811737,49878.2090834387,-17.1543310086,50.5725077060,0.0000000000,50.5725077060,7,38.7127520612,97.8213079465,45355.8188581116,5,34927.9090800000,7727.7339135924,1223.1807042101,10800.0000000000,True
2025-10-02,S1,SEQUENTIAL_PREVIOUS_COMMITMENT,Optimal,1,8.7451386000,2,0.0000000000,8394.9048109538,8310.1978423957,72546.8469612080,45487.3869751188,49553.1102905111,-8.0766799407,18.4439943319,0.0000000000,18.4439943319,2,124.7762050029,301.5180615204,45780.8283566985,10,35793.1658264049,7606.2831299591,1296.8243127894,10800.0000000000,True
2025-10-03,S1,SEQUENTIAL_PREVIOUS_COMMITMENT,Optimal,1,6.2204330000,2,0.0000000000,8310.1978423957,8040.1330521945,34906.5202467499,19973.2541580624,21851.0877603104,-11.8422803313,26.8431168195,0.0000000000,26.8431168195,5,140.2490547015,367.4663388185,20328.8782165496,10,31810.4399384568,6491.4413536055,1292.5629860388,10800.0000000000,True
2025-10-04,S1,SEQUENTIAL_PREVIOUS_COMMITMENT,Optimal,1,5.9248860000,2,0.0000000000,8040.1330521945,7903.0094754774,36423.7909124779,20844.5777969254,22958.8652133341,-13.9826760209,30.8559647652,0.0000000000,30.8559647652,3,156.6376416810,615.2711621236,21445.8662830281,8,32117.5923093355,6352.5788381613,1209.3960730613,10800.0000000000,True
2025-10-05,S1,SEQUENTIAL_PREVIOUS_COMMITMENT,Optimal,1,7.9238827000,2,0.0000000000,7903.0094754774,8020.9588379211,72128.2548189770,45003.8623271079,49825.3904451708,-113.8954066744,479.1837505000,0.0000000000,479.1837505000,7,119.0535126103,322.2130464531,45212.1799668865,8,35465.5743856348,7612.3017592967,1200.0000000000,10800.0000000000,True
2025-10-06,S1,SEQUENTIAL_PREVIOUS_COMMITMENT,Optimal,1,9.5285561000,2,0.0000000000,8020.9588379211,7762.6375242308,69055.8462308596,43527.3600464170,48139.7461856463,0.0000000000,0.0000000000,0.0000000000,0.0000000000,0,470.1460486232,1299.1241502422,44826.4841966592,22,36675.0961222343,7464.3152404939,1262.2576011285,10800.0000000000,True
2025-10-07,S1,SEQUENTIAL_PREVIOUS_COMMITMENT,Optimal,1,9.6716182000,2,0.0000000000,7762.6375242308,7699.8499930231,68611.0886860132,42905.9706889434,45637.6290160508,285.3024282328,235.4841848657,235.4841848657,0.0000000000,3,286.9392983595,997.5647322775,44188.8378494537,22,37546.4177969140,7402.5144427128,1221.9261616030,10800.0000000000,True
2025-10-08,S1,SEQUENTIAL_PREVIOUS_COMMITMENT,Optimal,1,9.5986256000,2,0.0000000000,7699.8499930231,7676.3923901057,65240.6601191054,39956.4870403232,44291.1137490100,5.3291168067,5.1496514536,5.1496514536,0.0000000000,1,738.6219423468,2469.9942253212,42431.8103824511,32,37782.5797125289,7260.4472595674,1200.0000000000,10800.0000000000,True
2025-10-09,S1,SEQUENTIAL_PREVIOUS_COMMITMENT,Optimal,1,11.5485545000,2,0.0000000000,7676.3923901057,7705.7966466245,66652.4065808787,40602.7760630621,44739.4902190334,-16.7961168563,71.7941061901,0.0000000000,71.7941061901,4,356.1410731419,1637.0687515229,42223.0486977287,21,37647.3305704186,7322.6278108191,1200.0000000000,10800.0000000000,True
2025-10-10,S1,SEQUENTIAL_PREVIOUS_COMMITMENT,Optimal,1,6.8199540000,2,0.0000000000,7705.7966466245,7712.6492313116,31950.3100173816,17230.6880752889,18752.3913984718,0.0000000000,0.0000000000,0.0000000000,0.0000000000,0,727.8341322439,2632.7966889727,19863.4847642616,34,32142.2403632399,6230.3146609538,1200.0000000000,10800.0000000000,True
2025-10-11,S1,SEQUENTIAL_PREVIOUS_COMMITMENT,Optimal,1,7.0035645000,2,0.0000000000,7712.6492313116,8546.6176720027,34714.8516053044,18958.4440559400,21625.3398148172,-0.0000000000,0.0000000000,0.0000000000,0.0000000000,0,179.6295463772,917.7650949767,19876.2091509166,14,32267.6035505276,6336.6722036859,1213.4124575378,10800.0000000000,True
2025-10-12,S1,SEQUENTIAL_PREVIOUS_COMMITMENT,Optimal,1,11.9576317000,2,0.0000000000,8546.6176720027,8534.0802291632,69682.7488692921,43141.6367078480,47864.9150498008,0.0000000000,0.0000000000,0.0000000000,0.0000000000,0,190.3317550491,723.9117533705,43865.5484612185,10,37047.6307896700,7411.4960244087,1200.0000000000,10800.0000000000,True
2025-10-13,S1,SEQUENTIAL_PREVIOUS_COMMITMENT,Optimal,1,8.9599169000,2,0.0000000000,8534.0802291632,7809.4266792663,68296.2769534625,42165.2452949363,46792.1510894634,-35.3110068335,150.4696330077,0.0000000000,150.4696330077,6,106.3088032980,340.7745720265,42470.7088601293,12,36992.3168536695,7395.5301084089,1200.0000000000,10800.0000000000,True
2025-10-14,S1,SEQUENTIAL_PREVIOUS_COMMITMENT,Optimal,1,8.6446010000,2,0.0000000000,7809.4266792663,7736.2692098146,67439.1602031417,41271.0459194080,44204.5145320288,241.9813702812,346.8724485694,226.3888763506,120.4835722188,12,997.6552340520,4052.1442792466,45565.1715689358,49,37907.0133394803,7288.6709057399,1200.0000000000,10800.0000000000,True
2025-10-15,S1,SEQUENTIAL_PREVIOUS_COMMITMENT,Optimal,1,6.8433856000,2,0.0000000000,7736.2692098146,7659.6056275845,67499.1777623577,41466.5660630244,45087.8965643383,-9.6414110469,40.8689881684,0.0000000000,40.8689881684,2,1373.9297253845,5180.3815737744,46637.3062257519,44,38421.9971892838,7267.3377597902,1200.0000000000,10800.0000000000,True
2025-10-16,S1,SEQUENTIAL_PREVIOUS_COMMITMENT,Optimal,1,6.7435639000,2,0.0000000000,7659.6056275845,8113.7787526032,69144.2174891167,42584.7951014355,46789.3555669155,393.5177376538,325.3488025764,325.3488025764,0.0000000000,10,1757.7186359880,7139.2453641682,50117.5582032576,42,38777.2389939853,7360.8617226096,1200.0000000000,10800.0000000000,True
2025-10-17,S1,SEQUENTIAL_PREVIOUS_COMMITMENT,Optimal,1,5.6319123000,2,0.0000000000,8113.7787526032,8064.2471583526,34033.0593393330,18663.1532253632,20561.0295178513,0.0000000000,0.0000000000,0.0000000000,0.0000000000,0,157.1548371192,770.6982452397,19433.8514706029,14,32268.9050323260,6321.8184454799,1229.3042528672,10800.0000000000,True
2025-10-18,S1,SEQUENTIAL_PREVIOUS_COMMITMENT,Optimal,1,6.1770174000,2,0.0000000000,8064.2471583526,7709.2529778264,33533.9563768886,18808.7245585651,20844.0415055568,0.0000000000,0.0000000000,0.0000000000,0.0000000000,0,402.7867109330,1352.7786307454,20161.5031893105,18,31651.5139759608,6425.5954309178,1200.0000000000,10800.0000000000,True
2025-10-19,S1,SEQUENTIAL_PREVIOUS_COMMITMENT,Optimal,1,6.1230148000,2,0.0000000000,7709.2529778264,8287.7291553821,73698.4699498644,45433.1428873364,50466.3057854534,36.3465826249,31.7154065887,31.7154065887,0.0000000000,3,651.5683748597,2452.6932627942,47922.1827327555,27,39677.2760761171,7442.6102377162,1200.0000000000,10800.0000000000,True
2025-10-20,S1,SEQUENTIAL_PREVIOUS_COMMITMENT,Optimal,1,7.4555818000,2,0.0000000000,8287.7291553821,7942.9112193524,72346.6356613912,44939.4469594589,48907.6003516145,18.1496739872,23.3631351200,23.3631351200,0.0000000000,3,485.9060803137,2028.6632560993,46986.2598895455,26,38307.7129213032,7442.9588764983,1200.0000000000,10800.0000000000,True
2025-10-21,S1,SEQUENTIAL_PREVIOUS_COMMITMENT,Optimal,1,6.5676708000,2,0.0000000000,7942.9112193524,7742.1668359392,72756.7910812538,44950.4592052469,48330.6898656617,177.9925204128,158.8149067349,158.8149067349,0.0000000000,8,893.8880111039,3195.2074761650,48323.6592018248,44,39173.9650439795,7372.8610365922,1200.0000000000,10800.0000000000,True
2025-10-22,S1,SEQUENTIAL_PREVIOUS_COMMITMENT,Optimal,1,13.7737841000,2,0.0000000000,7742.1668359392,8157.0799293202,73688.4879043227,45533.2362685830,49292.4163041839,195.8256360908,181.9515784193,181.9515784193,0.0000000000,5,1054.0308162149,4603.2839578884,50332.3458625622,38,39221.1373442054,7436.9548916302,1200.0000000000,10800.0000000000,True
2025-10-23,S1,SEQUENTIAL_PREVIOUS_COMMITMENT,Optimal,1,7.7543389000,2,0.0000000000,8157.0799293202,7406.1156983116,74136.5970453813,46026.0376829967,49786.2885504559,-208.5316188081,877.6267657824,0.0000000000,877.6267657824,9,331.5668067879,1201.0178037934,47018.5238679821,17,37979.4346555752,7523.7078906581,1200.0000000000,10800.0000000000,True
2025-10-24,S1,SEQUENTIAL_PREVIOUS_COMMITMENT,Optimal,1,6.7302193000,2,0.0000000000,7406.1156983116,7523.6867820767,34350.9197298042,19364.0714340984,21373.4056674638,0.7356368018,0.5293874509,0.5293874509,0.0000000000,1,521.5018860229,2312.0833181637,21676.8903890639,28,31572.4052235968,6065.2015947251,1200.0000000000,10800.0000000000,True
2025-10-25,S1,SEQUENTIAL_PREVIOUS_COMMITMENT,Optimal,1,5.6336646000,2,0.0000000000,7523.6867820767,7728.5386876233,34834.8780604033,19399.3483394962,21800.7746292828,-3.9347372710,8.9844440484,0.0000000000,8.9844440484,1,457.1445061627,1857.8168388997,21253.2304411248,26,30802.1165761571,6345.4905636206,1239.2675586847,10800.0000000000,True
2025-10-26,S1,SEQUENTIAL_PREVIOUS_COMMITMENT,Optimal,1,7.1016777000,2,0.0000000000,7728.5386876233,8120.4723659445,77658.7268769253,48316.5254884233,53863.8066293837,-104.7852695272,393.3251222433,0.0000000000,393.3251222433,12,199.2606158540,638.9244400421,48850.6646589382,11,38219.7442008483,7714.3953010649,1200.0000000000,10800.0000000000,True
2025-10-27,S1,SEQUENTIAL_PREVIOUS_COMMITMENT,Optimal,1,6.8383436000,2,0.0000000000,8120.4723659445,7730.0708057512,73951.0202239512,46008.0142088538,49538.8312719044,83.2858188190,73.4530511831,73.4530511831,0.0000000000,6,478.3459568898,1854.9983807157,47946.2984083885,28,37721.8337452121,7569.8962270164,1200.0000000000,10800.0000000000,True
2025-10-28,S1,SEQUENTIAL_PREVIOUS_COMMITMENT,Optimal,1,6.1312004000,2,0.0000000000,7730.0708057512,8147.5023854470,76917.3425690629,47604.0494101246,51242.3696236699,0.0000000000,0.0000000000,0.0000000000,0.0000000000,0,199.1144847944,655.9951661939,48260.0445763185,16,39411.5436487213,7626.5095349092,1200.0000000000,10800.0000000000,True
2025-10-29,S1,SEQUENTIAL_PREVIOUS_COMMITMENT,Optimal,1,7.6365945000,2,0.0000000000,8147.5023854470,8114.3768881697,75890.4125596970,47267.2503487918,51890.0488754852,230.1994284209,192.5309560586,192.5309560586,0.0000000000,7,969.6219957105,3166.9497002513,50664.3994774640,39,41054.4983100014,7523.0655151286,1200.0000000000,10800.0000000000,True
2025-10-30,S1,SEQUENTIAL_PREVIOUS_COMMITMENT,Optimal,1,7.2212784000,2,0.0000000000,8114.3768881697,7679.0319984216,75231.6142678973,46955.2237008432,51415.3351818137,0.0000000000,0.0000000000,0.0000000000,0.0000000000,0,269.5074246734,1019.3488788105,47974.5725796537,19,38214.0123547566,7607.0824645854,1200.0000000000,10800.0000000000,True
2025-10-31,S1,SEQUENTIAL_PREVIOUS_COMMITMENT,Optimal,1,6.0747945000,2,0.0000000000,7679.0319984216,7661.2237941910,35876.7450333059,20297.5516535114,22860.9869171354,0.0000000000,0.0000000000,0.0000000000,0.0000000000,0,282.6206708471,1125.6762390950,21423.2278926064,18,31125.5774799753,6440.1925107221,1200.0000000000,10800.0000000000,True
2025-11-01,S1,SEQUENTIAL_PREVIOUS_COMMITMENT,Optimal,1,6.6528537000,2,0.0000000000,7661.2237941910,8019.8988940150,36920.8715835689,20801.1588086195,24106.0518974659,0.0000000000,0.0000000000,0.0000000000,0.0000000000,0,272.8040762711,820.4895958149,21621.6484044343,15,31569.2840943203,6361.1167616827,1200.0000000000,10800.0000000000,True
2025-11-02,S1,SEQUENTIAL_PREVIOUS_COMMITMENT,Optimal,1,8.6846545000,2,0.0000000000,8019.8988940150,7621.5159236767,75643.8580850115,47178.7681389889,50948.6887759674,306.9548664265,353.2154255824,353.2154255824,0.0000000000,15,656.5871286933,2536.3983433656,50022.1213487810,33,40220.4131016616,7521.4340535028,1200.0000000000,10800.0000000000,True
2025-11-03,S1,SEQUENTIAL_PREVIOUS_COMMITMENT,Optimal,1,7.1048294000,2,0.0000000000,7621.5159236767,7687.8045561145,77529.3376511302,48306.7868447683,51814.4221711324,29.6336658481,25.2769945792,25.2769945792,0.0000000000,5,771.7768133240,2304.6789780510,50641.0994886674,31,39404.9681691709,7606.6228005839,1200.0000000000,10800.0000000000,True
2025-11-04,S1,SEQUENTIAL_PREVIOUS_COMMITMENT,Optimal,1,8.2717450000,2,0.0000000000,7687.8045561145,8147.2082106512,79697.0057895737,49715.6964075589,53339.3214282249,-1.1790460432,5.7999773537,0.1092159959,5.6907613579,2,376.6513161368,1477.0907332161,51191.6080947318,27,37764.4952891362,7842.9916446747,1200.0000000000,10800.0000000000,True
2025-11-05,S1,SEQUENTIAL_PREVIOUS_COMMITMENT,Optimal,1,7.1495548000,2,0.0000000000,8147.2082106512,8312.5248268659,80128.1966036263,50171.7775827207,54891.4614598129,-15.5752574271,67.2638673490,0.0000000000,67.2638673490,5,295.0801008916,1001.5739358888,51157.7762611824,15,39667.3340161638,7704.4099293713,1200.0000000000,10800.0000000000,True
2025-11-06,S1,SEQUENTIAL_PREVIOUS_COMMITMENT,Optimal,1,6.1198705000,2,0.0000000000,8312.5248268659,8117.2470485128,78869.8457933082,49409.8068947173,53422.4652416363,165.8777150791,155.1129699433,155.1129699433,0.0000000000,11,929.5176020352,3422.2980735943,52997.9826833906,41,40175.2497907968,7635.5659242081,1200.0000000000,10800.0000000000,True
2025-11-07,S1,SEQUENTIAL_PREVIOUS_COMMITMENT,Optimal,1,6.5533548000,2,0.0000000000,8117.2470485128,7692.4089727313,35786.1056788562,20057.1743326299,22122.5259805759,144.4480390341,137.7966434833,137.7966434833,0.0000000000,3,406.4605145736,1731.6617708089,21933.2841424729,25,32247.0195801750,6248.4465728514,1200.0000000000,10800.0000000000,True
2025-11-08,S1,SEQUENTIAL_PREVIOUS_COMMITMENT,Optimal,1,8.2179670000,2,0.0000000000,7692.4089727313,7663.2373740327,35948.9675079943,20193.3553448244,22801.2949464571,-11.0990654246,25.9815581483,0.0000000000,25.9815581483,2,288.5050204414,1219.7587746327,21402.0150540325,17,30958.3276252676,6345.1523646124,1200.0000000000,10800.0000000000,True
2025-11-09,S1,SEQUENTIAL_PREVIOUS_COMMITMENT,Optimal,1,7.4821352000,2,0.0000000000,7663.2373740327,8145.1564982551,80379.8807780035,50310.6554604054,53542.6241831732,-0.9662634322,4.3603945496,0.0000000000,4.3603945496,1,913.2290423912,3784.3096320878,54093.9988290610,35,39417.5202001316,7807.7365425872,1200.0000000000,10800.0000000000,True
2025-11-10,S1,SEQUENTIAL_PREVIOUS_COMMITMENT,Optimal,1,6.3450085000,2,0.0000000000,8145.1564982551,8345.4054249394,80370.5858718834,50204.6901972824,54415.9459212555,755.5027396542,751.5871521682,751.5871521682,0.0000000000,23,1029.0179869998,4140.4993030226,55100.6922399592,39,40188.7259946681,7799.8843033914,1200.0018232821,10800.0000000000,True
2025-11-11,S1,SEQUENTIAL_PREVIOUS_COMMITMENT,Optimal,1,8.9528671000,2,0.0000000000,8345.4054249394,8210.9210916034,81400.8998359835,51487.0893685078,56118.3318196367,53.5643407630,48.2095947530,48.2095947530,0.0000000000,4,196.7635267269,653.9065846809,52194.5602939518,19,38064.7930935417,7960.9202047683,1200.0000000000,10800.0000000000,True
2025-11-12,S1,SEQUENTIAL_PREVIOUS_COMMITMENT,Optimal,1,7.5813141000,2,0.0000000000,8210.9210916034,7959.7128101499,80804.7736341254,50699.9089726412,55989.3763096953,151.0672363747,167.0226704879,167.0226704879,0.0000000000,17,232.2635498830,1118.1086791147,51969.0848881306,16,39778.6266392942,7819.2709600609,1200.0000000000,10800.0000000000,True
2025-11-13,S1,SEQUENTIAL_PREVIOUS_COMMITMENT,Optimal,1,7.1432866000,2,0.0000000000,7959.7128101499,8147.4758873435,83178.7794825929,52567.4856704538,58291.1852361604,0.0000000000,0.0000000000,0.0000000000,0.0000000000,0,243.4517692829,1040.6957178632,53608.1813883171,21,37478.6518884548,8093.3462004560,1200.0000000000,10800.0000000000,True
2025-11-14,S1,SEQUENTIAL_PREVIOUS_COMMITMENT,Optimal,1,6.4192399000,2,0.0000000000,8147.4758873435,8159.3010026217,37750.3723496515,21577.1251559857,24371.7795966332,11.3521634446,9.2846690088,9.2846690088,0.0000000000,2,134.7486785111,530.6446507027,22119.1219701330,12,31508.9692672220,6588.5975099177,1200.0000000000,10800.0000000000,True
2025-11-15,S1,SEQUENTIAL_PREVIOUS_COMMITMENT,Optimal,1,9.9444299000,2,0.0000000000,8159.3010026217,8028.8354775153,38522.5665726682,21606.8385830445,24763.8716705073,17.0307344973,14.0309231317,14.0309231317,0.0000000000,1,251.5940045396,917.0442916978,22540.9136092395,21,30949.7426899726,6933.0135673057,1200.0000000000,10800.0000000000,True
2025-11-16,S1,SEQUENTIAL_PREVIOUS_COMMITMENT,Optimal,1,6.7885200000,2,0.0000000000,8028.8354775153,8063.5137329848,83233.8780723882,52539.3070213835,56625.7504684962,67.8017128692,57.7424002238,57.7424002238,0.0000000000,4,595.6026905518,2086.3754980083,54693.4842322610,29,40809.7575305299,7847.2505002021,1200.0000000000,10800.0000000000,True
2025-11-17,S1,SEQUENTIAL_PREVIOUS_COMMITMENT,Optimal,1,6.0420875000,2,0.0000000000,8063.5137329848,8470.6924281403,85012.3756315460,53838.7922651000,58306.9034404707,403.2449104066,450.3959322843,450.3959322843,0.0000000000,19,233.4692745149,780.2072966832,55022.2444721898,15,39494.3812895804,7970.7335560304,1200.0002132346,10800.0000000000,True
2025-11-18,S1,SEQUENTIAL_PREVIOUS_COMMITMENT,Optimal,1,5.8566082000,2,0.0000000000,8470.6924281403,8006.8051471297,82728.9836488487,52402.8909349188,56735.9220246249,0.0000000000,0.0000000000,0.0000000000,0.0000000000,0,659.4588933312,2255.8164241134,54658.7073590323,32,39683.0337683721,7882.0541483005,1200.0000000000,10800.0000000000,True
2025-11-19,S1,SEQUENTIAL_PREVIOUS_COMMITMENT,Optimal,1,7.6764226000,2,0.0000000000,8006.8051471297,7590.7073690203,82618.0535071188,52136.3840353484,57373.5676094294,871.0902854804,839.9749256608,839.9749256608,0.0000000000,17,538.7580332452,2318.2609267686,55325.7352475973,21,41122.5995594564,7821.1478485985,1200.0024710212,10800.0000000000,True
2025-11-20,S1,SEQUENTIAL_PREVIOUS_COMMITMENT,Optimal,1,6.7051008000,2,0.0000000000,7590.7073690203,8452.5051770568,86147.9918877345,54439.9609682338,58771.8241818753,0.0000000000,0.0000000000,0.0000000000,0.0000000000,0,352.4076002266,1344.4796115709,55784.4405798047,22,40776.5011408612,7977.1451370496,1200.0000000000,10800.0000000000,True
2025-11-21,S1,SEQUENTIAL_PREVIOUS_COMMITMENT,Optimal,1,7.4237964000,2,0.0000000000,8452.5051770568,7722.4160369998,38564.2250972721,21841.7838697771,24986.8764690507,21.2291524961,17.5213000900,17.5213000900,0.0000000000,2,292.5995333616,777.4966176481,22640.5096399212,19,30712.9875230539,7011.5886419625,1200.0000000000,10800.0000000000,True
2025-11-22,S1,SEQUENTIAL_PREVIOUS_COMMITMENT,Optimal,1,8.8193224000,2,0.0000000000,7722.4160369998,8521.0174850499,43089.5309429657,23524.1914391676,27811.1455550190,28.1179370744,23.3321368681,23.3321368681,0.0000000000,2,230.5556799085,908.2578918116,24460.5672680536,15,32548.0622361300,7762.4414510937,1200.0000000000,10800.0000000000,True
2025-11-23,S1,SEQUENTIAL_PREVIOUS_COMMITMENT,Optimal,1,7.1796658000,2,0.0000000000,8521.0174850499,8205.6178601032,85642.8686087569,54460.9245054364,59335.9534631174,346.1147654554,263.7509434071,263.7509434071,0.0000000000,6,536.1321567901,2218.0754324329,57025.1147033247,23,40604.5396509554,7879.9937221178,1200.0000000000,10800.0000000000,True
2025-11-24,S1,SEQUENTIAL_PREVIOUS_COMMITMENT,Optimal,1,7.5004034000,2,0.0000000000,8205.6178601032,7630.9017686286,82837.9693158666,52394.2802175689,56168.7211171890,8.6154040796,27.9120321114,10.7606268063,17.1514053051,4,521.3534751594,2057.1215773857,54460.0171990341,29,39127.8175126685,7894.6717482110,1200.0000000000,10800.0000000000,True
2025-11-25,S1,SEQUENTIAL_PREVIOUS_COMMITMENT,Optimal,1,7.3029068000,2,0.0000000000,7630.9017686286,8343.5597879502,87850.9033353420,55535.7558432409,59598.7603923783,0.0000000000,0.0000000000,0.0000000000,0.0000000000,0,303.6304737289,925.5071792432,56461.2630224840,20,41143.8689163569,7973.7141686688,1200.0000000000,10800.0000000000,True
2025-11-26,S1,SEQUENTIAL_PREVIOUS_COMMITMENT,Optimal,1,6.0042021000,2,0.0000000000,8343.5597879502,7759.0848238962,85039.1454200297,53916.1328250267,57294.2809216504,261.5389713600,254.7288046794,254.7288046794,0.0000000000,11,405.5203623698,1627.2513605385,55804.9231569253,19,41375.4278212229,7815.8188294777,1200.0010073957,10800.0000000000,True
2025-11-27,S1,SEQUENTIAL_PREVIOUS_COMMITMENT,Optimal,1,7.5939317000,2,0.0000000000,7759.0848238962,8126.0850930517,86236.4286345232,54570.7666470823,58508.0365539705,13.9932831436,13.1467347473,13.1467347473,0.0000000000,2,244.8048260445,905.0008573169,55489.7607875428,17,40862.6304164792,7996.0593971704,1200.0000000000,10800.0000000000,True
2025-11-28,S1,SEQUENTIAL_PREVIOUS_COMMITMENT,Optimal,1,7.2547593000,2,0.0000000000,8126.0850930517,8137.9956705134,41403.0300336818,23317.3179028555,27686.6441618641,21.6754256488,17.9970992348,17.9970992348,0.0000000000,2,248.3667364557,923.0734179062,24262.0667464105,18,32307.8507815493,7199.3891321847,1200.0000000000,10800.0000000000,True
2025-11-29,S1,SEQUENTIAL_PREVIOUS_COMMITMENT,Optimal,1,10.5981955000,2,0.0000000000,8137.9956705134,8130.6182291060,43303.1184906768,24125.5650212544,28420.5151282723,6.5088641723,5.4048542698,5.4048542698,0.0000000000,2,727.3775233868,2270.8286669381,26402.9025523648,18,33002.2024776486,7666.6111244579,1200.0000000000,10800.0000000000,True
2025-11-30,S1,SEQUENTIAL_PREVIOUS_COMMITMENT,Optimal,1,4.3706648000,2,0.0000000000,8130.6182291060,7819.5012747499,86906.3334723599,55138.0764966618,59348.1778903265,145.1979256507,125.7663195667,125.7663195667,0.0000000000,15,963.0366720579,3581.8783340964,58865.1527564090,40,43520.2370958175,7752.2577011181,1200.0003120397,10800.0000000000,True
2025-12-01,S1,SEQUENTIAL_PREVIOUS_COMMITMENT,Optimal,1,4.2405233000,2,0.0000000000,7819.5012747499,7884.4328911675,88509.2405278251,56299.5458608342,59745.5418638733,8.6298760451,6.5444780989,6.5444780989,0.0000000000,1,4343.1755242677,16244.0808370574,72552.2565739367,87,44844.3740227725,7773.9837267541,1200.0000000000,10800.0000000000,True
2025-12-02,S1,SEQUENTIAL_PREVIOUS_COMMITMENT,Optimal,1,4.5822523000,2,0.0000000000,7884.4328911675,8665.5141968096,91048.5161313063,57692.6162977500,63194.8164097539,57.0248212895,40.6005890455,40.6005890455,0.0000000000,3,4619.1858783516,18281.0053701801,76030.6464892195,93,45789.7978744048,7815.1089357665,1200.0000000000,10800.0000000000,True
2025-12-03,S1,SEQUENTIAL_PREVIOUS_COMMITMENT,Optimal,1,5.8056886000,2,0.0000000000,8665.5141968096,7641.6968267975,87065.4110491089,55598.1653982496,59415.4383336410,145.5468435662,200.2003675994,200.2003675994,0.0000000000,9,4566.2045163665,15494.4397737139,71238.1520155297,98,43701.3906155872,7679.6126503278,1200.0000000000,10800.0000000000,True
2025-12-04,S1,SEQUENTIAL_PREVIOUS_COMMITMENT,Optimal,1,3.6243566000,2,0.0000000000,7641.6968267975,7599.1772076396,88835.0696000818,56688.5303054767,60430.3703800228,19.2214252045,14.8106923155,14.8106923155,0.0000000000,2,4422.7426160173,15999.2339943770,72706.9857250583,83,44765.0657340026,7731.6150389916,1200.0000000000,10800.0000000000,True
2025-12-05,S1,SEQUENTIAL_PREVIOUS_COMMITMENT,Optimal,1,7.9446640000,2,0.0000000000,7599.1772076396,8103.5058822042,45559.0480713687,25087.8679473644,28248.0274697172,22.6686287926,18.9554294284,18.9554294284,0.0000000000,2,2546.7164976817,8415.5578718383,33526.0944479953,73,35715.3760992528,7362.9959237345,1200.0000000000,10800.0000000000,True
2025-12-06,S1,SEQUENTIAL_PREVIOUS_COMMITMENT,Optimal,1,7.2785622000,2,0.0000000000,8103.5058822042,8657.1967897949,47867.5545965702,26491.9702633823,30300.6211146152,8.4625363028,7.0510545815,7.0510545815,0.0000000000,2,3015.4714642573,9026.9643881731,35527.3971878582,73,35626.8124232628,7544.7777006464,1200.0000000000,10800.0000000000,True
2025-12-07,S1,SEQUENTIAL_PREVIOUS_COMMITMENT,Optimal,1,3.7675515000,2,0.0000000000,8657.1967897949,7830.4934205118,90943.7812622711,58433.8730075027,63797.8852516251,-54.1016922113,226.6020457956,0.0000000000,226.6020457956,8,2771.4653373485,9497.3309205532,67877.1022358446,77,43110.1508998926,7834.2887514523,1200.0000000000,10800.0000000000,True
2025-12-08,S1,SEQUENTIAL_PREVIOUS_COMMITMENT,Optimal,1,3.9393167000,2,0.0000000000,7830.4934205118,7870.6854349934,99179.3800069486,63928.8681291404,68247.0390082908,176.5732965787,247.2882155514,247.2882155514,0.0000000000,10,234.5218493756,1020.2821862004,65125.7236119195,15,43178.9206783024,7949.9408585344,1200.0000000000,10800.0000000000,True
2025-12-09,S1,SEQUENTIAL_PREVIOUS_COMMITMENT,Optimal,1,6.1358923000,2,0.0000000000,7870.6854349934,7669.6459400007,98696.9702915756,63561.8591900813,67653.7125686970,-9.0941300556,59.2814620457,2.6308163303,56.6506457154,4,379.7516820167,1649.7117879965,65202.4768480221,21,44213.6122057457,7829.1883117961,1200.0000000000,10800.0000000000,True
2025-12-10,S1,SEQUENTIAL_PREVIOUS_COMMITMENT,Optimal,1,4.2667012000,2,0.0000000000,7669.6459400007,8483.2253193007,100751.2830922133,64678.1866710706,70118.4513667318,31.5292234674,43.8660932151,43.8660932151,0.0000000000,5,216.7105088740,838.9863904993,65548.7022850373,14,44174.0303389255,7952.8910963039,1200.0000000000,10800.0000000000,True
2025-12-11,S1,SEQUENTIAL_PREVIOUS_COMMITMENT,Optimal,1,7.1188239000,2,0.0000000000,8483.2253193007,7686.0480554219,98032.8718463211,63368.4113966501,67382.1925948206,0.0000000000,0.0000000000,0.0000000000,0.0000000000,0,132.7219371875,444.0473183612,63812.4587150112,9,41992.4028993881,7932.5448490085,1200.0000000000,10800.0000000000,True
2025-12-12,S1,SEQUENTIAL_PREVIOUS_COMMITMENT,Optimal,1,11.4316062000,2,0.0000000000,7686.0480554219,8385.1871638461,54470.5634079067,29843.2502891001,34062.4804026634,217.4004378294,295.7073019311,295.7073019311,0.0000000000,11,305.4942623653,941.1454027736,31001.7961297031,19,36643.0271850203,7500.8154285970,1200.0000000000,10800.0000000000,True
2025-12-13,S1,SEQUENTIAL_PREVIOUS_COMMITMENT,Optimal,1,6.3551253000,2,0.0000000000,8385.1871638461,8167.7874112372,54532.5466818724,29862.4037942912,33496.7739990674,17.5151893796,15.3437576592,15.3437576592,0.0000000000,4,238.4275335954,1158.9170816412,31038.8360653120,14,35849.9078599877,7501.8500865529,1232.6400320670,10800.0000000000,True
2025-12-14,S1,SEQUENTIAL_PREVIOUS_COMMITMENT,Optimal,1,2.5686083000,2,0.0000000000,8167.7874112372,8578.5896438711,100259.9009439927,64761.6554023019,69260.2860155783,132.7316372308,182.7086983452,182.7086983452,0.0000000000,6,231.6205044505,935.1940890547,65829.5811285874,17,44855.3897819369,7853.7108642815,1200.0000000000,10800.0000000000,True
2025-12-15,S1,SEQUENTIAL_PREVIOUS_COMMITMENT,Optimal,1,3.2482732000,2,0.0000000000,8578.5896438711,7908.3331814017,96686.2136725700,62206.4390630669,66134.2957152838,500.8175175548,541.8324462682,541.8324462682,0.0000000000,14,339.0501123255,1277.2326430761,63984.4892236979,24,43817.0753235998,7817.7201958889,1200.0000000000,10800.0000000000,True
2025-12-16,S1,SEQUENTIAL_PREVIOUS_COMMITMENT,Optimal,1,4.8270038000,2,0.0000000000,7908.3331814017,7631.5402478170,98479.2240955829,63707.5231659778,67624.9962774767,0.0000000000,0.0000000000,0.0000000000,0.0000000000,0,221.1297553763,697.3630321957,64404.8861981736,24,43957.6082518141,7778.9031703730,1200.0000000000,10800.0000000000,True
2025-12-17,S1,SEQUENTIAL_PREVIOUS_COMMITMENT,Optimal,1,5.9811623000,2,0.0000000000,7631.5402478170,7968.9679225505,100389.9692215093,64525.8548788550,69171.9123724177,-10.0074665217,41.8862953031,0.0000000000,41.8862953031,3,410.2552453552,1651.8283723313,66167.6757846645,18,43657.1376771367,7903.4906133793,1200.0000000000,10800.0000000000,True
2025-12-18,S1,SEQUENTIAL_PREVIOUS_COMMITMENT,Optimal,1,5.7296936000,2,0.0000000000,7968.9679225505,8042.5878657531,98739.9332357255,63651.8063820941,67818.8720902442,1.4448149614,1.2000852819,1.2000852819,0.0000000000,2,497.0199644153,1555.3510203649,65208.6022174204,20,44223.7865332095,7884.6949501631,1200.0000000000,10800.0000000000,True
2025-12-19,S1,SEQUENTIAL_PREVIOUS_COMMITMENT,Optimal,1,8.5640429000,2,0.0000000000,8042.5878657531,8706.9884268305,56153.4743484478,30579.1456148568,34934.2579921428,37.5804764553,47.6420113831,47.6420113831,0.0000000000,4,75.0119688423,233.3237094023,30850.0498007144,6,36344.4268581425,7525.8710538837,1200.0000000000,10800.0000000000,True
2025-12-20,S1,SEQUENTIAL_PREVIOUS_COMMITMENT,Optimal,1,7.8660134000,2,0.0000000000,8706.9884268305,8495.1783852311,54028.7991684389,30105.8954912908,34223.1495350840,10.1231371415,8.4655771379,8.4655771379,0.0000000000,1,173.7667051862,599.4724305742,30715.4910590065,17,36892.9036264347,7425.0471328857,1200.0000000000,10800.0000000000,True
2025-12-21,S1,SEQUENTIAL_PREVIOUS_COMMITMENT,Optimal,1,7.7757965000,2,0.0000000000,8495.1783852311,7896.6962791127,98753.8853001173,63897.5991416012,67261.3842680386,-14.0813369996,60.0569971266,0.0000000000,60.0569971266,4,614.3311451440,1831.6029079675,65715.1207125690,23,42912.2901476744,7921.9068729059,1200.0000000000,10800.0000000000,True
2025-12-22,S1,SEQUENTIAL_PREVIOUS_COMMITMENT,Optimal,1,7.7136960000,2,0.0000000000,7896.6962791127,8449.4396794156,100417.5891935302,64555.1885281089,69325.4555486284,20.6549290423,12.5684124634,12.5684124634,0.0000000000,1,282.4448472780,844.1731527901,65420.0166099413,24,44611.6396570722,7922.1589523537,1200.0000000000,10800.0000000000,True
2025-12-23,S1,SEQUENTIAL_PREVIOUS_COMMITMENT,Optimal,1,14.7932257000,2,0.0000000000,8449.4396794156,8500.4195171842,99920.2987468130,64470.0609118838,68677.6892268518,-3.2625895997,14.7228772548,0.0000000000,14.7228772548,1,88.7555179994,245.1392070808,64711.9375293649,10,43458.1594953132,7973.5261423178,1200.0000000000,10800.0000000000,True
2025-12-24,S1,SEQUENTIAL_PREVIOUS_COMMITMENT,Optimal,1,7.5066326000,2,0.0000000000,8500.4195171842,8522.3183964439,99839.2804481305,64333.6096002791,68776.2278409736,0.0000000000,0.0000000000,0.0000000000,0.0000000000,0,153.4650632237,560.0050396265,64893.6146399056,16,43775.5390822967,7960.9436428700,1200.0000000000,10800.0000000000,True
2025-12-25,S1,SEQUENTIAL_PREVIOUS_COMMITMENT,Optimal,1,7.9491402000,2,0.0000000000,8522.3183964439,8218.4703935244,98097.2119429810,63190.2418282078,66519.9149360296,-1.7353024802,4.8089302487,0.0000000000,4.8089302487,1,609.1077007530,2201.9411080619,65390.4476337895,29,42836.4459974506,7908.9288808076,1200.0000000000,10800.0000000000,True
2025-12-26,S1,SEQUENTIAL_PREVIOUS_COMMITMENT,Optimal,1,6.0072771000,2,0.0000000000,8218.4703935244,7905.5882080376,52877.9884831966,29338.0335014528,32510.1859987229,0.1526713001,0.1276729387,0.1276729387,0.0000000000,1,264.0400704661,941.8549288619,30280.0411016149,17,36046.6307531277,7547.4425023758,1200.0000000000,10800.0000000000,True
2025-12-27,S1,SEQUENTIAL_PREVIOUS_COMMITMENT,Optimal,1,7.9822663000,2,0.0000000000,7905.5882080376,7650.8498516286,52456.5535696354,28607.0192083495,32393.0842001602,7.0988600952,5.8484594622,5.8484594622,0.0000000000,1,266.0036421811,1009.1100704904,29623.2281389352,22,36106.3806195770,7440.3917559050,1200.0000000000,10800.0000000000,True
2025-12-28,S1,SEQUENTIAL_PREVIOUS_COMMITMENT,Optimal,1,5.1420863000,2,0.0000000000,7650.8498516286,8400.1349082424,100931.3231998543,64951.7586043009,69469.4441928480,12.0091639052,15.0723327091,8.7901614739,6.2821712352,2,345.4340943359,1249.6783825975,66213.4461508036,20,43170.0853998797,7952.6836066745,1200.0000000000,10800.0000000000,True
2025-12-29,S1,SEQUENTIAL_PREVIOUS_COMMITMENT,Optimal,1,5.6442784000,2,0.0000000000,8400.1349082424,7656.1836104145,97832.3418068591,63171.5007090002,68046.9277769656,108.1410682634,149.7387064291,149.7387064291,0.0000000000,9,228.2321951754,734.1716521044,64013.8134293680,16,42725.5668046146,7927.0205086722,1200.0000000000,10800.0000000000,True
2025-12-30,S1,SEQUENTIAL_PREVIOUS_COMMITMENT,Optimal,1,5.6586640000,2,0.0000000000,7656.1836104145,7989.7678328877,98661.4269117783,63414.0511589235,67726.8476508332,3.8825762581,54.2128874802,8.6785184835,45.5343689967,4,236.2171286051,737.6843894142,64155.6181245958,17,43385.1842655640,7893.9103807729,1200.0000000000,10800.0000000000,True
2025-12-31,S1,SEQUENTIAL_PREVIOUS_COMMITMENT,Optimal,1,4.2584948000,2,0.0000000000,7989.7678328877,7787.6609676955,98786.2373069033,63609.2163762917,67195.1751091948,0.0000000000,0.0000000000,0.0000000000,0.0000000000,0,424.6438162195,1186.2113480822,64795.4277243739,24,44007.4125595296,7891.9512947971,1200.0000000000,10800.0000000000,True
2025-02-01,S2,SEQUENTIAL_PREVIOUS_COMMITMENT,Optimal,1,10.6612122000,3,0.0000000000,6000.0000000000,7146.1149946571,48488.6190411939,25718.3232573597,27159.8253417210,-272.0541033164,1237.2789654077,8.4328006291,1228.8461647786,11,141.8255025381,758.4249979975,26204.6941520408,10,35456.6251895531,7423.6763190312,1236.1167459491,10800.0000000000,True
2025-02-02,S2,SEQUENTIAL_PREVIOUS_COMMITMENT,Optimal,1,4.0781381000,3,0.0000000000,7146.1149946571,7020.1975919128,92998.0525693649,58927.8219489153,61128.0506680849,-540.7290810453,1749.4313974748,0.0000000000,1749.4313974748,15,72.9630995311,253.6632152010,58640.7560830710,5,40437.1774714720,8004.3362598285,1200.0000000000,10800.0000000000,True
2025-02-03,S2,SEQUENTIAL_PREVIOUS_COMMITMENT,Optimal,1,10.4565608000,3,0.0000000000,7020.1975919128,7017.3095427691,91982.7689724139,57997.0877274154,60009.0722210746,-278.6620913285,910.2141382977,0.0000000000,910.2141382977,12,202.3979423044,830.9889153405,58549.4145514275,12,41526.3754818542,8007.6397072836,1200.0000000000,10800.0000000000,True
2025-02-04,S2,SEQUENTIAL_PREVIOUS_COMMITMENT,Optimal,1,16.9952051000,3,0.0000000000,7017.3095427691,7037.2828541444,92296.3073794286,58254.8052989879,60446.4157108132,59.6652049112,310.1691184696,104.9101273428,205.2589911268,6,285.5862487019,937.5946102492,59252.0651141484,11,43299.9305941533,7917.1868739083,1221.4022266348,10800.0000000000,True
2025-02-05,S2,SEQUENTIAL_PREVIOUS_COMMITMENT,Optimal,1,12.2060984000,3,0.0000000000,7037.2828541444,6849.5061446889,90273.8851811079,56839.4948393275,58997.1421514551,241.0250638580,294.2190674871,281.6687997035,12.5502677836,14,262.0257631799,1151.1565484628,58231.6764516483,23,42298.8334466215,7864.3605844120,1200.0000000000,10800.0000000000,True
2025-02-06,S2,SEQUENTIAL_PREVIOUS_COMMITMENT,Optimal,1,15.1185012000,3,0.0000000000,6849.5061446889,7067.3268157251,92818.0943021127,58767.6997525080,60818.6263183100,-375.3425629212,1251.9672104730,18.5592210936,1233.4079893794,17,94.2214399089,334.7734857740,58727.1306753608,5,41744.1118380759,7991.0424676190,1223.6639058160,10800.0000000000,True
2025-02-07,S2,SEQUENTIAL_PREVIOUS_COMMITMENT,Optimal,1,17.7341203000,3,0.0000000000,7067.3268157251,7003.1344367956,46286.1635845316,24564.4614998409,26052.8919714897,-459.3358673223,2101.5896483590,6.5483851576,2095.0412632014,8,114.5556831159,660.7376389573,24765.8632714759,7,34515.9159866413,7370.3208102356,1204.1559839240,10800.0000000000,True
2025-02-08,S2,SEQUENTIAL_PREVIOUS_COMMITMENT,Optimal,1,19.8217237000,3,0.0000000000,7003.1344367956,6951.7959902332,40515.7410636104,21641.9606112224,23275.2782380449,-19.1601832663,88.2076812567,0.0000000000,88.2076812567,3,281.7844981772,1281.3402852660,22904.1407132221,22,33517.2600159708,6941.1846858033,1200.0000000000,10800.0000000000,True
2025-02-09,S2,SEQUENTIAL_PREVIOUS_COMMITMENT,Optimal,1,17.2197126000,3,0.0000000000,6951.7959902332,7001.4076683178,87279.5296403833,54767.4325847849,56890.9989289407,42.9855326139,90.9799197377,73.3542740986,17.6256456392,6,469.0056462049,1486.2394946112,56296.6576120101,28,43145.0316699176,7882.1409069206,1200.0000000000,10800.0000000000,True
2025-02-10,S2,SEQUENTIAL_PREVIOUS_COMMITMENT,Optimal,1,6.5309756000,3,0.0000000000,7001.4076683178,6848.1909190979,87415.5604668779,54917.8201063651,56924.8748194677,-1151.2928096273,4066.1325795725,0.0000000000,4066.1325795725,30,189.6016158727,678.3733803386,54444.9006770764,14,37999.7002605248,8043.2468613159,1205.0785269097,10800.0000000000,True
2025-02-11,S2,SEQUENTIAL_PREVIOUS_COMMITMENT,Optimal,1,12.4397779000,3,0.0000000000,6848.1909190979,6917.2892328379,85427.0249582807,53409.7689056898,55448.5529449296,-674.1417054429,1989.2023094366,0.0000000000,1989.2023094366,30,311.3203184978,1552.4999243300,54288.1271245769,26,40641.7501987439,7804.0013051324,1200.0000000000,10800.0000000000,True
2025-02-12,S2,SEQUENTIAL_PREVIOUS_COMMITMENT,Optimal,1,9.7738912000,3,0.0000000000,6917.2892328379,6981.0931305853,85509.0836150516,53389.5517765170,55536.6874491058,-595.1144042596,2039.4592835490,0.0000000000,2039.4592835490,25,335.3140656433,1428.0899782656,54222.5273505231,21,40612.4348546671,7869.6390526870,1200.0000000000,10800.0000000000,True
2025-02-13,S2,SEQUENTIAL_PREVIOUS_COMMITMENT,Optimal,1,9.9322747001,3,0.0000000000,6981.0931305853,7084.0811735543,84919.5538701022,53092.0785599542,55070.4103347102,-1013.5615668821,3336.3784585921,0.0000000000,3336.3784585921,29,366.1163573855,1574.4882695570,53653.0052626291,24,37650.1492860856,7887.9452035912,1200.0000000000,10800.0000000000,True
2025-02-14,S2,SEQUENTIAL_PREVIOUS_COMMITMENT,Optimal,1,17.1776220000,3,0.0000000000,7084.0811735543,7085.8209986905,38131.2962028239,20454.9506395930,22051.5274733904,-85.5157821791,377.1372824249,0.0000000000,377.1372824249,4,718.1213682526,2790.7918560717,23160.2267134856,34,32353.8395324146,6397.8121377448,1200.0000000000,10800.0000000000,True
2025-02-15,S2,SEQUENTIAL_PREVIOUS_COMMITMENT,Optimal,1,10.6546656000,3,0.0000000000,7085.8209986905,6984.8915497921,37190.7039405869,20042.2903902604,21578.3297379725,-11.4370276652,26.4192352275,0.0000000000,26.4192352275,4,657.6509924289,2580.3320764253,22611.1854390205,35,31380.0342770903,6322.1604302066,1200.0000000000,10800.0000000000,True
2025-02-16,S2,SEQUENTIAL_PREVIOUS_COMMITMENT,Optimal,1,12.8167340000,3,0.0000000000,6984.8915497921,7010.0799672602,83203.0091836640,51768.8467675589,53935.8790586986,-355.2107520728,1026.6948632010,0.0000000000,1026.6948632010,29,748.4883821230,2874.7982218581,54288.4342373442,43,40036.3178361982,7811.3066296131,1200.0000000000,10800.0000000000,True
2025-02-17,S2,SEQUENTIAL_PREVIOUS_COMMITMENT,Optimal,1,6.7990863000,3,0.0000000000,7010.0799672602,6915.3784279302,82311.6400499818,50975.3671676852,53098.7947743646,-1126.2331264826,3633.9909756685,0.0000000000,3633.9909756685,33,404.8433529432,1764.9833167782,51614.1173579808,30,37310.9172561162,7836.5461071362,1200.0000000000,10800.0000000000,True
2025-02-18,S2,SEQUENTIAL_PREVIOUS_COMMITMENT,Optimal,1,6.8047874000,3,0.0000000000,6915.3784279302,6922.4784705796,80938.7226731063,50234.9840335543,52298.5095714122,-393.6348038433,1387.0382543206,0.0000000000,1387.0382543206,19,329.8755612106,1310.7581534492,51152.1073831603,24,38632.4530236294,7811.7742229024,1200.0000000000,10800.0000000000,True
2025-02-19,S2,SEQUENTIAL_PREVIOUS_COMMITMENT,Optimal,1,9.1670610000,3,0.0000000000,6922.4784705796,6930.0560826080,80539.7331468148,49950.0646985720,52037.8860169882,-142.8415542101,557.6106458247,0.7518073044,556.8588385203,13,763.1936936136,2618.7666434065,52425.9897877684,38,40842.4942102707,7644.2112556673,1200.0000000000,10800.0000000000,True
2025-02-20,S2,SEQUENTIAL_PREVIOUS_COMMITMENT,Optimal,1,7.9451692000,3,0.0000000000,6930.0560826080,7001.3207937876,80964.3895848060,50002.3066305892,52053.6508354008,-473.5654466715,1488.3929990366,1.8876166229,1486.5053824137,23,522.9685666318,2306.1574105332,51834.8985944508,32,38951.1077979228,7708.9542252713,1200.0000000000,10800.0000000000,True
2025-02-21,S2,SEQUENTIAL_PREVIOUS_COMMITMENT,Optimal,1,12.0647917000,3,0.0000000001,7001.3207937876,6800.9532937053,36445.9151606911,19575.7251666963,20692.0359250411,-24.8713415325,56.4368809191,0.0000000000,56.4368809191,8,287.4505979398,1003.3379668299,20554.1917919937,24,31558.9400649873,6185.1013491498,1200.0000000000,10800.0000000000,True
2025-02-22,S2,SEQUENTIAL_PREVIOUS_COMMITMENT,Optimal,1,15.4392197000,3,0.0000000000,6800.9532937053,6992.0653071491,36626.6414227752,19670.8777701220,20890.5088567221,-18.8934125046,56.3387714722,3.4570244759,52.8817469963,5,353.2456998677,1327.7087919217,20979.6931495392,25,31464.7548032514,6039.3789483282,1204.6620562878,10800.0000000000,True
2025-02-23,S2,SEQUENTIAL_PREVIOUS_COMMITMENT,Optimal,1,9.7962217000,3,0.0000000000,6992.0653071491,6928.7705040450,79493.7707822446,49188.4388749350,51014.3040727750,-266.2839631134,780.4799721671,0.0000000000,780.4799721671,18,669.6664200287,2308.6797070791,51230.8346189007,35,39813.1653248238,7609.4167600915,1207.5420561343,10800.0000000000,True
2025-02-24,S2,SEQUENTIAL_PREVIOUS_COMMITMENT,Optimal,1,14.4643596000,3,0.0000000000,6928.7705040450,6893.4088624395,78356.5584391147,48298.9181019566,50387.3766574080,-477.5556840765,1641.1956739878,0.0000000000,1641.1956739878,6,473.0477455270,2062.5772975084,49883.9397153885,29,38007.7332129329,7661.5041782832,1200.0000000000,10800.0000000000,True
2025-02-25,S2,SEQUENTIAL_PREVIOUS_COMMITMENT,Optimal,1,10.9526085000,3,0.0000000000,6893.4088624395,6967.3060733471,78791.5288745778,48575.7588231423,50699.3113436296,-1173.7636924417,4011.4395006397,0.0000000000,4011.4395006397,23,477.6823527096,1838.5660272938,49240.5611579944,30,37041.8136084902,7685.2050484774,1200.0000000000,10800.0000000000,True
2025-02-26,S2,SEQUENTIAL_PREVIOUS_COMMITMENT,Optimal,1,16.5999168000,3,0.0000000000,6967.3060733471,6959.3536519728,77868.5779106740,47872.9509663372,49839.7586675685,-258.3312904260,867.6315070329,0.0000000000,867.6315070329,13,550.8100401328,2226.1287662582,49840.7484421694,28,38803.1579999390,7586.3454123966,1200.0000000000,10800.0000000000,True
2025-02-27,S2,SEQUENTIAL_PREVIOUS_COMMITMENT,Optimal,1,13.2188861000,3,0.0000000000,6959.3536519728,6949.7902011740,77041.3468971153,47342.3952823771,49270.4110704711,-297.6707867055,1123.4462552535,0.0000000000,1123.4462552535,13,422.9660209050,1894.8076376002,48939.5321332718,17,40630.3653919028,7461.1619217164,1200.0000000000,10800.0000000000,True
2025-02-28,S2,SEQUENTIAL_PREVIOUS_COMMITMENT,Optimal,1,14.9423972000,3,0.0000000000,6949.7902011740,6958.9585378559,35311.2643214826,18855.7830302106,19940.5534991302,-23.8925891080,56.0871159076,0.0000000000,56.0871159076,4,349.3060849885,1365.4216794947,20197.3121205973,22,30425.4979550471,6007.8655742868,1200.0000000000,10800.0000000000,True
2025-03-01,S2,SEQUENTIAL_PREVIOUS_COMMITMENT,Optimal,1,10.9815059000,3,0.0000000001,6958.9585378559,6940.0796575221,35500.3886136398,19058.5949306671,20125.1088130365,0.0000000000,0.0000000000,0.0000000000,0.0000000000,0,354.7597819818,1526.9405524626,20585.5354831297,18,29606.1422489809,5964.1692970744,1214.3103363715,10800.0000000000,True
2025-03-02,S2,SEQUENTIAL_PREVIOUS_COMMITMENT,Optimal,1,8.1247740000,3,0.0000000000,6940.0796575221,6966.6468885119,76945.4396125786,47190.9082312797,49350.9734434483,2386.5987688275,2274.8443567222,2274.8443567222,0.0000000000,29,1213.8940016886,4669.9706062809,54247.4776063881,34,41551.4588815113,7577.9454660615,1200.0000000000,10800.0000000000,True
2025-03-03,S2,SEQUENTIAL_PREVIOUS_COMMITMENT,Optimal,1,7.9836913000,3,0.0000000000,6966.6468885119,6968.6061308320,77684.7210270585,47828.6103615149,50064.0126177549,402.0592284833,574.2539469598,498.4385205590,75.8154264008,19,1535.1732950320,6371.2384781590,54601.9080681572,48,41859.2394874684,7514.8573159319,1200.0000000000,10800.0000000000,True
2025-03-04,S2,SEQUENTIAL_PREVIOUS_COMMITMENT,Optimal,1,9.8634359000,3,0.0000000000,6968.6061308320,6923.0562005064,78076.7402537031,48182.1854256018,50680.7338702111,-209.4645457210,882.8348878604,61.4124969277,821.4223909327,9,525.4916130829,1466.2216011692,49438.9424810500,26,39501.5329261872,7636.3229523499,1200.0000000000,10800.0000000000,True
2025-03-05,S2,SEQUENTIAL_PREVIOUS_COMMITMENT,Optimal,1,15.1277828000,3,0.0000000000,6923.0562005064,7029.6927614073,79144.6588061889,48736.3635021896,50833.0256979217,-874.4584245459,3279.1495153796,0.0000000000,3279.1495153796,29,195.0449969851,741.5665612492,48603.4716388930,14,36537.9712225258,7894.6234737429,1200.0000000000,10800.0000000000,True
2025-03-06,S2,SEQUENTIAL_PREVIOUS_COMMITMENT,Optimal,1,17.3909147000,3,0.0000000000,7029.6927614073,7006.0470927234,77957.5861011200,48168.5982558456,50441.9447628104,-745.5449079531,2887.2113563176,0.0000000000,2887.2113563176,22,286.8708318824,862.3781305049,48285.4314783974,19,36502.4158355391,7892.2730841873,1200.0000000000,10800.0000000000,True
2025-03-07,S2,SEQUENTIAL_PREVIOUS_COMMITMENT,Optimal,1,10.6662640000,3,0.0000000000,7006.0470927234,7088.5085604064,34853.4004253369,18675.7309892983,19896.1446068167,-18.0804168483,41.0318703391,0.0000000000,41.0318703391,6,195.5822888385,698.3894220421,19356.0399944920,14,28834.7628484612,6236.8669663015,1245.6916844230,10800.0000000000,True
2025-03-08,S2,SEQUENTIAL_PREVIOUS_COMMITMENT,Optimal,1,9.5321559000,3,0.0000000000,7088.5085604064,6958.8351640899,32815.4753801536,17776.2651603315,18875.9645433155,-21.2138138540,49.8894732215,0.0000000000,49.8894732215,5,352.0825295969,1089.3185014409,18844.3698479184,23,30604.1368307432,5895.7321584718,1208.9610501821,10800.0000000000,True
2025-03-09,S2,SEQUENTIAL_PREVIOUS_COMMITMENT,Optimal,1,9.6845382000,3,0.0000000000,6958.8351640899,6871.1274440061,75133.1541358032,46104.0630648876,48406.6694926657,-964.0888615664,3508.5137146672,0.0000000000,3508.5137146672,34,275.0781303950,1130.2320894419,46270.2062927631,25,37764.4999039321,7513.3603649236,1200.0000000000,10800.0000000000,True
2025-03-10,S2,SEQUENTIAL_PREVIOUS_COMMITMENT,Optimal,1,9.6658779001,3,0.0000000000,6871.1274440061,6873.8977378706,73866.4148170887,45172.4969966600,47203.6159344888,50.2738182391,88.7764520739,82.5383235851,6.2381284888,4,1478.0666081613,4676.6689145980,49899.4397294971,50,39004.4188614622,7362.3623505182,1200.0000000000,10800.0000000000,True
2025-03-11,S2,SEQUENTIAL_PREVIOUS_COMMITMENT,Optimal,1,10.6472702000,3,0.0000000000,6873.8977378706,7032.4703453593,72522.8511214874,44043.5366801153,46160.2254356261,-232.9398471925,1091.4093102942,66.9608463222,1024.4484639721,10,647.0804753452,2639.5527925371,46450.1496254599,40,37580.7473755432,7518.5414502763,1208.1475434028,10800.0000000000,True
2025-03-12,S2,SEQUENTIAL_PREVIOUS_COMMITMENT,Optimal,1,9.4414174000,3,0.0000000000,7032.4703453593,6960.7242348884,73109.5763263141,44534.5219832530,46834.6534886849,-795.1424505291,2674.7145449735,10.6084485231,2664.1060964504,31,528.2901490671,1992.5294679244,45731.9090006483,31,37277.1767809691,7450.2676916320,1200.0000000000,10800.0000000000,True
2025-03-13,S2,SEQUENTIAL_PREVIOUS_COMMITMENT,Optimal,1,9.0355888000,3,0.0000000000,6960.7242348884,7026.9791680453,73275.8394709664,44568.7259222050,46687.7618659376,155.0840813224,255.4807354632,240.0457215285,15.4350139347,7,1429.0340781645,6217.0874887533,50940.8974922807,43,38351.7187415069,7462.5524159100,1200.0000000000,10800.0000000000,True
2025-03-14,S2,SEQUENTIAL_PREVIOUS_COMMITMENT,Optimal,1,13.8151515000,3,0.0000000000,7026.9791680453,6964.9466929164,31932.6400746100,17140.2050816663,18181.2894167919,-24.8836261479,55.4629758778,0.0000000000,55.4629758778,3,357.6069678067,1553.5086320784,18668.8300875968,26,30174.0285010367,6056.9282355170,1200.0000000000,10800.0000000000,True
2025-03-15,S2,SEQUENTIAL_PREVIOUS_COMMITMENT,Optimal,1,10.8443509999,3,0.0000000000,6964.9466929164,7075.0915639868,32428.1789437447,17333.5497065914,18380.2168249831,-20.1305193592,46.0271597845,0.0000085202,46.0271512643,5,388.6361540584,1670.9772755074,18984.3964627396,25,30632.4738559485,5976.7426551098,1210.0331908517,10800.0000000000,True
2025-03-16,S2,SEQUENTIAL_PREVIOUS_COMMITMENT,Optimal,1,10.1813795000,3,0.0000000000,7075.0915639868,6974.8818316899,71603.9155424295,43507.3269431597,45672.9444411799,-93.9987433771,542.3134422079,59.4654052623,482.8480369456,9,474.9450164219,1897.7902468520,45311.1184466346,34,37860.7907892436,7421.4055638090,1204.1546288339,10800.0000000000,True
2025-03-17,S2,SEQUENTIAL_PREVIOUS_COMMITMENT,Optimal,1,15.8482662000,3,0.0000000000,6974.8818316899,7004.6300560906,71783.1365842648,43426.4772676841,45998.8251944447,-1048.0672689328,3434.1871691124,0.0000000000,3434.1871691124,28,322.8653982314,1446.8773806337,43825.2873793850,20,36393.1837955571,7404.6093412974,1202.3279720775,10800.0000000000,True
2025-03-18,S2,SEQUENTIAL_PREVIOUS_COMMITMENT,Optimal,1,9.3228178000,3,0.0000000000,7004.6300560906,7060.1587504500,71551.8344919796,43404.1647722150,45517.8828281950,-405.2589458055,1403.3514159586,0.0000000000,1403.3514159586,19,524.3831314951,2125.8157918011,45124.7216182106,27,37926.5867573194,7445.1296703591,1200.0000000000,10800.0000000000,True
2025-03-19,S2,SEQUENTIAL_PREVIOUS_COMMITMENT,Optimal,1,10.3874576000,3,0.0000000000,7060.1587504500,6929.3523023979,69426.2770211704,42071.8851349300,44338.5360479588,-211.4068597286,808.8901134249,6.6655232455,802.2245901794,9,372.4196641255,1644.9359151688,43505.4141903703,21,38364.3732928290,7382.7666405561,1200.0000000000,10800.0000000000,True
2025-03-20,S2,SEQUENTIAL_PREVIOUS_COMMITMENT,Optimal,1,10.9602122000,3,0.0000000000,6929.3523023979,6963.8055974095,69605.8236906850,42226.7410986315,44588.8884466410,-227.5976470727,761.6324542486,0.0000000000,761.6324542486,12,943.9913978308,3509.3598066511,45508.5032582099,44,38274.7211516671,7356.1864511056,1200.0000000000,10800.0000000000,True
2025-03-21,S2,SEQUENTIAL_PREVIOUS_COMMITMENT,Optimal,1,9.5462220000,3,0.0000000000,6963.8055974095,7105.4451051108,31448.1840145056,16791.9315791336,17844.0665504357,-69.3191977163,162.8095866743,0.0000000000,162.8095866743,8,409.3880362748,1224.5140858289,17947.1264672462,24,30482.1725744540,6036.3152667501,1293.2469507600,10800.0000000000,True
2025-03-22,S2,SEQUENTIAL_PREVIOUS_COMMITMENT,Optimal,1,8.6920275000,3,0.0000000000,7105.4451051108,7102.6941333768,32010.4756957234,17126.6595394271,18240.2138394510,-14.6218506906,32.8095116518,0.0000000000,32.8095116518,2,135.6667271330,320.0972049365,17432.1348936731,13,30305.0743175770,5934.8335536396,1263.8076466189,10800.0000000000,True
2025-03-23,S2,SEQUENTIAL_PREVIOUS_COMMITMENT,Optimal,1,10.3662981000,3,0.0000000000,7102.6941333768,6965.7948467703,68222.5324828646,41124.8018913033,43119.2681866281,-327.6619210535,1023.5811193323,0.0000000000,1023.5811193323,12,612.1066173212,2555.7772569497,43352.9172271996,32,36941.4011628118,7365.0121454652,1200.0000000000,10800.0000000000,True
2025-03-24,S2,SEQUENTIAL_PREVIOUS_COMMITMENT,Optimal,1,17.7562915000,3,0.0000000000,6965.7948467703,7013.2935797399,67626.8305951211,40829.1038470059,43554.5567968175,194.8719413416,852.1597963097,337.7019856563,514.4578106534,13,546.7705039364,1694.0020262890,42717.9778146364,36,38188.8359172747,7389.7411840047,1200.0000000000,10800.0000000000,True
2025-03-25,S2,SEQUENTIAL_PREVIOUS_COMMITMENT,Optimal,1,11.5817191000,3,0.0000000000,7013.2935797399,6969.4418674247,68228.2211983505,41169.1212105981,43434.3270885054,-277.1514378247,1116.6266151779,1.2212329874,1115.4053821905,12,939.0409352351,3343.5241995262,44235.4939722995,44,37291.7837955342,7413.9623473261,1200.0000000000,10800.0000000000,True
2025-03-26,S2,SEQUENTIAL_PREVIOUS_COMMITMENT,Optimal,1,13.7428434000,3,0.0000000000,6969.4418674247,7059.0696271211,66320.5159204741,39873.8472132997,42109.8815776524,-246.2824872649,1029.6438221941,0.0000000000,1029.6438221941,9,406.3068132175,1344.3430925957,40971.9078186304,28,37380.9406000798,7356.9093830406,1200.0000000000,10800.0000000000,True
2025-03-27,S2,SEQUENTIAL_PREVIOUS_COMMITMENT,Optimal,1,10.6670145000,3,0.0000000000,7059.0696271211,7076.7053812150,67134.3784750596,40533.8936426003,42594.3781396964,-164.1747080693,976.7038233814,100.7008297675,876.0029936138,21,759.1707227549,2871.5063372841,43241.2252718152,39,37256.0502508437,7437.1077492396,1202.4245245949,10800.0000000000,True
2025-03-28,S2,SEQUENTIAL_PREVIOUS_COMMITMENT,Optimal,1,11.9329884000,3,0.0000000000,7076.7053812150,7192.1551512255,31148.4615551026,16422.6283270701,17460.6124843176,-8.9963427146,19.3874800680,0.0000000000,19.3874800680,2,204.9458331012,661.0561395507,17074.6881239062,15,30558.9459293672,5956.3981523927,1246.8488131743,10800.0000000000,True
2025-03-29,S2,SEQUENTIAL_PREVIOUS_COMMITMENT,Optimal,1,7.8320909000,3,0.0000000000,7192.1551512255,7007.6505654091,30466.9576756986,16031.7642061752,17025.8133252472,-12.1514456707,26.6859086204,0.0000000000,26.6859086204,2,317.1451849724,1321.8277958858,17341.4405563904,19,30299.8071272622,6058.4407822107,1242.9246558802,10800.0000000000,True
2025-03-30,S2,SEQUENTIAL_PREVIOUS_COMMITMENT,Optimal,1,21.6376712000,3,0.0000000000,7007.6505654091,6980.0747389610,65926.5849040750,39742.0570123502,42346.8033868865,-470.2837667512,1803.8646649952,0.0000000000,1803.8646649952,23,549.5453780885,2102.2393372804,41374.0125828795,27,36690.7571369918,7477.9123796070,1201.2610821759,10800.0000000000,True
2025-03-31,S2,SEQUENTIAL_PREVIOUS_COMMITMENT,Optimal,1,12.0390198000,3,0.0000000000,6980.0747389610,6950.9563355914,63020.1200788911,37839.4866460694,39777.3710477103,302.7158663242,427.5407800129,306.6648540094,120.8759260035,16,667.8165017488,2654.1660971958,40796.3686095894,37,35863.8036478727,7499.7571207277,1200.0000000000,10800.0000000000,True
2025-04-01,S2,SEQUENTIAL_PREVIOUS_COMMITMENT,Optimal,1,12.2123796000,3,0.0000000000,6950.9563355914,7000.3591736043,66277.9132464229,39747.9679339935,42217.1691044718,9.1917506975,8.1023181376,8.1023181376,0.0000000000,2,1171.8379201511,3558.0703430415,43315.2300277325,45,35292.9017279818,7598.0458077685,1200.0000000000,10800.0000000000,True
2025-04-02,S2,SEQUENTIAL_PREVIOUS_COMMITMENT,Optimal,1,19.9471996000,3,0.0000000000,7000.3591736043,6987.7519958892,65299.6550989800,39093.4762923896,41317.7407570447,508.8012557196,504.7900155858,504.7900155858,0.0000000000,7,1842.1098060004,7019.8342817396,46622.1118298488,53,38283.0559739002,7276.1110366607,1200.0000000000,10800.0000000000,True
2025-04-03,S2,SEQUENTIAL_PREVIOUS_COMMITMENT,Optimal,1,17.9898641000,3,0.0000000000,6987.7519958892,7019.6899548837,65741.2989003549,39366.9955121790,41669.8314222043,-181.9810516726,1091.5428776298,51.5995829906,1039.9432946391,5,391.1252785416,1272.1046747092,40457.1191352156,26,37510.3130440228,7389.7649993301,1200.0000000000,10800.0000000000,True
2025-04-04,S2,SEQUENTIAL_PREVIOUS_COMMITMENT,Optimal,1,5.7009828000,3,0.0000000000,7019.6899548837,7253.0268019727,30079.7775660404,15693.5990767491,16727.7600997902,-17.7329182496,38.8679611320,0.0000000000,38.8679611320,7,371.0462538600,1425.7691954814,17101.6353539809,22,30202.9751894379,5840.2372636158,1342.8080620954,10800.0000000000,True
2025-04-05,S2,SEQUENTIAL_PREVIOUS_COMMITMENT,Optimal,1,9.3449237000,3,0.0000000000,7253.0268019727,6958.9044947703,29673.6290301327,15494.9286437208,16476.3270991136,-8.6112675864,18.3398669383,0.0000000000,18.3398669383,2,431.5218322095,1524.3621077763,17010.6794839107,32,30194.2976494365,5969.7127381849,1200.0000000000,10800.0000000000,True
2025-04-06,S2,SEQUENTIAL_PREVIOUS_COMMITMENT,Optimal,1,11.3710807000,3,0.0000000000,6958.9044947703,7560.7111114008,66398.9846300989,39268.8412859444,41914.7426052420,-231.7692093942,1078.8730248060,11.1931124628,1067.6799123432,11,361.6875845981,1451.8869689974,40488.9590455476,25,37156.8838711500,7437.7612191139,1200.0000000000,10800.0000000000,True
2025-04-07,S2,SEQUENTIAL_PREVIOUS_COMMITMENT,Optimal,1,14.5722791000,3,0.0000000000,7560.7111114008,6973.8253755469,62735.2938504033,37441.1266915026,39491.7566632109,-113.6624775522,532.4704660027,8.1481798454,524.3222861574,8,361.3286377254,890.5478092055,38218.0120231560,26,35512.2852536060,7495.0600109667,1200.0000000000,10800.0000000000,True
2025-04-08,S2,SEQUENTIAL_PREVIOUS_COMMITMENT,Optimal,1,23.7091658000,3,0.0000000000,6973.8253755469,7013.3291776447,64697.0743934421,38573.2934058274,40699.9505192699,-277.0429432431,1394.3272129649,39.4387543379,1354.8884586270,13,668.6366640791,2997.2997565989,41293.5502191833,32,37691.2406571467,7283.6175423126,1200.0000000000,10800.0000000000,True
2025-04-09,S2,SEQUENTIAL_PREVIOUS_COMMITMENT,Optimal,1,22.1986000000,3,0.0000000000,7013.3291776447,6918.9223514838,62844.9597110809,37618.9519360761,39821.3253687244,1039.5718254352,1346.7742138520,1346.7742138520,0.0000000000,15,1712.6662948856,5739.4754895363,44397.9992510476,47,37549.4261589867,7330.8950428086,1200.0000000000,10800.0000000000,True
2025-04-10,S2,SEQUENTIAL_PREVIOUS_COMMITMENT,Optimal,1,15.9622755000,3,0.0000000000,6918.9223514838,7055.4283071775,63714.8050279575,37983.6070983381,40179.8861495587,-2.8215318387,384.6347220270,60.8898198803,323.7449021467,12,590.2322460878,2540.5863694902,40521.3719359897,33,37402.1657203574,7326.1843028941,1207.2574182581,10800.0000000000,True
2025-04-11,S2,SEQUENTIAL_PREVIOUS_COMMITMENT,Optimal,1,7.6671167000,3,0.0000000000,7055.4283071775,7093.3213382555,29085.3527297445,14996.0874308167,15976.3740460059,-18.0914901815,39.9804178391,0.0000000000,39.9804178391,6,503.7924451802,1980.2602019692,16958.2561426044,29,30209.1548610365,5950.5534697664,1299.1965312690,10800.0000000000,True
2025-04-12,S2,SEQUENTIAL_PREVIOUS_COMMITMENT,Optimal,1,9.6770353000,3,0.0000000000,7093.3213382555,7251.2714041890,29859.5053678577,15463.5694557972,16387.3799966379,-11.2593211569,25.7016514038,0.0000000000,25.7016514038,3,147.4475028347,541.0914543642,15993.4015890045,15,29425.8424821516,6284.7052417358,1343.5819292434,10800.0000000000,True
2025-04-13,S2,SEQUENTIAL_PREVIOUS_COMMITMENT,Optimal,1,10.7005472000,3,0.0000000000,7251.2714041890,6974.3100596579,62208.9725599302,37085.4711600164,39647.5797686998,-124.0208470104,428.2865565937,0.3764829749,427.9100736188,9,565.8059735063,2420.5223634085,39381.9726764145,30,36462.7225788201,7360.2455082488,1215.5531155295,10800.0000000000,True
2025-04-14,S2,SEQUENTIAL_PREVIOUS_COMMITMENT,Optimal,1,15.3372281000,3,0.0000000000,6974.3100596579,7080.3222507140,62446.0928849654,36946.3933264088,39131.3074724804,-575.6554435997,2049.0071591453,0.0000000000,2049.0071591453,22,553.5414640946,2350.8424805811,38721.5803633903,34,36178.0506455262,7346.5938081438,1217.8208909030,10800.0000000000,True
2025-04-15,S2,SEQUENTIAL_PREVIOUS_COMMITMENT,Optimal,1,11.7071099000,3,0.0000000000,7080.3222507140,7050.6819975730,61142.4798728789,36542.4374335387,38415.2304452730,-180.5798389690,1024.7464403695,49.8751843260,974.8712560435,14,306.9457251927,1299.7225257217,37661.5801202913,25,34143.3682092265,7612.7939711096,1200.0000000000,10800.0000000000,True
2025-04-16,S2,SEQUENTIAL_PREVIOUS_COMMITMENT,Optimal,1,10.7437541000,3,0.0000000000,7050.6819975730,7036.0361552189,62038.7446529320,36900.2528992965,38942.0748178846,19.8293971208,227.2765189014,54.8008434307,172.4756754707,9,1097.4228537095,4347.7408285261,41267.8231249434,44,35138.3101520252,7501.1988780039,1220.9608687006,10800.0000000000,True
2025-04-17,S2,SEQUENTIAL_PREVIOUS_COMMITMENT,Optimal,1,9.9088610000,3,0.0000000000,7036.0361552189,6967.3694385124,60040.6268462230,35899.9762699103,37837.8526834530,-60.0457346835,322.0576873970,10.0695459149,311.9881414821,5,493.5696062673,1919.1810528572,37759.1115880840,33,35183.8262414124,7462.6320445283,1200.0000000000,10800.0000000000,True
2025-04-18,S2,SEQUENTIAL_PREVIOUS_COMMITMENT,Optimal,1,6.5590511000,3,0.0000000000,6967.3694385124,7429.8699447907,29376.2494437963,15029.6397008346,15913.7039968991,-7.1532764148,16.1445841413,0.0000000000,16.1445841413,2,284.8225442611,958.9510576311,15981.4374820509,15,29587.2618581218,5948.7408752678,1528.8224576992,10800.0000000000,True
2025-04-19,S2,SEQUENTIAL_PREVIOUS_COMMITMENT,Optimal,1,12.7421314000,3,0.0000000000,7429.8699447907,7755.6340710849,28473.0215924683,14521.0974642916,15484.1791686010,-6.3531251595,15.7092421128,0.3799825580,15.3292595548,3,373.0392478287,1312.9475360593,15827.6918751913,16,30625.4555793432,6015.4228906856,1583.4816721152,10800.0000000000,True
2025-04-20,S2,SEQUENTIAL_PREVIOUS_COMMITMENT,Optimal,1,14.0587761000,3,0.0000000000,7755.6340710849,7011.5441950552,60070.8683998822,35805.9466361439,37876.2684795096,62.5776677419,595.5326305856,129.9374561498,465.5951744359,16,632.3464205795,2048.5942185537,37917.1185224395,33,35162.8877218848,7459.8949676573,1201.2708371935,10800.0000000000,True
2025-04-21,S2,SEQUENTIAL_PREVIOUS_COMMITMENT,Optimal,1,10.1370116000,3,0.0000000000,7011.5441950552,7028.8652129724,60903.8933422587,36076.6225452121,38290.8128159627,-813.1469859375,3437.7212206696,0.0000000000,3437.7212206696,21,599.4255378213,2060.0207632802,37323.4963225547,27,33362.8184434285,7573.1117711027,1200.0000000000,10800.0000000000,True
2025-04-22,S2,SEQUENTIAL_PREVIOUS_COMMITMENT,Optimal,1,10.2766280000,3,0.0000000000,7028.8652129724,7094.4450224273,59151.9786290054,35301.3144118820,37212.5032439029,-52.9519419310,321.9775988275,16.4534823346,305.5241164930,3,816.8971347541,2624.9849013566,37873.3473713076,35,34407.6957505691,7558.3867888039,1227.6189402604,10800.0000000000,True
2025-04-23,S2,SEQUENTIAL_PREVIOUS_COMMITMENT,Optimal,1,9.8201365000,3,0.0000000000,7094.4450224273,7147.4087515641,59857.5927868988,35525.2089945496,37585.3917864672,-28.5697934707,67.2553702189,0.0000000000,67.2553702189,5,500.1107767687,1781.2877122971,37277.9269133759,24,33617.2210650524,7622.4066603758,1262.4066889376,10800.0000000000,True
2025-04-24,S2,SEQUENTIAL_PREVIOUS_COMMITMENT,Optimal,1,8.0448575000,3,0.0000000000,7147.4087515641,7015.0450497563,59050.8427964015,35168.1397685926,37343.9419372841,-422.0917774029,2096.1522917423,38.5926595758,2057.5596321665,17,276.3625974230,1104.1581371948,35850.2061283845,19,33133.1462215759,7588.7135188529,1200.0000000000,10800.0000000000,True
2025-04-25,S2,SEQUENTIAL_PREVIOUS_COMMITMENT,Optimal,1,7.2819709000,3,0.0000000000,7015.0450497563,7585.2932878883,28149.1683317217,14107.4693446031,15002.3624566423,-5.9347782642,13.0758526741,0.0000000000,13.0758526741,2,190.9927740651,607.4515850632,14708.9861514021,16,30472.4050713162,5928.7826785166,1397.9411911063,10800.0000000000,True
2025-04-26,S2,SEQUENTIAL_PREVIOUS_COMMITMENT,Optimal,1,8.5309081000,3,0.0000000000,7585.2932878883,7405.4506541723,27286.9715375329,13700.8914405918,14559.8284560075,1.1835042519,0.8743382476,0.8743382476,0.0000000000,1,508.6791838372,1919.5792453047,15621.6541901484,30,30556.0687732973,6090.3272288038,1388.4055850934,10800.0000000000,True
2025-04-27,S2,SEQUENTIAL_PREVIOUS_COMMITMENT,Optimal,1,9.8146779000,3,0.0000000000,7405.4506541723,7059.3146958068,55738.2318344085,32957.9330290241,34788.3196858347,395.3183517146,1183.6722849833,676.2898716795,507.3824133039,14,1226.0199929999,5351.0628902084,38704.3142709471,37,35318.5113989382,7390.0567132672,1200.0000000000,10800.0000000000,True
2025-04-28,S2,SEQUENTIAL_PREVIOUS_COMMITMENT,Optimal,1,10.9080462000,3,0.0000000000,7059.3146958068,7073.8518376197,57767.0113641072,34262.5883026246,36232.0046865360,2074.4883088119,2676.5245959969,2676.5245959969,0.0000000000,20,2360.0506108289,8559.8259272340,44896.9025386706,51,35630.9576315244,7474.1313913404,1261.7584413460,10800.0000000000,True
2025-04-29,S2,SEQUENTIAL_PREVIOUS_COMMITMENT,Optimal,1,10.1496733000,3,0.0000000000,7073.8518376197,7297.7825287200,58389.6159957459,34542.8208785186,36736.1306896321,9.9368783826,1654.7396122407,275.3716838488,1379.3679283919,16,663.0021249691,2891.0713992635,37443.8291561647,21,32089.3333832339,7728.8300342862,1200.0000000000,10800.0000000000,True
2025-04-30,S2,SEQUENTIAL_PREVIOUS_COMMITMENT,Optimal,1,14.5505320000,3,0.0000000000,7297.7825287200,7040.3445412824,56460.6410514636,33666.9456019546,35645.4862066692,-184.8774535262,628.2034209309,0.0000000000,628.2034209309,19,994.5692065145,3736.6167626917,37218.6849111202,34,32778.4059213239,7603.8640662781,1224.1184648333,10800.0000000000,True
2025-05-01,S2,SEQUENTIAL_PREVIOUS_COMMITMENT,Optimal,1,15.6922064000,3,0.0000000000,7040.3445412824,7365.1650218861,57580.2014541317,34318.5135318099,36592.2069240064,80.0060206462,1121.6591179194,337.3417891019,784.3173288175,11,2385.2563672251,11167.6621327998,45566.1816852559,58,36347.5431984738,7364.4278768748,1200.0000000000,10800.0000000000,True
2025-05-02,S2,SEQUENTIAL_PREVIOUS_COMMITMENT,Optimal,1,9.7867889000,3,0.0000000000,7365.1650218861,7423.5693299448,27806.2942693779,14180.5805374944,15247.7575530377,87.2484328600,64.5028179925,64.5028179925,0.0000000000,6,2329.6853148521,10714.6053419920,24982.4343123464,58,31615.1116431854,5820.9376910350,1206.3162926398,10800.0000000000,True
2025-05-03,S2,SEQUENTIAL_PREVIOUS_COMMITMENT,Optimal,1,5.6100127000,3,0.0000000000,7423.5693299448,7165.8916105829,27702.0583135995,14049.2608394150,14955.2005935441,0.0000000000,0.0000000000,0.0000000000,0.0000000000,0,1813.6885408741,9058.4092922303,23107.6701316453,48,30786.5218837767,6089.7442362459,1228.3394881103,10800.0000000000,True
2025-05-04,S2,SEQUENTIAL_PREVIOUS_COMMITMENT,Optimal,1,8.9943011000,3,0.0000000000,7165.8916105829,7361.5494048219,59172.8980957586,35135.0392838679,37444.1999650634,-505.7396143950,1913.5812979512,0.0000000000,1913.5812979512,22,2375.6027340673,10561.5981383157,45190.8978077885,66,30993.2204943647,7892.2132695561,1200.0000000000,10800.0000000000,True
2025-05-05,S2,SEQUENTIAL_PREVIOUS_COMMITMENT,Optimal,1,9.0883236000,3,0.0000000000,7361.5494048219,7274.5750451390,59859.1457146107,35465.0012387545,37832.0247042679,101.2613322212,420.4585206540,246.9467974858,173.5117231681,10,2406.9951845336,11020.4290833449,46586.6916543206,63,36148.0591737573,7429.0161609188,1200.0000000000,10800.0000000000,True
2025-05-06,S2,SEQUENTIAL_PREVIOUS_COMMITMENT,Optimal,1,9.5060789000,3,0.0000000000,7274.5750451390,7437.8926853902,58696.6000891331,34803.3975683223,37465.5122060992,-130.8020915202,563.0544916219,0.0000000000,563.0544916219,7,2681.7351539745,11711.0520924407,46383.6475692429,71,35433.4939797421,7507.2779735979,1200.0000000000,10800.0000000000,True
2025-05-07,S2,SEQUENTIAL_PREVIOUS_COMMITMENT,Optimal,1,9.0693699000,3,0.0000000000,7437.8926853902,7697.9915598954,59515.4512938836,35194.8214325541,37664.0839883173,219.3062513569,209.8125699753,209.8125699753,0.0000000000,11,2793.6183800072,12937.0425772979,48351.1702612089,68,35093.1523114581,7609.3300754561,1200.0000000000,10800.0000000000,True
2025-05-08,S2,SEQUENTIAL_PREVIOUS_COMMITMENT,Optimal,1,10.7056567000,3,0.0000000000,7697.9915598954,7712.0465558916,64234.3169974814,38984.8018004331,41593.1026926285,36.3936325459,36.2450279314,36.2450279314,0.0000000000,1,748.5430196942,3231.8721217097,42253.0675546887,28,34196.8143595086,7765.4130139134,1221.4631043113,10800.0000000000,True
2025-05-09,S2,SEQUENTIAL_PREVIOUS_COMMITMENT,Optimal,1,6.4076223000,3,0.0000000000,7712.0465558916,7140.9722008806,29501.4408720424,15665.4149708128,16551.1070973434,0.0000000000,0.0000000000,0.0000000000,0.0000000000,0,481.4377313400,1828.5512602566,17493.9662310694,24,30855.5918326884,5880.7253766322,1388.8957916048,10800.0000000000,True
2025-05-10,S2,SEQUENTIAL_PREVIOUS_COMMITMENT,Optimal,1,5.6629329000,3,0.0000000000,7140.9722008806,7215.0287751206,30375.7248266042,16192.0597337443,17275.4442381781,1.6057337178,1.2109068311,1.2109068311,0.0000000000,2,475.9418483903,1903.2006558294,18096.8661232914,25,30125.9000465514,5725.2606757372,1317.9016869389,10800.0000000000,True
2025-05-11,S2,SEQUENTIAL_PREVIOUS_COMMITMENT,Optimal,1,9.5775832000,3,0.0000000000,7215.0287751206,7054.9842312471,63021.9479771178,38105.5232288632,40638.1146389072,-249.8824149947,1364.0897109302,45.2884248555,1318.8012860747,5,898.0259568532,3363.7940042683,41219.4348181368,41,33070.7795528891,7779.0100817294,1200.0000000000,10800.0000000000,True
2025-05-12,S2,SEQUENTIAL_PREVIOUS_COMMITMENT,Optimal,1,9.4175914000,3,0.0000000000,7054.9842312471,7088.0198589317,61722.3093187894,37310.3977766269,39633.6086499005,-212.7111641732,999.4809049218,14.6196794494,984.8612254724,9,712.7799897987,2841.8963915631,39939.5830040167,35,29582.9956616681,8056.2455850840,1206.3373140428,10800.0000000000,True
2025-05-13,S2,SEQUENTIAL_PREVIOUS_COMMITMENT,Optimal,1,17.7319503000,3,0.0000000000,7088.0198589317,7373.9073606559,64568.4580245113,38784.7240843281,41420.9793506577,-240.8083242846,1046.6362101972,0.0000000000,1046.6362101972,5,285.2493254920,1296.2460619687,39840.1618220123,14,33592.2869767461,7766.3374459065,1200.0000000000,10800.0000000000,True
2025-05-14,S2,SEQUENTIAL_PREVIOUS_COMMITMENT,Optimal,1,17.0807078000,3,0.0000000000,7373.9073606559,7178.3342018378,63557.9305667936,38571.6907896995,41312.7291690070,-390.8676244263,1618.3802879166,24.3849901795,1593.9952977371,13,247.2831152556,808.4758505832,38989.2990158564,21,32416.9447398795,7778.6645287496,1232.4222294560,10800.0000000000,True
2025-05-15,S2,SEQUENTIAL_PREVIOUS_COMMITMENT,Optimal,1,10.9240967000,3,0.0000000000,7178.3342018378,7590.5653122764,63131.7440564630,38196.9991601156,40693.2584431420,298.4670703577,1026.8392341024,397.5329102850,629.3063238174,18,706.9775106853,2853.1683666287,41348.6345971021,27,33470.9739641096,7791.7730198850,1296.2276954572,10800.0000000000,True
2025-05-16,S2,SEQUENTIAL_PREVIOUS_COMMITMENT,Optimal,1,8.2502597000,3,0.0000000000,7590.5653122764,7444.4349345549,28968.5968700358,15467.9974659918,16575.0137716748,-12.4229131868,27.5683710450,0.0000000000,27.5683710450,4,454.4808226565,1323.4601158676,16779.0346686725,19,30871.4871418391,6030.2484450311,1423.9777546486,10800.0000000000,True
2025-05-17,S2,SEQUENTIAL_PREVIOUS_COMMITMENT,Optimal,1,9.0508228000,3,0.0000000000,7444.4349345549,7571.8646709858,29653.3453619797,15716.0891876432,16906.5187841947,-6.3547119182,14.4573129752,0.0000000000,14.4573129752,1,655.5349384659,2454.9816578067,18164.7161335317,29,30631.8584832458,6095.0458085063,1335.8719257698,10800.0000000000,True
2025-05-18,S2,SEQUENTIAL_PREVIOUS_COMMITMENT,Optimal,1,10.9335688000,3,0.0000000000,7571.8646709858,7530.3496648393,62500.6784742724,37789.2292259006,40131.7618860144,7.2340853737,6.5831117950,6.5831117950,0.0000000000,2,710.8406205772,2421.7561193548,40218.2194306291,33,32984.1841527171,7777.1923436519,1262.6121663773,10800.0000000000,True
2025-05-19,S2,SEQUENTIAL_PREVIOUS_COMMITMENT,Optimal,1,10.0836320000,3,0.0000000000,7530.3496648393,8140.4178173790,63354.8227655848,38041.9562286426,40955.2485688132,-552.8498422761,2474.7864336266,0.0000000000,2474.7864336266,8,349.4680504339,1848.4631959563,39337.5695823228,17,32290.9999193359,7924.9643446200,1200.0000000000,10800.0000000000,True
2025-05-20,S2,SEQUENTIAL_PREVIOUS_COMMITMENT,Optimal,1,9.3783156000,3,0.0000000000,8140.4178173790,6953.0869849077,58007.7327908898,35343.5014036155,37715.2990476177,219.8946414043,280.4917716561,280.4917716561,0.0000000000,9,1378.1044140214,5002.8312844917,40566.2273295115,49,31457.8996347652,7806.2417167135,1200.0000000000,10800.0000000000,True
2025-05-21,S2,SEQUENTIAL_PREVIOUS_COMMITMENT,Optimal,1,10.5969654000,3,0.0000000000,6953.0869849077,7052.2835188966,59982.6995375828,36243.7443221586,38493.6761709508,-89.0923342252,2263.1605427095,313.4971143775,1949.6634283321,15,934.5442872379,3713.6600691738,39868.3120571072,27,31612.2109223074,7759.4325593511,1200.1617245370,10800.0000000000,True
2025-05-22,S2,SEQUENTIAL_PREVIOUS_COMMITMENT,Optimal,1,11.5508982000,3,0.0000000000,7052.2835188966,7430.8981278731,60118.7577268771,36224.7153372046,38876.7776954016,-44.5344597374,421.8925440591,32.7942247472,389.0983193120,7,515.5363117614,2603.0379005426,38783.2187780098,27,33081.1668524589,7711.1845580467,1200.0000000000,10800.0000000000,True
2025-05-23,S2,SEQUENTIAL_PREVIOUS_COMMITMENT,Optimal,1,9.8146337000,3,0.0000000001,7430.8981278731,7668.3707951550,29369.0978042200,15462.8107995860,16630.8905435765,68.9547959610,51.7055528543,51.7055528543,0.0000000000,2,406.7112746134,1656.5836872609,17188.3492828080,25,31407.6368792769,6111.4506613643,1336.1626631901,10800.0000000000,True
2025-05-24,S2,SEQUENTIAL_PREVIOUS_COMMITMENT,Optimal,1,9.1114771000,3,0.0000000000,7668.3707951550,7697.1160709744,29580.2862712877,15710.4000732718,17008.5595304066,-0.1264314136,0.2876382974,0.0000000000,0.2876382974,1,189.5255937181,776.1312421441,16486.4048840023,17,31254.8456908796,6072.6299671117,1463.7053481231,10800.0000000000,True
2025-05-25,S2,SEQUENTIAL_PREVIOUS_COMMITMENT,Optimal,1,11.3350958000,3,0.0000000000,7697.1160709744,7054.2634331814,59498.3012523697,35820.2576098501,38370.7926502911,-525.8701478851,2284.9954673256,0.0000000000,2284.9954673256,9,515.0399826532,2238.8729245093,37533.2603864743,23,30633.6944829062,7858.3890512561,1200.0000000000,10800.0000000000,True
2025-05-26,S2,SEQUENTIAL_PREVIOUS_COMMITMENT,Optimal,1,10.8794430000,3,0.0000000000,7054.2634331814,7088.5920745922,58972.7464945100,35700.7073587979,38169.9879404916,1210.8595548820,1762.8867374712,1762.8867374712,0.0000000000,8,1744.7271438911,6338.3805808380,43249.9474945179,41,34017.9020299651,7617.7014512386,1253.8203703704,10800.0000000000,True
2025-05-27,S2,SEQUENTIAL_PREVIOUS_COMMITMENT,Optimal,1,9.3410618000,3,0.0000000000,7088.5920745922,7674.4966894859,61011.3633802408,36914.0894096184,39770.1877904473,98.9225915235,184.5859711499,104.7285042194,79.8574669306,11,614.9297648116,2249.1135968577,39262.1255979996,29,31900.0335336019,7934.9425635719,1200.0000000000,10800.0000000000,True
2025-05-28,S2,SEQUENTIAL_PREVIOUS_COMMITMENT,Optimal,1,13.4694576000,3,0.0000000000,7674.4966894859,8223.8232902989,62691.3248795082,37865.8256079806,40862.9059884551,-55.2424044442,1289.3300545799,251.5087234283,1037.8213311516,12,950.8504454125,2543.4209259095,40354.0041294459,25,33638.4171774995,7733.9528982984,1200.0000000000,10800.0000000000,True
2025-05-29,S2,SEQUENTIAL_PREVIOUS_COMMITMENT,Optimal,1,12.1516005000,3,0.0000000000,8223.8232902989,7083.9569866006,58772.3798862509,35581.4628715908,38535.3593719350,686.6456738082,1870.8264713656,1186.6852178129,684.1412535527,10,1029.5488663368,3803.8771733123,40071.9857187113,52,32970.2666296318,7654.0980643513,1200.0000000000,10800.0000000000,True
2025-05-30,S2,SEQUENTIAL_PREVIOUS_COMMITMENT,Optimal,1,8.6694132000,3,0.0000000000,7083.9569866006,7611.3033471625,29265.2426849856,15269.3904090436,16418.9573705714,77.6404482821,56.5762147434,56.5762147434,0.0000000000,5,721.1330412229,3066.3114831631,18413.3423404888,18,30947.0891590018,5920.1692653290,1395.6148586485,10800.0000000000,True
2025-05-31,S2,SEQUENTIAL_PREVIOUS_COMMITMENT,Optimal,1,13.3301544000,3,0.0000000000,7611.3033471625,7697.1810997904,29324.0205734672,15402.4704290383,16677.8450372612,0.0000000000,0.0000000000,0.0000000000,0.0000000000,0,453.9274455212,1638.3925570277,17040.8629860660,24,31798.2392493310,5878.1183827017,1315.7065262439,10800.0000000000,True
2025-06-01,S2,SEQUENTIAL_PREVIOUS_COMMITMENT,Optimal,1,17.1059020000,3,0.0000000000,7697.1810997904,7457.2066327891,62270.9302310359,37403.7603176980,39681.1574546890,2740.6837208975,3671.3164706742,3671.3164706742,0.0000000000,23,9335.9371757355,36715.2166347329,76859.6606733283,108,35873.7435304552,7688.1299415625,1200.0000000000,10800.0000000000,True
2025-06-02,S2,SEQUENTIAL_PREVIOUS_COMMITMENT,Optimal,1,13.0925227000,3,0.0000000000,7457.2066327891,7347.2138671858,63911.8133322622,38300.3683418079,41618.2525489184,2084.3437426703,2442.2410661090,2213.8342831632,228.4067829457,26,7902.9949548048,31530.5023741971,71915.2144586754,109,38181.7535425182,7525.5840558221,1200.0000000000,10800.0000000000,True
2025-06-03,S2,SEQUENTIAL_PREVIOUS_COMMITMENT,Optimal,1,8.1682320000,3,0.0000000000,7347.2138671858,7332.9414717725,64858.3480507787,38718.4057304691,41639.3563902383,1414.2400910349,1472.9849732903,1472.9849732903,0.0000000000,26,6835.0090371544,27763.4341295628,67896.0799510667,104,38234.3738592329,7481.8938165543,1200.0000000000,10800.0000000000,True
2025-06-04,S2,SEQUENTIAL_PREVIOUS_COMMITMENT,Optimal,1,9.8174111000,3,0.0000000000,7332.9414717725,7551.5140584110,67196.9119922144,40029.1374590871,42921.0565886450,836.1686305232,1023.6006037788,872.4104098435,151.1901939354,21,6346.2491502157,24819.0109923477,65684.3170819579,106,37202.9256842358,7635.2479415881,1200.0000000000,10800.0000000000,True
2025-06-05,S2,SEQUENTIAL_PREVIOUS_COMMITMENT,Optimal,1,8.5562072000,3,0.0000000000,7551.5140584110,8111.2365113360,69390.0710190216,41711.1414471196,46440.5557042941,1264.6252669444,1180.6269977986,1180.6269977986,0.0000000000,12,6173.5119676178,23440.5449130574,66416.3116271214,101,39391.2403109894,7583.5204988298,1200.0000000000,10800.0000000000,True
2025-06-06,S2,SEQUENTIAL_PREVIOUS_COMMITMENT,Optimal,1,10.4012426000,3,0.0000000000,8111.2365113360,7228.7080060845,28949.9939763391,15284.0025944636,16926.1123766810,191.4416114623,148.4215796184,148.4215796184,0.0000000000,5,7433.6646522218,30429.5112725798,45904.9554785057,89,31987.7217283276,5969.8459758849,1200.0000000000,10800.0000000000,True
2025-06-07,S2,SEQUENTIAL_PREVIOUS_COMMITMENT,Optimal,1,9.7669268000,3,0.0000000000,7228.7080060845,7390.7350306550,30980.6283430833,16386.6515185638,19633.5176079089,61.0118089412,45.6560172324,45.6560172324,0.0000000000,6,5637.4819022109,23232.1379989665,39679.8013264716,88,31184.6113154523,5780.4657001885,1200.0000000000,10800.0000000000,True
2025-06-08,S2,SEQUENTIAL_PREVIOUS_COMMITMENT,Optimal,1,10.8280750000,3,0.0000000000,7390.7350306550,8292.2623460467,82432.3603906068,51183.4547089960,55288.2781665267,-1182.0020027316,4033.7299016806,0.0000000000,4033.7299016806,18,27.7669987678,87.3324785020,50088.7851847664,6,34867.2143863560,7942.9152528642,1200.0000000000,10800.0000000000,True
2025-06-09,S2,SEQUENTIAL_PREVIOUS_COMMITMENT,Optimal,1,9.7565283000,3,0.0000000000,8292.2623460467,7451.7604118427,79477.3098159499,49562.3424930277,53844.8607719246,-305.0992753976,1641.4460441840,70.9155168250,1570.5305273590,17,978.8358727621,3643.8689148903,52901.1121325204,39,35552.6115745294,7801.8544131762,1200.0000000000,10800.0000000000,True
2025-06-10,S2,SEQUENTIAL_PREVIOUS_COMMITMENT,Optimal,1,8.8760410000,3,0.0000000000,7451.7604118427,7665.1742271465,80145.2608722557,49697.7682197667,53327.1557401733,203.9972131218,657.2488202746,266.0211458021,391.2276744725,16,616.0916522217,1926.2532602064,51828.0186930950,31,38829.4211436339,7695.8499847325,1200.0000000000,10800.0000000000,True
2025-06-11,S2,SEQUENTIAL_PREVIOUS_COMMITMENT,Optimal,1,12.6714367000,3,0.0000000000,7665.1742271465,7666.8794421171,81386.1831573387,50289.3458993028,53592.5716784623,2424.4448095297,2152.8274358538,2145.0727333114,7.7547025424,20,1503.1244207979,6949.0563111519,59662.8470199844,39,41731.2849163814,7587.6363562224,1200.0000000000,10800.0000000000,True
2025-06-12,S2,SEQUENTIAL_PREVIOUS_COMMITMENT,Optimal,1,11.8985549000,3,0.0000000000,7666.8794421171,8207.5896451380,82753.9588416547,51408.1439632333,54861.6214430769,-253.0884516884,1260.5065889515,55.5583411476,1204.9482478038,5,879.5616952127,3690.5944731801,54845.6499847250,28,38402.8238755700,7858.7229530201,1200.0000000000,10800.0000000000,True
2025-06-13,S2,SEQUENTIAL_PREVIOUS_COMMITMENT,Optimal,1,9.8403514000,3,0.0000000000,8207.5896451380,7914.0486271034,38842.2287772059,22290.7323332120,25671.8914441657,-0.8860987094,1.4392897092,0.0000000000,1.4392897092,1,426.4387774220,2054.7074151369,24344.5536496394,19,29232.8529873065,6717.1387785915,1318.9496765334,10800.0000000000,True
2025-06-14,S2,SEQUENTIAL_PREVIOUS_COMMITMENT,Optimal,1,8.5040382000,3,0.0000000000,7914.0486271034,7733.8444997415,38368.5855902698,22034.8444952206,24329.0583126636,-8.3059706525,19.1777646749,0.0000000000,19.1777646749,4,211.9796999534,730.5970310557,22757.1355556239,13,29180.4930868356,6654.7230392565,1289.6538661731,10800.0000000000,True
2025-06-15,S2,SEQUENTIAL_PREVIOUS_COMMITMENT,Optimal,1,11.8405997000,3,0.0000000000,7733.8444997415,7676.4078019396,82263.3161164154,51454.5818709029,57032.3931334019,-100.0232923187,554.4964328430,57.4328585182,497.0635743249,7,243.1328576704,1011.7913635994,52366.3499421836,11,38919.2099438017,7754.5971134243,1213.4116714400,10800.0000000000,True
2025-06-16,S2,SEQUENTIAL_PREVIOUS_COMMITMENT,Optimal,1,11.8354771000,3,0.0000000000,7676.4078019396,7770.0162641433,82231.9393181166,51137.3668335020,55654.5056120606,68.6703174042,108.2799870028,97.6636364781,10.6163505247,7,608.2209906863,2449.7868807093,53655.8240316154,33,40503.2142140943,7635.2774827033,1200.0000000000,10800.0000000000,True
2025-06-17,S2,SEQUENTIAL_PREVIOUS_COMMITMENT,Optimal,1,10.3689673000,3,0.0000000000,7770.0162641433,8073.0227337613,82773.1365725922,51314.2983115281,55779.9169155651,981.6319241368,1573.7685969278,938.4740354307,635.2945614971,15,867.0596272262,3802.5427400246,56098.4729756895,35,39230.3989261225,7829.0000657302,1200.0000000000,10800.0000000000,True
2025-06-18,S2,SEQUENTIAL_PREVIOUS_COMMITMENT,Optimal,1,10.6383986000,3,0.0000000000,8073.0227337613,7622.3410941530,82451.4576420602,51427.3368574964,55616.2997024017,-306.3198000299,1691.2191986023,105.6049827469,1585.6142158554,14,315.3280319389,1292.3909423268,52413.4079997933,22,35133.8809630636,7955.7913738775,1200.0000000000,10800.0000000000,True
2025-06-19,S2,SEQUENTIAL_PREVIOUS_COMMITMENT,Optimal,1,9.7351551000,3,0.0000000000,7622.3410941530,7990.1297419604,82829.8992707947,51702.2944580146,55416.6755920704,-874.9941331747,3140.3672022702,9.3964746174,3130.9707276527,19,667.9680049702,2546.0999478289,53373.4002726688,27,35909.1426324059,7990.0835411054,1200.0000000000,10800.0000000000,True
2025-06-20,S2,SEQUENTIAL_PREVIOUS_COMMITMENT,Optimal,1,8.8066337000,3,0.0000000000,7990.1297419604,8218.7089721383,39254.7856171189,22653.7168907062,26473.3295772930,0.0000000000,0.0000000000,0.0000000000,0.0000000000,0,185.3059513845,518.3109274668,23172.0278181730,13,28061.9442076555,6925.1401553539,1286.8437524188,10800.0000000000,True
2025-06-21,S2,SEQUENTIAL_PREVIOUS_COMMITMENT,Optimal,1,10.1705238000,3,0.0000000000,8218.7089721383,7962.3792134820,36994.9143109557,21263.0015336071,23549.5163174779,0.5965506713,0.3087496681,0.3087496681,0.0000000000,1,192.9295584283,546.3876418252,21809.9857261036,15,31945.0467699824,6200.9142687512,1370.8676450490,10800.0000000000,True
2025-06-22,S2,SEQUENTIAL_PREVIOUS_COMMITMENT,Optimal,1,12.8350199000,3,0.0000000000,7962.3792134820,7779.8347362998,78889.3807628623,48803.4200394375,53204.8799675744,-581.8767369246,2643.9643156056,101.8711516629,2542.0931639427,14,634.7109333455,2376.1492717322,50597.6925742451,29,35862.1432650177,7965.7880305515,1200.0000000000,10800.0000000000,True
2025-06-23,S2,SEQUENTIAL_PREVIOUS_COMMITMENT,Optimal,1,13.5667250000,3,0.0000000000,7779.8347362998,8240.3694187267,81062.8440192950,50300.7016701333,55294.0093676490,-556.6749503460,2251.6057158259,0.0000000000,2251.6057158259,6,429.2720815441,1462.6309052321,51206.6576250193,21,37723.7142887048,7945.1009460835,1200.0000000000,10800.0000000000,True
2025-06-24,S2,SEQUENTIAL_PREVIOUS_COMMITMENT,Optimal,1,8.0089860000,3,0.0000000000,8240.3694187267,7654.1184690701,78996.8017388229,49162.3909258400,52685.6117466019,1535.3085953705,1385.7768148051,1385.7768148051,0.0000000000,28,2708.0114604271,10456.7245584128,61154.4240796233,60,40011.4576263835,7719.5989276563,1200.0000000000,10800.0000000000,True
2025-06-25,S2,SEQUENTIAL_PREVIOUS_COMMITMENT,Optimal,1,8.1009124000,3,0.0000000000,7654.1184690701,7533.5236489824,79491.4927743985,49256.9313118621,53419.0014837990,-59.7187847555,674.4426421191,132.5670079414,541.8756341776,5,891.0785679422,3555.2401800257,52752.4527071324,31,37736.2132003268,7836.6043818871,1200.0000000000,10800.0000000000,True
2025-06-26,S2,SEQUENTIAL_PREVIOUS_COMMITMENT,Optimal,1,8.8480942000,3,0.0000000000,7533.5236489824,7483.2626482880,78709.2399827198,48956.2067692713,53087.4383003407,-182.1328196965,680.5410258480,42.2480197145,638.2930061335,15,561.0487186416,1988.8134900459,50762.8874396207,25,37387.6106748407,7766.0302784382,1200.0000000000,10800.0000000000,True
2025-06-27,S2,SEQUENTIAL_PREVIOUS_COMMITMENT,Optimal,1,11.0076912000,3,0.0000000000,7483.2626482880,8333.9962842530,36492.2823261253,20495.7723762601,23487.5992095359,-14.7201002364,35.7527340082,0.0000000000,35.7527340082,3,198.8794365803,883.1806403015,21364.2329163252,11,31172.4677482300,6222.2301126927,1418.3129207069,10800.0000000000,True
2025-06-28,S2,SEQUENTIAL_PREVIOUS_COMMITMENT,Optimal,1,9.9612250000,3,0.0000000000,8333.9962842530,8337.0778906230,36230.2613301757,20281.5991602454,23682.7880473817,18.7858942266,14.4513133062,14.4513133062,0.0000000000,5,483.8645750899,2100.6147002171,22400.9997546892,17,32229.7770085322,6275.7341870901,1302.2559794818,10800.0000000000,True
2025-06-29,S2,SEQUENTIAL_PREVIOUS_COMMITMENT,Optimal,1,8.9511144000,3,0.0000000000,8337.0778906230,7672.8991548911,77755.5826135805,48194.5782802569,51938.7383647167,-98.6882247988,374.6562378157,4.6307919645,370.0254458512,3,1020.0832808923,3436.9273612214,51532.8174166795,27,35683.8748917333,7840.8359134386,1200.0000000000,10800.0000000000,True
2025-06-30,S2,SEQUENTIAL_PREVIOUS_COMMITMENT,Optimal,1,6.1268671000,3,0.0000000000,7672.8991548911,7729.0932814249,79394.5923299115,49432.5431293711,54798.5202521397,-133.6050127186,645.7929437659,33.5937754586,612.1991683073,6,1041.6048774746,3636.6731296451,52935.6112462976,26,36817.1559410770,7835.3246942226,1219.6907407407,10800.0000000000,True
2025-07-01,S2,SEQUENTIAL_PREVIOUS_COMMITMENT,Optimal,1,11.6812109000,3,0.0000000000,7729.0932814249,7880.4123346626,81479.3075341434,50574.6503508807,56066.7146227938,-814.6769840364,3100.9285598602,0.0000000000,3100.9285598602,13,5959.5467842056,21034.6686697991,70794.6420366434,95,37023.3315849681,8023.2090553144,1200.0000000000,10800.0000000000,True
2025-07-02,S2,SEQUENTIAL_PREVIOUS_COMMITMENT,Optimal,1,9.0931176000,3,0.0000000000,7880.4123346626,7713.0105581024,75797.5013785756,46755.6996526352,50326.4135968454,-1443.7979999491,4734.5728526513,0.0000000000,4734.5728526513,19,7445.3327874259,26451.1410832969,71763.0427359829,98,34754.8644609057,7790.8256493954,1200.0000000000,10800.0000000000,True
2025-07-03,S2,SEQUENTIAL_PREVIOUS_COMMITMENT,Optimal,1,9.2299041000,3,0.0000000000,7713.0105581024,7213.9513990096,75305.0294274076,46608.6214937056,51611.0446017990,-142.4853996542,835.9038391119,92.6092026142,743.2946364977,6,9095.4730614707,33164.1710924138,79630.3071864652,118,38113.6121196841,7682.8926376027,1200.0000000000,10800.0000000000,True
2025-07-04,S2,SEQUENTIAL_PREVIOUS_COMMITMENT,Optimal,1,8.7893476000,3,0.0000000000,7213.9513990096,7795.3601417707,35102.2537888669,19680.3123276144,22680.3971027531,0.0000000000,0.0000000000,0.0000000000,0.0000000000,0,7738.0103547902,28139.6414002232,47819.9537278377,98,31921.7006079560,6059.5828329915,1200.0000000000,10800.0000000000,True
2025-07-05,S2,SEQUENTIAL_PREVIOUS_COMMITMENT,Optimal,1,8.0225186000,3,0.0000000000,7795.3601417707,7673.5307933489,35019.6041191926,19461.7125879680,21533.2430356936,0.0000000000,0.0000000000,0.0000000000,0.0000000000,0,7579.5879548519,28950.6496724253,48412.3622603932,93,32196.6535250200,5936.1783270640,1200.0000000000,10800.0000000000,True
2025-07-06,S2,SEQUENTIAL_PREVIOUS_COMMITMENT,Optimal,1,13.3042136000,3,0.0000000000,7673.5307933489,7961.6275174946,73620.5471331944,45237.6045036939,50063.0403689824,1256.9819580763,1235.5550263756,1225.9727688698,9.5822575059,22,9696.7236016972,38005.1504342125,84499.7368959827,125,39509.7156514533,7669.6449134973,1200.0000000000,10800.0000000000,True
2025-07-07,S2,SEQUENTIAL_PREVIOUS_COMMITMENT,Optimal,1,7.3734374000,3,0.0000000000,7961.6275174946,8140.0655070443,71910.1942704698,44026.2034262362,47600.2222949308,-174.9764455775,955.4637207584,29.8511005435,925.6126202150,10,8314.6522150233,30717.4882649464,74568.7152456051,101,34116.5230311876,7886.8702952724,1200.0000000000,10800.0000000000,True
2025-07-08,S2,SEQUENTIAL_PREVIOUS_COMMITMENT,Optimal,1,7.9916576000,3,0.0000000000,8140.0655070443,7397.5333729762,84875.4966310006,53561.3495526252,58220.3496087278,-62.9200203522,1715.2964156036,243.4017825711,1471.8946330325,21,884.2839649355,3466.6321350506,56965.0616673235,40,37004.8789855196,7652.8015917770,1200.0000000000,10800.0000000000,True
2025-07-09,S2,SEQUENTIAL_PREVIOUS_COMMITMENT,Optimal,1,7.6660477000,3,0.0000000000,7397.5333729762,8162.7674209877,87621.4514444511,55053.6999337043,59445.3103691650,-290.2718275683,1124.6833299716,24.0371157006,1100.6462142709,11,480.9376353455,1963.5038513969,56726.9319575329,20,37450.8518145201,7743.7757367478,1200.0000000000,10800.0000000000,True
2025-07-10,S2,SEQUENTIAL_PREVIOUS_COMMITMENT,Optimal,1,8.3388363000,3,0.0000000000,8162.7674209877,8185.8597226537,87164.3024149519,55187.5344756497,59778.5827415637,-389.6096618874,1491.2233801229,0.0000000000,1491.2233801229,9,488.4155725283,1705.0597843521,56502.9845981144,19,36694.4728517566,7781.7969900650,1200.0000000000,10800.0000000000,True
2025-07-11,S2,SEQUENTIAL_PREVIOUS_COMMITMENT,Optimal,1,8.6151582000,3,0.0000000000,8185.8597226537,7660.3415231421,45296.3311433964,27107.9894155282,29900.9846032030,-5.0976564289,13.4473553562,0.0000000000,13.4473553562,4,353.8337900264,1001.3431693107,28104.2349284100,15,32400.6646170172,6212.2773169235,1213.0287340675,10800.0000000000,True
2025-07-12,S2,SEQUENTIAL_PREVIOUS_COMMITMENT,Optimal,1,8.7711563000,3,0.0000000000,7660.3415231421,7417.2907611817,44491.1002369447,26368.7967555487,27694.9247092189,130.8196023293,104.8133376613,104.8133376613,0.0000000000,8,506.9534197711,1700.2711855990,28199.8875434770,21,31181.1135190757,6193.9709013411,1260.0287193365,10800.0000000000,True
2025-07-13,S2,SEQUENTIAL_PREVIOUS_COMMITMENT,Optimal,1,8.5423995000,3,0.0000000000,7417.2907611817,8505.2306158880,89375.7691978590,56489.9349806639,62688.5671662070,-649.5592106191,2649.6567730347,0.0000000000,2649.6567730347,12,85.1883717057,355.3021539138,56195.6779239586,8,35630.9903124934,7924.3318581874,1200.0000000000,10800.0000000000,True
2025-07-14,S2,SEQUENTIAL_PREVIOUS_COMMITMENT,Optimal,1,6.4864888000,3,0.0000000000,8505.2306158880,8407.6593888547,85670.0938916014,53812.9039852557,58647.9949983959,-614.0860980951,2515.1082283927,0.0000000000,2515.1082283927,6,327.7878474065,1645.7539313985,54844.5718185592,15,32901.7504008071,8014.3401374705,1200.0000000000,10800.0000000000,True
2025-07-15,S2,SEQUENTIAL_PREVIOUS_COMMITMENT,Optimal,1,9.9935392000,3,0.0000000000,8407.6593888547,7737.9833400587,84264.7208588285,53107.7873116688,57859.7041856740,-343.3042495495,1272.6813011021,0.0000000000,1272.6813011021,9,482.0924383164,1591.4823117467,54355.9653738659,19,34152.4693064108,7821.6627663659,1200.0000000000,10800.0000000000,True
2025-07-16,S2,SEQUENTIAL_PREVIOUS_COMMITMENT,Optimal,1,8.3126070000,3,0.0000000000,7737.9833400587,8483.3068843391,87289.6195237888,54899.1924109491,59990.9087395282,-522.6600277228,2130.7309154451,0.6100995017,2130.1208159434,7,538.3593971845,2003.3477898361,56379.8801730624,15,34264.8870016203,7960.4676514678,1200.0000000000,10800.0000000000,True
2025-07-17,S2,SEQUENTIAL_PREVIOUS_COMMITMENT,Optimal,1,9.5165275999,3,0.0000000000,8483.3068843391,8125.3968834725,84581.4417971029,53352.4376994435,59021.5990163132,-179.5693472408,801.5399591261,28.2953790411,773.2445800849,9,822.7369869741,2922.2058239445,56095.0741761471,26,37447.5456055899,7680.6196370591,1200.0000000000,10800.0000000000,True
2025-07-18,S2,SEQUENTIAL_PREVIOUS_COMMITMENT,Optimal,1,8.1429956000,3,0.0000000000,8125.3968834725,7770.8670422791,43981.2899775079,26057.7741338003,28025.7889773918,-22.2412526980,53.2673913162,0.0703574789,53.1970338373,4,237.5521157904,1038.4173357461,27073.9502168484,17,31589.8530612875,6223.5147159345,1248.9936821430,10800.0000000000,True
2025-07-19,S2,SEQUENTIAL_PREVIOUS_COMMITMENT,Optimal,1,7.2938930000,3,0.0000000000,7770.8670422791,7735.4065194054,44652.2413260920,26425.2089693703,29202.2257467937,9.4442334712,9.4463412673,7.5338669854,1.9124742819,7,348.3542303837,1185.3078993834,27619.9611022249,19,30830.8200720200,6225.6287141328,1200.0000000000,10800.0000000000,True
2025-07-20,S2,SEQUENTIAL_PREVIOUS_COMMITMENT,Optimal,1,10.4163605000,3,0.0000000000,7735.4065194054,7533.7994958776,81721.5483679363,51554.7158155240,55082.3587357187,-219.3166099992,1038.0857857560,33.5557540481,1004.5300317078,4,805.0252832564,2577.3665830700,53912.7657885948,28,35542.7273790670,7705.4950492341,1200.0000000000,10800.0000000000,True
2025-07-21,S2,SEQUENTIAL_PREVIOUS_COMMITMENT,Optimal,1,7.4454762000,3,0.0000000000,7533.7994958776,8159.6863541960,86509.9905224036,54476.2471505909,59809.7601794611,74.2863447651,547.1063509629,150.9005300670,396.2058208959,15,267.8027745761,959.7055581882,55510.2390535442,13,37639.5984700327,7670.4787073153,1200.0000000000,10800.0000000000,True
2025-07-22,S2,SEQUENTIAL_PREVIOUS_COMMITMENT,Optimal,1,8.2699916000,3,0.0000000000,8159.6863541960,7652.5500572611,83342.9719775143,52471.0369101580,57109.2106322785,540.0218157968,2281.2635981020,944.7960783282,1336.4675197738,20,699.9084296828,2313.0182146463,55324.0769406011,26,36403.1242525019,7703.8247492669,1200.0000000000,10800.0000000000,True
2025-07-23,S2,SEQUENTIAL_PREVIOUS_COMMITMENT,Optimal,1,10.0425908000,3,0.0000000000,7652.5500572611,7771.7267156053,85874.0938964510,54016.2565736266,58400.8663591048,-293.5287399181,1736.2046856136,99.3234696489,1636.8812159647,17,512.5721978373,1864.2605831014,55586.9884168099,19,37191.2219487705,7686.8705006120,1200.0000000000,10800.0000000000,True
2025-07-24,S2,SEQUENTIAL_PREVIOUS_COMMITMENT,Optimal,1,7.6952090000,3,0.0000000000,7771.7267156053,8377.7421734154,86053.5854881149,54023.4494513912,58659.0742398902,225.3207748841,2598.8271412280,605.2116781177,1993.6154631103,26,549.7635548880,2070.3192483148,56319.0894745901,21,35755.4045248211,7897.3934788279,1200.0000000000,10800.0000000000,True
2025-07-25,S2,SEQUENTIAL_PREVIOUS_COMMITMENT,Optimal,1,9.6195677000,3,0.0000000000,8377.7421734154,8629.1811614578,45912.4293324679,27327.7162241996,30925.8690108893,-9.8009661961,25.4703784579,0.0000000000,25.4703784579,2,117.8930959374,405.7514397659,27723.6666977693,10,32733.2175971784,6530.2592000052,1234.5409664142,10800.0000000000,True
2025-07-26,S2,SEQUENTIAL_PREVIOUS_COMMITMENT,Optimal,1,9.3323601000,3,0.0000000000,8629.1811614578,8188.5212788529,44840.2969687181,26731.1713536394,29670.5403281936,0.0000000000,0.0000000000,0.0000000000,0.0000000000,0,255.6060106886,640.3573918550,27371.5287454944,13,32554.6717047391,6524.5924218515,1285.7873518524,10800.0000000000,True
2025-07-27,S2,SEQUENTIAL_PREVIOUS_COMMITMENT,Optimal,1,11.0182081000,3,0.0000000000,8188.5212788529,7617.9975652607,83581.5942216799,52683.6708082981,57625.6393285427,-52.2415839837,275.7018831648,15.9941201278,259.7077630370,6,726.4182904830,2503.7730530745,55135.2022773889,28,38122.5152987060,7573.1446460402,1200.0000000000,10800.0000000000,True
2025-07-28,S2,SEQUENTIAL_PREVIOUS_COMMITMENT,Optimal,1,9.4675090000,3,0.0000000000,7617.9975652607,7695.3830499187,83680.4734207599,52540.0479986690,56222.8075992762,472.4865541085,568.0631187444,568.0631187444,0.0000000000,22,1804.9125821791,7043.1317291903,60055.6662819678,48,39339.3827831036,7520.0135123906,1200.0000000000,10800.0000000000,True
2025-07-29,S2,SEQUENTIAL_PREVIOUS_COMMITMENT,Optimal,1,10.9458201000,3,0.0000000000,7695.3830499187,8100.2395650277,85863.6922525828,53939.9797059289,59213.7211605175,456.0013933134,919.5857893004,652.1504478723,267.4353414281,14,662.8523153996,2158.2919920568,56554.2730912991,17,37902.5115900987,7731.8854452398,1200.0000000000,10800.0000000000,True
2025-07-30,S2,SEQUENTIAL_PREVIOUS_COMMITMENT,Optimal,1,9.9644911000,3,0.0000000000,8100.2395650277,9139.4016461177,88379.6780268231,55516.5791018333,61115.3613415886,124.2965524779,1110.1604018671,319.1084144235,791.0519874437,16,230.3912356170,817.6738192176,56458.5494735288,11,37964.7634371559,7729.1302610336,1200.0000000000,10800.0000000000,True
2025-07-31,S2,SEQUENTIAL_PREVIOUS_COMMITMENT,Optimal,1,9.9358976000,3,0.0000000000,9139.4016461177,7696.7032584659,83089.2610566926,52404.9935495223,56464.6519003856,-40.1245851366,875.9004502211,162.0235466319,713.8769035892,2,700.2740118427,2717.2963801696,55082.1653445553,26,35928.8581294884,7757.8253531664,1200.0000000000,10800.0000000000,True
2025-08-01,S2,SEQUENTIAL_PREVIOUS_COMMITMENT,Optimal,1,8.7797082000,3,0.0000000000,7696.7032584659,8696.1505897721,45706.4815012140,27047.2244586922,29919.3487647784,-46.3815632971,109.1177638362,0.0000000000,109.1177638362,5,224.6178147053,539.3435615988,27540.1864569939,13,30871.8764557619,6500.4487690128,1278.2451178573,10800.0000000000,True
2025-08-02,S2,SEQUENTIAL_PREVIOUS_COMMITMENT,Optimal,1,8.5351700000,3,0.0000000000,8696.1505897721,7669.4701548301,42776.9718786000,25379.6268005046,27826.4270433840,0.0000000000,0.0000000000,0.0000000000,0.0000000000,0,229.5679529185,852.8552736232,26232.4820741278,18,31655.7936103258,6493.6409096775,1200.0000000000,10800.0000000000,True
2025-08-03,S2,SEQUENTIAL_PREVIOUS_COMMITMENT,Optimal,1,10.4852806000,3,0.0000000000,7669.4701548301,8265.2954746238,83543.7900490477,52259.2660743439,57522.9767153802,-1225.1779276315,4592.1944950273,0.0000000000,4592.1944950273,18,195.4784676237,788.1125423384,51822.2006890509,11,33778.9078722975,7866.8885883121,1200.0000000000,10800.0000000000,True
2025-08-04,S2,SEQUENTIAL_PREVIOUS_COMMITMENT,Optimal,1,8.6950754000,3,0.0000000000,8265.2954746238,8281.0908290207,81684.2478767891,51229.4317097424,55781.9537040110,-742.1733326418,3056.6631520696,0.2894850056,3056.3736670641,15,352.0730584824,1198.4177435038,51685.6761206044,13,33075.3134210272,7878.0306069606,1200.0000000000,10800.0000000000,True
2025-08-05,S2,SEQUENTIAL_PREVIOUS_COMMITMENT,Optimal,1,8.9124742000,3,0.0000000000,8281.0908290207,8626.2587900199,81990.3136531502,51544.6301324030,57085.3056646572,-464.5747052962,2085.3176060992,0.0000000000,2085.3176060992,5,216.5893475260,910.4619499584,51990.5173770652,10,34196.8846126811,7888.2420795150,1200.0000000000,10800.0000000000,True
2025-08-06,S2,SEQUENTIAL_PREVIOUS_COMMITMENT,Optimal,1,10.0699796000,3,0.0000000000,8626.2587900199,10394.0477299908,84465.7724019465,52918.3920823222,58174.5807397801,534.0257057239,2194.7801043778,823.6671220012,1371.1129823766,11,258.7613892401,983.4819053427,54435.8996933888,11,36402.0740717176,7996.3457626237,1200.0000000000,10800.0000000000,True
2025-08-07,S2,SEQUENTIAL_PREVIOUS_COMMITMENT,Optimal,1,9.6168924000,3,0.0000000000,10394.0477299908,7696.2024717033,75038.2559211556,47972.7961116262,51889.5117481014,-482.5624343815,2469.6787606745,42.8951231290,2426.7836375455,18,495.6703274307,1276.3171840159,48766.5508612606,26,31420.5432505601,7808.8874870799,1200.0000000000,10800.0000000000,True
2025-08-08,S2,SEQUENTIAL_PREVIOUS_COMMITMENT,Optimal,1,8.2257577000,3,0.0000000000,7696.2024717033,7928.7628949132,44154.1670248442,26041.9200605127,29338.8822170228,0.0000000000,0.0000000000,0.0000000000,0.0000000000,0,174.1809229426,662.3394623859,26704.2595228986,11,31961.6235204138,6270.9541770378,1200.0000000000,10800.0000000000,True
2025-08-09,S2,SEQUENTIAL_PREVIOUS_COMMITMENT,Optimal,1,8.9844976000,3,0.0000000000,7928.7628949132,8104.5165586305,42851.5909275182,25255.4776196878,28098.1591555462,57.7271500231,40.0822897038,40.0822897038,0.0000000000,5,343.8760418147,1135.3489069050,26448.5536766158,17,32327.7738352324,6276.6370998950,1239.6563943305,10800.0000000000,True
2025-08-10,S2,SEQUENTIAL_PREVIOUS_COMMITMENT,Optimal,1,10.2230144000,3,0.0000000000,8104.5165586305,8232.4867123084,77847.2024827187,49486.2130948093,53611.4286918757,-41.8553986674,214.9038480592,4.1653938450,210.7384542142,2,264.9169850497,877.7527887112,50322.1104848531,13,32884.3702425036,7961.7204523759,1200.0000000000,10800.0000000000,True
2025-08-11,S2,SEQUENTIAL_PREVIOUS_COMMITMENT,Optimal,1,9.5032730000,3,0.0000000000,8232.4867123084,7656.9245405024,75953.1595768321,47966.4344020112,51182.8467299513,23.5529500822,16.5429536088,16.5429536088,0.0000000000,4,624.4360865042,2372.4155023530,50362.4028544464,20,34057.4775486686,7731.9734653825,1200.0000000000,10800.0000000000,True
2025-08-12,S2,SEQUENTIAL_PREVIOUS_COMMITMENT,Optimal,1,9.9204677000,3,0.0000000000,7656.9245405024,7781.6068146474,76326.8300780582,47908.6213022841,51817.8309237910,266.5596504854,1039.2034183601,373.4017466334,665.8016717267,17,989.8747069058,4005.1583066067,52180.3392593762,39,33157.5529689647,7910.0643446608,1200.0000000000,10800.0000000000,True
2025-08-13,S2,SEQUENTIAL_PREVIOUS_COMMITMENT,Optimal,1,13.6454874000,3,0.0000000000,7781.6068146474,7649.7743387909,75865.2776666039,47717.1454563098,51076.9104327478,-20.3000364679,89.2113226452,0.0000000000,89.2113226452,1,802.5312125741,2853.8191009157,50550.6645207576,31,32925.0929357155,7853.1978261667,1200.0000000000,10800.0000000000,True
2025-08-14,S2,SEQUENTIAL_PREVIOUS_COMMITMENT,Optimal,1,11.9055488000,3,0.0000000000,7649.7743387909,8318.8709066793,77412.7071529067,48643.8835589772,52909.7160820159,919.2016265827,1204.8187591382,1204.8187591382,0.0000000000,9,527.2253324134,2384.5762912519,51947.6614768118,25,37387.1605836622,7595.9260147280,1200.0000000000,10800.0000000000,True
2025-08-15,S2,SEQUENTIAL_PREVIOUS_COMMITMENT,Optimal,1,8.5716666000,3,0.0000000001,8318.8709066793,7840.0282034488,41766.8481529088,24654.2960892310,27341.7418817523,0.0000000000,0.0000000000,0.0000000000,0.0000000000,0,433.8024476144,1317.6325512067,25971.9286404377,22,32387.4399167500,6219.2575361889,1308.8936450988,10800.0000000000,True
2025-08-16,S2,SEQUENTIAL_PREVIOUS_COMMITMENT,Optimal,1,4.7083945000,3,0.0000000000,7840.0282034488,7840.1821915991,41937.5896424364,24623.3593870925,26543.9225448443,0.0000000000,0.0000000000,0.0000000000,0.0000000000,0,444.0943659753,1754.7084938420,26378.0678809345,21,32087.5575606493,6446.9140318154,1216.7917552709,10800.0000000000,True
2025-08-17,S2,SEQUENTIAL_PREVIOUS_COMMITMENT,Optimal,1,9.1167013000,3,0.0000000000,7840.1821915991,7778.6987667813,75969.3980862950,47924.2271783292,51707.3941410312,-279.4013402559,1209.6990337373,0.0000000000,1209.6990337373,4,499.3121710670,2081.9785859668,49726.8044240402,25,34253.6609428025,7698.6552375099,1200.0000000000,10800.0000000000,True
2025-08-18,S2,SEQUENTIAL_PREVIOUS_COMMITMENT,Optimal,1,10.7296248000,3,0.0000000000,7778.6987667813,7699.8834538161,76502.2489598479,48200.6576599255,52481.9341637222,-226.6027437678,1006.4032131518,0.0000000000,1006.4032131518,3,676.2299093972,2739.3752555509,50713.4301717086,26,35202.0241154454,7682.7684874863,1200.0000000000,10800.0000000000,True
2025-08-19,S2,SEQUENTIAL_PREVIOUS_COMMITMENT,Optimal,1,13.2686271000,3,0.0000000000,7699.8834538161,7909.1515882255,76814.5292897279,48534.2906102668,52976.4147703266,-84.7408653425,987.7795142979,110.0577012947,877.7218130032,8,541.1928559164,2188.4064818498,50637.9562267741,21,33144.5172423038,7902.4568199198,1200.0000000000,10800.0000000000,True
2025-08-20,S2,SEQUENTIAL_PREVIOUS_COMMITMENT,Optimal,1,9.6157209000,3,0.0000000000,7909.1515882255,7806.8489578570,76469.1925387645,48166.9692142922,52614.4987107556,1165.3010070204,1188.4541345577,1188.4541345577,0.0000000000,8,1172.6340481147,4862.6980769622,54194.9682982747,42,37994.0810627520,7461.5174630774,1200.0000000000,10800.0000000000,True
2025-08-21,S2,SEQUENTIAL_PREVIOUS_COMMITMENT,Optimal,1,8.6182497000,3,0.0000000000,7806.8489578570,7814.1638386293,77054.6727845159,48766.0462476405,52800.1980769578,-276.3899332893,1291.9742882621,7.9868688841,1283.9874193780,5,528.2044746744,1807.7457471738,50297.4020615250,15,33320.7807063214,7882.9930487698,1200.0000000000,10800.0000000000,True
2025-08-22,S2,SEQUENTIAL_PREVIOUS_COMMITMENT,Optimal,1,6.1521030000,3,0.0000000000,7814.1638386293,7680.6457538265,41876.6389864492,24523.5111467321,26620.5581498770,0.0000000000,0.0000000000,0.0000000000,0.0000000000,0,935.6431865533,3635.8234884960,28159.3346352282,36,31542.5778793290,6528.6017917400,1219.6477397280,10800.0000000000,True
2025-08-23,S2,SEQUENTIAL_PREVIOUS_COMMITMENT,Optimal,1,6.0163956000,3,0.0000000000,7680.6457538265,7704.8520141874,42390.4119520782,24895.5347160365,26786.7008636398,44.7384535988,33.9448998458,33.9448998458,0.0000000000,6,392.5588126749,1377.2667449746,26317.5399146099,18,30771.0904233530,6373.3952838905,1201.0034980619,10800.0000000000,True
2025-08-24,S2,SEQUENTIAL_PREVIOUS_COMMITMENT,Optimal,1,11.9850557000,3,0.0000000000,7704.8520141874,7720.4281666679,76347.2958951121,48317.9398973000,52217.9729674842,54.8807120801,2039.2960724059,390.7070450374,1648.5890273685,21,519.5573159705,2071.7242265159,50444.5448358960,25,35920.0866908088,7654.6429736870,1200.0000000000,10800.0000000000,True
2025-08-25,S2,SEQUENTIAL_PREVIOUS_COMMITMENT,Optimal,1,10.6388261000,3,0.0000000000,7720.4281666679,8332.8632826266,81438.0271958196,51193.3124907451,55693.0084278891,399.4629564029,604.5083087677,403.5471890729,200.9611196948,16,570.1310667648,2223.5308609978,53816.3063081459,21,37567.1579224369,7687.1592421337,1200.0000000000,10800.0000000000,True
2025-08-26,S2,SEQUENTIAL_PREVIOUS_COMMITMENT,Optimal,1,9.7932307000,3,0.0000000000,8332.8632826266,8029.3777477587,76655.5135871447,48560.1155452902,51888.8057929369,104.4749033984,818.5174680930,191.7129843817,626.8044837113,18,501.7407835477,2087.4635965432,50752.0540452317,19,35526.1222820754,7672.4956461688,1200.0000000000,10800.0000000000,True
2025-08-27,S2,SEQUENTIAL_PREVIOUS_COMMITMENT,Optimal,1,10.5443018000,3,0.0000000000,8029.3777477587,8179.4110769119,79990.0623374095,50530.5808314855,55297.1989799372,327.0562562545,1449.2512502498,609.2317186747,840.0195315751,16,329.2509759642,1323.2966090906,52180.9336968306,15,37898.8096926260,7620.4067693965,1200.0000000000,10800.0000000000,True
2025-08-28,S2,SEQUENTIAL_PREVIOUS_COMMITMENT,Optimal,1,8.9104264000,3,0.0000000000,8179.4110769119,8046.8415045578,78692.0697513886,49716.3997297424,54080.6540040228,280.2430245800,270.5707020141,270.5707020141,0.0000000000,17,2092.4533540020,8489.8789375734,58486.5216918958,37,36562.5083127507,7614.7489819567,1200.0000000000,10800.0000000000,True
2025-08-29,S2,SEQUENTIAL_PREVIOUS_COMMITMENT,Optimal,1,7.1217066000,3,0.0000000000,8046.8415045578,8250.8817599913,45247.6882345320,26978.7509790382,30110.9136392755,59.6078361488,54.4595326298,54.4595326298,0.0000000000,4,302.8792199532,1408.5577778118,28446.9165929988,10,32930.3285330457,6198.4680961509,1231.1314676717,10800.0000000000,True
2025-08-30,S2,SEQUENTIAL_PREVIOUS_COMMITMENT,Optimal,1,8.7326102000,3,0.0000000000,8250.8817599913,8267.3379536593,43808.2026749750,25928.5290499979,28354.9078580213,0.0000000000,0.0000000000,0.0000000000,0.0000000000,0,265.9137585528,897.4985120341,26826.0275620320,19,31080.5563517007,6732.2775393431,1212.4776511554,10800.0000000000,True
2025-08-31,S2,SEQUENTIAL_PREVIOUS_COMMITMENT,Optimal,1,8.8839799000,3,0.0000000000,8267.3379536593,7773.2481125591,78115.7166366462,49698.7602909113,54335.4461461988,-156.1545023464,689.9522018121,0.0000000000,689.9522018121,2,406.7881190764,1605.6342190782,51148.2400076431,19,35393.8098629356,7627.0457270580,1200.0000000000,10800.0000000000,True
2025-09-01,S2,SEQUENTIAL_PREVIOUS_COMMITMENT,Optimal,1,11.7940903000,3,0.0000000000,7773.2481125591,7948.2137335739,79358.8987147602,50060.0520553406,54215.0778360981,-538.4717838028,2374.7357791161,9.2706663844,2365.4651127316,15,0.0000000000,0.0000000000,49521.5802715378,0,32164.3075472762,7956.4577831338,1492.8978703704,10800.0000000000,True
2025-09-02,S2,SEQUENTIAL_PREVIOUS_COMMITMENT,Optimal,1,9.8554301000,3,0.0000000000,7948.2137335739,8275.8871972226,78502.3852210827,49548.9669586437,54097.6157552709,-276.0114428422,1355.7997243254,28.0010566434,1327.7986676820,5,52.6549473420,163.9908029005,49436.9463187020,3,36180.8339332512,7640.6665277699,1351.1942881944,10800.0000000000,True
2025-09-03,S2,SEQUENTIAL_PREVIOUS_COMMITMENT,Optimal,1,10.9708294000,3,0.0000000000,8275.8871972226,7894.6721887167,77419.0677286283,49077.9330610352,52776.8000119597,-267.8346208884,2192.3746070371,153.6745437409,2038.7000632962,14,0.0000000000,0.0000000000,48810.0984401469,0,31992.6160605685,7908.9064751549,1302.8996564523,10800.0000000000,True
2025-09-04,S2,SEQUENTIAL_PREVIOUS_COMMITMENT,Optimal,1,9.9517321999,3,0.0000000000,7894.6721887167,8053.4373292170,78611.9927257553,49714.1613868362,53415.2654214169,-98.6846980938,1931.5192631586,214.6306815972,1716.8885815614,20,6.3134549889,11.7209291868,49627.1976179292,1,35061.5675721030,7730.9529216982,1297.3459712095,10800.0000000000,True
2025-09-05,S2,SEQUENTIAL_PREVIOUS_COMMITMENT,Optimal,1,6.5785494000,3,0.0000000000,8053.4373292170,8633.2802889175,43449.5592235753,25736.1193411994,28382.6531617015,-2.8183279990,7.2052358405,0.0000000000,7.2052358405,1,0.0000000000,0.0000000000,25733.3010132004,0,31113.3239783317,6565.5187596956,1511.7226858047,10800.0000000000,True
2025-09-06,S2,SEQUENTIAL_PREVIOUS_COMMITMENT,Optimal,1,7.8783402000,3,0.0000000000,8633.2802889175,7994.3579367676,42413.0334343302,25381.4399687384,27517.2312572250,-2.2202456844,5.5127143002,0.0000000000,5.5127143002,1,77.4207742561,325.8958811095,25705.1156041635,3,32294.8758003108,6336.7295563118,1501.3545381914,10800.0000000000,True
2025-09-07,S2,SEQUENTIAL_PREVIOUS_COMMITMENT,Optimal,1,10.5102470000,3,0.0000000000,7994.3579367676,7765.5581178414,75044.0046621869,47901.4089141916,51673.6884340241,230.3319950584,725.0723625316,401.5365346805,323.5358278511,15,133.9366528269,538.9725873884,48670.7134966385,7,34918.0715396241,7684.7386795993,1378.6160043127,10800.0000000000,True
2025-09-08,S2,SEQUENTIAL_PREVIOUS_COMMITMENT,Optimal,1,11.4007498000,3,0.0000000000,7765.5581178414,7472.9437132868,63644.7922269830,39245.6785780908,42229.0009510826,1271.9743693623,1234.0994080529,1234.0994080529,0.0000000000,12,1303.4105416325,5353.9475265525,45871.6004740056,41,35127.5262378909,7563.3679889456,1200.0000000000,10800.0000000000,True
2025-09-09,S2,SEQUENTIAL_PREVIOUS_COMMITMENT,Optimal,1,10.5861397000,3,0.0000000000,7472.9437132868,7755.9515433571,66080.7886613394,40955.5730740025,45104.9956597730,-92.7277363182,1799.6930447260,243.6663300949,1556.0267146311,10,601.4746099036,2521.8998153971,43384.7451530814,21,35220.7770321948,7609.8992774820,1200.0000000000,10800.0000000000,True
2025-09-10,S2,SEQUENTIAL_PREVIOUS_COMMITMENT,Optimal,1,10.3004721000,3,0.0000000000,7755.9515433571,7704.6887902651,67110.3096342042,41634.6737744719,46048.0312446384,1489.6709858227,1663.7071301798,1658.4950128509,5.2121173289,10,1068.0760249393,4134.0634669939,47258.4082272885,34,39143.8234870595,7241.9474950544,1200.0000000000,10800.0000000000,True
2025-09-11,S2,SEQUENTIAL_PREVIOUS_COMMITMENT,Optimal,1,10.3903517000,3,0.0000000000,7704.6887902651,8341.2796402650,68437.0931593375,42223.0388547658,46338.3136073073,-409.0532252527,2024.7564711827,24.7163819814,2000.0400892013,14,385.7298321854,1708.1157420830,43522.1013715962,15,37253.2792739739,7539.6920718087,1210.1685513600,10800.0000000000,True
2025-09-12,S2,SEQUENTIAL_PREVIOUS_COMMITMENT,Optimal,1,6.1852555000,3,0.0000000000,8341.2796402650,7751.4633036962,34017.3724385309,19155.7151881587,22273.5143752216,59.4601577646,46.1320517956,46.1320517956,0.0000000000,5,376.5353576286,1455.1122745825,20670.2876205059,18,32556.8434673790,6264.3912481077,1227.2430347222,10800.0000000000,True
2025-09-13,S2,SEQUENTIAL_PREVIOUS_COMMITMENT,Optimal,1,7.0560238000,3,0.0000000000,7751.4633036962,7989.0444891979,34544.2461420978,19461.1726070801,21739.1122106593,55.1038933382,48.4647802728,48.4647802728,0.0000000000,3,610.7537933389,2511.6092817285,22027.8857821468,20,32021.9424166209,6224.9299126812,1251.4397949219,10800.0000000000,True
2025-09-14,S2,SEQUENTIAL_PREVIOUS_COMMITMENT,Optimal,1,12.1517159000,3,0.0000000000,7989.0444891979,7751.6682591865,67519.2056970392,41827.0523926068,46167.3901887570,203.6939857186,305.3026126659,305.3026126659,0.0000000000,7,684.2551059986,2803.3754782274,44834.1218565528,31,36918.8326525942,7431.7242808376,1200.0000000000,10800.0000000000,True
2025-09-15,S2,SEQUENTIAL_PREVIOUS_COMMITMENT,Optimal,1,10.2682029000,3,0.0000000000,7751.6682591865,7690.6528764077,66456.8097769517,41254.8112536470,45121.1223336094,-84.7734616965,494.0746321474,16.1244286341,477.9502035133,7,447.1943149089,1853.3384112659,43023.3762032163,27,38058.1034938624,7313.4583965832,1200.0000000000,10800.0000000000,True
2025-09-16,S2,SEQUENTIAL_PREVIOUS_COMMITMENT,Optimal,1,13.6544226000,3,0.0000000000,7690.6528764077,7619.7704999012,67901.9039272330,42222.7705721285,46083.6509096552,61.9952708288,57.4183317464,57.4183317464,0.0000000000,2,788.1464825437,2507.6709649885,44792.4368079458,31,36766.2329260163,7436.8786329321,1200.0000000000,10800.0000000000,True
2025-09-17,S2,SEQUENTIAL_PREVIOUS_COMMITMENT,Optimal,1,9.6797327000,3,0.0000000000,7619.7704999012,8231.3468850085,69411.8345944541,42930.0678378637,46871.7139994961,142.7880277559,117.4241305164,117.4241305164,0.0000000000,7,561.3070410319,1779.8695892385,44852.7254548582,29,38409.8382498614,7385.9326987283,1200.0000000000,10800.0000000000,True
2025-09-18,S2,SEQUENTIAL_PREVIOUS_COMMITMENT,Optimal,1,16.0589311000,3,0.0000000000,8231.3468850085,7604.0510914047,66013.4925306728,41398.9106067313,45199.9385460555,899.3212902997,1200.4933568106,1200.4933568106,0.0000000000,15,438.9458952319,2081.0938690321,44379.3257660630,20,36602.7577569159,7438.0457620693,1200.0000000000,10800.0000000000,True
2025-09-19,S2,SEQUENTIAL_PREVIOUS_COMMITMENT,Optimal,1,8.9913055000,3,0.0000000000,7604.0510914047,8043.3732387702,35365.3684420884,19737.8644215357,22325.0945599407,62.8784214426,48.0814014830,48.0814014830,0.0000000000,5,493.5453176988,1717.0524171825,21517.7952601608,27,31915.2609446881,6086.3488615183,1200.7555338542,10800.0000000000,True
2025-09-20,S2,SEQUENTIAL_PREVIOUS_COMMITMENT,Optimal,1,7.7700355000,3,0.0000000000,8043.3732387702,7649.9766457259,34061.0654808932,19421.4960705622,21021.6649236072,6.1610767199,3.7890768765,3.7890768765,0.0000000000,3,644.0046635082,2710.4779349256,22138.1350822078,30,32419.9770919157,6029.3457449062,1200.0000000000,10800.0000000000,True
2025-09-21,S2,SEQUENTIAL_PREVIOUS_COMMITMENT,Optimal,1,9.7276751000,3,0.0000000000,7649.9766457259,8118.8737120127,70845.1819628403,43813.5916688335,47909.1034074945,-261.4952810749,1308.9685741613,41.6988258252,1267.2697483361,13,285.7722511576,1310.4950126359,44862.5914003945,21,35666.1681749023,7627.6299980969,1200.0000000000,10800.0000000000,True
2025-09-22,S2,SEQUENTIAL_PREVIOUS_COMMITMENT,Optimal,1,8.8301377000,3,0.0000000000,8118.8737120127,7662.3140597984,68634.6915389955,42810.0152658540,46527.0185657586,-16.9328555223,442.3242825173,55.9121178731,386.4121646441,11,850.0213816704,3408.1009431843,46201.1833535160,36,35795.8876740815,7513.8904584613,1200.0000000000,10800.0000000000,True
2025-09-23,S2,SEQUENTIAL_PREVIOUS_COMMITMENT,Optimal,1,10.5728072000,3,0.0000000000,7662.3140597984,7728.3984555875,71231.3849294136,44210.2287276878,47315.4254498485,393.9432881808,873.5217176972,463.1857827440,410.3359349531,14,613.1098678913,2769.4632332188,47373.6352490874,29,37797.1238406022,7395.3152985414,1200.0000000000,10800.0000000000,True
2025-09-24,S2,SEQUENTIAL_PREVIOUS_COMMITMENT,Optimal,1,11.2802716000,3,0.0000000000,7728.3984555875,8161.3260619495,71044.9445298085,44203.1247639530,48488.2779960505,41.4408841261,32.8656175560,32.8656175560,0.0000000000,4,439.5311818435,1760.0272681018,46004.5929161809,26,37560.9146797026,7451.9380166191,1200.0000000000,10800.0000000000,True
2025-09-25,S2,SEQUENTIAL_PREVIOUS_COMMITMENT,Optimal,1,9.8338388000,3,0.0000000000,8161.3260619495,8256.3969347184,71837.8977310339,45110.1686316430,49696.0085861961,-88.4530039544,658.8239562023,50.5092078490,608.3147483533,9,442.7452659368,1777.4717836181,46799.1874113067,24,36164.9087961448,7606.4860344136,1200.0000000000,10800.0000000000,True
2025-09-26,S2,SEQUENTIAL_PREVIOUS_COMMITMENT,Optimal,1,8.8471227000,3,0.0000000000,8256.3969347184,8258.3631302184,36009.7828892577,20855.8648924349,23791.9086791126,-2.3649244665,5.0489420720,0.0000000000,5.0489420720,1,181.9538917531,632.3779589735,21485.8779269420,10,32246.4074499938,6136.7336095848,1283.6568078249,10800.0000000000,True
2025-09-27,S2,SEQUENTIAL_PREVIOUS_COMMITMENT,Optimal,1,8.8773389000,3,0.0000000000,8258.3631302184,8074.7119791118,35471.1761357403,20039.9987878922,22135.8315300489,128.3509425930,105.7899920342,105.7899920342,0.0000000000,5,899.9302963574,3489.9991726924,23658.3489031775,31,32638.0963147928,6274.0549762519,1227.0798362269,10800.0000000000,True
2025-09-28,S2,SEQUENTIAL_PREVIOUS_COMMITMENT,Optimal,1,8.5136271000,3,0.0000000000,8074.7119791118,8138.9490213316,71848.8211650125,44825.8147479345,48555.7831828311,974.8056806702,1110.3044586339,1110.3044586339,0.0000000000,18,486.1140235804,1755.9506596204,47556.5710882251,25,38024.8104462556,7492.2416795839,1200.0000000000,10800.0000000000,True
2025-09-29,S2,SEQUENTIAL_PREVIOUS_COMMITMENT,Optimal,1,9.1373582000,3,0.0000000000,8138.9490213316,8102.7738722648,73450.6421565704,45911.9753297610,50388.8481114679,-55.4755174829,223.5373858972,0.0000000000,223.5373858972,8,489.1218805365,1945.3442512232,47801.8440635013,25,37398.4907972916,7512.6402177205,1200.0000000000,10800.0000000000,True
2025-09-30,S2,SEQUENTIAL_PREVIOUS_COMMITMENT,Optimal,1,9.1153853000,3,0.0000000000,8102.7738722648,8008.5689348110,73052.4376859239,45973.1152317656,50586.6008657687,1309.7053882995,1256.0320293466,1256.0320293466,0.0000000000,13,596.8988817024,2538.7208462954,49821.5414663605,33,39462.3803374550,7396.7613589946,1200.0000000000,10800.0000000000,True
2025-10-01,S2,SEQUENTIAL_PREVIOUS_COMMITMENT,Optimal,1,8.9818852000,3,0.0000000000,8008.5689348110,8394.9048109538,72971.3085917439,45275.1518811737,49878.2090834387,-542.2277807296,2425.5857511811,0.0000000000,2425.5857511811,11,38.7127520612,97.8213079465,44830.7454083906,5,34976.8203063934,7698.6365186501,1223.1807042101,10800.0000000000,True
2025-10-02,S2,SEQUENTIAL_PREVIOUS_COMMITMENT,Optimal,1,10.2976954000,3,0.0000000000,8394.9048109538,8310.1978423957,72546.8469612080,45487.3869751188,49553.1102905111,-804.8227750627,3148.6072423251,0.0000000000,3148.6072423251,17,124.7762050029,301.5180615204,44984.0822615765,10,35756.1561983240,7556.6822485723,1296.8243127894,10800.0000000000,True
2025-10-03,S2,SEQUENTIAL_PREVIOUS_COMMITMENT,Optimal,1,7.9008393000,3,0.0000000000,8310.1978423957,8040.1330521945,34906.5202467499,19973.2541580624,21851.0877603104,-16.9363198875,39.0681675290,0.0000000000,39.0681675290,5,140.2490547015,367.4663388185,20323.7841769934,10,31806.5733646402,6417.9531065351,1292.5629860388,10800.0000000000,True
2025-10-04,S2,SEQUENTIAL_PREVIOUS_COMMITMENT,Optimal,1,8.1979236000,3,0.0000000000,8040.1330521945,7902.4026503906,36423.7909124779,20844.5777969254,22958.8652133341,-13.9826760209,30.8559647652,0.0000000000,30.8559647652,3,156.6376416810,615.2711621236,21445.8662830281,8,32118.1384519136,6259.8846960109,1209.3960730613,10800.0000000000,True
2025-10-05,S2,SEQUENTIAL_PREVIOUS_COMMITMENT,Optimal,1,11.9587053000,3,0.0000000000,7902.4026503906,8020.9588379211,72128.9290690734,45004.1501644740,49825.6782825369,-457.6212220050,2191.1862995865,20.4873693089,2170.6989302776,15,119.0535126103,322.2130464531,44868.7419889222,8,35473.2914213562,7568.7063140910,1200.0000000000,10800.0000000000,True
2025-10-06,S2,SEQUENTIAL_PREVIOUS_COMMITMENT,Optimal,1,14.9537798000,3,0.0000000000,8020.9588379211,7761.4053826654,69055.8462308596,43527.3600464170,48139.7461856463,0.0000000000,0.0000000000,0.0000000000,0.0000000000,0,287.8717284859,900.0682368310,44427.4282832480,18,36711.9109849229,7439.7515380996,1262.2576011285,10800.0000000000,True
2025-10-07,S2,SEQUENTIAL_PREVIOUS_COMMITMENT,Optimal,1,17.9800858000,3,0.0000000000,7761.4053826654,7699.8499930231,68612.4577321970,42906.5554085685,45638.2137356759,304.4157476939,250.9495697647,250.9495697647,0.0000000000,7,286.9200074377,997.4870380900,44208.4581943524,21,37574.0222119974,7385.5397228633,1221.9261616030,10800.0000000000,True
2025-10-08,S2,SEQUENTIAL_PREVIOUS_COMMITMENT,Optimal,1,12.0455666000,3,0.0000000000,7699.8499930231,7676.3923901057,65240.6601191054,39956.4870403232,44291.1137490100,5.3291168067,5.1496514536,5.1496514536,0.0000000000,1,509.8756986760,1958.2945331828,41920.1106903128,27,37783.2354241553,7219.0038532796,1200.0000000000,10800.0000000000,True
2025-10-09,S2,SEQUENTIAL_PREVIOUS_COMMITMENT,Optimal,1,12.1389090000,3,0.0000000000,7676.3923901057,7703.9485020932,66652.4065808787,40602.7760630621,44739.4902190334,-170.2787079924,750.1698436423,0.0000000000,750.1698436423,6,353.0093781213,1623.2019366022,42055.6992916718,21,37675.0155757264,7283.7424803789,1200.0000000000,10800.0000000000,True
2025-10-10,S2,SEQUENTIAL_PREVIOUS_COMMITMENT,Optimal,1,6.1731953000,3,0.0000000000,7703.9485020932,7711.9324977323,31951.9733474598,17231.4181108602,18753.1214340431,0.0000000000,0.0000000000,0.0000000000,0.0000000000,0,734.7044205304,2667.5149096293,19898.9330204895,34,32141.2220933831,6112.0673683559,1200.0000000000,10800.0000000000,True
2025-10-11,S2,SEQUENTIAL_PREVIOUS_COMMITMENT,Optimal,1,7.4169014000,3,0.0000000000,7711.9324977323,8553.7504095603,34715.4966655258,18958.7275599073,21625.6233187845,-0.0000000000,0.0000000000,0.0000000000,0.0000000000,0,196.8693725396,985.4395304937,19944.1670904009,15,32260.5390265043,6266.0528351520,1220.5451950955,10800.0000000000,True
2025-10-12,S2,SEQUENTIAL_PREVIOUS_COMMITMENT,Optimal,1,8.3416702000,3,0.0000000000,8553.7504095603,8534.0802291632,69674.8236053391,43138.2621636221,47861.5405055749,0.0000000000,0.0000000000,0.0000000000,0.0000000000,0,81.4142845995,371.9645180528,43510.2266816749,5,37044.6604044870,7393.8289322379,1200.0000000000,10800.0000000000,True
2025-10-13,S2,SEQUENTIAL_PREVIOUS_COMMITMENT,Optimal,1,12.2427151000,3,0.0000000000,8534.0802291632,7809.1978200360,68296.2769534625,42165.2452949363,46792.1510894634,-146.9762935946,642.3377579081,0.0000000000,642.3377579081,8,61.2600651882,234.0398199074,42252.3088212492,9,36998.9831679257,7370.6923134237,1200.0000000000,10800.0000000000,True
2025-10-14,S2,SEQUENTIAL_PREVIOUS_COMMITMENT,Optimal,1,10.7436854000,3,0.0000000000,7809.1978200360,7732.6766805177,67439.4144911754,41271.1544749696,44204.6230875904,425.1578151083,564.5309488389,444.0473766202,120.4835722188,19,810.5020185760,3241.5771543539,44937.8894444318,47,37934.3660229772,7286.1041933414,1200.0000000000,10800.0000000000,True
2025-10-15,S2,SEQUENTIAL_PREVIOUS_COMMITMENT,Optimal,1,9.8580668000,3,0.0000000000,7732.6766805177,7654.8818681806,67503.1694615764,41468.2709177607,45089.6014190746,830.3800574721,1040.8663121922,999.9973240238,40.8689881684,10,707.8545635847,2602.2591944382,44900.9101696709,36,38735.7305510526,7273.2788753650,1200.0000000000,10800.0000000000,True
2025-10-16,S2,SEQUENTIAL_PREVIOUS_COMMITMENT,Optimal,1,8.2773281000,3,0.0000000000,7654.8818681806,8113.7787526032,69149.4661106767,42587.0367877038,46791.5972531837,1452.8909331038,1460.2701314283,1460.2701314283,0.0000000000,19,904.7524245647,3629.4184767661,47669.3461975737,34,39511.3504326915,7349.8058002479,1200.0000000000,10800.0000000000,True
2025-10-17,S2,SEQUENTIAL_PREVIOUS_COMMITMENT,Optimal,1,7.4953453000,3,0.0000000000,8113.7787526032,8067.8371328146,34033.0593393330,18663.1532253632,20561.0295178513,0.0000000000,0.0000000000,0.0000000000,0.0000000000,0,153.2714424011,754.6384663831,19417.7916917463,13,32265.6740553102,6287.6196888703,1232.8942273292,10800.0000000000,True
2025-10-18,S2,SEQUENTIAL_PREVIOUS_COMMITMENT,Optimal,1,9.8567729000,3,0.0000000000,8067.8371328146,7708.1087540851,33530.7253998728,18807.3064827529,20842.6234297445,0.0000000000,0.0000000000,0.0000000000,0.0000000000,0,397.0804063435,1325.5363602405,20132.8428429934,18,31655.7747543437,6362.0136447091,1201.2233073640,10800.0000000000,True
2025-10-19,S2,SEQUENTIAL_PREVIOUS_COMMITMENT,Optimal,1,8.6509209000,3,0.0000000000,7708.1087540851,8287.7291553821,73699.7413095770,45433.6858850697,50466.8487831866,265.2713548445,823.4617247440,372.4880856395,450.9736391045,9,438.6673930274,1642.0321181340,47340.9893580482,23,39794.1601178282,7437.3734580701,1200.0000000000,10800.0000000000,True
2025-10-20,S2,SEQUENTIAL_PREVIOUS_COMMITMENT,Optimal,1,10.1410109000,3,0.0000000000,8287.7291553821,7942.9112193524,72346.6356613912,44939.4469594589,48907.6003516145,18.1496739872,23.3631351200,23.3631351200,0.0000000000,3,488.7115053824,2042.3536636609,46999.9502971070,27,38313.8189211761,7436.5754088304,1200.0000000000,10800.0000000000,True
2025-10-21,S2,SEQUENTIAL_PREVIOUS_COMMITMENT,Optimal,1,8.6519131000,3,0.0000000000,7942.9112193524,7739.1311281122,72756.7910812538,44950.4592052469,48330.6898656617,451.3581150271,555.1327174475,555.1327174475,0.0000000000,13,687.5375014688,2609.5051453461,48011.3224656201,38,39273.7107844806,7370.4401155216,1200.0000000000,10800.0000000000,True
2025-10-22,S2,SEQUENTIAL_PREVIOUS_COMMITMENT,Optimal,1,13.1092245000,3,0.0000000000,7739.1311281122,8157.0799293202,73691.8609130194,45534.6768805973,49293.8569161982,195.8256360908,181.9515784193,181.9515784193,0.0000000000,5,1042.5351528805,4558.2401081805,50288.7426248687,37,39256.6054166210,7408.0139743109,1200.0000000000,10800.0000000000,True
2025-10-23,S2,SEQUENTIAL_PREVIOUS_COMMITMENT,Optimal,1,9.0296511000,3,0.0000000000,8157.0799293202,7403.7722195790,74136.5970453813,46026.0376829967,49786.2885504559,-294.3300938528,1179.6277339087,0.0000000000,1179.6277339087,10,326.1814352222,1201.0212237046,46932.7288128486,16,38009.4993509197,7518.3984545848,1200.0000000000,10800.0000000000,True
2025-10-24,S2,SEQUENTIAL_PREVIOUS_COMMITMENT,Optimal,1,8.6576010000,3,0.0000000000,7403.7722195790,7523.3500488591,34353.0288606635,19364.9983971111,21374.3326304765,8.3767906451,6.0282028246,6.0282028246,0.0000000000,1,508.4008884781,2258.4181279427,21631.7933156989,28,31570.5991526332,5984.2994904693,1200.0000000000,10800.0000000000,True
2025-10-25,S2,SEQUENTIAL_PREVIOUS_COMMITMENT,Optimal,1,7.8772295000,3,0.0000000000,7523.3500488591,7727.0094149639,34835.1811202991,19399.4817161563,21800.9080059429,-3.9347372710,8.9844440484,0.0000000000,8.9844440484,1,462.2826703051,1889.1525963370,21284.6995752223,26,30803.1898616547,6316.8057761599,1240.0831210948,10800.0000000000,True
2025-10-26,S2,SEQUENTIAL_PREVIOUS_COMMITMENT,Optimal,1,9.6406742000,3,0.0000000000,7727.0094149639,8120.4723659445,77660.4260687691,48317.2512132598,53864.5323542202,-380.6493437569,1444.2618975983,0.0000000000,1444.2618975983,14,128.9181378747,498.5554250272,48435.1572945301,10,38241.4468969860,7706.0532864622,1200.0000000000,10800.0000000000,True
2025-10-27,S2,SEQUENTIAL_PREVIOUS_COMMITMENT,Optimal,1,9.7714837000,3,0.0000000000,8120.4723659445,7727.2951981123,73951.0202239512,46008.0142088538,49538.8312719044,181.5759240118,1670.2910687381,442.4225722916,1227.8684964464,16,284.2062790169,1105.1188111385,47294.7089440040,23,37747.6178929155,7560.1950434821,1200.0000000000,10800.0000000000,True
2025-10-28,S2,SEQUENTIAL_PREVIOUS_COMMITMENT,Optimal,1,9.3563149000,3,0.0000000000,7727.2951981123,8147.5023854470,76920.4265775505,47605.3665901497,51243.6868036949,-64.6120901989,227.4272798271,0.0000000000,227.4272798271,1,196.6607060832,646.2390332895,48186.9935332403,16,39438.9712256196,7620.1491663044,1200.0000000000,10800.0000000000,True
2025-10-29,S2,SEQUENTIAL_PREVIOUS_COMMITMENT,Optimal,1,9.6076595000,3,0.0000000000,8147.5023854470,8114.3768881697,75890.4125596970,47267.2503487918,51890.0488754852,446.8366886109,485.9132780599,485.9132780599,0.0000000000,16,856.0229432224,2804.1632534414,50518.2502908440,33,41240.5164926634,7518.2324151178,1200.0000000000,10800.0000000000,True
2025-10-30,S2,SEQUENTIAL_PREVIOUS_COMMITMENT,Optimal,1,10.4201038000,3,0.0000000000,8114.3768881697,7676.7546185026,75231.6142678973,46955.2237008432,51415.3351818137,-240.0622138212,1084.8436157637,31.6938976574,1053.1497181063,6,257.8845721747,973.9429037521,47689.1043907741,18,38233.6035137964,7597.1265682271,1200.0000000000,10800.0000000000,True
2025-10-31,S2,SEQUENTIAL_PREVIOUS_COMMITMENT,Optimal,1,7.4297769000,3,0.0000000000,7676.7546185026,7658.6376668038,35878.7946752330,20298.4537009235,22861.8889645476,4.9445193077,4.5105996238,4.5105996238,0.0000000000,1,261.0478547774,1033.2868216495,21336.6850418806,17,31125.8553526967,6400.8687342862,1200.0000000000,10800.0000000000,True
2025-11-01,S2,SEQUENTIAL_PREVIOUS_COMMITMENT,Optimal,1,7.8279797000,3,0.0000000000,7658.6376668038,8019.8988940150,36923.1990982173,20802.1831478163,24107.0762366626,0.0000000000,0.0000000000,0.0000000000,0.0000000000,0,276.1625764947,837.8392243582,21640.0223721745,15,31566.9565796718,6338.4078061138,1200.0000000000,10800.0000000000,True
2025-11-02,S2,SEQUENTIAL_PREVIOUS_COMMITMENT,Optimal,1,9.5175647000,3,0.0000000000,8019.8988940150,7621.5159236767,75643.8580850115,47178.7681389889,50948.6887759674,306.9548664265,353.2154255824,353.2154255824,0.0000000000,15,467.7269472219,1918.5971381852,49404.3201436005,27,40433.5701023692,7512.4784610093,1200.0000000000,10800.0000000000,True
2025-11-03,S2,SEQUENTIAL_PREVIOUS_COMMITMENT,Optimal,1,8.6614539000,3,0.0000000000,7621.5159236767,7687.5206748211,77529.3376511302,48306.7868447683,51814.4221711324,38.8168623335,32.4634378123,32.4634378123,0.0000000000,5,560.9780444416,1847.9694756431,50193.5731827449,26,39435.5784680107,7598.5597211683,1200.0000000000,10800.0000000000,True
2025-11-04,S2,SEQUENTIAL_PREVIOUS_COMMITMENT,Optimal,1,9.8901295000,3,0.0000000000,7687.5206748211,8147.2082106512,79697.3212132330,49715.8311250038,53339.4561456698,-447.2600686411,1769.9699618900,0.1092159959,1769.8607458942,8,392.7705906650,1555.0893679329,50823.6604242956,28,37789.2471555129,7831.9168414661,1200.0000000000,10800.0000000000,True
2025-11-05,S2,SEQUENTIAL_PREVIOUS_COMMITMENT,Optimal,1,8.1431974000,3,0.0000000000,8147.2082106512,8312.5248268659,80128.1966036263,50171.7775827207,54891.4614598129,-85.4400056834,313.1799118978,0.0000000000,313.1799118978,6,300.0266839934,1025.3253021721,51111.6628792094,16,39703.2861359009,7697.3384586035,1200.0000000000,10800.0000000000,True
2025-11-06,S2,SEQUENTIAL_PREVIOUS_COMMITMENT,Optimal,1,8.0423693000,3,0.0000000000,8312.5248268659,8117.2470485128,78869.8457933082,49409.8068947173,53422.4652416363,300.5247061386,350.4108952514,350.4108952514,0.0000000000,13,858.5445048615,3263.1541650725,52973.4857659284,40,40213.1369171843,7632.0609794510,1200.0000000000,10800.0000000000,True
2025-11-07,S2,SEQUENTIAL_PREVIOUS_COMMITMENT,Optimal,1,8.2476990000,3,0.0000000000,8117.2470485128,7691.7526413511,35786.1056788562,20057.1743326299,22122.5259805759,142.3832986074,143.4472740983,137.7966434833,5.6506306150,4,421.2938020317,1805.3427074281,22004.9003386654,25,32247.6102784172,6228.2266976859,1200.0000000000,10800.0000000000,True
2025-11-08,S2,SEQUENTIAL_PREVIOUS_COMMITMENT,Optimal,1,8.8280167000,3,0.0000000000,7691.7526413511,7662.2458014054,35949.5582062364,20193.6165515871,22801.5561532198,-11.0990654246,25.9815581483,0.0000000000,25.9815581483,2,295.7167985911,1256.0824461731,21438.5999323356,19,30958.6293423900,6305.2897450593,1200.0000000000,10800.0000000000,True
2025-11-09,S2,SEQUENTIAL_PREVIOUS_COMMITMENT,Optimal,1,9.3564311000,3,0.0000000000,7662.2458014054,8145.1564982551,80380.9825253671,50311.1260167045,53543.0947394722,-79.7762431969,883.6831057323,127.4066865168,756.2764192155,7,425.5675497902,1534.9195882187,51766.2693617262,31,40239.6777951092,7792.5596244616,1200.0000000000,10800.0000000000,True
2025-11-10,S2,SEQUENTIAL_PREVIOUS_COMMITMENT,Optimal,1,8.4359819000,3,0.0000000000,8145.1564982551,8345.4036016573,80370.5858718834,50204.6901972824,54415.9459212555,969.7458279303,966.1365806671,947.6843551854,18.4522254817,30,511.9101403698,2278.1005688509,53452.5365940636,33,40638.8448343190,7787.4512064586,1200.0000000000,10800.0000000000,True
2025-11-11,S2,SEQUENTIAL_PREVIOUS_COMMITMENT,Optimal,1,9.6014944000,3,0.0000000000,8345.4036016573,8210.9210916034,81400.9018618526,51487.0902333513,56118.3326844801,-220.5055501490,1089.7127316204,51.3927238865,1038.3200077339,6,189.0642269619,622.5684894572,51889.1531726595,19,38093.5639685308,7953.4896271381,1200.0000000000,10800.0000000000,True
2025-11-12,S2,SEQUENTIAL_PREVIOUS_COMMITMENT,Optimal,1,8.4490803000,3,0.0000000000,8210.9210916034,7959.7128101499,80804.7736341254,50699.9089726412,55989.3763096953,-32.0248665121,812.2432323312,167.0226704879,645.2205618433,18,233.9736540409,1126.4539874050,51794.3380935341,16,39858.3481983887,7816.6706839301,1200.0000000000,10800.0000000000,True
2025-11-13,S2,SEQUENTIAL_PREVIOUS_COMMITMENT,Optimal,1,9.4621263000,3,0.0000000000,7959.7128101499,8147.4758873435,83178.7794825929,52567.4856704538,58291.1852361604,-435.9276815157,2094.0229726029,51.3297291352,2042.6932434677,5,251.9206438217,1075.7439296802,53207.3019186183,21,37555.6002048858,8079.8620347578,1200.0000000000,10800.0000000000,True
2025-11-14,S2,SEQUENTIAL_PREVIOUS_COMMITMENT,Optimal,1,8.7153087000,3,0.0000000000,8147.4758873435,8159.3010026217,37750.3723496515,21577.1251559857,24371.7795966332,20.7891918607,17.8935254365,17.8935254365,0.0000000000,3,116.0886570819,445.7365185741,22043.6508664205,12,31508.9692672219,6548.3318003037,1200.0000000000,10800.0000000000,True
2025-11-15,S2,SEQUENTIAL_PREVIOUS_COMMITMENT,Optimal,1,12.1359843000,3,0.0000000000,8159.3010026217,8028.8354775153,38522.5665726682,21606.8385830445,24763.8716705073,17.0307344973,14.0309231317,14.0309231317,0.0000000000,1,253.1073208093,924.4156552477,22548.2849727894,22,30949.7426899726,6901.2807298054,1200.0000000000,10800.0000000000,True
2025-11-16,S2,SEQUENTIAL_PREVIOUS_COMMITMENT,Optimal,1,9.9351692000,3,0.0000000000,8028.8354775153,8063.5137329848,83233.8780723882,52539.3070213835,56625.7504684962,-65.9417242479,518.8393558734,57.7424002238,461.0969556496,7,567.7046298397,1975.4816057323,54448.8469028679,27,40840.4699107958,7845.1704427349,1200.0000000000,10800.0000000000,True
2025-11-17,S2,SEQUENTIAL_PREVIOUS_COMMITMENT,Optimal,1,9.2999891000,3,0.0000000000,8063.5137329848,8470.6922149057,85012.3756315460,53838.7922651000,58306.9034404707,121.1266038269,1495.9552863257,450.3959322843,1045.5593540414,20,231.0315413038,769.0388219766,54728.9576909035,15,39556.9025852066,7965.6169109443,1200.0000000000,10800.0000000000,True
2025-11-18,S2,SEQUENTIAL_PREVIOUS_COMMITMENT,Optimal,1,10.3907729000,3,0.0000000000,8470.6922149057,8006.8051471297,82728.9838857760,52402.8910360631,56735.9221257692,213.6457607019,701.4302425974,267.6242236814,433.8060189160,7,423.3355556332,1491.9039351564,54108.4407319214,27,39901.6819318076,7870.7070603453,1200.0000000000,10800.0000000000,True
2025-11-19,S2,SEQUENTIAL_PREVIOUS_COMMITMENT,Optimal,1,9.5700892000,3,0.0000000000,8006.8051471297,7590.3163075043,82618.0535071188,52136.3840353484,57373.5676094294,871.0902854804,839.9749256608,839.9749256608,0.0000000000,17,502.6618886107,2136.4499525448,55143.9242733736,19,41230.4210604396,7816.5682267190,1200.0000000000,10800.0000000000,True
2025-11-20,S2,SEQUENTIAL_PREVIOUS_COMMITMENT,Optimal,1,8.0823262000,3,0.0000000000,7590.3163075043,8452.5051770568,86148.4264005300,54440.1465486488,58772.0097622903,-89.6917201549,1363.4503283719,177.4750797377,1185.9752486342,9,231.6376953703,784.6777147008,55135.1325431948,19,40862.7532941078,7967.4427894203,1200.0000000000,10800.0000000000,True
2025-11-21,S2,SEQUENTIAL_PREVIOUS_COMMITMENT,Optimal,1,8.3546355000,3,0.0000000000,8452.5051770568,7721.7691999772,38564.2250972721,21841.7838697771,24986.8764690507,21.3595539027,17.6402577679,17.6402577679,0.0000000000,3,304.1119463714,833.1441605553,22696.2875842351,21,30713.5696763742,6978.8574080030,1200.0000000000,10800.0000000000,True
2025-11-22,S2,SEQUENTIAL_PREVIOUS_COMMITMENT,Optimal,1,10.1643688000,3,0.0000000000,7721.7691999772,8521.0174850499,43090.2496507685,23524.4983992702,27811.4525151216,-64.7364525113,474.8487407376,23.3321368681,451.5166038695,3,227.1011830182,892.6342070038,24352.3961537626,15,32548.7809439328,7731.3896966680,1200.0000000000,10800.0000000000,True
2025-11-23,S2,SEQUENTIAL_PREVIOUS_COMMITMENT,Optimal,1,9.0483389000,3,0.0000000000,8521.0174850499,8205.6178601032,85642.8686087569,54460.9245054364,59335.9534631174,91.3930566428,995.8577344905,263.7509434071,732.1067910834,17,538.4129413070,2229.1851338148,56781.5026958939,23,40611.3812901864,7878.6787470784,1200.0000000000,10800.0000000000,True
2025-11-24,S2,SEQUENTIAL_PREVIOUS_COMMITMENT,Optimal,1,6.2992764000,3,0.0000000000,8205.6178601032,7629.2734410823,82837.9693158666,52394.2802175689,56168.7211171890,-305.7001842357,1349.9851484389,33.2542844286,1316.7308640103,12,512.9121436525,2026.6835799968,54115.2636133299,28,39142.9900554567,7887.0324896550,1200.0000000000,10800.0000000000,True
2025-11-25,S2,SEQUENTIAL_PREVIOUS_COMMITMENT,Optimal,1,9.4329965000,3,0.0000000000,7629.2734410823,8343.5597879502,87852.7125881712,55536.5285751242,59599.5331242616,-193.2986281003,680.3893984524,0.0000000000,680.3893984524,1,296.8662237413,898.2480171516,56241.4779641755,21,41239.7391751363,7967.8273098878,1200.0000000000,10800.0000000000,True
2025-11-26,S2,SEQUENTIAL_PREVIOUS_COMMITMENT,Optimal,1,8.1471534000,3,0.0000000000,8343.5597879502,7758.6063407337,85039.1454200297,53916.1328250267,57294.2809216504,264.2524167429,256.7865496329,256.7865496329,0.0000000000,12,352.8262559447,1367.0599207490,55547.4451625186,18,41820.2553662671,7795.6219501973,1200.0000000000,10800.0000000000,True
2025-11-27,S2,SEQUENTIAL_PREVIOUS_COMMITMENT,Optimal,1,9.8857431000,3,0.0000000000,7758.6063407337,8126.0850930517,86236.9602824816,54570.9937139253,58508.2636208135,-230.4736086749,1186.7715584075,57.5155603525,1129.2559980550,9,190.8324112786,673.8311735530,55014.3512788033,14,40970.1494997272,7987.5619166441,1200.0000000000,10800.0000000000,True
2025-11-28,S2,SEQUENTIAL_PREVIOUS_COMMITMENT,Optimal,1,8.9709987000,3,0.0000000000,8126.0850930517,8137.9956705134,41403.0300336818,23317.3179028555,27686.6441618641,-41.8713401714,327.0015525298,17.9970992348,309.0044532950,3,246.2745702732,913.8224203361,24189.2689830202,17,32307.8507815493,7169.3648447725,1200.0000000000,10800.0000000000,True
2025-11-29,S2,SEQUENTIAL_PREVIOUS_COMMITMENT,Optimal,1,12.4660007000,3,0.0000000000,8137.9956705134,8130.6182291060,43303.1184906768,24125.5650212544,28420.5151282723,275.3969473751,373.5204892352,373.5204892352,0.0000000000,8,181.9113273519,492.1187612571,24893.0807298865,12,32980.4871897581,7640.9474041252,1200.0000000000,10800.0000000000,True
2025-11-30,S2,SEQUENTIAL_PREVIOUS_COMMITMENT,Optimal,1,6.3883129000,3,0.0000000000,8130.6182291060,7814.6271924556,86906.3334723599,55138.0764966618,59348.1778903265,730.8197239083,767.3964495029,767.3964495029,0.0000000000,21,531.1187616937,2175.2002178244,58044.0964383945,30,43716.0577924190,7746.4323955655,1200.0000000000,10800.0000000000,True
2025-12-01,S2,SEQUENTIAL_PREVIOUS_COMMITMENT,Optimal,1,6.1329388000,3,0.0000000000,7814.6271924556,7880.0106002242,88514.6561748188,56301.8578005358,59747.8538035749,33.2988226668,26.0696290702,26.0696290702,0.0000000000,3,4334.5433362706,16170.7082117565,72505.8648349591,85,44932.5062781455,7772.3647145862,1200.0000000000,10800.0000000000,True
2025-12-02,S2,SEQUENTIAL_PREVIOUS_COMMITMENT,Optimal,1,5.3127182000,3,0.0000000000,7880.0106002242,8665.5141968096,91053.4297879100,57694.7139377541,63196.9140497580,161.0972052789,149.3899190162,149.3899190162,0.0000000000,13,4549.6329139110,18037.6053723963,75893.4165154293,90,45844.1404530202,7811.2658551087,1200.0000000000,10800.0000000000,True
2025-12-03,S2,SEQUENTIAL_PREVIOUS_COMMITMENT,Optimal,1,7.3435767000,3,0.0000000000,8665.5141968096,7647.9418601697,87065.4110491089,55598.1653982496,59415.4383336410,1042.5303338058,1058.4750681927,1058.4750681927,0.0000000000,26,3945.8568440886,13267.6889645242,69908.3846965796,94,43815.2683845116,7683.6430648361,1209.1292835892,10800.0000000000,True
2025-12-04,S2,SEQUENTIAL_PREVIOUS_COMMITMENT,Optimal,1,6.0637638000,3,0.0000000000,7647.9418601697,7598.7909229174,88828.1306741128,56685.5666901954,60427.4067647415,12.7003491078,43.2063937403,14.8106923155,28.3957014248,5,4420.6313331810,15992.0619149139,72690.3289542170,83,44773.3295826838,7739.7818022652,1200.0000000000,10800.0000000000,True
2025-12-05,S2,SEQUENTIAL_PREVIOUS_COMMITMENT,Optimal,1,9.2277000000,3,0.0000000000,7598.7909229174,8116.8230469086,45559.4772766156,25088.0512609253,28248.2107832782,45.9011980348,97.4991657853,58.7078782395,38.7912875459,7,2548.0939271600,8298.4643082272,33432.4167671872,74,35730.3551169225,7376.9368312759,1213.3171647045,10800.0000000000,True
2025-12-06,S2,SEQUENTIAL_PREVIOUS_COMMITMENT,Optimal,1,8.6122944000,3,0.0000000000,8116.8230469086,8657.1967897949,47852.7577468986,26485.6534882574,30294.3043394904,8.4625363028,7.0510545815,7.0510545815,0.0000000000,2,2976.1544497694,8891.3233797996,35385.4394043599,72,35612.0155735912,7527.1240413295,1200.0000000000,10800.0000000000,True
2025-12-07,S2,SEQUENTIAL_PREVIOUS_COMMITMENT,Optimal,1,5.8440359000,3,0.0000000000,8657.1967897949,7827.0454767184,90943.7812622711,58433.8730075027,63797.8852516251,-32.0657783306,243.9895112214,17.3874654258,226.6020457956,11,2735.3795919162,9357.0895592531,67758.8967884252,77,43337.6501945781,7823.1490035630,1200.0000000000,10800.0000000000,True
2025-12-08,S2,SEQUENTIAL_PREVIOUS_COMMITMENT,Optimal,1,5.6580063000,3,0.0000000000,7827.0454767184,7866.7950089228,99183.2110556080,63930.5036038130,68248.6744829634,26.6796134403,774.8970967144,247.2882155514,527.6088811630,10,208.6300259436,909.3332837465,64866.5165009998,14,43449.3746950540,7933.8714520469,1200.0000000000,10800.0000000000,True
2025-12-09,S2,SEQUENTIAL_PREVIOUS_COMMITMENT,Optimal,1,6.6280610000,3,0.0000000000,7866.7950089228,7666.9518482039,98701.2929872096,63563.7045488474,67655.5579274631,-64.8026054846,234.9629961789,2.6308163303,232.3321798485,8,367.2350131856,1586.0633703180,65084.9653136808,20,44375.3280946276,7821.1936070061,1200.0000000000,10800.0000000000,True
2025-12-10,S2,SEQUENTIAL_PREVIOUS_COMMITMENT,Optimal,1,5.7826545000,3,0.0000000000,7666.9518482039,8483.2253193007,100754.2765275432,64679.4651672999,70119.7298629611,29.2898399449,127.6990512182,57.5600330672,70.1390181510,8,196.4797054222,753.7371620067,65462.4921692515,12,44685.6543655244,7923.8183242890,1200.0000000000,10800.0000000000,True
2025-12-11,S2,SEQUENTIAL_PREVIOUS_COMMITMENT,Optimal,1,10.4598066000,3,0.0000000000,8483.2253193007,7685.7064846030,98032.8718463211,63368.4113966501,67382.1925948206,-376.3003464248,1015.0275378757,0.0000000000,1015.0275378757,12,132.9228418322,461.4852453354,63453.5962955606,9,41980.8556060959,7929.7611554524,1200.0000000000,10800.0000000000,True
2025-12-12,S2,SEQUENTIAL_PREVIOUS_COMMITMENT,Optimal,1,10.2605904000,3,0.0000000000,7685.7064846030,8385.1871638461,54470.9429310388,29843.4123834298,34062.6424969931,217.4004378294,295.7073019311,295.7073019311,0.0000000000,11,177.4736812527,656.7601679348,30717.5729891940,16,36643.4067081524,7483.5881775838,1200.0000000000,10800.0000000000,True
2025-12-13,S2,SEQUENTIAL_PREVIOUS_COMMITMENT,Optimal,1,8.4871851000,3,0.0000000000,8385.1871638461,8135.1473791702,54532.5466818724,29862.4037942912,33496.7739990674,-164.6985136801,656.7154685348,15.3437576592,641.3717108756,5,229.1008548144,1113.1148628264,30810.8201434374,16,35876.3364698059,7492.0748864553,1200.0000000000,10800.0000000000,True
2025-12-14,S2,SEQUENTIAL_PREVIOUS_COMMITMENT,Optimal,1,3.1137379000,3,0.0000000000,8135.1473791702,8578.5896438711,100296.1676462894,64777.1376575123,69275.7682707888,170.5235784931,212.1001522670,212.1001522670,0.0000000000,10,231.6205044505,935.1940890547,65882.8553250602,17,45285.9222671580,7833.3124161716,1200.0000000000,10800.0000000000,True
2025-12-15,S2,SEQUENTIAL_PREVIOUS_COMMITMENT,Optimal,1,4.9277894000,3,0.0000000000,8578.5896438711,7907.9022731986,96686.2136725700,62206.4390630669,66134.2957152838,500.8175175548,541.8324462682,541.8324462682,0.0000000000,14,321.0028087694,1193.6586823875,63900.9152630092,22,43875.4265088396,7799.5262290903,1200.0000000000,10800.0000000000,True
2025-12-16,S2,SEQUENTIAL_PREVIOUS_COMMITMENT,Optimal,1,5.3948924000,3,0.0000000000,7907.9022731986,7627.9262431874,98479.7028824752,63707.7275601022,67625.2006716010,-14.4838321558,43.4283681284,0.0000000000,43.4283681284,2,217.8771512096,690.4545009457,64383.6982288921,24,44293.3531312502,7737.3617160248,1200.0000000000,10800.0000000000,True
2025-12-17,S2,SEQUENTIAL_PREVIOUS_COMMITMENT,Optimal,1,8.0469287000,3,0.0000000000,7627.9262431874,7968.9679225505,100393.9847822089,64527.5699248298,69173.6274183925,-221.2244759203,651.2184470509,0.0000000000,651.2184470509,8,410.2552453552,1651.8283723313,65958.1738212407,18,43775.4455838999,7895.5473217382,1200.0000000000,10800.0000000000,True
2025-12-18,S2,SEQUENTIAL_PREVIOUS_COMMITMENT,Optimal,1,7.0189912000,3,0.0000000000,7968.9679225505,8042.5878657531,98739.9332357255,63651.8063820941,67818.8720902442,-201.5857009101,658.8420278486,1.2000852819,657.6419425667,12,496.8617486066,1554.6261546374,65004.8468358214,20,44246.3207619736,7877.7906914582,1200.0000000000,10800.0000000000,True
2025-12-19,S2,SEQUENTIAL_PREVIOUS_COMMITMENT,Optimal,1,9.5136783000,3,0.0000000000,8042.5878657531,8725.2123501254,56153.4743484478,30579.1456148568,34934.2579921428,-299.2923534344,1378.0606491338,51.8699384020,1326.1907107318,7,79.2707005555,261.0225241069,30540.8757855292,6,36328.0253271771,7514.6035712507,1218.2239232949,10800.0000000000,True
2025-12-20,S2,SEQUENTIAL_PREVIOUS_COMMITMENT,Optimal,1,8.1094068000,3,0.0000000000,8725.2123501254,8495.1783852311,54008.5503647779,30097.2937994956,34214.5478432888,-90.3860372868,362.2465501342,8.4655771379,353.7809729964,2,173.7667051862,599.4724305742,30606.3801927830,17,36872.6548227736,7421.7226172550,1200.0000000000,10800.0000000000,True
2025-12-21,S2,SEQUENTIAL_PREVIOUS_COMMITMENT,Optimal,1,6.8616994000,3,0.0000000000,8495.1783852311,7894.4061044165,98753.8853001173,63897.5991416012,67261.3842680386,-9.5642039087,63.7955720001,3.7385748735,60.0569971266,5,614.3311451440,1831.6029079675,65719.6378456599,23,43295.6021300628,7901.5790016664,1200.0000000000,10800.0000000000,True
2025-12-22,S2,SEQUENTIAL_PREVIOUS_COMMITMENT,Optimal,1,6.1125515000,3,0.0000000000,7894.4061044165,8449.4396794156,100420.1338320815,64556.2748343064,69326.5418548260,9.2073380690,52.8626432740,12.5684124634,40.2942308106,2,280.4795973394,834.3685208462,65399.8506932216,23,45158.0572225190,7895.8400900446,1200.0000000000,10800.0000000000,True
2025-12-23,S2,SEQUENTIAL_PREVIOUS_COMMITMENT,Optimal,1,9.1510581000,3,0.0000000000,8449.4396794156,8500.4195171842,99920.2987468130,64470.0609118838,68677.6892268518,-281.8436603132,855.8594138866,0.0000000000,855.8594138866,7,86.9452415789,236.9274095804,64425.1446611510,10,43454.6980783326,7972.1091505800,1200.0000000000,10800.0000000000,True
2025-12-24,S2,SEQUENTIAL_PREVIOUS_COMMITMENT,Optimal,1,9.5709960000,3,0.0000000000,8500.4195171842,8522.3183964439,99839.2804481305,64333.6096002791,68776.2278409736,-53.4951613669,184.3850570892,0.0000000000,184.3850570892,3,145.3001552716,524.8020389911,64804.9164779032,15,44506.1798773313,7929.0550236435,1200.0000000000,10800.0000000000,True
2025-12-25,S2,SEQUENTIAL_PREVIOUS_COMMITMENT,Optimal,1,12.2576618000,3,0.0000000000,8522.3183964439,8218.4703935244,98097.2119429810,63190.2418282078,66519.9149360296,-1.7353024802,4.8089302487,0.0000000000,4.8089302487,1,609.5954123416,2204.2484715873,65392.7549973148,29,43337.9865064087,7880.8855095197,1200.0000000000,10800.0000000000,True
2025-12-26,S2,SEQUENTIAL_PREVIOUS_COMMITMENT,Optimal,1,8.7625496000,3,0.0000000000,8218.4703935244,7904.2019413999,52877.9884831966,29338.0335014528,32510.1859987229,-98.9390970202,435.6001770933,0.1276729387,435.4725041545,2,256.3934216807,902.0945706920,30141.1889751246,16,36067.6777295997,7537.5456622180,1200.0000000000,10800.0000000000,True
2025-12-27,S2,SEQUENTIAL_PREVIOUS_COMMITMENT,Optimal,1,11.1293593000,3,0.0000000000,7904.2019413999,7648.5289332982,52458.0938658995,28607.6767608247,32393.7417526354,-69.7704522024,343.6613019038,5.8484594622,337.8128424416,2,266.0036421811,1009.1100704904,29547.0163791127,22,36110.0097423385,7427.3280966879,1200.0000000000,10800.0000000000,True
2025-12-28,S2,SEQUENTIAL_PREVIOUS_COMMITMENT,Optimal,1,7.5364322000,3,0.0000000000,7648.5289332982,8400.1349082424,100933.9019979993,64952.8600089886,69470.5455975357,-388.8301042160,1106.0892252688,8.7901614739,1097.2990637949,10,345.4340943359,1249.6783825975,65813.7082873701,20,43306.0407666405,7944.3339030312,1200.0000000000,10800.0000000000,True
2025-12-29,S2,SEQUENTIAL_PREVIOUS_COMMITMENT,Optimal,1,6.3854712000,3,0.0000000000,8400.1349082424,7649.9941030360,97832.3418068591,63171.5007090002,68046.9277769656,110.1383168280,151.2533225627,151.2533225627,0.0000000000,10,221.4657325611,705.7741383821,63987.4131642104,15,43254.4787160780,7898.5824008822,1200.0000000000,10800.0000000000,True
2025-12-30,S2,SEQUENTIAL_PREVIOUS_COMMITMENT,Optimal,1,8.0491995000,3,0.0000000000,7649.9941030360,7989.7678328877,98668.3041421988,63416.9884240361,67729.7849159458,-430.0949759585,1181.2136609320,8.6785184835,1172.5351424485,16,236.2171286051,737.6843894142,63724.5778374918,17,43645.6133709651,7885.7941738019,1200.0000000000,10800.0000000000,True
2025-12-31,S2,SEQUENTIAL_PREVIOUS_COMMITMENT,Optimal,1,6.1013760000,3,0.0000000000,7989.7678328877,7781.2213970213,98786.2373069033,63609.2163762917,67195.1751091948,0.0000000000,0.0000000000,0.0000000000,0.0000000000,0,424.6438162195,1186.2113480822,64795.4277243739,24,44276.2055892640,7879.2902309803,1200.0000000000,10800.0000000000,True
2025-02-01,S3,SEQUENTIAL_PREVIOUS_COMMITMENT,Optimal,1,11.0758703000,4,0.0000000000,6000.0000000000,7146.1149946571,48488.6190411939,25718.3232573597,27159.8253417210,-272.0541033164,1237.2789654077,8.4328006291,1228.8461647786,11,141.8255025381,758.4249979975,26204.6941520408,10,35456.6251895531,7423.6763190312,1236.1167459491,10800.0000000000,True
2025-02-02,S3,SEQUENTIAL_PREVIOUS_COMMITMENT,Optimal,1,4.3006642000,4,0.0000000000,7146.1149946571,7020.1975919128,92998.0525693649,58927.8219489153,61128.0506680849,-540.7290810453,1749.4313974748,0.0000000000,1749.4313974748,15,72.9630995311,253.6632152010,58640.7560830710,5,40437.1774714720,8004.3362598285,1200.0000000000,10800.0000000000,True
2025-02-03,S3,SEQUENTIAL_PREVIOUS_COMMITMENT,Optimal,1,12.7595519000,4,0.0000000000,7020.1975919128,7017.3095427691,91982.7689724139,57997.0877274154,60009.0722210746,-278.6620913285,910.2141382977,0.0000000000,910.2141382977,12,202.4002471042,831.0033721968,58549.4290082838,12,41526.3754818542,8007.6397250676,1200.0000000000,10800.0000000000,True
2025-02-04,S3,SEQUENTIAL_PREVIOUS_COMMITMENT,Optimal,1,18.4383345000,4,0.0000000000,7017.3095427691,7037.2828541444,92296.3073794286,58254.8052989879,60446.4157108132,59.6652049112,310.1691184696,104.9101273428,205.2589911268,6,285.5840047550,937.5805608975,59252.0510647966,11,43299.9305941533,7917.1869258516,1221.4022266348,10800.0000000000,True
2025-02-05,S3,SEQUENTIAL_PREVIOUS_COMMITMENT,Optimal,1,12.8395763000,4,0.0000000000,7037.2828541444,6849.5061446889,90273.8851811079,56839.4948393275,58997.1421514551,241.0250638580,294.2190674871,281.6687997035,12.5502677836,14,262.0257631799,1151.1565484628,58231.6764516483,23,42298.8334466215,7864.3605999187,1200.0000000000,10800.0000000000,True
2025-02-06,S3,SEQUENTIAL_PREVIOUS_COMMITMENT,Optimal,1,15.1934519000,4,0.0000000000,6849.5061446889,7067.3268157251,92818.0943021127,58767.6997525080,60818.6263183100,-375.3425629212,1251.9672104730,18.5592210936,1233.4079893794,17,94.2214399089,334.7734857740,58727.1306753608,5,41744.1118380759,7991.0400328614,1223.6639058160,10800.0000000000,True
2025-02-07,S3,SEQUENTIAL_PREVIOUS_COMMITMENT,Optimal,1,18.4141669000,4,0.0000000000,7067.3268157251,6998.9784528716,46286.1635845316,24564.4614998409,26052.8919714897,-459.3358673223,2101.5896483590,6.5483851576,2095.0412632014,8,114.5556831159,660.7376389573,24765.8632714759,7,34519.6563721728,7369.8446037443,1200.0000000000,10800.0000000000,True
2025-02-08,S3,SEQUENTIAL_PREVIOUS_COMMITMENT,Optimal,1,21.4916947001,4,0.0000000000,6998.9784528716,6951.7959902332,40520.3588235259,21643.9319329304,23277.2495597528,-19.1601832663,88.2076812567,0.0000000000,88.2076812567,3,281.7844981772,1281.3402852660,22906.1120349300,22,33521.8777758863,6941.1125333046,1200.0000000000,10800.0000000000,True
2025-02-09,S3,SEQUENTIAL_PREVIOUS_COMMITMENT,Optimal,1,10.6567559000,4,0.0000000000,6951.7959902332,7001.4076683178,87279.5296403833,54767.4325847849,56890.9989289407,42.9855326139,90.9799197377,73.3542740986,17.6256456392,6,469.0056462049,1486.2394946112,56296.6576120101,28,43145.0316699176,7882.1408910148,1200.0000000000,10800.0000000000,True
2025-02-10,S3,SEQUENTIAL_PREVIOUS_COMMITMENT,Optimal,1,12.3012142000,4,0.0000000000,7001.4076683178,6848.1909190979,87415.5604668779,54917.8201063651,56924.8748194677,-1151.2928096273,4066.1325795725,0.0000000000,4066.1325795725,30,189.6016158727,678.3733803386,54444.9006770764,14,37999.7002605248,8043.2464842962,1205.0785269097,10800.0000000000,True
2025-02-11,S3,SEQUENTIAL_PREVIOUS_COMMITMENT,Optimal,1,10.2637849000,4,0.0000000000,6848.1909190979,6917.2892328379,85427.0249582807,53409.7689056898,55448.5529449296,-674.1417054429,1989.2023094366,0.0000000000,1989.2023094366,30,311.3203184978,1552.4999243300,54288.1271245769,26,40641.7501987439,7804.0013062358,1200.0000000000,10800.0000000000,True
2025-02-12,S3,SEQUENTIAL_PREVIOUS_COMMITMENT,Optimal,1,11.4905337000,4,0.0000000000,6917.2892328379,6981.0931305853,85509.0836150516,53389.5517765170,55536.6874491058,-595.1144042596,2039.4592835490,0.0000000000,2039.4592835490,25,335.3141173681,1428.0903027099,54222.5276749674,21,40612.4348546671,7869.6390530862,1200.0000000000,10800.0000000000,True
2025-02-13,S3,SEQUENTIAL_PREVIOUS_COMMITMENT,Optimal,1,17.1656173000,4,0.0000000000,6981.0931305853,7084.0811735543,84919.5538701022,53092.0785599542,55070.4103347102,-1013.5615668821,3336.3784585921,0.0000000000,3336.3784585921,29,366.1163573855,1574.4882695570,53653.0052626291,24,37650.1492860856,7887.9451098587,1200.0000000000,10800.0000000000,True
2025-02-14,S3,SEQUENTIAL_PREVIOUS_COMMITMENT,Optimal,1,9.5391897000,4,0.0000000000,7084.0811735543,7085.8209986905,38131.2962028239,20454.9506395930,22051.5274733904,-85.5157821791,377.1372824249,0.0000000000,377.1372824249,4,718.1213682526,2790.7918560717,23160.2267134856,34,32353.8395324146,6397.8121377448,1200.0000000000,10800.0000000000,True
2025-02-15,S3,SEQUENTIAL_PREVIOUS_COMMITMENT,Optimal,1,10.1082610000,4,0.0000000000,7085.8209986905,6984.8915497921,37190.7039405869,20042.2903902604,21578.3297379725,-11.4370276652,26.4192352275,0.0000000000,26.4192352275,4,657.6509924289,2580.3320764253,22611.1854390205,35,31380.0342770903,6322.1604302066,1200.0000000000,10800.0000000000,True
2025-02-16,S3,SEQUENTIAL_PREVIOUS_COMMITMENT,Optimal,1,13.7685218000,4,0.0000000000,6984.8915497921,7010.0799672602,83203.0091836640,51768.8467675589,53935.8790586986,-355.2107520728,1026.6948632010,0.0000000000,1026.6948632010,29,748.4883821230,2874.7982218581,54288.4342373442,43,40036.3178361982,7811.3066296131,1200.0000000000,10800.0000000000,True
2025-02-17,S3,SEQUENTIAL_PREVIOUS_COMMITMENT,Optimal,1,6.9337474000,4,0.0000000000,7010.0799672602,6915.3784279302,82311.6400499818,50975.3671676852,53098.7947743646,-1126.2331264826,3633.9909756685,0.0000000000,3633.9909756685,33,404.8433529432,1764.9966333558,51614.1306745584,30,37310.9172561162,7836.5435194836,1200.0000000000,10800.0000000000,True
2025-02-18,S3,SEQUENTIAL_PREVIOUS_COMMITMENT,Optimal,1,7.0836385000,4,0.0000000000,6915.3784279302,6922.4784705796,80938.7226731063,50234.9840335543,52298.5095714122,-393.6348038433,1387.0382543206,0.0000000000,1387.0382543206,19,329.8755612106,1310.7581534492,51152.1073831603,24,38632.4530236294,7811.7742229024,1200.0000000000,10800.0000000000,True
2025-02-19,S3,SEQUENTIAL_PREVIOUS_COMMITMENT,Optimal,1,10.6163189000,4,0.0000000000,6922.4784705796,6930.0560826080,80539.7331468148,49950.0646985720,52037.8860169882,-142.8415542101,557.6106458247,0.7518073044,556.8588385203,13,763.1936936136,2618.7666434065,52425.9897877684,38,40842.4942102707,7644.2112556673,1200.0000000000,10800.0000000000,True
2025-02-20,S3,SEQUENTIAL_PREVIOUS_COMMITMENT,Optimal,1,11.4237868000,4,0.0000000000,6930.0560826080,7001.3207937876,80964.3895848060,50002.3066305892,52053.6508354008,-473.5654466715,1488.3929990366,1.8876166229,1486.5053824137,23,522.9685666318,2306.1594439629,51834.9006278805,32,38951.1077979228,7708.9539050663,1200.0000000000,10800.0000000000,True
2025-02-21,S3,SEQUENTIAL_PREVIOUS_COMMITMENT,Optimal,1,14.9318362000,4,0.0000000001,7001.3207937876,6800.9532937053,36445.9151606911,19575.7251666963,20692.0359250411,-24.8713415325,56.4368809191,0.0000000000,56.4368809191,8,287.4505979398,1003.3379668299,20554.1917919937,24,31558.9400649873,6185.1013491498,1200.0000000000,10800.0000000000,True
2025-02-22,S3,SEQUENTIAL_PREVIOUS_COMMITMENT,Optimal,1,14.9533920000,4,0.0000000000,6800.9532937053,6987.4032508613,36626.6414227752,19670.8777701220,20890.5088567221,-18.8934125046,56.3387714722,3.4570244759,52.8817469963,5,353.2456998677,1327.7087919217,20979.6931495392,25,31468.9506539105,6038.8500396966,1200.0000000000,10800.0000000000,True
2025-02-23,S3,SEQUENTIAL_PREVIOUS_COMMITMENT,Optimal,1,9.6670759000,4,0.0000000000,6987.4032508613,6928.7705040450,79498.9508447866,49190.6517976529,51016.5169954929,-266.2839631134,780.4799721671,0.0000000000,780.4799721671,18,669.7050432997,2308.9384829944,51233.3063175339,35,39818.3453873658,7609.2998699946,1207.5420561343,10800.0000000000,True
2025-02-24,S3,SEQUENTIAL_PREVIOUS_COMMITMENT,Optimal,1,13.4745030000,4,0.0000000000,6928.7705040450,6893.4088624395,78356.5584391147,48298.9181019566,50387.3766574080,-477.5556840765,1641.1956739878,0.0000000000,1641.1956739878,6,473.0477455270,2062.5772975084,49883.9397153885,29,38007.7332129329,7661.5039218421,1200.0000000000,10800.0000000000,True
2025-02-25,S3,SEQUENTIAL_PREVIOUS_COMMITMENT,Optimal,1,12.6349615000,4,0.0000000000,6893.4088624395,6967.3060733471,78791.5288745778,48575.7588231423,50699.3113436296,-1173.7636924417,4011.4395006397,0.0000000000,4011.4395006397,23,477.6823527096,1838.5660272938,49240.5611579944,30,37041.8136084902,7685.2048420545,1200.0000000000,10800.0000000000,True
2025-02-26,S3,SEQUENTIAL_PREVIOUS_COMMITMENT,Optimal,1,21.5966738000,4,0.0000000000,6967.3060733471,6959.3536519728,77868.5779106740,47872.9509663372,49839.7586675685,-258.3312904260,867.6315070329,0.0000000000,867.6315070329,13,550.8100401328,2226.1287662582,49840.7484421694,28,38803.1579999390,7586.3454123966,1200.0000000000,10800.0000000000,True
2025-02-27,S3,SEQUENTIAL_PREVIOUS_COMMITMENT,Optimal,1,11.9943062000,4,0.0000000000,6959.3536519728,6949.7902011740,77041.3468971153,47342.3952823771,49270.4110704711,-297.6707867055,1123.4462552535,0.0000000000,1123.4462552535,13,422.9660209050,1894.8076376002,48939.5321332718,17,40630.3653919028,7461.1619217164,1200.0000000000,10800.0000000000,True
2025-02-28,S3,SEQUENTIAL_PREVIOUS_COMMITMENT,Optimal,1,9.4200179000,4,0.0000000000,6949.7902011740,6958.9585378559,35311.2643214826,18855.7830302106,19940.5534991302,-23.8925891080,56.0871159076,0.0000000000,56.0871159076,4,349.3060849885,1365.4216794947,20197.3121205973,22,30425.4979550471,6007.8655742868,1200.0000000000,10800.0000000000,True
2025-03-01,S3,SEQUENTIAL_PREVIOUS_COMMITMENT,Optimal,1,13.3011947000,4,0.0000000001,6958.9585378559,6938.9926732194,35500.3886136398,19058.5949306671,20125.1088130365,0.0000000000,0.0000000000,0.0000000000,0.0000000000,0,353.7814961094,1522.3758705821,20580.9708012492,18,29607.1205348532,5964.0296497855,1213.2233520689,10800.0000000000,True
2025-03-02,S3,SEQUENTIAL_PREVIOUS_COMMITMENT,Optimal,1,13.1392244000,4,0.0000000000,6938.9926732194,6966.6468885119,76946.6473729149,47191.4241864954,49351.4893986640,2386.5987688275,2274.8443567222,2274.8443567222,0.0000000000,29,1213.8940016886,4669.9706062809,54247.9935616038,34,41552.6666418476,7577.9190463041,1200.0000000000,10800.0000000000,True
2025-03-03,S3,SEQUENTIAL_PREVIOUS_COMMITMENT,Optimal,1,13.4388817000,4,0.0000000000,6966.6468885119,6968.6061308320,77684.7210270585,47828.6103615149,50064.0126177549,402.0592284833,574.2539469598,498.4385205590,75.8154264008,19,1535.1850700484,6371.3123369495,54601.9819269478,48,41859.2394874684,7514.8574067885,1200.0000000000,10800.0000000000,True
2025-03-04,S3,SEQUENTIAL_PREVIOUS_COMMITMENT,Optimal,1,10.1419892000,4,0.0000000000,6968.6061308320,6923.0562005064,78076.7402537031,48182.1854256018,50680.7338702111,-209.4645457210,882.8348878604,61.4124969277,821.4223909327,9,525.4916130829,1466.2216011692,49438.9424810500,26,39501.5329261872,7636.3229523499,1200.0000000000,10800.0000000000,True
2025-03-05,S3,SEQUENTIAL_PREVIOUS_COMMITMENT,Optimal,1,9.2993610000,4,0.0000000000,6923.0562005064,7029.6927614073,79144.6588061889,48736.3635021896,50833.0256979217,-874.4584245459,3279.1495153796,0.0000000000,3279.1495153796,29,195.0449969851,741.5665612492,48603.4716388930,14,36537.9712225258,7894.6234737429,1200.0000000000,10800.0000000000,True
2025-03-06,S3,SEQUENTIAL_PREVIOUS_COMMITMENT,Optimal,1,12.2388739001,4,0.0000000000,7029.6927614073,7006.0470927234,77957.5861011200,48168.5982558456,50441.9447628104,-745.5449079531,2887.2113563176,0.0000000000,2887.2113563176,22,286.8708318824,862.3781305049,48285.4314783974,19,36502.4158355391,7892.2730841873,1200.0000000000,10800.0000000000,True
2025-03-07,S3,SEQUENTIAL_PREVIOUS_COMMITMENT,Optimal,1,9.6431331000,4,0.0000000000,7006.0470927234,7042.8168759834,34853.4004253369,18675.7309892983,19896.1446068167,-22.7579343527,51.0148337461,0.0000000000,51.0148337461,7,195.3108986997,697.1178235468,19350.0908784924,13,28875.8853644419,6231.5975789500,1200.0000000000,10800.0000000000,True
2025-03-08,S3,SEQUENTIAL_PREVIOUS_COMMITMENT,Optimal,1,9.1390868000,4,0.0000000000,7042.8168759834,6949.8741139078,32856.5978961343,17794.3385061050,18894.0378890890,-21.2138138540,49.8894732215,0.0000000000,49.8894732215,5,352.0825295969,1089.3185014409,18862.4431936919,23,30571.0792599264,5885.3768870075,1200.0000000000,10800.0000000000,True
2025-03-09,S3,SEQUENTIAL_PREVIOUS_COMMITMENT,Optimal,1,10.0013908000,4,0.0000000000,6949.8741139078,6871.1274440061,75143.1108582278,46108.3165767074,48410.9230044854,-964.0888615664,3508.5137146672,0.0000000000,3508.5137146672,34,275.0781303950,1130.2320894419,46274.4598045829,25,37774.4566263566,7513.1425616206,1200.0000000000,10800.0000000000,True
2025-03-10,S3,SEQUENTIAL_PREVIOUS_COMMITMENT,Optimal,1,9.7062988000,4,0.0000000000,6871.1274440061,6873.8977378706,73866.4148170887,45172.4969966600,47203.6159344888,50.2738182391,88.7764520739,82.5383235851,6.2381284888,4,1478.0666081613,4676.6689145980,49899.4397294971,50,39004.4188614622,7362.3623505182,1200.0000000000,10800.0000000000,True
2025-03-11,S3,SEQUENTIAL_PREVIOUS_COMMITMENT,Optimal,1,19.2893342000,4,0.0000000000,6873.8977378706,7032.4703453593,72522.8511214874,44043.5366801153,46160.2254356261,-232.9398471925,1091.4093102942,66.9608463222,1024.4484639721,10,647.0804753452,2639.5527925371,46450.1496254599,40,37580.7473755432,7518.5414502763,1208.1475434028,10800.0000000000,True
2025-03-12,S3,SEQUENTIAL_PREVIOUS_COMMITMENT,Optimal,1,10.0848629000,4,0.0000000000,7032.4703453593,6960.7242348884,73109.5763263141,44534.5219832530,46834.6534886849,-795.1424505291,2674.7145449735,10.6084485231,2664.1060964504,31,528.2901490671,1992.5294679244,45731.9090006483,31,37277.1767809691,7450.2676916320,1200.0000000000,10800.0000000000,True
2025-03-13,S3,SEQUENTIAL_PREVIOUS_COMMITMENT,Optimal,1,9.6427593000,4,0.0000000000,6960.7242348884,7026.9791680453,73275.8394709664,44568.7259222050,46687.7618659376,155.0840813224,255.4807354632,240.0457215285,15.4350139347,7,1429.0340781645,6217.0874887533,50940.8974922807,43,38351.7187415069,7462.5524159100,1200.0000000000,10800.0000000000,True
2025-03-14,S3,SEQUENTIAL_PREVIOUS_COMMITMENT,Optimal,1,11.9133920000,4,0.0000000000,7026.9791680453,6964.9466929164,31932.6400746100,17140.2050816663,18181.2894167919,-24.8836261479,55.4629758778,0.0000000000,55.4629758778,3,357.6069678067,1553.5086320784,18668.8300875968,26,30174.0285010367,6056.9282355170,1200.0000000000,10800.0000000000,True
2025-03-15,S3,SEQUENTIAL_PREVIOUS_COMMITMENT,Optimal,1,9.3205879000,4,0.0000000000,6964.9466929164,7065.0583731352,32428.1789437447,17333.5497065914,18380.2168249831,-20.1304423994,46.0271978175,0.0000465532,46.0271512643,5,388.6361540584,1670.9772755074,18984.3965396993,25,30641.5037277150,5975.6436664521,1200.0000000000,10800.0000000000,True
2025-03-16,S3,SEQUENTIAL_PREVIOUS_COMMITMENT,Optimal,1,11.1728664000,4,0.0000000000,7065.0583731352,6974.8818316899,71615.0635322647,43512.0882496183,45677.7057476386,-93.9987433771,542.3134422079,59.4654052623,482.8480369456,9,474.9232149323,1897.6545652818,45315.7440715230,34,37871.9387790788,7421.0918583736,1204.1546288339,10800.0000000000,True
2025-03-17,S3,SEQUENTIAL_PREVIOUS_COMMITMENT,Optimal,1,15.8582307000,4,0.0000000000,6974.8818316899,7004.6300560906,71783.1365842648,43426.4772676841,45998.8251944447,-1048.0672689328,3434.1871691124,0.0000000000,3434.1871691124,28,322.8653982314,1446.8773806337,43825.2873793850,20,36393.1837955571,7404.6092875347,1202.3279720775,10800.0000000000,True
2025-03-18,S3,SEQUENTIAL_PREVIOUS_COMMITMENT,Optimal,1,9.1836236000,4,0.0000000000,7004.6300560906,7060.1587504500,71551.8344919796,43404.1647722150,45517.8828281950,-405.2589458055,1403.3514159586,0.0000000000,1403.3514159586,19,524.3831314951,2125.8157918011,45124.7216182106,27,37926.5867573194,7445.1296703591,1200.0000000000,10800.0000000000,True
2025-03-19,S3,SEQUENTIAL_PREVIOUS_COMMITMENT,Optimal,1,13.7637754000,4,0.0000000000,7060.1587504500,6929.3523023979,69426.2770211704,42071.8851349300,44338.5360479588,-211.4068597286,808.8901134249,6.6655232455,802.2245901794,9,372.4196641255,1644.9359151688,43505.4141903703,21,38364.3732928290,7382.7666405561,1200.0000000000,10800.0000000000,True
2025-03-20,S3,SEQUENTIAL_PREVIOUS_COMMITMENT,Optimal,1,11.6135276000,4,0.0000000000,6929.3523023979,6963.8055974095,69605.8236906850,42226.7410986315,44588.8884466410,-227.5976470727,761.6324542486,0.0000000000,761.6324542486,12,944.3256348668,3511.5124602818,45510.6559118407,44,38274.7211516671,7356.1787141371,1200.0000000000,10800.0000000000,True
2025-03-21,S3,SEQUENTIAL_PREVIOUS_COMMITMENT,Optimal,1,10.2222455000,4,0.0000000000,6963.8055974095,7012.1981543508,31448.1840145056,16791.9315791336,17844.0665504357,-88.2910335423,203.3001123942,0.0000000000,203.3001123942,9,406.2128249957,1211.9116292840,17915.5521748752,23,30566.0948301380,6025.8401096355,1200.0000000000,10800.0000000000,True
2025-03-22,S3,SEQUENTIAL_PREVIOUS_COMMITMENT,Optimal,1,10.0041894000,4,0.0000000000,7012.1981543508,7059.8768927185,32094.3979514074,17163.5062941928,18277.0605942167,-14.6218506906,32.8095116518,0.0000000000,32.8095116518,2,135.6667271330,320.0972049365,17468.9816484387,13,30259.6875784855,5912.9237141873,1220.9904059606,10800.0000000000,True
2025-03-23,S3,SEQUENTIAL_PREVIOUS_COMMITMENT,Optimal,1,12.2862553000,4,0.0000000000,7059.8768927185,6965.7948467703,68270.1071947071,41145.1210507313,43139.5873460560,-327.6619210535,1023.5811193323,0.0000000000,1023.5811193323,12,612.1066173212,2555.7772569497,43373.2363866275,32,36989.4091234137,7363.6916432344,1200.0000000000,10800.0000000000,True
2025-03-24,S3,SEQUENTIAL_PREVIOUS_COMMITMENT,Optimal,1,15.5716726000,4,0.0000000000,6965.7948467703,7013.2935797399,67626.8305951211,40829.1038470059,43554.5567968175,194.8719413416,852.1597963097,337.7019856563,514.4578106534,13,546.7794329926,1694.0544234539,42718.0302118014,36,38188.8359172747,7389.7343574085,1200.0000000000,10800.0000000000,True
2025-03-25,S3,SEQUENTIAL_PREVIOUS_COMMITMENT,Optimal,1,16.8342633000,4,0.0000000000,7013.2935797399,6969.4418674247,68228.2211983505,41169.1212105981,43434.3270885054,-277.1514378247,1116.6266151779,1.2212329874,1115.4053821905,12,939.0409352351,3343.5241995262,44235.4939722995,44,37291.3035796325,7414.0136856187,1200.0000000000,10800.0000000000,True
2025-03-26,S3,SEQUENTIAL_PREVIOUS_COMMITMENT,Optimal,1,16.2382303000,4,0.0000000000,6969.4418674247,7059.0696271211,66320.5159204741,39873.8472132997,42109.8815776524,-246.2824872649,1029.6438221941,0.0000000000,1029.6438221941,9,406.3068132175,1344.3430925957,40971.9078186304,28,37380.9406000798,7356.9686703372,1200.0000000000,10800.0000000000,True
2025-03-27,S3,SEQUENTIAL_PREVIOUS_COMMITMENT,Optimal,1,10.2419225000,4,0.0000000000,7059.0696271211,7076.7053812150,67134.3784750596,40533.8936426003,42594.3781396964,-164.1747080693,976.7038233814,100.7008297675,876.0029936138,21,759.1707227549,2871.5063372841,43241.2252718152,39,37254.6599556140,7437.7969210809,1202.4245245949,10800.0000000000,True
2025-03-28,S3,SEQUENTIAL_PREVIOUS_COMMITMENT,Optimal,1,14.2043239000,4,0.0000000000,7076.7053812150,7157.8492755512,31148.4615551026,16422.6283270701,17460.6124843176,-8.9963427146,19.3874800680,0.0000000000,19.3874800680,2,188.4827440581,585.5183141718,16999.1502985273,15,30584.1939706338,5952.9125059836,1212.5429375000,10800.0000000000,True
2025-03-29,S3,SEQUENTIAL_PREVIOUS_COMMITMENT,Optimal,1,12.9819035000,4,0.0000000000,7157.8492755512,6964.7259095289,30497.8329638054,16045.3153701253,17039.3644891973,-16.3877429142,33.4310678331,0.0000000000,33.4310678331,3,326.3052300728,1379.2188875065,17408.1465147176,20,30307.5640294475,6047.8184825644,1200.0000000000,10800.0000000000,True
2025-03-30,S3,SEQUENTIAL_PREVIOUS_COMMITMENT,Optimal,1,12.4701860000,4,0.0000000000,6964.7259095289,6980.0747389610,65974.2789661641,39762.4319156747,42367.1782902109,-470.2837667512,1803.8646649952,0.0000000000,1803.8646649952,23,562.9053299950,2185.9052354963,41478.0533844198,27,36747.3819901558,7478.9189282273,1201.2610821759,10800.0000000000,True
2025-03-31,S3,SEQUENTIAL_PREVIOUS_COMMITMENT,Optimal,1,12.4791666000,4,0.0000000000,6980.0747389610,6950.9563355914,63020.1200788911,37839.4866460694,39777.3710477103,302.7158663242,427.5407800129,306.6648540094,120.8759260035,16,667.8165017488,2654.1660971958,40796.3686095894,37,35870.4753502402,7500.1508961596,1200.0000000000,10800.0000000000,True
2025-04-01,S3,SEQUENTIAL_PREVIOUS_COMMITMENT,Optimal,1,14.4338981000,4,0.0000000000,6950.9563355914,7000.3591736043,66277.9132464229,39747.9679339935,42217.1691044718,9.1917506975,8.1023181376,8.1023181376,0.0000000000,2,1181.4091518882,3618.6822576966,43375.8419423875,45,35309.4030526473,7601.0721629540,1200.0000000000,10800.0000000000,True
2025-04-02,S3,SEQUENTIAL_PREVIOUS_COMMITMENT,Optimal,1,19.3568197000,4,0.0000000000,7000.3591736043,6987.7519958892,65299.6550989800,39093.4762923896,41317.7407570447,508.8012557196,504.7900155858,504.7900155858,0.0000000000,7,1851.0117099303,7075.7069314597,46677.9844795689,53,38289.5375553486,7277.3844838149,1200.0000000000,10800.0000000000,True
2025-04-03,S3,SEQUENTIAL_PREVIOUS_COMMITMENT,Optimal,1,19.5964170000,4,0.0000000000,6987.7519958892,7019.6899548837,65741.2989003549,39366.9955121790,41669.8314222043,-182.4690880772,1092.3223639811,51.5995829906,1040.7227809905,6,391.4819563164,1274.2020422983,40458.7284664002,28,37535.6932332880,7393.0185448000,1200.0000000000,10800.0000000000,True
2025-04-04,S3,SEQUENTIAL_PREVIOUS_COMMITMENT,Optimal,1,8.5131200000,4,0.0000000000,7019.6899548837,7112.5223967059,30079.7775660404,15693.5990767491,16727.7600997902,-72.5791425389,146.9432552072,0.0000000000,146.9432552072,10,362.9029433131,1387.7725084697,17008.7924426799,22,30329.4291541780,5824.9243667992,1202.3036568287,10800.0000000000,True
2025-04-05,S3,SEQUENTIAL_PREVIOUS_COMMITMENT,Optimal,1,12.1281851000,4,0.0000000000,7112.5223967059,6958.9044947703,29800.0829948728,15550.2901894840,16531.6886448768,-8.6112675864,18.3398669383,0.0000000000,18.3398669383,2,430.0440490063,1518.6253533818,17060.3042752794,32,30067.8436846964,5951.1905627476,1200.0000000000,10800.0000000000,True
2025-04-06,S3,SEQUENTIAL_PREVIOUS_COMMITMENT,Optimal,1,10.6608673000,4,0.0000000000,6958.9044947703,7560.7111114008,66398.9846300989,39268.8412859444,41914.7426052420,-231.7692093942,1078.8730248060,11.1931124628,1067.6799123432,11,353.4800433486,1413.2201725510,40450.2922491013,25,37179.0207989040,7440.7786317507,1200.0000000000,10800.0000000000,True
2025-04-07,S3,SEQUENTIAL_PREVIOUS_COMMITMENT,Optimal,1,13.7403275000,4,0.0000000000,7560.7111114008,6973.8253755469,62735.2938504033,37441.1266915026,39491.7566632109,-113.6624775522,532.4704660027,8.1481798454,524.3222861574,8,384.9966273146,1039.4968830093,38366.9610969597,28,35534.9017250361,7498.8616663959,1200.0000000000,10800.0000000000,True
2025-04-08,S3,SEQUENTIAL_PREVIOUS_COMMITMENT,Optimal,1,19.3369415000,4,0.0000000000,6973.8253755469,7013.3291776447,64697.0743934421,38573.2934058274,40699.9505192699,-280.5378516570,1399.9428768420,39.4387543379,1360.5041225041,14,698.9608226412,3190.4023454896,41483.1578996601,33,37709.6068259079,7287.3013140791,1200.0000000000,10800.0000000000,True
2025-04-09,S3,SEQUENTIAL_PREVIOUS_COMMITMENT,Optimal,1,20.3238784000,4,0.0000000000,7013.3291776447,6918.9223514838,62844.9597110809,37618.9519360761,39821.3253687244,1024.1518935544,1371.5086823956,1346.7742138520,24.7344685436,17,1728.5524145383,5838.7886491690,44481.8924787996,48,37544.0155797303,7334.0623820348,1200.0000000000,10800.0000000000,True
2025-04-10,S3,SEQUENTIAL_PREVIOUS_COMMITMENT,Optimal,1,14.8943482999,4,0.0000000000,6918.9223514838,7055.4283071775,63714.8050279575,37983.6070983381,40179.8861495587,-17.2311763087,407.7883244533,60.8898198803,346.8985045730,13,615.9451114508,2713.6781769669,40680.0540989963,33,37393.6023816901,7328.9479319616,1207.2574182581,10800.0000000000,True
2025-04-11,S3,SEQUENTIAL_PREVIOUS_COMMITMENT,Optimal,1,7.0028205000,4,0.0000000000,7055.4283071775,6997.6359235230,29085.3527297445,14996.0874308167,15976.3740460059,-74.3285905727,139.0442320394,0.0000000000,139.0442320394,10,530.4463266515,2147.6599045496,17069.4187447935,29,30295.2717342957,5939.3086998990,1203.5111165365,10800.0000000000,True
2025-04-12,S3,SEQUENTIAL_PREVIOUS_COMMITMENT,Optimal,1,9.2333977000,4,0.0000000000,6997.6359235230,7107.6894749456,29945.6222411169,15501.2714229101,16425.0819637508,-64.3945761959,125.6416505683,0.0000000000,125.6416505683,7,151.4139539404,569.8334374234,16006.7102841376,15,29468.9493452113,6252.0714867297,1200.0000000000,10800.0000000000,True
2025-04-13,S3,SEQUENTIAL_PREVIOUS_COMMITMENT,Optimal,1,13.8221391000,4,0.0000000000,7107.6894749456,6966.7014102743,62368.5080368673,37153.6087622162,39715.7173708997,-137.5595515090,450.0407214504,0.3764829749,449.6642384756,10,558.2179900104,2387.4707743116,39403.5199850189,30,36623.0033023953,7357.2838662868,1207.9444661458,10800.0000000000,True
2025-04-14,S3,SEQUENTIAL_PREVIOUS_COMMITMENT,Optimal,1,14.8171274000,4,0.0000000000,6966.7014102743,7062.5013598110,62454.5469398361,36950.0048986496,39134.9190447212,-592.1782340989,2075.5561918427,0.0000000000,2075.5561918427,23,541.6368570557,2291.1365879930,38648.9632525436,33,36191.3738237134,7347.2811113529,1200.0000000000,10800.0000000000,True
2025-04-15,S3,SEQUENTIAL_PREVIOUS_COMMITMENT,Optimal,1,10.1024823000,4,0.0000000000,7062.5013598110,7050.6819975730,61162.2808627711,36550.8944363216,38423.6874480560,-204.3343827341,1062.8445409210,49.8751843260,1012.9693565950,16,306.4860083958,1297.4535934707,37644.0136470582,25,34157.8629866983,7615.0582384965,1200.0000000000,10800.0000000000,True
2025-04-16,S3,SEQUENTIAL_PREVIOUS_COMMITMENT,Optimal,1,9.7195766000,4,0.0000000000,7050.6819975730,7023.7284625889,62038.7446529320,36900.2528992965,38942.0748178846,4.4465634576,251.9938542645,54.8008434307,197.1930108338,10,1084.1169222226,4280.9772799145,41185.6767426686,44,35147.3913509463,7501.4177223342,1208.6531760706,10800.0000000000,True
2025-04-17,S3,SEQUENTIAL_PREVIOUS_COMMITMENT,Optimal,1,9.5330888999,4,0.0000000000,7023.7284625889,6967.3694385124,60054.3020602564,35905.8183213453,37843.6947348881,-84.6009381803,361.3731547407,10.0695459149,351.3036088258,7,512.1396247944,2034.9880093174,37856.2053924825,36,35192.4006968439,7465.4799700427,1200.0000000000,10800.0000000000,True
2025-04-18,S3,SEQUENTIAL_PREVIOUS_COMMITMENT,Optimal,1,5.6151161000,4,0.0000000000,6967.3694385124,7116.7732061511,29376.2494437963,15029.6397008346,15913.7039968991,-151.4708960333,306.7139150095,0.0000000000,306.7139150095,7,314.9266828205,1163.2705572536,16041.4393620549,15,29869.0489228975,5914.4157144755,1215.7257190596,10800.0000000000,True
2025-04-19,S3,SEQUENTIAL_PREVIOUS_COMMITMENT,Optimal,1,8.9526119000,4,0.0000000000,7116.7732061511,7369.5993845308,28754.8086572439,14644.2685688956,15607.3502732050,-184.4675822766,375.8488617355,0.3799825580,375.4688791774,7,410.5709760310,1547.4865036726,16007.2874902916,18,30691.0997324662,5928.1696807917,1227.0541400637,10800.0000000000,True
2025-04-20,S3,SEQUENTIAL_PREVIOUS_COMMITMENT,Optimal,1,9.7592312000,4,0.0000000000,7369.5993845308,7010.2733578617,60499.7958293867,35989.1415412853,38059.4633846510,50.2653235215,615.3069800602,129.9374561498,485.3695239105,18,650.5182108796,2164.0085151045,38203.4153799113,35,35582.8795749445,7449.2226845546,1200.0000000000,10800.0000000000,True
2025-04-21,S3,SEQUENTIAL_PREVIOUS_COMMITMENT,Optimal,1,13.8714469000,4,0.0000000000,7010.2733578617,7028.8652129724,60905.3053835848,36077.2257692666,38291.4160400172,-830.7108476441,3465.9430599988,0.0000000000,3465.9430599988,22,628.4451998339,2266.1231177521,37512.6380393746,28,33364.2304847546,7578.9811253335,1200.0000000000,10800.0000000000,True
2025-04-22,S3,SEQUENTIAL_PREVIOUS_COMMITMENT,Optimal,1,12.8501459000,4,0.0000000000,7028.8652129724,7081.2106064374,59151.9786290054,35301.3144118820,37212.5032439029,-67.6037389986,345.4961822963,16.4534823346,329.0426999617,5,822.4992300931,2680.9581978964,37914.6688707798,36,34419.3697109424,7559.6492594970,1214.3845242705,10800.0000000000,True
2025-04-23,S3,SEQUENTIAL_PREVIOUS_COMMITMENT,Optimal,1,14.0298780000,4,0.0000000000,7081.2106064374,7132.5791309942,59872.2976935542,35531.4894601821,37591.6722520997,-39.7042660039,85.1463841712,0.0000000000,85.1463841712,6,508.5100758203,1837.9732126519,37329.7584068301,24,33645.2726302208,7621.0480903578,1247.5770683677,10800.0000000000,True
2025-04-24,S3,SEQUENTIAL_PREVIOUS_COMMITMENT,Optimal,1,12.9270255000,4,0.0000000000,7132.5791309942,7015.0450497563,59067.3201525904,35175.1772474209,37350.9794161123,-427.9933302965,2105.5609053631,38.5926595758,2066.9682457873,18,293.5071700772,1223.1545971743,35970.3385142986,19,33195.1823553806,7592.3571908905,1200.0000000000,10800.0000000000,True
2025-04-25,S3,SEQUENTIAL_PREVIOUS_COMMITMENT,Optimal,1,8.4369801000,4,0.0000000000,7015.0450497563,7456.6036622806,28149.1683317217,14107.4693446031,15002.3624566423,-81.8062043467,157.9713864842,0.0000000000,157.9713864842,6,187.9861236745,593.3639246579,14619.0270649143,15,30588.2257343631,5914.0984236315,1269.2515654986,10800.0000000000,True
2025-04-26,S3,SEQUENTIAL_PREVIOUS_COMMITMENT,Optimal,1,8.2169407000,4,0.0000000000,7456.6036622806,7258.5130493914,27402.7922005798,13751.4665266249,14610.4035420406,-42.2087121865,75.0699871182,0.0000000000,75.0699871182,4,496.7935486696,1897.4245715806,15606.6823860190,28,30549.6904913369,6055.6961378558,1241.4679803126,10800.0000000000,True
2025-04-27,S3,SEQUENTIAL_PREVIOUS_COMMITMENT,Optimal,1,10.5444456000,4,0.0000000000,7258.5130493914,7059.3146958068,55901.4958397205,33027.6630856928,34858.0497425034,395.3183517146,1183.6722849833,676.2898716795,507.3824133039,14,1221.5212399640,5324.4269394820,38747.4083768894,37,35499.6406307840,7386.4907971846,1200.0000000000,10800.0000000000,True
2025-04-28,S3,SEQUENTIAL_PREVIOUS_COMMITMENT,Optimal,1,9.9875930000,4,0.0000000000,7059.3146958068,7062.5911862387,57767.0113641072,34262.5883026246,36232.0046865360,2074.4883088119,2676.5245959969,2676.5245959969,0.0000000000,20,2353.6940658263,8537.9058084787,44874.9824199152,51,35660.8538825904,7475.1201778988,1250.4977899650,10800.0000000000,True
2025-04-29,S3,SEQUENTIAL_PREVIOUS_COMMITMENT,Optimal,1,9.6455203000,4,0.0000000000,7062.5911862387,7297.7825287200,58402.1278306137,34548.1646831906,36741.4744943042,9.9368783826,1654.7396122407,275.3716838488,1379.3679283919,16,666.3619536856,2912.0828740818,37470.1844356550,23,32127.3400999179,7730.5775697561,1200.0000000000,10800.0000000000,True
2025-04-30,S3,SEQUENTIAL_PREVIOUS_COMMITMENT,Optimal,1,9.8187232000,4,0.0000000000,7297.7825287200,7027.1116385254,56460.6410514636,33666.9456019546,35645.4862066692,-196.9211102766,647.5553237997,0.0000000000,647.5553237997,20,989.7433601604,3708.1751185674,37178.1996102454,34,32789.3989828831,7604.3629501855,1210.8855620763,10800.0000000000,True
2025-05-01,S3,SEQUENTIAL_PREVIOUS_COMMITMENT,Optimal,1,11.7345938000,4,0.0000000000,7027.1116385254,7365.1650218861,57594.9046794172,34324.7947496519,36598.4881418484,70.5641918910,1136.7118540775,337.3417891019,799.3700649756,12,2411.0070339162,11352.0809874753,45747.4399290181,58,36396.2871645781,7367.3042768280,1200.0000000000,10800.0000000000,True
2025-05-02,S3,SEQUENTIAL_PREVIOUS_COMMITMENT,Optimal,1,8.2353855000,4,0.0000000000,7365.1650218861,7417.2530373050,27806.2942693779,14180.5805374944,15247.7575530377,87.2484328600,64.5028179925,64.5028179925,0.0000000000,6,2324.7161520851,10708.1811057702,24976.0100761245,57,31601.5294104024,5821.7291848659,1200.0000000000,10800.0000000000,True
2025-05-03,S3,SEQUENTIAL_PREVIOUS_COMMITMENT,Optimal,1,5.9728221000,4,0.0000000000,7417.2530373050,7137.5521224725,27707.7429769754,14051.7433319112,14957.6830860403,-19.6022429478,31.3661253588,0.0000000000,31.3661253588,3,1817.0998126989,9140.7006681033,23172.8417570667,48,30806.3427597002,6087.3227439051,1200.0000000000,10800.0000000000,True
2025-05-04,S3,SEQUENTIAL_PREVIOUS_COMMITMENT,Optimal,1,15.0207093999,4,0.0000000000,7137.5521224725,7361.5494048219,59204.3864158812,35148.4879453923,37457.6486265878,-508.0914301016,1917.3576928015,0.0000000000,1917.3576928015,24,2379.3791289176,10634.5519470211,45274.9484623118,66,31024.7088144873,7895.4803694094,1200.0000000000,10800.0000000000,True
2025-05-05,S3,SEQUENTIAL_PREVIOUS_COMMITMENT,Optimal,1,19.8322376000,4,0.0000000000,7361.5494048219,7274.5750451390,59859.1457146107,35465.0012387545,37832.0247042679,101.2613322212,420.4585206540,246.9467974858,173.5117231681,10,2414.9516371378,11087.9808986423,46654.2434696180,62,36149.7585710853,7431.5868380977,1200.0000000000,10800.0000000000,True
2025-05-06,S3,SEQUENTIAL_PREVIOUS_COMMITMENT,Optimal,1,11.8282202000,4,0.0000000000,7274.5750451390,7437.8926853902,58696.6000891331,34803.3975683223,37465.5122060992,-130.8020915202,563.0544916219,0.0000000000,563.0544916219,7,2682.5059553024,11749.9126039587,46422.5080807608,71,35440.8368766020,7510.0418967974,1200.0000000000,10800.0000000000,True
2025-05-07,S3,SEQUENTIAL_PREVIOUS_COMMITMENT,Optimal,1,10.7259668000,4,0.0000000000,7437.8926853902,7697.9915598954,59515.4512938836,35194.8214325541,37664.0839883173,219.3062513569,209.8125699753,209.8125699753,0.0000000000,11,2789.4998469165,12911.5816685656,48325.7093524766,68,35101.8993625807,7609.6574518478,1200.0000000000,10800.0000000000,True
2025-05-08,S3,SEQUENTIAL_PREVIOUS_COMMITMENT,Optimal,1,11.8275027000,4,0.0000000000,7697.9915598954,7712.0465558916,64234.3169974814,38984.8018004331,41593.1026926285,16.4179554976,68.1465927830,36.2450279314,31.9015648516,5,750.4196663198,3244.6716041616,42245.8913600924,28,34192.0019432726,7765.6987683037,1221.4631043113,10800.0000000000,True
2025-05-09,S3,SEQUENTIAL_PREVIOUS_COMMITMENT,Optimal,1,7.0550964000,4,0.0000000000,7712.0465558916,7019.0244944077,29501.4408720424,15665.4149708128,16551.1070973434,-20.0416756003,40.6071838725,0.0000000000,40.6071838725,1,459.5235467697,1725.8723484524,17371.2456436650,24,30965.3447685140,5867.4785294913,1266.9480851319,10800.0000000000,True
2025-05-10,S3,SEQUENTIAL_PREVIOUS_COMMITMENT,Optimal,1,6.1085962000,4,0.0000000000,7019.0244944077,7183.4223990345,30485.4777624298,16240.0327419937,17323.4172464275,1.6057337178,1.2109068311,1.2109068311,0.0000000000,2,472.7660887540,1891.2796570109,18132.9181327223,25,30044.5928492032,5705.4090891946,1286.2953108529,10800.0000000000,True
2025-05-11,S3,SEQUENTIAL_PREVIOUS_COMMITMENT,Optimal,1,9.0998342000,4,0.0000000000,7183.4223990345,7054.9842312471,63057.0661727689,38120.5222102258,40653.1136202698,-261.1497930558,1382.0820378715,45.2884248555,1336.7936130159,7,903.7633032253,3399.5003794145,41258.8727965845,41,33105.8977485403,7778.0367122842,1200.0000000000,10800.0000000000,True
2025-05-12,S3,SEQUENTIAL_PREVIOUS_COMMITMENT,Optimal,1,9.6550374000,4,0.0000000000,7054.9842312471,7089.1713575336,61722.3093187894,37310.3977766269,39633.6086499005,-212.7111641732,999.4809049218,14.6196794494,984.8612254724,9,712.8639208381,2842.8220533128,39940.5086657664,35,29592.2574148567,8057.1880892961,1207.4888126447,10800.0000000000,True
2025-05-13,S3,SEQUENTIAL_PREVIOUS_COMMITMENT,Optimal,1,9.3864004000,4,0.0000000000,7089.1713575336,7373.9073606559,64567.1785816203,38784.1776342694,41420.4329005989,-262.3567665218,1081.0557877336,0.0000000000,1081.0557877336,8,285.2493254920,1296.2460619687,39818.0669297163,14,33591.0075338551,7766.6581626766,1200.0000000000,10800.0000000000,True
2025-05-14,S3,SEQUENTIAL_PREVIOUS_COMMITMENT,Optimal,1,12.8379994000,4,0.0000000000,7373.9073606559,7178.3342018378,63557.9305667936,38571.6907896995,41312.7291690070,-390.8676244263,1618.3802879166,24.3849901795,1593.9952977371,13,250.3075522131,827.4118503744,39008.2350156476,21,32422.4189707726,7778.8913861515,1232.4222294560,10800.0000000000,True
2025-05-15,S3,SEQUENTIAL_PREVIOUS_COMMITMENT,Optimal,1,11.6049074000,4,0.0000000000,7178.3342018378,7590.5653122764,63131.7440564630,38196.9991601156,40693.2584431420,298.4670703577,1026.8392341024,397.5329102850,629.3063238174,18,706.9775106853,2853.1683666287,41348.6345971021,27,33471.3435005470,7791.6820785701,1296.2276954572,10800.0000000000,True
2025-05-16,S3,SEQUENTIAL_PREVIOUS_COMMITMENT,Optimal,1,9.6717069000,4,0.0000000000,7590.5653122764,7324.0739357863,28968.5968700358,15467.9974659918,16575.0137716748,-35.4114362611,72.3733808800,0.0000000000,72.3733808800,7,438.0250631625,1260.2836723113,16692.8697020420,19,30979.8120407309,6017.2393836960,1303.6167558799,10800.0000000000,True
2025-05-17,S3,SEQUENTIAL_PREVIOUS_COMMITMENT,Optimal,1,10.1948146000,4,0.0000000000,7324.0739357863,7460.1337521550,29761.6702608714,15763.3621735196,16953.7917700711,-8.0807428162,17.9544883332,0.0000000000,17.9544883332,2,631.6220733346,2306.1599416620,18061.4413723653,29,30624.0914113017,6056.9002276118,1224.1410069391,10800.0000000000,True
2025-05-18,S3,SEQUENTIAL_PREVIOUS_COMMITMENT,Optimal,1,10.7684503000,4,0.0000000000,7460.1337521550,7530.3496648393,62624.8239396399,37842.2517541590,40184.7844142729,7.2340853737,6.5831117950,6.5831117950,0.0000000000,2,710.8406205772,2421.7561193548,40271.2419588875,33,33118.0669879218,7773.8208830044,1262.6121663773,10800.0000000000,True
2025-05-19,S3,SEQUENTIAL_PREVIOUS_COMMITMENT,Optimal,1,12.1657040000,4,0.0000000000,7530.3496648393,8140.4178173790,63354.8227655848,38041.9562286426,40955.2485688132,-552.8498422761,2474.7864336266,0.0000000000,2474.7864336266,8,351.7144432667,1862.5716661427,39351.6780525093,17,32290.9999193359,7925.0965064711,1200.0000000000,10800.0000000000,True
2025-05-20,S3,SEQUENTIAL_PREVIOUS_COMMITMENT,Optimal,1,13.3240340000,4,0.0000000000,8140.4178173790,6953.0869849077,58007.7327908898,35343.5014036155,37715.2990476177,219.8946414043,280.4917716561,280.4917716561,0.0000000000,9,1378.1044140214,5002.8312844917,40566.2273295115,49,31457.8996347652,7806.2417167135,1200.0000000000,10800.0000000000,True
2025-05-21,S3,SEQUENTIAL_PREVIOUS_COMMITMENT,Optimal,1,12.9237294000,4,0.0000000000,6953.0869849077,7052.2835188966,59982.6995375828,36243.7443221586,38493.6761709508,-89.0923342252,2263.1605427095,313.4971143775,1949.6634283321,15,935.0676433577,3717.1882744554,39871.8402623888,27,31612.2109223074,7759.0372353412,1200.1617245370,10800.0000000000,True
2025-05-22,S3,SEQUENTIAL_PREVIOUS_COMMITMENT,Optimal,1,21.5348251000,4,0.0000000000,7052.2835188966,7430.8981278731,60118.7577268771,36224.7153372046,38876.7776954016,-44.5344597374,421.8925440591,32.7942247472,389.0983193120,7,513.5922811898,2590.8671356753,38771.0480131426,27,33081.1668524589,7711.1644627768,1200.0000000000,10800.0000000000,True
2025-05-23,S3,SEQUENTIAL_PREVIOUS_COMMITMENT,Optimal,1,13.4921301000,4,0.0000000001,7430.8981278731,7634.7246019687,29369.0978042200,15462.8107995860,16630.8905435765,68.9547959610,51.7055528543,51.7055528543,0.0000000000,2,398.5010376539,1613.0141207504,17144.7797162974,24,31429.8747942904,6107.5063478298,1302.5164700039,10800.0000000000,True
2025-05-24,S3,SEQUENTIAL_PREVIOUS_COMMITMENT,Optimal,1,8.9575842000,4,0.0000000000,7634.7246019687,7662.2692171658,29610.5678451553,15723.6028394781,17021.7622966128,-0.1264314136,0.2876382974,0.0000000000,0.2876382974,1,180.4864889004,732.4516529140,16455.9280609784,16,31255.9262854398,6063.5256032477,1428.8584943145,10800.0000000000,True
2025-05-25,S3,SEQUENTIAL_PREVIOUS_COMMITMENT,Optimal,1,15.7887400000,4,0.0000000000,7662.2692171658,7054.2634331814,59537.0199788237,35836.7943779186,38387.3294183596,-525.8701478851,2284.9954673256,0.0000000000,2284.9954673256,9,515.0399826532,2238.8729245093,37549.7971545429,23,30672.4132093602,7857.3330484514,1200.0000000000,10800.0000000000,True
2025-05-26,S3,SEQUENTIAL_PREVIOUS_COMMITMENT,Optimal,1,11.9876226000,4,0.0000000000,7054.2634331814,7087.6772706281,58972.7464945100,35700.7073587979,38169.9879404916,1210.8595548820,1762.8867374712,1762.8867374712,0.0000000000,8,1736.9745390536,6289.9376641980,43201.5045778779,41,34018.7253535328,7616.5889159205,1252.9055664063,10800.0000000000,True
2025-05-27,S3,SEQUENTIAL_PREVIOUS_COMMITMENT,Optimal,1,10.6486159000,4,0.0000000000,7087.6772706281,7674.4966894859,61012.3798290898,36914.5235349219,39770.6219157507,98.9225915235,184.5859711499,104.7285042194,79.8574669306,11,614.9297648116,2249.1135968577,39262.5597233030,29,31901.0499824509,7934.8858120168,1200.0000000000,10800.0000000000,True
2025-05-28,S3,SEQUENTIAL_PREVIOUS_COMMITMENT,Optimal,1,14.9757044000,4,0.0000000000,7674.4966894859,8223.8232902989,62691.3248795082,37865.8256079806,40862.9059884551,-55.2424044442,1289.3300545799,251.5087234283,1037.8213311516,12,964.6874830225,2636.6269931706,40447.2101967069,26,33638.4171774995,7731.3916404655,1200.0000000000,10800.0000000000,True
2025-05-29,S3,SEQUENTIAL_PREVIOUS_COMMITMENT,Optimal,1,11.5486128000,4,0.0000000000,8223.8232902989,7083.9569866006,58772.3798862509,35581.4628715908,38535.3593719350,686.6456738082,1870.8264713656,1186.6852178129,684.1412535527,10,1037.8099574133,3859.3447794493,40127.4533248484,52,32970.2666296319,7653.2637955921,1200.0000000000,10800.0000000000,True
2025-05-30,S3,SEQUENTIAL_PREVIOUS_COMMITMENT,Optimal,1,10.8415852000,4,0.0000000000,7083.9569866006,7576.1593134075,29265.2426849856,15269.3904090436,16418.9573705714,88.8995705299,62.5624137558,62.5624137558,0.0000000000,7,708.8797046344,3008.8984745775,18367.1884541510,18,30947.1123617738,5916.1787390179,1360.4708248934,10800.0000000000,True
2025-05-31,S3,SEQUENTIAL_PREVIOUS_COMMITMENT,Optimal,1,10.2050966000,4,0.0000000000,7576.1593134075,7635.6699467758,29355.6502038467,15416.2609478838,16691.6355561067,0.0000000000,0.0000000000,0.0000000000,0.0000000000,0,453.9274455212,1638.3925570277,17054.6535049115,24,31821.9696566647,5865.5054600603,1288.5751982352,10800.0000000000,True
2025-06-01,S3,SEQUENTIAL_PREVIOUS_COMMITMENT,Optimal,1,12.0926251000,4,0.0000000000,7635.6699467758,7457.2066327891,62339.2759566078,37432.9507770897,39710.3479140807,2740.6837208975,3671.3164706742,3671.3164706742,0.0000000000,23,9335.3234304444,36731.7996048374,76905.4341028246,108,35936.2425245692,7683.0640572625,1200.0000000000,10800.0000000000,True
2025-06-02,S3,SEQUENTIAL_PREVIOUS_COMMITMENT,Optimal,1,9.2512812000,4,0.0000000000,7457.2066327891,7347.2138671858,63911.8133322622,38300.3683418079,41618.2525489184,2084.3437426703,2442.2410661090,2213.8342831632,228.4067829457,26,7902.9949548048,31557.6145110605,71942.3265955387,109,38181.7535425182,7522.0529080787,1200.0000000000,10800.0000000000,True
2025-06-03,S3,SEQUENTIAL_PREVIOUS_COMMITMENT,Optimal,1,8.3006066000,4,0.0000000000,7347.2138671858,7332.9414717725,64858.3480507787,38718.4057304691,41639.3563902383,1441.9534458143,1487.8283651541,1487.8283651541,0.0000000000,27,6817.8749060978,27675.0957879703,67835.4549642537,105,38234.3738592329,7479.1627580456,1200.0000000000,10800.0000000000,True
2025-06-04,S3,SEQUENTIAL_PREVIOUS_COMMITMENT,Optimal,1,12.6726213000,4,0.0000000000,7332.9414717725,7551.5140584110,67196.9119922144,40029.1374590871,42921.0565886450,836.1686305232,1023.6006037788,872.4104098435,151.1901939354,21,6346.2491502157,24833.8621471489,65699.1682367592,106,37202.9256842358,7633.7587096044,1200.0000000000,10800.0000000000,True
2025-06-05,S3,SEQUENTIAL_PREVIOUS_COMMITMENT,Optimal,1,9.8900762000,4,0.0000000000,7551.5140584110,8111.2365113360,69390.0710190216,41711.1414471196,46440.5557042941,1264.6252669444,1180.6269977986,1180.6269977986,0.0000000000,12,6173.5119676178,23451.6456410277,66427.4123550917,101,39391.2403109894,7582.2541185001,1200.0000000000,10800.0000000000,True
2025-06-06,S3,SEQUENTIAL_PREVIOUS_COMMITMENT,Optimal,1,10.3580429000,4,0.0000000000,8111.2365113360,7228.7080060845,28949.9939763391,15284.0025944636,16926.1123766810,247.4854130522,179.9463342831,179.9463342831,0.0000000000,10,7403.7280783026,30227.7806741234,45759.2686816393,89,32002.8512396395,5966.8727991327,1200.0000000000,10800.0000000000,True
2025-06-07,S3,SEQUENTIAL_PREVIOUS_COMMITMENT,Optimal,1,10.1605862000,4,0.0000000000,7228.7080060845,7390.7350306550,30980.6283430833,16386.6515185638,19633.5176079089,64.5977845667,48.0613314151,48.0613314151,0.0000000000,8,5635.4308588616,23200.9713984070,39652.2207015376,88,31187.9862112857,5777.5514921340,1200.0000000000,10800.0000000000,True
2025-06-08,S3,SEQUENTIAL_PREVIOUS_COMMITMENT,Optimal,1,9.1689343000,4,0.0000000000,7390.7350306550,8292.2623460467,82432.3603906068,51183.4547089960,55288.2781665267,-1182.0020027316,4033.7299016806,0.0000000000,4033.7299016806,18,27.7669987678,87.3324785020,50088.7851847664,6,34867.2143863560,7942.3267625592,1200.0000000000,10800.0000000000,True
2025-06-09,S3,SEQUENTIAL_PREVIOUS_COMMITMENT,Optimal,1,9.4174243000,4,0.0000000000,8292.2623460467,7451.7604118427,79477.3098159499,49562.3424930277,53844.8607719246,-305.0992753976,1641.4460441840,70.9155168250,1570.5305273590,17,995.6644750404,3761.0817240343,53018.3249416644,39,35552.6115745294,7799.8988688245,1200.0000000000,10800.0000000000,True
2025-06-10,S3,SEQUENTIAL_PREVIOUS_COMMITMENT,Optimal,1,13.1007844000,4,0.0000000000,7451.7604118427,7665.1742271465,80145.2608722557,49697.7682197667,53327.1557401733,203.9972131218,657.2488202746,266.0211458021,391.2276744725,16,629.5399979186,2016.8380077084,51918.6034405970,32,38829.4211436339,7693.6965134312,1200.0000000000,10800.0000000000,True
2025-06-11,S3,SEQUENTIAL_PREVIOUS_COMMITMENT,Optimal,1,12.4613509000,4,0.0000000000,7665.1742271465,7666.8794421171,81386.1831573387,50289.3458993028,53592.5716784623,2424.4448095297,2152.8274358538,2145.0727333114,7.7547025424,20,1506.1009542763,6972.5765494044,59686.3672582369,41,41730.0732484500,7585.8408998294,1200.0000000000,10800.0000000000,True
2025-06-12,S3,SEQUENTIAL_PREVIOUS_COMMITMENT,Optimal,1,12.0783282000,4,0.0000000000,7666.8794421171,8207.5896451380,82753.9588416547,51408.1439632333,54861.6214430769,-253.0884516884,1260.5065889515,55.5583411476,1204.9482478038,5,863.0934445550,3587.5242721148,54742.5797836597,27,38402.8238755700,7856.3864250280,1200.0000000000,10800.0000000000,True
2025-06-13,S3,SEQUENTIAL_PREVIOUS_COMMITMENT,Optimal,1,10.2987383000,4,0.0000000000,8207.5896451380,7910.8491157988,38842.2287772059,22290.7323332120,25671.8914441657,18.5064812282,11.6486241207,10.2093344115,1.4392897092,4,423.2637421286,2035.2984243885,24344.5372388287,19,29235.7325474807,6716.7291805018,1315.7501652288,10800.0000000000,True
2025-06-14,S3,SEQUENTIAL_PREVIOUS_COMMITMENT,Optimal,1,10.6759582000,4,0.0000000000,7910.8491157988,7736.5055659734,38371.4651504440,22036.1040148408,24330.3178322838,25.0501599369,36.7991378773,17.6213732025,19.1777646749,7,221.7083298235,795.4385939310,22856.5927687087,14,29175.2185670527,6654.3824620450,1292.3149324050,10800.0000000000,True
2025-06-15,S3,SEQUENTIAL_PREVIOUS_COMMITMENT,Optimal,1,11.3568042000,4,0.0000000000,7736.5055659734,7672.9193423815,82260.3593761577,51453.3190471389,57031.1303096378,-100.0232923187,554.4964328430,57.4328585182,497.0635743249,7,243.1328576704,1011.7913635994,52365.0871184195,11,38919.3928171464,7753.5113360107,1209.9232118818,10800.0000000000,True
2025-06-16,S3,SEQUENTIAL_PREVIOUS_COMMITMENT,Optimal,1,10.5341818000,4,0.0000000000,7672.9193423815,7770.0162641433,82235.8153842922,51139.0223013656,55656.1610799243,68.6703174042,108.2799870028,97.6636364781,10.6163505247,7,616.2190894925,2503.6775740550,53711.3701928249,33,40507.0902802700,7632.6052631451,1200.0000000000,10800.0000000000,True
2025-06-17,S3,SEQUENTIAL_PREVIOUS_COMMITMENT,Optimal,1,10.9346410000,4,0.0000000000,7770.0162641433,8073.0227337613,82773.1365725922,51314.2983115281,55779.9169155651,981.6319241368,1573.7685969278,938.4740354307,635.2945614971,15,854.1728428333,3727.0923347916,56023.0225704565,34,39230.3989261225,7825.4239593552,1200.0000000000,10800.0000000000,True
2025-06-18,S3,SEQUENTIAL_PREVIOUS_COMMITMENT,Optimal,1,9.9541963000,4,0.0000000000,8073.0227337613,7622.3410941530,82451.4576420602,51427.3368574964,55616.2997024017,-306.3198000299,1691.2191986023,105.6049827469,1585.6142158554,14,343.6305986981,1483.1998156793,52604.2168731458,22,35133.8809630636,7952.1242079651,1200.0000000000,10800.0000000000,True
2025-06-19,S3,SEQUENTIAL_PREVIOUS_COMMITMENT,Optimal,1,10.5689579000,4,0.0000000000,7622.3410941530,7990.1297419604,82829.8992707947,51702.2944580146,55416.6755920704,-874.9941331747,3140.3672022702,9.3964746174,3130.9707276527,19,659.3646650631,2493.7328556220,53321.0331804619,26,35909.1426324059,7987.8577640877,1200.0000000000,10800.0000000000,True
2025-06-20,S3,SEQUENTIAL_PREVIOUS_COMMITMENT,Optimal,1,8.6232365000,4,0.0000000000,7990.1297419604,8223.8912144536,39254.7856171189,22653.7168907062,26473.3295772930,27.9155229544,14.7803657531,14.7803657531,0.0000000000,3,189.0051596917,541.5438052401,23223.1762189008,13,28057.2801895717,6926.3634385538,1292.0259947342,10800.0000000000,True
2025-06-21,S3,SEQUENTIAL_PREVIOUS_COMMITMENT,Optimal,1,8.9509207000,4,0.0000000000,8223.8912144536,7967.7562262029,36990.2502928719,21260.9661561153,23547.4809399861,39.5761279843,20.7895772928,20.7895772928,0.0000000000,3,199.1657315933,588.5482507357,21889.0905348353,15,31944.8714766174,6201.8962408512,1376.2446577699,10800.0000000000,True
2025-06-22,S3,SEQUENTIAL_PREVIOUS_COMMITMENT,Optimal,1,7.5366063000,4,0.0000000000,7967.7562262029,7779.8347362998,78883.4063042835,48800.8695430702,53202.3294712071,-581.8767369246,2643.9643156056,101.8711516629,2542.0931639427,14,653.3208080054,2502.3633841773,50721.3561903230,29,35856.1688064389,7963.2848775239,1200.0000000000,10800.0000000000,True
2025-06-23,S3,SEQUENTIAL_PREVIOUS_COMMITMENT,Optimal,1,8.1293582000,4,0.0000000000,7779.8347362998,8240.3694187267,81062.8440192950,50300.7016701333,55294.0093676490,-556.6749503460,2251.6057158259,0.0000000000,2251.6057158259,6,416.3792654141,1382.3561659403,51126.3828857276,20,37723.7142887048,7941.6858955011,1200.0000000000,10800.0000000000,True
2025-06-24,S3,SEQUENTIAL_PREVIOUS_COMMITMENT,Optimal,1,7.7074523000,4,0.0000000000,8240.3694187267,7654.1184690701,78996.8017388229,49162.3909258400,52685.6117466019,1535.3085953705,1385.7768148051,1385.7768148051,0.0000000000,28,2709.1693133008,10465.6083949292,61163.3079161398,60,40011.4576263835,7717.4030807968,1200.0000000000,10800.0000000000,True
2025-06-25,S3,SEQUENTIAL_PREVIOUS_COMMITMENT,Optimal,1,8.4619114000,4,0.0000000000,7654.1184690701,7533.5236489824,79491.4927743985,49256.9313118621,53419.0014837990,-59.7187847555,674.4426421191,132.5670079414,541.8756341776,5,888.3608681078,3537.9449097271,52735.1574368338,30,37736.2132003268,7835.0592689167,1200.0000000000,10800.0000000000,True
2025-06-26,S3,SEQUENTIAL_PREVIOUS_COMMITMENT,Optimal,1,8.5291675000,4,0.0000000000,7533.5236489824,7483.2626482880,78709.2399827198,48956.2067692713,53087.4383003407,-182.1328196965,680.5410258480,42.2480197145,638.2930061335,15,567.1454244659,2029.8946147045,50803.9685642792,25,37387.6106748407,7764.9088589547,1200.0000000000,10800.0000000000,True
2025-06-27,S3,SEQUENTIAL_PREVIOUS_COMMITMENT,Optimal,1,9.3639967000,4,0.0000000000,7483.2626482880,8333.2067859307,36492.2823261253,20495.7723762601,23487.5992095359,17.7417508066,52.8690147103,17.1162807021,35.7527340082,6,195.1415995586,859.7350575828,21373.2491846494,11,31173.1782967201,6222.1232014616,1417.5234223845,10800.0000000000,True
2025-06-28,S3,SEQUENTIAL_PREVIOUS_COMMITMENT,Optimal,1,9.0461712000,4,0.0000000000,8333.2067859307,8329.3814665259,36230.9718786658,20281.9092436065,23683.0981307428,36.3651889493,23.5910507078,23.5910507078,0.0000000000,7,476.9787836569,2058.5218571872,22376.7962897431,17,32235.9932417295,6274.5442405172,1294.5595553847,10800.0000000000,True
2025-06-29,S3,SEQUENTIAL_PREVIOUS_COMMITMENT,Optimal,1,8.2873318999,4,0.0000000000,8329.3814665259,7672.8991548911,77764.1341959106,48198.2289507536,51942.3890352134,-98.6882247988,374.6562378157,4.6307919645,370.0254458512,3,997.0799716823,3294.9989203383,51394.5396462931,27,35692.4264740634,7837.9924596891,1200.0000000000,10800.0000000000,True
2025-06-30,S3,SEQUENTIAL_PREVIOUS_COMMITMENT,Optimal,1,5.9354718000,4,0.0000000000,7672.8991548911,7725.8136590291,79394.5923299115,49432.5431293711,54798.5202521397,-133.6050127186,645.7929437659,33.5937754586,612.1991683073,6,1046.0612952702,3666.6997809231,52965.6378975756,27,36820.1076012332,7833.2751997825,1216.4111183449,10800.0000000000,True
2025-07-01,S3,SEQUENTIAL_PREVIOUS_COMMITMENT,Optimal,1,11.3649796000,4,0.0000000000,7725.8136590291,7880.4123346626,81482.9515590277,50576.2067139087,56068.2709858218,-814.6769840364,3100.9285598602,0.0000000000,3100.9285598602,13,5959.5467842056,21046.1124488885,70807.6421787609,95,37026.9756098523,8021.5800644446,1200.0000000000,10800.0000000000,True
2025-07-02,S3,SEQUENTIAL_PREVIOUS_COMMITMENT,Optimal,1,8.7079370000,4,0.0000000000,7880.4123346626,7713.0105581024,75797.5013785756,46755.6996526352,50326.4135968454,-1443.7979999491,4734.5728526513,0.0000000000,4734.5728526513,19,7445.3327874259,26463.2524289647,71775.1540816507,98,34754.8644609057,7789.1990932039,1200.0000000000,10800.0000000000,True
2025-07-03,S3,SEQUENTIAL_PREVIOUS_COMMITMENT,Optimal,1,8.5326009000,4,0.0000000000,7713.0105581024,7213.9513990096,75305.0294274076,46608.6214937056,51611.0446017990,-142.4853996542,835.9038391119,92.6092026142,743.2946364977,6,9095.4730614707,33182.4164277503,79648.5525218017,118,38113.6121196841,7680.5441877792,1200.0000000000,10800.0000000000,True
2025-07-04,S3,SEQUENTIAL_PREVIOUS_COMMITMENT,Optimal,1,8.9174278000,4,0.0000000000,7213.9513990096,7795.3601417707,35102.2537888669,19680.3123276144,22680.3971027531,26.9389853048,14.1741445409,14.1741445409,0.0000000000,3,7723.8362102493,28048.5439665508,47755.7952794700,98,31921.7006079560,6059.3530972939,1200.0000000000,10800.0000000000,True
2025-07-05,S3,SEQUENTIAL_PREVIOUS_COMMITMENT,Optimal,1,8.8417724000,4,0.0000000000,7795.3601417707,7673.5307933489,35019.6041191926,19461.7125879680,21533.2430356936,41.1061457819,21.8528731794,21.8528731794,0.0000000000,3,7557.7350816725,28813.5345480889,48316.3532818387,93,32196.6535250200,5935.9139805094,1200.0000000000,10800.0000000000,True
2025-07-06,S3,SEQUENTIAL_PREVIOUS_COMMITMENT,Optimal,1,13.8432810000,4,0.0000000000,7673.5307933489,7961.6275174946,73620.5471331944,45237.6045036939,50063.0403689824,1256.9819580763,1235.5550263756,1225.9727688698,9.5822575059,22,9696.7236016972,38041.2345278073,84535.8209895774,125,39509.7156514533,7664.7735853277,1200.0000000000,10800.0000000000,True
2025-07-07,S3,SEQUENTIAL_PREVIOUS_COMMITMENT,Optimal,1,7.9739720999,4,0.0000000000,7961.6275174946,8140.0655070443,71910.1942704698,44026.2034262362,47600.2222949308,-174.9764455775,955.4637207584,29.8511005435,925.6126202150,10,8314.6522150233,30737.0939045029,74588.3208851616,101,34116.5230311876,7884.6749464448,1200.0000000000,10800.0000000000,True
2025-07-08,S3,SEQUENTIAL_PREVIOUS_COMMITMENT,Optimal,1,8.0198438000,4,0.0000000000,8140.0655070443,7397.5333729762,84875.4966310006,53561.3495526252,58220.3496087278,15.5426774496,1757.2646321619,285.3699991295,1471.8946330325,23,853.7315446501,3283.8497281869,56860.7419582618,38,37004.8789855196,7648.5108618518,1200.0000000000,10800.0000000000,True
2025-07-09,S3,SEQUENTIAL_PREVIOUS_COMMITMENT,Optimal,1,8.1268321000,4,0.0000000000,7397.5333729762,8162.7674209877,87621.4514444511,55053.6999337043,59445.3103691650,-290.2718275683,1124.6833299716,24.0371157006,1100.6462142709,11,482.6410044861,1974.9871144584,56738.4152205944,20,37450.8518145201,7741.4642255009,1200.0000000000,10800.0000000000,True
2025-07-10,S3,SEQUENTIAL_PREVIOUS_COMMITMENT,Optimal,1,9.1970413000,4,0.0000000000,8162.7674209877,8185.8597226537,87164.3024149519,55187.5344756497,59778.5827415637,-389.6096618874,1491.2233801229,0.0000000000,1491.2233801229,9,491.3405399762,1724.7753499853,56522.7001637476,19,36694.4728517566,7779.2723730340,1200.0000000000,10800.0000000000,True
2025-07-11,S3,SEQUENTIAL_PREVIOUS_COMMITMENT,Optimal,1,9.4975729000,4,0.0000000000,8185.8597226537,7665.8333417783,45296.3311433964,27107.9894155282,29900.9846032030,-5.0976564289,13.4473553562,0.0000000000,13.4473553562,4,353.8337900264,1001.3431693107,28104.2349284100,15,32395.7219802446,6211.7833982442,1218.5205527037,10800.0000000000,True
2025-07-12,S3,SEQUENTIAL_PREVIOUS_COMMITMENT,Optimal,1,10.9271230000,4,0.0000000000,7665.8333417783,7426.0943457952,44486.1576001722,26366.6328691697,27692.7608228399,130.8196023293,104.8133376613,104.8133376613,0.0000000000,8,508.4771029120,1710.5141455143,28207.9666170133,21,31178.1329296961,6194.5118957244,1268.8323039500,10800.0000000000,True
2025-07-13,S3,SEQUENTIAL_PREVIOUS_COMMITMENT,Optimal,1,10.7194886000,4,0.0000000000,7426.0943457952,8505.2306158880,89365.9874371773,56485.7571906767,62684.3893762199,-649.5592106191,2649.6567730347,0.0000000000,2649.6567730347,12,97.7486053743,439.9280177778,56276.1259978355,8,35621.2085518117,7922.7375273466,1200.0000000000,10800.0000000000,True
2025-07-14,S3,SEQUENTIAL_PREVIOUS_COMMITMENT,Optimal,1,7.1850708000,4,0.0000000000,8505.2306158880,8407.6593888547,85670.0938916014,53812.9039852557,58647.9949983959,-614.0860980951,2515.1082283927,0.0000000000,2515.1082283927,6,331.4298810993,1675.2959070823,54874.1137942430,16,32901.7504008071,8011.6613864474,1200.0000000000,10800.0000000000,True
2025-07-15,S3,SEQUENTIAL_PREVIOUS_COMMITMENT,Optimal,1,12.2734195000,4,0.0000000000,8407.6593888547,7737.9833400587,84264.7208588285,53107.7873116688,57859.7041856740,-343.3042495495,1272.6813011021,0.0000000000,1272.6813011021,9,484.3820395661,1607.0445715849,54371.5276337042,19,34152.4693064108,7820.1043121347,1200.0000000000,10800.0000000000,True
2025-07-16,S3,SEQUENTIAL_PREVIOUS_COMMITMENT,Optimal,1,9.2708106000,4,0.0000000000,7737.9833400587,8483.3068843391,87289.6195237888,54899.1924109491,59990.9087395282,-522.6600277228,2130.7309154451,0.6100995017,2130.1208159434,7,541.0427900632,2021.3265221230,56397.8589053493,15,34264.8870016203,7960.1695975541,1200.0000000000,10800.0000000000,True
2025-07-17,S3,SEQUENTIAL_PREVIOUS_COMMITMENT,Optimal,1,10.3921738000,4,0.0000000000,8483.3068843391,8125.3968834725,84581.4417971029,53352.4376994435,59021.5990163132,-179.5693472408,801.5399591261,28.2953790411,773.2445800849,9,817.4553554428,2889.3749589139,56062.2433111166,27,37447.5456055899,7677.5516030087,1200.0000000000,10800.0000000000,True
2025-07-18,S3,SEQUENTIAL_PREVIOUS_COMMITMENT,Optimal,1,8.8671210000,4,0.0000000000,8125.3968834725,7778.7302736749,43981.2899775079,26057.7741338003,28025.7889773918,-22.2412526980,53.2673913162,0.0703574789,53.1970338373,4,250.0072607044,1122.2887675669,27157.8216486691,17,31582.7761530312,6223.1779130640,1256.8569135389,10800.0000000000,True
2025-07-19,S3,SEQUENTIAL_PREVIOUS_COMMITMENT,Optimal,1,7.2836508000,4,0.0000000000,7778.7302736749,7735.4065194054,44645.1644178357,26422.1135296989,29199.1303071223,9.4442334712,9.4463412673,7.5338669854,1.9124742819,7,345.0893039363,1165.8060372397,27597.3638004099,20,30837.8969802763,6224.1036019791,1200.0000000000,10800.0000000000,True
2025-07-20,S3,SEQUENTIAL_PREVIOUS_COMMITMENT,Optimal,1,10.7597393000,4,0.0000000000,7735.4065194054,7533.7994958776,81721.5483679363,51554.7158155240,55082.3587357187,-219.3166099992,1038.0857857560,33.5557540481,1004.5300317078,4,806.1253134937,2584.7367856594,53920.1359911842,28,35542.7273790670,7704.6756029498,1200.0000000000,10800.0000000000,True
2025-07-21,S3,SEQUENTIAL_PREVIOUS_COMMITMENT,Optimal,1,8.2861214000,4,0.0000000000,7533.7994958776,8159.6863541960,86509.9905224036,54476.2471505909,59809.7601794611,74.2863447651,547.1063509629,150.9005300670,396.2058208959,15,268.2924392897,963.1214592299,55513.6549545859,13,37639.5984700327,7668.9979829298,1200.0000000000,10800.0000000000,True
2025-07-22,S3,SEQUENTIAL_PREVIOUS_COMMITMENT,Optimal,1,9.0573509000,4,0.0000000000,8159.6863541960,7652.5500572611,83342.9719775143,52471.0369101580,57109.2106322785,540.0218157968,2281.2635981020,944.7960783282,1336.4675197738,20,702.7811977391,2332.3835441134,55343.4422700682,26,36403.1242525019,7703.1856129586,1200.0000000000,10800.0000000000,True
2025-07-23,S3,SEQUENTIAL_PREVIOUS_COMMITMENT,Optimal,1,10.5421786000,4,0.0000000000,7652.5500572611,7771.7267156053,85874.0938964510,54016.2565736266,58400.8663591048,-293.5287399181,1736.2046856136,99.3234696489,1636.8812159647,17,513.9849074125,1876.4084573967,55599.1362911052,19,37191.2219487705,7685.1579862742,1200.0000000000,10800.0000000000,True
2025-07-24,S3,SEQUENTIAL_PREVIOUS_COMMITMENT,Optimal,1,8.5256669000,4,0.0000000000,7771.7267156053,8377.7421734154,86053.5854881149,54023.4494513912,58659.0742398902,225.3207748841,2598.8271412280,605.2116781177,1993.6154631103,26,549.7635548880,2070.3192483148,56319.0894745901,21,35755.4045248211,7896.6773999491,1200.0000000000,10800.0000000000,True
2025-07-25,S3,SEQUENTIAL_PREVIOUS_COMMITMENT,Optimal,1,10.0922111000,4,0.0000000000,8377.7421734154,8617.8410378931,45912.4293324679,27327.7162241996,30925.8690108893,-9.8009661961,25.4703784579,0.0000000000,25.4703784579,2,116.6783168955,398.1457081843,27716.0609661878,10,32711.4197915572,6530.3208894815,1239.1143926542,10800.0000000000,True
2025-07-26,S3,SEQUENTIAL_PREVIOUS_COMMITMENT,Optimal,1,10.1040846000,4,0.0000000000,8617.8410378931,8194.8295740450,44850.5030799263,26735.6324448485,29675.0014194027,0.0000000000,0.0000000000,0.0000000000,0.0000000000,0,255.6060106886,640.3573918550,27375.9898367035,13,32538.7881278581,6523.4320356334,1292.0956470445,10800.0000000000,True
2025-07-27,S3,SEQUENTIAL_PREVIOUS_COMMITMENT,Optimal,1,10.0357414000,4,0.0000000000,8194.8295740450,7617.9975652607,83574.5850047999,52680.6785736120,57622.6470938566,-52.2415839837,275.7018831648,15.9941201278,259.7077630370,6,727.5308883002,2514.0890949939,55142.5260846222,28,38115.5060818259,7572.9120471337,1200.0000000000,10800.0000000000,True
2025-07-28,S3,SEQUENTIAL_PREVIOUS_COMMITMENT,Optimal,1,8.2304340000,4,0.0000000000,7617.9975652607,7695.3830499187,83680.4734207599,52540.0479986690,56222.8075992762,472.4865541085,568.0631187444,568.0631187444,0.0000000000,22,1791.7290315675,6960.7857577512,59973.3203105287,48,39339.3827831036,7518.2285786550,1200.0000000000,10800.0000000000,True
2025-07-29,S3,SEQUENTIAL_PREVIOUS_COMMITMENT,Optimal,1,10.4560263000,4,0.0000000000,7695.3830499187,8100.2395650277,85863.6922525828,53939.9797059289,59213.7211605175,456.0013933134,919.5857893004,652.1504478723,267.4353414281,14,663.9629785833,2164.8951042298,56560.8762034721,17,37902.5115900987,7731.9973503582,1200.0000000000,10800.0000000000,True
2025-07-30,S3,SEQUENTIAL_PREVIOUS_COMMITMENT,Optimal,1,10.4363281000,4,0.0000000000,8100.2395650277,9138.6682720942,88379.6780268231,55516.5791018333,61115.3613415886,124.2965524779,1110.1604018671,319.1084144235,791.0519874437,16,230.3912356170,817.6738192176,56458.5494735288,11,37963.9485771299,7729.0961508839,1200.0000000000,10800.0000000000,True
2025-07-31,S3,SEQUENTIAL_PREVIOUS_COMMITMENT,Optimal,1,10.1432673000,4,0.0000000000,9138.6682720942,7696.7032584659,83090.0759167187,52405.3397020613,56464.9980529246,-40.1245851366,875.9004502211,162.0235466319,713.8769035892,2,700.9651897724,2721.9272722984,55087.1423892232,26,35928.1285054988,7757.7634535234,1200.0000000000,10800.0000000000,True
2025-08-01,S3,SEQUENTIAL_PREVIOUS_COMMITMENT,Optimal,1,7.4099249000,4,0.0000000000,7696.7032584659,8689.7255796932,45706.4815012139,27047.2244586922,29919.3487647784,-46.3815632971,109.1177638362,0.0000000000,109.1177638362,5,224.6178147053,539.3435615988,27540.1864569939,13,30877.6589648329,6499.7559743312,1271.8201077784,10800.0000000000,True
2025-08-02,S3,SEQUENTIAL_PREVIOUS_COMMITMENT,Optimal,1,8.4869065000,4,0.0000000000,8689.7255796932,7669.4701548301,42782.7543876710,25382.1520222159,27828.9522650953,0.0000000000,0.0000000000,0.0000000000,0.0000000000,0,231.2965539607,863.7215457335,26245.8735679494,18,31650.0111012547,6493.4876084630,1200.0000000000,10800.0000000000,True
2025-08-03,S3,SEQUENTIAL_PREVIOUS_COMMITMENT,Optimal,1,9.6538348000,4,0.0000000000,7669.4701548301,8265.2954746238,83543.7900490477,52259.2660743439,57522.9767153802,-1225.1779276315,4592.1944950273,0.0000000000,4592.1944950273,18,195.4784676237,788.1125423384,51822.2006890509,11,33778.8715979239,7866.8887135689,1200.0000000000,10800.0000000000,True
2025-08-04,S3,SEQUENTIAL_PREVIOUS_COMMITMENT,Optimal,1,9.3313515000,4,0.0000000000,8265.2954746238,8281.0908290207,81684.2478767891,51229.4317097424,55781.9537040110,-742.1733326418,3056.6631520696,0.2894850056,3056.3736670641,15,352.0730584824,1198.4177435038,51685.6761206044,13,33081.3193562589,7877.9708788034,1200.0000000000,10800.0000000000,True
2025-08-05,S3,SEQUENTIAL_PREVIOUS_COMMITMENT,Optimal,1,9.1372014000,4,0.0000000000,8281.0908290207,8619.8219736136,81990.3136531502,51544.6301324030,57085.3056646572,-464.5747052962,2085.3176060992,0.0000000000,2085.3176060992,5,216.5893475260,910.4619499584,51990.5173770652,10,34197.2172559415,7888.0997437111,1200.0000000000,10800.0000000000,True
2025-08-06,S3,SEQUENTIAL_PREVIOUS_COMMITMENT,Optimal,1,9.9211730000,4,0.0000000000,8619.8219736136,10392.5744633892,84472.9244201756,52921.4302596659,58177.6189171239,534.0257057239,2194.7801043778,823.6671220012,1371.1129823766,11,258.0792247761,979.2030287423,54434.6589941320,11,36406.3544093763,7996.2611672327,1200.0000000000,10800.0000000000,True
2025-08-07,S3,SEQUENTIAL_PREVIOUS_COMMITMENT,Optimal,1,10.4176519000,4,0.0000000000,10392.5744633892,7696.2024717033,75039.8928840462,47973.4039159475,51890.1195524227,-482.5624343815,2469.6787606745,42.8951231290,2426.7836375455,18,496.0389141593,1278.6291442711,48769.4706258371,26,31437.2136188520,7808.7909798275,1200.0000000000,10800.0000000000,True
2025-08-08,S3,SEQUENTIAL_PREVIOUS_COMMITMENT,Optimal,1,10.2877853000,4,0.0000000000,7696.2024717033,7928.7628949132,44154.1670248442,26041.9200605127,29338.8822170228,0.0000000000,0.0000000000,0.0000000000,0.0000000000,0,169.8651862711,635.2344782208,26677.1545387335,11,31961.6235204138,6270.8297395128,1200.0000000000,10800.0000000000,True
2025-08-09,S3,SEQUENTIAL_PREVIOUS_COMMITMENT,Optimal,1,10.0920847000,4,0.0000000000,7928.7628949132,8113.0112624695,42851.5909275182,25255.4776196878,28098.1591555462,57.7271500231,40.0822897038,40.0822897038,0.0000000000,5,343.8760418147,1135.3489069050,26448.5536766158,17,32334.6208930804,6278.6487541527,1248.1510981695,10800.0000000000,True
2025-08-10,S3,SEQUENTIAL_PREVIOUS_COMMITMENT,Optimal,1,10.3936595000,4,0.0000000000,8113.0112624695,8232.4867123084,77837.7639228977,49482.1837736217,53607.3993706881,-41.8553986674,214.9038480592,4.1653938450,210.7384542142,2,264.9169850497,877.7527887112,50318.0811636655,13,32891.6111485150,7961.8065296282,1200.0000000000,10800.0000000000,True
2025-08-11,S3,SEQUENTIAL_PREVIOUS_COMMITMENT,Optimal,1,8.8712992000,4,0.0000000000,8232.4867123084,7656.9245405024,75953.1595768321,47966.4344020112,51182.8467299513,23.5529500822,16.5429536088,16.5429536088,0.0000000000,4,626.1244003062,2383.7972698498,50373.7846219431,20,34056.6945727440,7731.6317206761,1200.0000000000,10800.0000000000,True
2025-08-12,S3,SEQUENTIAL_PREVIOUS_COMMITMENT,Optimal,1,10.4650895000,4,0.0000000000,7656.9245405024,7781.6068146474,76326.8300780582,47908.6213022841,51817.8309237910,266.5596504854,1039.2034183601,373.4017466334,665.8016717267,17,997.2111163919,4049.7865983199,52224.9675510893,39,33175.5592271195,7910.3540635273,1200.0000000000,10800.0000000000,True
2025-08-13,S3,SEQUENTIAL_PREVIOUS_COMMITMENT,Optimal,1,9.5321724000,4,0.0000000000,7781.6068146474,7649.7743387909,75865.2776666039,47717.1454563098,51076.9104327478,-20.3000364679,89.2113226452,0.0000000000,89.2113226452,1,802.5312125741,2853.8191009157,50550.6645207576,31,32938.3945975982,7853.1518950138,1200.0000000000,10800.0000000000,True
2025-08-14,S3,SEQUENTIAL_PREVIOUS_COMMITMENT,Optimal,1,10.2052943000,4,0.0000000000,7649.7743387909,8318.8709066793,77412.7071529067,48643.8835589772,52909.7160820159,919.2016265827,1204.8187591382,1204.8187591382,0.0000000000,9,527.2253324134,2384.5762912518,51947.6614768118,25,37413.6692454182,7596.7858951036,1200.0000000000,10800.0000000000,True
2025-08-15,S3,SEQUENTIAL_PREVIOUS_COMMITMENT,Optimal,1,8.0736412000,4,0.0000000001,8318.8709066793,7840.7491762356,41766.8481529088,24654.2960892310,27341.7418817523,0.0000000000,0.0000000000,0.0000000000,0.0000000000,0,429.6553951867,1297.9684641400,25952.2645533710,22,32386.7910412419,6221.0211585646,1309.6146178857,10800.0000000000,True
2025-08-16,S3,SEQUENTIAL_PREVIOUS_COMMITMENT,Optimal,1,4.7089828000,4,0.0000000000,7840.7491762356,7847.6283724692,41936.9407669282,24623.0757636079,26543.6389213596,0.0000000000,0.0000000000,0.0000000000,0.0000000000,0,448.5591505218,1783.0473687263,26406.1231323342,22,32081.5048733743,6449.2374592966,1224.2379361410,10800.0000000000,True
2025-08-17,S3,SEQUENTIAL_PREVIOUS_COMMITMENT,Optimal,1,10.9845013000,4,0.0000000000,7847.6283724692,7778.6987667813,75961.1245519949,47920.6952065365,51703.8621692384,-279.4013402559,1209.6990337373,0.0000000000,1209.6990337373,4,511.8039104566,2158.8720423398,49800.1659086204,25,34276.8086258211,7699.2999997171,1200.0000000000,10800.0000000000,True
2025-08-18,S3,SEQUENTIAL_PREVIOUS_COMMITMENT,Optimal,1,13.1213739000,4,0.0000000000,7778.6987667813,7699.8834538161,76502.2489598479,48200.6576599255,52481.9341637222,-226.6027437678,1006.4032131518,0.0000000000,1006.4032131518,3,676.2299093972,2739.3752555509,50713.4301717086,26,35218.1037407798,7682.7982527704,1200.0000000000,10800.0000000000,True
2025-08-19,S3,SEQUENTIAL_PREVIOUS_COMMITMENT,Optimal,1,15.6606303000,4,0.0000000000,7699.8834538161,7909.1515882255,76814.5292897279,48534.2906102668,52976.4147703266,-84.7408653425,987.7795142979,110.0577012947,877.7218130032,8,541.1928559164,2188.4064818498,50637.9562267741,21,33172.3079167636,7902.2796933829,1200.0000000000,10800.0000000000,True
2025-08-20,S3,SEQUENTIAL_PREVIOUS_COMMITMENT,Optimal,1,12.2829396000,4,0.0000000000,7909.1515882255,7806.8489578570,76469.1925387645,48166.9692142922,52614.4987107556,1165.3010070204,1188.4541345577,1188.4541345577,0.0000000000,8,1169.1800416618,4839.5562337276,54171.8264550402,42,38014.5464146191,7461.9861540257,1200.0000000000,10800.0000000000,True
2025-08-21,S3,SEQUENTIAL_PREVIOUS_COMMITMENT,Optimal,1,10.5728210000,4,0.0000000000,7806.8489578570,7814.1638386293,77054.6727845159,48766.0462476405,52800.1980769578,-276.3899332893,1291.9742882621,7.9868688841,1283.9874193780,5,517.2735267150,1738.8851141700,50228.5414285212,15,33353.4867922623,7882.7784438901,1200.0000000000,10800.0000000000,True
2025-08-22,S3,SEQUENTIAL_PREVIOUS_COMMITMENT,Optimal,1,6.9131306000,4,0.0000000000,7814.1638386293,7680.6457538265,41876.6389864492,24523.5111467321,26620.5581498770,-1.5996351280,2.5703143376,0.0000000000,2.5703143376,1,937.4707461439,3648.2566770471,28170.1681886512,37,31542.5778793290,6530.6260569551,1219.6477397280,10800.0000000000,True
2025-08-23,S3,SEQUENTIAL_PREVIOUS_COMMITMENT,Optimal,1,6.9310068000,4,0.0000000000,7680.6457538265,7717.4398341955,42390.4119520782,24895.5347160365,26786.7008636398,44.7384535988,33.9448998458,33.9448998458,0.0000000000,6,383.1221880732,1323.1360843015,26263.4092539367,18,30770.0131534296,6377.5091179826,1213.5913180700,10800.0000000000,True
2025-08-24,S3,SEQUENTIAL_PREVIOUS_COMMITMENT,Optimal,1,11.5628257000,4,0.0000000000,7717.4398341955,7720.4281666679,76333.3094284363,48311.9662773828,52211.9993475670,54.8807120801,2039.2960724059,390.7070450374,1648.5890273685,21,523.4751191125,2095.8702079743,50462.7171974372,25,35942.1261877124,7655.7107748914,1200.0000000000,10800.0000000000,True
2025-08-25,S3,SEQUENTIAL_PREVIOUS_COMMITMENT,Optimal,1,10.4793540000,4,0.0000000000,7720.4281666679,8332.8632826266,81438.0271958196,51193.3124907451,55693.0084278891,399.4629564029,604.5083087677,403.5471890729,200.9611196948,16,570.1310667648,2223.5308609978,53816.3063081459,21,37589.3582576762,7687.0197378992,1200.0000000000,10800.0000000000,True
2025-08-26,S3,SEQUENTIAL_PREVIOUS_COMMITMENT,Optimal,1,9.9871538000,4,0.0000000000,8332.8632826266,8029.3777477587,76655.5135871447,48560.1155452902,51888.8057929369,101.0770819939,823.9344810934,191.7129843817,632.2214967117,19,501.7407835477,2087.4635965432,50748.6562238273,19,35544.2022291190,7672.7958870507,1200.0000000000,10800.0000000000,True
2025-08-27,S3,SEQUENTIAL_PREVIOUS_COMMITMENT,Optimal,1,11.2539855000,4,0.0000000000,8029.3777477587,8179.4110769119,79990.0623374095,50530.5808314855,55297.1989799372,327.0562562545,1449.2512502498,609.2317186747,840.0195315751,16,337.6782494047,1374.9417232504,52232.5788109904,15,37944.7242772686,7621.6187661297,1200.0000000000,10800.0000000000,True
2025-08-28,S3,SEQUENTIAL_PREVIOUS_COMMITMENT,Optimal,1,10.0223219000,4,0.0000000000,8179.4110769119,8046.8415045578,78692.0697513886,49716.3997297424,54080.6540040228,280.2430245800,270.5707020141,270.5707020141,0.0000000000,17,2107.0543848863,8580.5912473011,58577.2340016236,37,36601.3643051670,7615.0920913879,1200.0000000000,10800.0000000000,True
2025-08-29,S3,SEQUENTIAL_PREVIOUS_COMMITMENT,Optimal,1,10.0179790000,4,0.0000000000,8046.8415045578,8255.1397573804,45247.6882345320,26978.7509790382,30110.9136392755,59.6078361488,54.4595326298,54.4595326298,0.0000000000,4,305.6074077829,1425.6389618138,28463.9977770008,11,32928.7604612672,6199.6077417659,1235.3894650608,10800.0000000000,True
2025-08-30,S3,SEQUENTIAL_PREVIOUS_COMMITMENT,Optimal,1,10.7245972000,4,0.0000000000,8255.1397573804,8267.7212139622,43804.3704773249,25926.8528467457,28353.2316547691,0.0000000000,0.0000000000,0.0000000000,0.0000000000,0,265.9878705469,898.0184562587,26824.8713030044,19,31084.0436150781,6733.0224461984,1212.8609114583,10800.0000000000,True
2025-08-31,S3,SEQUENTIAL_PREVIOUS_COMMITMENT,Optimal,1,13.1818353000,4,0.0000000000,8267.7212139622,7773.2481125591,78115.2907918651,49698.5784977743,54335.2643530618,-156.1545023464,689.9522018121,0.0000000000,689.9522018121,2,403.2886013437,1582.1166516872,51124.5406471151,19,35414.6274888006,7627.1599272646,1200.0000000000,10800.0000000000,True
2025-09-01,S3,SEQUENTIAL_PREVIOUS_COMMITMENT,Optimal,1,12.1785752000,4,0.0000000000,7773.2481125591,7948.2137335739,79358.8987147602,50060.0520553406,54215.0778360981,-538.4717838028,2374.7357791161,9.2706663844,2365.4651127316,15,0.0000000000,0.0000000000,49521.5802715378,0,32184.5666503613,7956.6849633606,1492.8978703704,10800.0000000000,True
2025-09-02,S3,SEQUENTIAL_PREVIOUS_COMMITMENT,Optimal,1,9.9687775000,4,0.0000000000,7948.2137335739,8275.8871972226,78502.3852210827,49548.9669586437,54097.6157552709,-276.0114428422,1355.7997243254,28.0010566434,1327.7986676820,5,52.6549473420,163.9908029005,49436.9463187020,3,36192.5865844746,7640.5716406066,1351.1942881944,10800.0000000000,True
2025-09-03,S3,SEQUENTIAL_PREVIOUS_COMMITMENT,Optimal,1,10.2438567000,4,0.0000000000,8275.8871972226,7900.4151715873,77419.0677286283,49077.9330610352,52776.8000119597,-267.8346208884,2192.3746070371,153.6745437409,2038.7000632962,14,0.0000000000,0.0000000000,48810.0984401469,0,32020.7711047522,7910.6175353552,1308.6426393229,10800.0000000000,True
2025-09-04,S3,SEQUENTIAL_PREVIOUS_COMMITMENT,Optimal,1,9.6564612000,4,0.0000000000,7900.4151715873,8057.7559099462,78605.6116336768,49711.4372986279,53412.5413332086,-98.6846980938,1931.5192631586,214.6306815972,1716.8885815614,20,6.3134549889,11.7209291868,49624.4735297209,1,35079.2595259045,7732.0344661703,1301.6645519387,10800.0000000000,True
2025-09-05,S3,SEQUENTIAL_PREVIOUS_COMMITMENT,Optimal,1,7.3915916000,4,0.0000000000,8057.7559099462,8637.7584530116,43445.6725009190,25734.4177340205,28380.9515545226,-2.8183279990,7.2052358405,0.0000000000,7.2052358405,1,0.0000000000,0.0000000000,25731.5994060215,0,31113.1803533033,6568.1280280569,1516.2008498987,10800.0000000000,True
2025-09-06,S3,SEQUENTIAL_PREVIOUS_COMMITMENT,Optimal,1,8.2221004000,4,0.0000000000,8637.7584530116,7994.3579367676,42409.0030866456,25379.6799159045,27515.4712043911,-2.2202456844,5.5127143002,0.0000000000,5.5127143002,1,77.4207742561,325.8958811095,25703.3555513296,3,32298.9061479955,6337.5265443083,1501.3545381914,10800.0000000000,True
2025-09-07,S3,SEQUENTIAL_PREVIOUS_COMMITMENT,Optimal,1,10.5115873000,4,0.0000000000,7994.3579367676,7767.9956058609,75044.0046621869,47901.4089141917,51673.6884340241,230.3319950584,725.0723625316,401.5365346805,323.5358278511,15,133.9366528269,538.9725873884,48670.7134966385,7,34924.2866505386,7685.4366730443,1381.0534923322,10800.0000000000,True
2025-09-08,S3,SEQUENTIAL_PREVIOUS_COMMITMENT,Optimal,1,10.4782545000,4,0.0000000000,7767.9956058609,7472.9437132868,63642.0839069614,39244.5218546096,42227.8442276013,1271.9743693623,1234.0994080529,1234.0994080529,0.0000000000,12,1299.2446215652,5327.7892013914,45844.2854253633,42,35143.4774010982,7564.1701712907,1200.0000000000,10800.0000000000,True
2025-09-09,S3,SEQUENTIAL_PREVIOUS_COMMITMENT,Optimal,1,10.4802962000,4,0.0000000000,7472.9437132868,7755.9515433571,66080.7886613394,40955.5730740025,45104.9956597730,-92.7277363182,1799.6930447260,243.6663300949,1556.0267146311,10,606.0374996880,2549.9331146833,43412.7784523676,21,35229.5342442283,7610.1762547220,1200.0000000000,10800.0000000000,True
2025-09-10,S3,SEQUENTIAL_PREVIOUS_COMMITMENT,Optimal,1,10.7044301000,4,0.0000000000,7755.9515433571,7704.6887902651,67110.3096342042,41634.6737744719,46048.0312446384,1489.6709858227,1663.7071301798,1658.4950128509,5.2121173289,10,1068.0760249393,4134.0634669939,47258.4082272885,34,39156.0855454151,7242.4248872011,1200.0000000000,10800.0000000000,True
2025-09-11,S3,SEQUENTIAL_PREVIOUS_COMMITMENT,Optimal,1,10.5585607000,4,0.0000000000,7704.6887902651,8341.2796402650,68437.0931593375,42223.0388547658,46338.3136073073,-409.0532252527,2024.7564711827,24.7163819814,2000.0400892013,14,396.7920147314,1777.0686753700,43591.0543048831,15,37278.6690316883,7539.9112933397,1210.1685513600,10800.0000000000,True
2025-09-12,S3,SEQUENTIAL_PREVIOUS_COMMITMENT,Optimal,1,6.1506776000,4,0.0000000000,8341.2796402650,7751.4633036962,34017.3724385309,19155.7151881587,22273.5143752216,59.4601577646,46.1320517956,46.1320517956,0.0000000000,5,373.0185925111,1433.0706062820,20648.2459522054,18,32556.8434673790,6264.6325088545,1227.2430347222,10800.0000000000,True
2025-09-13,S3,SEQUENTIAL_PREVIOUS_COMMITMENT,Optimal,1,7.5452809000,4,0.0000000000,7751.4633036962,7937.6046942761,34544.2461420978,19461.1726070801,21739.1122106593,55.1038933382,48.4647802728,48.4647802728,0.0000000000,3,610.7537933389,2511.6092817285,22027.8857821468,20,32060.8739123891,6218.4926883643,1200.0000000000,10800.0000000000,True
2025-09-14,S3,SEQUENTIAL_PREVIOUS_COMMITMENT,Optimal,1,11.9015544000,4,0.0000000000,7937.6046942761,7751.6682591865,67576.3610247302,41851.4520019981,46191.7897981483,203.6939857186,305.3026126659,305.3026126659,0.0000000000,7,686.9817662673,2820.4784547629,44875.6244424796,31,36975.9879802851,7431.2010400714,1200.0000000000,10800.0000000000,True
2025-09-15,S3,SEQUENTIAL_PREVIOUS_COMMITMENT,Optimal,1,11.9586307000,4,0.0000000000,7751.6682591865,7690.6528764077,66456.8097769517,41254.8112536470,45121.1223336094,-84.7734616965,494.0746321474,16.1244286341,477.9502035133,7,445.8924929920,1843.3617729973,43013.3995649478,26,38067.1762611626,7314.0719118796,1200.0000000000,10800.0000000000,True
2025-09-16,S3,SEQUENTIAL_PREVIOUS_COMMITMENT,Optimal,1,13.2220551000,4,0.0000000000,7690.6528764077,7619.7704999012,67901.9039272330,42222.7705721285,46083.6509096552,61.9952708288,57.4183317464,57.4183317464,0.0000000000,2,787.9510737971,2506.4124349559,44791.1782779131,31,36766.2329260163,7437.1752468427,1200.0000000000,10800.0000000000,True
2025-09-17,S3,SEQUENTIAL_PREVIOUS_COMMITMENT,Optimal,1,17.2814485000,4,0.0000000000,7619.7704999012,8231.3468850085,69411.8345944541,42930.0678378637,46871.7139994961,142.7880277559,117.4241305164,117.4241305164,0.0000000000,7,560.6793052444,1775.9321165119,44848.7879821315,29,38409.8382498614,7385.9537672693,1200.0000000000,10800.0000000000,True
2025-09-18,S3,SEQUENTIAL_PREVIOUS_COMMITMENT,Optimal,1,12.1033019000,4,0.0000000000,8231.3468850085,7604.0510914047,66013.4925306728,41398.9106067313,45199.9385460555,899.3212902997,1200.4933568106,1200.4933568106,0.0000000000,15,436.0913408632,2061.9683547620,44360.2002517929,20,36608.3675550239,7438.3717247671,1200.0000000000,10800.0000000000,True
2025-09-19,S3,SEQUENTIAL_PREVIOUS_COMMITMENT,Optimal,1,8.4604011000,4,0.0000000000,7604.0510914047,8043.3732387702,35365.3684420884,19737.8644215357,22325.0945599407,62.8784214426,48.0814014830,48.0814014830,0.0000000000,5,491.3795009487,1703.3084730900,21504.0513160684,27,31915.2609446881,6086.3491638963,1200.7555338542,10800.0000000000,True
2025-09-20,S3,SEQUENTIAL_PREVIOUS_COMMITMENT,Optimal,1,7.2301061000,4,0.0000000000,8043.3732387702,7649.9766457259,34061.0654808932,19421.4960705622,21021.6649236072,6.1610767199,3.7890768765,3.7890768765,0.0000000000,3,644.5953096363,2714.1874879328,22141.8446352149,30,32410.5019000863,6029.6550939006,1200.0000000000,10800.0000000000,True
2025-09-21,S3,SEQUENTIAL_PREVIOUS_COMMITMENT,Optimal,1,9.6985092000,4,0.0000000000,7649.9766457259,8118.8737120127,70845.1819628403,43813.5916688335,47909.1034074945,-261.4952810749,1308.9685741613,41.6988258252,1267.2697483361,13,285.7541291944,1310.3782981315,44862.4746858901,21,35666.1681749023,7627.6287396272,1200.0000000000,10800.0000000000,True
2025-09-22,S3,SEQUENTIAL_PREVIOUS_COMMITMENT,Optimal,1,9.1740525000,4,0.0000000000,8118.8737120127,7662.3140597984,68634.6915389955,42810.0152658540,46527.0185657586,-16.9328555223,442.3242825173,55.9121178731,386.4121646441,11,850.0213816704,3408.1009431843,46201.1833535160,36,35795.8876740815,7513.8854708705,1200.0000000000,10800.0000000000,True
2025-09-23,S3,SEQUENTIAL_PREVIOUS_COMMITMENT,Optimal,1,10.3943589000,4,0.0000000000,7662.3140597984,7728.3984555875,71231.3849294136,44210.2287276878,47315.4254498486,393.9432881808,873.5217176972,463.1857827440,410.3359349531,14,613.1098678913,2769.4632332188,47373.6352490874,29,37797.1238406022,7395.3131473997,1200.0000000000,10800.0000000000,True
2025-09-24,S3,SEQUENTIAL_PREVIOUS_COMMITMENT,Optimal,1,11.2233234000,4,0.0000000000,7728.3984555875,8161.3260619495,71044.9445298085,44203.1247639530,48488.2779960505,41.4408841261,32.8656175560,32.8656175560,0.0000000000,4,439.5311818435,1760.0272681018,46004.5929161809,26,37560.9146797026,7451.9354396721,1200.0000000000,10800.0000000000,True
2025-09-25,S3,SEQUENTIAL_PREVIOUS_COMMITMENT,Optimal,1,9.5671819000,4,0.0000000000,8161.3260619495,8256.3969347184,71837.8977310339,45110.1686316430,49696.0085861961,-88.4530039544,658.8239562023,50.5092078490,608.3147483533,9,442.7048551149,1777.2115177197,46798.9271454084,24,36164.9087961448,7606.4832281065,1200.0000000000,10800.0000000000,True
2025-09-26,S3,SEQUENTIAL_PREVIOUS_COMMITMENT,Optimal,1,9.2520174000,4,0.0000000000,8256.3969347184,8174.7063223934,36009.7828892577,20855.8648924349,23791.9086791126,-2.3649244665,5.0489420720,0.0000000000,5.0489420720,1,163.1443804241,559.3594359943,21412.8594039627,10,32321.6985770362,6127.7152154823,1200.0000000000,10800.0000000000,True
2025-09-27,S3,SEQUENTIAL_PREVIOUS_COMMITMENT,Optimal,1,9.3476268000,4,0.0000000000,8174.7063223934,8074.7119791118,35546.4672627827,20072.9311268605,22168.7638690173,128.3509425930,105.7899920342,105.7899920342,0.0000000000,5,899.9302963574,3489.9991726924,23691.2812421459,31,32562.8051877503,6263.3074002466,1227.0798362269,10800.0000000000,True
2025-09-28,S3,SEQUENTIAL_PREVIOUS_COMMITMENT,Optimal,1,10.2613432000,4,0.0000000000,8074.7119791118,8138.9490213316,71848.8211650125,44825.8147479345,48555.7831828311,974.8056806702,1110.3044586339,1110.3044586339,0.0000000000,18,486.1140235804,1755.9506596204,47556.5710882251,25,38024.8104462556,7492.2308489832,1200.0000000000,10800.0000000000,True
2025-09-29,S3,SEQUENTIAL_PREVIOUS_COMMITMENT,Optimal,1,10.3739395000,4,0.0000000000,8138.9490213316,8102.7738722648,73450.6421565704,45911.9753297610,50388.8481114679,-55.4755174829,223.5373858972,0.0000000000,223.5373858972,8,489.1218805365,1945.3442512232,47801.8440635013,25,37398.4907972916,7512.6402177205,1200.0000000000,10800.0000000000,True
2025-09-30,S3,SEQUENTIAL_PREVIOUS_COMMITMENT,Optimal,1,9.4349418000,4,0.0000000000,8102.7738722648,8008.5689348110,73052.4376859239,45973.1152317656,50586.6008657687,1309.7053882995,1256.0320293466,1256.0320293466,0.0000000000,13,596.8988817024,2538.7208462954,49821.5414663605,33,39462.3803374550,7396.7613589946,1200.0000000000,10800.0000000000,True
2025-10-01,S3,SEQUENTIAL_PREVIOUS_COMMITMENT,Optimal,1,9.0388636000,4,0.0000000000,8008.5689348110,8394.9048109538,72971.3085917439,45275.1518811737,49878.2090834387,-542.2277807296,2425.5857511811,0.0000000000,2425.5857511811,11,38.7127520612,97.8213079465,44830.7454083906,5,34976.8203063934,7698.6365186501,1223.1807042101,10800.0000000000,True
2025-10-02,S3,SEQUENTIAL_PREVIOUS_COMMITMENT,Optimal,1,10.6427052000,4,0.0000000000,8394.9048109538,8310.1978423957,72546.8469612080,45487.3869751188,49553.1102905111,-804.8227750627,3148.6072423251,0.0000000000,3148.6072423251,17,124.7762050029,301.5180615204,44984.0822615765,10,35756.1561983240,7556.6822485723,1296.8243127894,10800.0000000000,True
2025-10-03,S3,SEQUENTIAL_PREVIOUS_COMMITMENT,Optimal,1,8.1763492000,4,0.0000000000,8310.1978423957,8032.1586935429,34906.5202467499,19973.2541580624,21851.0877603104,-16.9363198875,39.0681675290,0.0000000000,39.0681675290,5,140.2490547015,367.4663388185,20323.7841769934,10,31813.7502874267,6416.9770853290,1284.5886273872,10800.0000000000,True
2025-10-04,S3,SEQUENTIAL_PREVIOUS_COMMITMENT,Optimal,1,7.9399905000,4,0.0000000000,8032.1586935429,7902.4026503906,36430.9678352644,20847.7198537213,22962.0072701300,-13.9826760209,30.8559647652,0.0000000000,30.8559647652,3,156.6376416810,615.2711621236,21449.0083398240,8,32110.9615291272,6258.5833249810,1209.3960730613,10800.0000000000,True
2025-10-05,S3,SEQUENTIAL_PREVIOUS_COMMITMENT,Optimal,1,10.4969225000,4,0.0000000000,7902.4026503906,8020.9588379211,72128.9290690734,45004.1501644740,49825.6782825369,-457.6212220050,2191.1862995865,20.4873693089,2170.6989302776,15,119.0535126103,322.2130464531,44868.7419889222,8,35473.2914213562,7568.7063140910,1200.0000000000,10800.0000000000,True
2025-10-06,S3,SEQUENTIAL_PREVIOUS_COMMITMENT,Optimal,1,11.7893511000,4,0.0000000000,8020.9588379211,7761.4053826654,69055.8462308596,43527.3600464170,48139.7461856463,0.0000000000,0.0000000000,0.0000000000,0.0000000000,0,287.8717284859,900.0682368310,44427.4282832480,18,36711.9109849229,7439.7515380996,1262.2576011285,10800.0000000000,True
2025-10-07,S3,SEQUENTIAL_PREVIOUS_COMMITMENT,Optimal,1,11.2186800000,4,0.0000000000,7761.4053826654,7699.8499930231,68612.4577321970,42906.5554085685,45638.2137356759,304.4157476939,250.9495697647,250.9495697647,0.0000000000,7,286.9200074377,997.4870380900,44208.4581943524,21,37574.0222119974,7385.5397228633,1221.9261616030,10800.0000000000,True
2025-10-08,S3,SEQUENTIAL_PREVIOUS_COMMITMENT,Optimal,1,12.0382125000,4,0.0000000000,7699.8499930231,7676.3923901057,65240.6601191054,39956.4870403232,44291.1137490100,5.3291168067,5.1496514536,5.1496514536,0.0000000000,1,509.8756986760,1958.2945331828,41920.1106903128,27,37783.2354241553,7219.0038532796,1200.0000000000,10800.0000000000,True
2025-10-09,S3,SEQUENTIAL_PREVIOUS_COMMITMENT,Optimal,1,13.4260020000,4,0.0000000000,7676.3923901057,7703.9485020932,66652.4065808787,40602.7760630621,44739.4902190334,-170.2787079924,750.1698436423,0.0000000000,750.1698436423,6,353.0093781213,1623.2019366022,42055.6992916718,21,37675.0155757264,7283.7424803789,1200.0000000000,10800.0000000000,True
2025-10-10,S3,SEQUENTIAL_PREVIOUS_COMMITMENT,Optimal,1,6.3387217000,4,0.0000000000,7703.9485020932,7711.9324977323,31951.9733474598,17231.4181108602,18753.1214340431,0.0000000000,0.0000000000,0.0000000000,0.0000000000,0,734.7044205304,2667.5149096293,19898.9330204895,34,32141.2220933831,6112.0673683559,1200.0000000000,10800.0000000000,True
2025-10-11,S3,SEQUENTIAL_PREVIOUS_COMMITMENT,Optimal,1,7.3729473000,4,0.0000000000,7711.9324977323,8533.2052144649,34715.4966655258,18958.7275599073,21625.6233187845,-0.0000000000,0.0000000000,0.0000000000,0.0000000000,0,196.8693725396,985.4395304937,19944.1670904009,15,32279.0297020903,6263.5577462981,1200.0000000000,10800.0000000000,True
2025-10-12,S3,SEQUENTIAL_PREVIOUS_COMMITMENT,Optimal,1,13.2170865000,4,0.0000000000,8533.2052144649,8530.9845748663,69697.6515998897,43147.9986835401,47871.2770254929,0.0000000000,0.0000000000,0.0000000000,0.0000000000,0,81.4142845995,371.9645180528,43519.9632015929,5,37064.0487831521,7393.4920874458,1200.0000000000,10800.0000000000,True
2025-10-13,S3,SEQUENTIAL_PREVIOUS_COMMITMENT,Optimal,1,11.0664955000,4,0.0000000000,8530.9845748663,7809.1978200360,68299.7165693479,42166.7136669578,46793.6194614849,-146.9762935946,642.3377579081,0.0000000000,642.3377579081,8,61.2600651882,234.0398199074,42253.7771932707,9,37002.4227838111,7370.6385694255,1200.0000000000,10800.0000000000,True
2025-10-14,S3,SEQUENTIAL_PREVIOUS_COMMITMENT,Optimal,1,11.1511787000,4,0.0000000000,7809.1978200360,7732.6766805177,67439.4144911754,41271.1544749696,44204.6230875904,425.1578151083,564.5309488389,444.0473766202,120.4835722188,19,810.5020185760,3241.5771543539,44937.8894444318,47,37934.3660229772,7286.1041933414,1200.0000000000,10800.0000000000,True
2025-10-15,S3,SEQUENTIAL_PREVIOUS_COMMITMENT,Optimal,1,10.8135636000,4,0.0000000000,7732.6766805177,7654.8818681806,67503.1694615764,41468.2709177607,45089.6014190746,830.3800574721,1040.8663121922,999.9973240238,40.8689881684,10,707.8545635847,2602.2591944382,44900.9101696709,36,38735.7305510526,7273.2788753650,1200.0000000000,10800.0000000000,True
2025-10-16,S3,SEQUENTIAL_PREVIOUS_COMMITMENT,Optimal,1,8.8428752000,4,0.0000000000,7654.8818681806,8113.7787526032,69149.4661106767,42587.0367877038,46791.5972531837,1452.8909331038,1460.2701314283,1460.2701314283,0.0000000000,19,904.7524245647,3629.4184767661,47669.3461975737,34,39511.3504326915,7349.8058002479,1200.0000000000,10800.0000000000,True
2025-10-17,S3,SEQUENTIAL_PREVIOUS_COMMITMENT,Optimal,1,7.8623308000,4,0.0000000000,8113.7787526032,8034.9429054854,34033.0593393330,18663.1532253632,20561.0295178513,0.0000000000,0.0000000000,0.0000000000,0.0000000000,0,149.8113725053,741.2064750477,19404.3597004109,13,32295.2788599065,6283.9135658480,1200.0000000000,10800.0000000000,True
2025-10-18,S3,SEQUENTIAL_PREVIOUS_COMMITMENT,Optimal,1,8.4303628000,4,0.0000000000,8034.9429054854,7706.8854467211,33560.3302044691,18820.3060002262,20855.6229472178,0.0000000000,0.0000000000,0.0000000000,0.0000000000,0,397.0804063435,1325.5363602405,20145.8423604667,18,31627.2709263750,6355.8283901732,1200.0000000000,10800.0000000000,True
2025-10-19,S3,SEQUENTIAL_PREVIOUS_COMMITMENT,Optimal,1,9.5066760000,4,0.0000000000,7706.8854467211,8287.7291553821,73701.1005399814,45434.2664123754,50467.4293104924,265.2713548445,823.4617247440,372.4880856395,450.9736391045,9,438.6673930274,1642.0321181340,47341.5698853539,23,39795.5193482326,7437.3352297149,1200.0000000000,10800.0000000000,True
2025-10-20,S3,SEQUENTIAL_PREVIOUS_COMMITMENT,Optimal,1,10.8486969000,4,0.0000000000,8287.7291553821,7942.9112193524,72346.6356613912,44939.4469594589,48907.6003516145,18.1496739872,23.3631351200,23.3631351200,0.0000000000,3,488.7115053824,2042.3536636609,46999.9502971070,27,38313.8189211761,7436.5754088304,1200.0000000000,10800.0000000000,True
2025-10-21,S3,SEQUENTIAL_PREVIOUS_COMMITMENT,Optimal,1,10.0562641000,4,0.0000000000,7942.9112193524,7739.1311281122,72756.7910812538,44950.4592052469,48330.6898656617,451.3581150271,555.1327174475,555.1327174475,0.0000000000,13,687.5375014688,2609.5051453461,48011.3224656201,38,39273.7107844806,7370.4401155216,1200.0000000000,10800.0000000000,True
2025-10-22,S3,SEQUENTIAL_PREVIOUS_COMMITMENT,Optimal,1,13.7373546000,4,0.0000000000,7739.1311281122,8157.0799293202,73691.8609130194,45534.6768805973,49293.8569161982,195.8256360908,181.9515784193,181.9515784193,0.0000000000,5,1042.5351528805,4558.2401081805,50288.7426248687,37,39256.6054166210,7408.0139743109,1200.0000000000,10800.0000000000,True
2025-10-23,S3,SEQUENTIAL_PREVIOUS_COMMITMENT,Optimal,1,9.8559204000,4,0.0000000000,8157.0799293202,7403.7722195790,74136.5970453813,46026.0376829967,49786.2885504559,-294.3300938528,1179.6277339087,0.0000000000,1179.6277339087,10,326.1814352222,1201.0212237046,46932.7288128486,16,38009.4993509197,7518.3984618157,1200.0000000000,10800.0000000000,True
2025-10-24,S3,SEQUENTIAL_PREVIOUS_COMMITMENT,Optimal,1,11.3623127000,4,0.0000000000,7403.7722195790,7523.3500488591,34353.0288606635,19364.9983971111,21374.3326304765,8.3767906451,6.0282028246,6.0282028246,0.0000000000,1,508.4008884781,2258.4181279427,21631.7933156989,28,31570.5991526332,5984.2994904693,1200.0000000000,10800.0000000000,True
2025-10-25,S3,SEQUENTIAL_PREVIOUS_COMMITMENT,Optimal,1,8.9223766000,4,0.0000000000,7523.3500488591,7686.9262938691,34835.1811202991,19399.4817161563,21800.9080059429,-3.9347372710,8.9844440484,0.0000000000,8.9844440484,1,433.3499918537,1757.7671814814,21153.3141603667,26,30839.2646706400,6312.1023963920,1200.0000000000,10800.0000000000,True
2025-10-26,S3,SEQUENTIAL_PREVIOUS_COMMITMENT,Optimal,1,11.1026752000,4,0.0000000000,7686.9262938691,8120.4723659445,77704.9628699855,48336.2728810593,53883.5540220197,-380.6493437569,1444.2618975983,0.0000000000,1444.2618975983,14,128.9181378747,498.5554250272,48454.1789623296,10,38285.9836982024,7704.8006889280,1200.0000000000,10800.0000000000,True
2025-10-27,S3,SEQUENTIAL_PREVIOUS_COMMITMENT,Optimal,1,9.7954830000,4,0.0000000000,8120.4723659445,7727.2951981123,73951.0202239512,46008.0142088538,49538.8312719044,181.5759240118,1670.2910687381,442.4225722916,1227.8684964464,16,284.2062790169,1105.1188111385,47294.7089440040,23,37747.6178929155,7560.1950434821,1200.0000000000,10800.0000000000,True
2025-10-28,S3,SEQUENTIAL_PREVIOUS_COMMITMENT,Optimal,1,9.6474929000,4,0.0000000000,7727.2951981123,8147.5023854470,76920.4265775505,47605.3665901497,51243.6868036949,-64.6120901989,227.4272798271,0.0000000000,227.4272798271,1,196.6607060832,646.2390332895,48186.9935332403,16,39438.9712256196,7620.1491663044,1200.0000000000,10800.0000000000,True
2025-10-29,S3,SEQUENTIAL_PREVIOUS_COMMITMENT,Optimal,1,9.9847838000,4,0.0000000000,8147.5023854470,8114.3768881697,75890.4125596970,47267.2503487918,51890.0488754852,446.8366886109,485.9132780599,485.9132780599,0.0000000000,16,856.0229432224,2804.1632534414,50518.2502908440,33,41240.5164926634,7518.2324151178,1200.0000000000,10800.0000000000,True
2025-10-30,S3,SEQUENTIAL_PREVIOUS_COMMITMENT,Optimal,1,9.6189816000,4,0.0000000000,8114.3768881697,7676.7546185026,75231.6142678973,46955.2237008432,51415.3351818137,-240.0622138212,1084.8436157637,31.6938976574,1053.1497181063,6,257.8845721747,973.9429037521,47689.1043907741,18,38233.6035137964,7597.1265682271,1200.0000000000,10800.0000000000,True
2025-10-31,S3,SEQUENTIAL_PREVIOUS_COMMITMENT,Optimal,1,8.6536401000,4,0.0000000000,7676.7546185026,7658.6376668038,35878.7946752330,20298.4537009235,22861.8889645476,4.9445193077,4.5105996238,4.5105996238,0.0000000000,1,261.0478547774,1033.2868216495,21336.6850418806,17,31125.8553526966,6400.8687342862,1200.0000000000,10800.0000000000,True
2025-11-01,S3,SEQUENTIAL_PREVIOUS_COMMITMENT,Optimal,1,9.9404490000,4,0.0000000000,7658.6376668038,8019.8988940150,36923.1990982173,20802.1831478163,24107.0762366626,0.0000000000,0.0000000000,0.0000000000,0.0000000000,0,276.1625764947,837.8392243582,21640.0223721745,15,31566.9565796718,6338.4078061138,1200.0000000000,10800.0000000000,True
2025-11-02,S3,SEQUENTIAL_PREVIOUS_COMMITMENT,Optimal,1,10.4348116000,4,0.0000000000,8019.8988940150,7621.5159236767,75643.8580850115,47178.7681389889,50948.6887759674,306.9548664265,353.2154255824,353.2154255824,0.0000000000,15,467.7269472219,1918.5971381852,49404.3201436005,27,40433.5701023692,7512.4784610093,1200.0000000000,10800.0000000000,True
2025-11-03,S3,SEQUENTIAL_PREVIOUS_COMMITMENT,Optimal,1,9.4834094000,4,0.0000000000,7621.5159236767,7687.5206748211,77529.3376511302,48306.7868447683,51814.4221711324,38.8168623335,32.4634378123,32.4634378123,0.0000000000,5,560.9780444416,1847.9694756431,50193.5731827449,26,39435.5784680107,7598.5597211683,1200.0000000000,10800.0000000000,True
2025-11-04,S3,SEQUENTIAL_PREVIOUS_COMMITMENT,Optimal,1,9.4481222000,4,0.0000000000,7687.5206748211,8147.2082106512,79697.3212132330,49715.8311250038,53339.4561456698,-447.2600686411,1769.9699618900,0.1092159959,1769.8607458942,8,392.7705906650,1555.0893679329,50823.6604242956,28,37789.2471555129,7831.9168414661,1200.0000000000,10800.0000000000,True
2025-11-05,S3,SEQUENTIAL_PREVIOUS_COMMITMENT,Optimal,1,8.2534753000,4,0.0000000000,8147.2082106512,8312.5248268659,80128.1966036263,50171.7775827207,54891.4614598129,-85.4400056834,313.1799118978,0.0000000000,313.1799118978,6,300.0266839934,1025.3253021721,51111.6628792094,16,39703.2861359009,7697.3384586035,1200.0000000000,10800.0000000000,True
2025-11-06,S3,SEQUENTIAL_PREVIOUS_COMMITMENT,Optimal,1,8.1792799000,4,0.0000000000,8312.5248268659,8117.2470485128,78869.8457933082,49409.8068947173,53422.4652416363,300.5247061386,350.4108952514,350.4108952514,0.0000000000,13,858.5445048615,3263.1541650725,52973.4857659284,40,40213.1369171843,7632.0609794510,1200.0000000000,10800.0000000000,True
2025-11-07,S3,SEQUENTIAL_PREVIOUS_COMMITMENT,Optimal,1,8.3619589000,4,0.0000000000,8117.2470485128,7691.7526413511,35786.1056788562,20057.1743326299,22122.5259805759,142.3832986074,143.4472740983,137.7966434833,5.6506306150,4,421.2938020317,1805.3427074281,22004.9003386654,25,32247.6102784172,6228.2266976859,1200.0000000000,10800.0000000000,True
2025-11-08,S3,SEQUENTIAL_PREVIOUS_COMMITMENT,Optimal,1,8.9566183000,4,0.0000000000,7691.7526413511,7662.2458014054,35949.5582062364,20193.6165515871,22801.5561532198,-11.0990654246,25.9815581483,0.0000000000,25.9815581483,2,295.7167985911,1256.0824461731,21438.5999323356,19,30958.6293423900,6305.2897450593,1200.0000000000,10800.0000000000,True
2025-11-09,S3,SEQUENTIAL_PREVIOUS_COMMITMENT,Optimal,1,9.3381891000,4,0.0000000000,7662.2458014054,8145.1564982551,80380.9825253671,50311.1260167045,53543.0947394722,-79.7762431969,883.6831057323,127.4066865168,756.2764192155,7,425.5675497902,1534.9195882187,51766.2693617262,31,40239.6777951092,7792.5596244616,1200.0000000000,10800.0000000000,True
2025-11-10,S3,SEQUENTIAL_PREVIOUS_COMMITMENT,Optimal,1,8.2528015000,4,0.0000000000,8145.1564982551,8345.4036016573,80370.5858718834,50204.6901972824,54415.9459212555,969.7458279303,966.1365806671,947.6843551854,18.4522254817,30,511.9101403698,2278.1005688509,53452.5365940636,33,40638.8448343191,7787.4512064586,1200.0000000000,10800.0000000000,True
2025-11-11,S3,SEQUENTIAL_PREVIOUS_COMMITMENT,Optimal,1,8.9482772000,4,0.0000000000,8345.4036016573,8210.9210916033,81400.9018618526,51487.0902333513,56118.3326844801,-220.5055501490,1089.7127316204,51.3927238865,1038.3200077339,6,189.0642269619,622.5684894572,51889.1531726595,19,38093.5639685308,7953.4896271381,1200.0000000000,10800.0000000000,True
2025-11-12,S3,SEQUENTIAL_PREVIOUS_COMMITMENT,Optimal,1,8.0851505000,4,0.0000000000,8210.9210916033,7959.7128101499,80804.7736341254,50699.9089726412,55989.3763096953,-32.0248665121,812.2432323312,167.0226704879,645.2205618433,18,233.9736540409,1126.4539874050,51794.3380935341,16,39858.3481983887,7816.6706839301,1200.0000000000,10800.0000000000,True
2025-11-13,S3,SEQUENTIAL_PREVIOUS_COMMITMENT,Optimal,1,11.1816227000,4,0.0000000000,7959.7128101499,8147.4758873435,83178.7794825929,52567.4856704538,58291.1852361604,-435.9276815157,2094.0229726029,51.3297291352,2042.6932434677,5,251.9206438217,1075.7439296802,53207.3019186183,21,37555.6002048858,8079.8620347578,1200.0000000000,10800.0000000000,True
2025-11-14,S3,SEQUENTIAL_PREVIOUS_COMMITMENT,Optimal,1,9.6876311000,4,0.0000000000,8147.4758873435,8159.3010026217,37750.3723496515,21577.1251559857,24371.7795966332,20.7891918607,17.8935254365,17.8935254365,0.0000000000,3,116.0886570819,445.7365185741,22043.6508664205,12,31508.9692672219,6548.3318003037,1200.0000000000,10800.0000000000,True
2025-11-15,S3,SEQUENTIAL_PREVIOUS_COMMITMENT,Optimal,1,12.9488686000,4,0.0000000000,8159.3010026217,8028.8354775153,38522.5665726682,21606.8385830445,24763.8716705073,17.0307344973,14.0309231317,14.0309231317,0.0000000000,1,253.1073208093,924.4156552477,22548.2849727894,22,30949.7426899726,6901.2807298054,1200.0000000000,10800.0000000000,True
2025-11-16,S3,SEQUENTIAL_PREVIOUS_COMMITMENT,Optimal,1,8.6713214000,4,0.0000000000,8028.8354775153,8063.5137329848,83233.8780723882,52539.3070213835,56625.7504684962,-65.9417242479,518.8393558734,57.7424002238,461.0969556496,7,567.7046298397,1975.4816057323,54448.8469028679,27,40840.4699107958,7845.1704427349,1200.0000000000,10800.0000000000,True
2025-11-17,S3,SEQUENTIAL_PREVIOUS_COMMITMENT,Optimal,1,8.0991426000,4,0.0000000000,8063.5137329848,8470.6922149057,85012.3756315460,53838.7922651000,58306.9034404707,121.1266038269,1495.9552863257,450.3959322843,1045.5593540414,20,231.0315413038,769.0388219766,54728.9576909035,15,39556.9025852066,7965.6169109443,1200.0000000000,10800.0000000000,True
2025-11-18,S3,SEQUENTIAL_PREVIOUS_COMMITMENT,Optimal,1,8.9729468000,4,0.0000000000,8470.6922149057,8006.8051471297,82728.9838857760,52402.8910360631,56735.9221257692,213.6457607019,701.4302425974,267.6242236814,433.8060189160,7,423.3355556332,1491.9039351564,54108.4407319214,27,39901.6819318076,7870.7070758989,1200.0000000000,10800.0000000000,True
2025-11-19,S3,SEQUENTIAL_PREVIOUS_COMMITMENT,Optimal,1,9.0644638000,4,0.0000000000,8006.8051471297,7590.3163075043,82618.0535071188,52136.3840353484,57373.5676094294,871.0902854804,839.9749256608,839.9749256608,0.0000000000,17,502.6618886107,2136.4499525448,55143.9242733736,19,41230.4210604396,7816.5682267190,1200.0000000000,10800.0000000000,True
2025-11-20,S3,SEQUENTIAL_PREVIOUS_COMMITMENT,Optimal,1,7.7166093000,4,0.0000000000,7590.3163075043,8452.5051770568,86148.4264005300,54440.1465486488,58772.0097622903,-89.6917201549,1363.4503283719,177.4750797377,1185.9752486342,9,231.6376953703,784.6777147008,55135.1325431948,19,40862.7532941078,7967.4427894203,1200.0000000000,10800.0000000000,True
2025-11-21,S3,SEQUENTIAL_PREVIOUS_COMMITMENT,Optimal,1,7.7442802000,4,0.0000000000,8452.5051770568,7721.7691999772,38564.2250972721,21841.7838697771,24986.8764690507,21.3595539027,17.6402577679,17.6402577679,0.0000000000,3,304.1119463714,833.1441605554,22696.2875842351,21,30713.5696763742,6978.8574080030,1200.0000000000,10800.0000000000,True
2025-11-22,S3,SEQUENTIAL_PREVIOUS_COMMITMENT,Optimal,1,9.4647419000,4,0.0000000000,7721.7691999772,8521.0174850499,43090.2496507685,23524.4983992702,27811.4525151216,-64.7364525113,474.8487407376,23.3321368681,451.5166038695,3,227.1011830182,892.6342070038,24352.3961537626,15,32548.7809439328,7731.3896966680,1200.0000000000,10800.0000000000,True
2025-11-23,S3,SEQUENTIAL_PREVIOUS_COMMITMENT,Optimal,1,8.2958092000,4,0.0000000000,8521.0174850499,8205.6178601032,85642.8686087569,54460.9245054364,59335.9534631174,91.3930566428,995.8577344905,263.7509434071,732.1067910834,17,538.4129413070,2229.1851338148,56781.5026958939,23,40611.3812901864,7878.6787470784,1200.0000000000,10800.0000000000,True
2025-11-24,S3,SEQUENTIAL_PREVIOUS_COMMITMENT,Optimal,1,6.6559076000,4,0.0000000000,8205.6178601032,7629.2734410823,82837.9693158666,52394.2802175689,56168.7211171890,-305.7001842357,1349.9851484389,33.2542844286,1316.7308640103,12,512.9121436525,2026.6835799968,54115.2636133299,28,39142.9900554567,7887.0324896550,1200.0000000000,10800.0000000000,True
2025-11-25,S3,SEQUENTIAL_PREVIOUS_COMMITMENT,Optimal,1,9.0200627000,4,0.0000000000,7629.2734410823,8343.5597879502,87852.7125881712,55536.5285751242,59599.5331242616,-193.2986281003,680.3893984524,0.0000000000,680.3893984524,1,296.8662237413,898.2480171516,56241.4779641755,21,41239.7391751363,7967.8273098878,1200.0000000000,10800.0000000000,True
2025-11-26,S3,SEQUENTIAL_PREVIOUS_COMMITMENT,Optimal,1,9.1869163000,4,0.0000000000,8343.5597879502,7758.6063407337,85039.1454200297,53916.1328250267,57294.2809216504,264.2524167429,256.7865496329,256.7865496329,0.0000000000,12,352.8262559447,1367.0599207490,55547.4451625186,18,41820.2553662671,7795.6219501973,1200.0000000000,10800.0000000000,True
2025-11-27,S3,SEQUENTIAL_PREVIOUS_COMMITMENT,Optimal,1,9.8249299000,4,0.0000000000,7758.6063407337,8126.0850930517,86236.9602824816,54570.9937139253,58508.2636208135,-230.4736086749,1186.7715584075,57.5155603525,1129.2559980550,9,190.8324112786,673.8311735530,55014.3512788033,14,40970.1494997272,7987.5619166441,1200.0000000000,10800.0000000000,True
2025-11-28,S3,SEQUENTIAL_PREVIOUS_COMMITMENT,Optimal,1,9.6222645000,4,0.0000000000,8126.0850930517,8137.9956705134,41403.0300336818,23317.3179028555,27686.6441618641,-41.8713401714,327.0015525298,17.9970992348,309.0044532950,3,246.2745702732,913.8224203361,24189.2689830202,17,32307.8507815493,7169.3677747934,1200.0000000000,10800.0000000000,True
2025-11-29,S3,SEQUENTIAL_PREVIOUS_COMMITMENT,Optimal,1,13.4991193000,4,0.0000000000,8137.9956705134,8130.6182291060,43303.1184906768,24125.5650212544,28420.5151282723,275.3969473751,373.5204892352,373.5204892352,0.0000000000,8,181.9113273519,492.1187612571,24893.0807298865,12,32980.4871897581,7640.9474041252,1200.0000000000,10800.0000000000,True
2025-11-30,S3,SEQUENTIAL_PREVIOUS_COMMITMENT,Optimal,1,6.6960822000,4,0.0000000000,8130.6182291060,7814.6271924556,86906.3334723599,55138.0764966618,59348.1778903265,730.8197239083,767.3964495029,767.3964495029,0.0000000000,21,531.1187616937,2175.2002178244,58044.0964383945,30,43716.0577924190,7746.4323955655,1200.0000000000,10800.0000000000,True
2025-12-01,S3,SEQUENTIAL_PREVIOUS_COMMITMENT,Optimal,1,7.9064038000,4,0.0000000000,7814.6271924556,7880.0106002242,88514.6561748188,56301.8578005358,59747.8538035749,33.2988226668,26.0696290702,26.0696290702,0.0000000000,3,4334.5433362706,16170.7082117565,72505.8648349591,85,44932.5062781455,7772.3647145862,1200.0000000000,10800.0000000000,True
2025-12-02,S3,SEQUENTIAL_PREVIOUS_COMMITMENT,Optimal,1,6.6676653000,4,0.0000000000,7880.0106002242,8662.6208740557,91053.4297879100,57694.7139377541,63196.9140497580,161.0972052789,149.3899190162,149.3899190162,0.0000000000,13,4549.6329139110,18037.6053723963,75893.4165154293,90,45840.9256499604,7811.2357163300,1200.0000000000,10800.0000000000,True
2025-12-03,S3,SEQUENTIAL_PREVIOUS_COMMITMENT,Optimal,1,8.4854528000,4,0.0000000000,8662.6208740557,7638.8125765805,87068.6258521688,55599.5310465894,59416.8039819808,1042.5303338058,1058.4750681927,1058.4750681927,0.0000000000,26,3943.9984847136,13256.0324053445,69898.0937857398,93,43826.6995428017,7681.5084857097,1200.0000000000,10800.0000000000,True
2025-12-04,S3,SEQUENTIAL_PREVIOUS_COMMITMENT,Optimal,1,6.3181073000,4,0.0000000000,7638.8125765805,7598.7909229174,88838.2743225452,56689.8990424408,60431.7391169869,12.7003491078,43.2063937403,14.8106923155,28.3957014248,5,4420.6313331810,15992.0619149139,72694.6613064625,83,44783.4732311162,7739.4965121531,1200.0000000000,10800.0000000000,True
2025-12-05,S3,SEQUENTIAL_PREVIOUS_COMMITMENT,Optimal,1,10.1291374000,4,0.0000000000,7598.7909229174,8103.5058822042,45559.4772766156,25088.0512609253,28248.2107832782,45.9011980348,97.4991657853,58.7078782395,38.7912875459,7,2542.2814678501,8269.7769153032,33403.7293742632,74,35742.3405651565,7375.4597287051,1200.0000000000,10800.0000000000,True
2025-12-06,S3,SEQUENTIAL_PREVIOUS_COMMITMENT,Optimal,1,11.4064644999,4,0.0000000000,8103.5058822042,8656.6017702637,47867.5545965702,26491.9702633823,30300.6211146152,8.4625363028,7.0510545815,7.0510545815,0.0000000000,2,2976.1544497694,8891.3233797996,35391.7561794847,72,35626.1512904503,7526.8866424332,1200.0000000000,10800.0000000000,True
2025-12-07,S3,SEQUENTIAL_PREVIOUS_COMMITMENT,Optimal,1,7.5410099000,4,0.0000000000,8656.6017702637,7827.0454767184,90944.4423950836,58434.1538567214,63798.1661008439,-32.0657783306,243.9895112214,17.3874654258,226.6020457956,11,2735.3795919162,9357.0895592531,67759.1776376440,77,43338.3113273906,7823.1469375229,1200.0000000000,10800.0000000000,True
2025-12-08,S3,SEQUENTIAL_PREVIOUS_COMMITMENT,Optimal,1,6.8421430000,4,0.0000000000,7827.0454767184,7866.7950089228,99183.2110556080,63930.5036038130,68248.6744829634,26.6796134403,774.8970967144,247.2882155514,527.6088811630,10,208.6300259436,909.3332837465,64866.5165009998,14,43449.3746950540,7933.8714520469,1200.0000000000,10800.0000000000,True
2025-12-09,S3,SEQUENTIAL_PREVIOUS_COMMITMENT,Optimal,1,7.7162132000,4,0.0000000000,7866.7950089228,7666.9518482039,98701.2929872096,63563.7045488474,67655.5579274631,-64.8026054846,234.9629961789,2.6308163303,232.3321798485,8,367.2350131856,1586.0633703180,65084.9653136808,20,44375.3280946276,7821.1936070061,1200.0000000000,10800.0000000000,True
2025-12-10,S3,SEQUENTIAL_PREVIOUS_COMMITMENT,Optimal,1,5.8559141000,4,0.0000000000,7666.9518482039,8483.2253193007,100754.2765275432,64679.4651672999,70119.7298629611,29.2898399449,127.6990512182,57.5600330672,70.1390181510,8,196.4797054222,753.7371620067,65462.4921692515,12,44685.6543655244,7923.8183242890,1200.0000000000,10800.0000000000,True
2025-12-11,S3,SEQUENTIAL_PREVIOUS_COMMITMENT,Optimal,1,10.5415635000,4,0.0000000000,8483.2253193007,7685.7064846030,98032.8718463211,63368.4113966501,67382.1925948206,-376.3003464248,1015.0275378757,0.0000000000,1015.0275378757,12,132.9228418322,461.4852453354,63453.5962955606,9,41980.8556060959,7929.7611316817,1200.0000000000,10800.0000000000,True
2025-12-12,S3,SEQUENTIAL_PREVIOUS_COMMITMENT,Optimal,1,11.1302591000,4,0.0000000000,7685.7064846030,8385.1871638461,54470.9429310388,29843.4123834298,34062.6424969931,217.4004378294,295.7073019311,295.7073019311,0.0000000000,11,177.0103430366,654.5891967230,30715.4020179823,16,36643.4067081524,7483.5846024432,1200.0000000000,10800.0000000000,True
2025-12-13,S3,SEQUENTIAL_PREVIOUS_COMMITMENT,Optimal,1,10.1431368000,4,0.0000000000,8385.1871638461,8135.1473791702,54532.5466818724,29862.4037942912,33496.7739990674,-164.6985136801,656.7154685348,15.3437576592,641.3717108756,5,229.1008548144,1113.1148628264,30810.8201434374,16,35876.3364698059,7492.0748864553,1200.0000000000,10800.0000000000,True
2025-12-14,S3,SEQUENTIAL_PREVIOUS_COMMITMENT,Optimal,1,3.6244374000,4,0.0000000000,8135.1473791702,8578.5896438711,100296.1676462894,64777.1376575123,69275.7682707888,170.5235784931,212.1001522670,212.1001522670,0.0000000000,10,231.6205044505,935.1940890547,65882.8553250602,17,45285.9222671580,7833.3124161716,1200.0000000000,10800.0000000000,True
2025-12-15,S3,SEQUENTIAL_PREVIOUS_COMMITMENT,Optimal,1,5.3717209000,4,0.0000000000,8578.5896438711,7907.9022731986,96686.2136725700,62206.4390630669,66134.2957152838,500.8175175548,541.8324462682,541.8324462682,0.0000000000,14,321.0028087694,1193.6586823875,63900.9152630092,22,43875.4265088396,7799.5261740598,1200.0000000000,10800.0000000000,True
2025-12-16,S3,SEQUENTIAL_PREVIOUS_COMMITMENT,Optimal,1,6.5330171000,4,0.0000000000,7907.9022731986,7627.9262431874,98479.7028824752,63707.7275601022,67625.2006716010,-14.4838321558,43.4283681284,0.0000000000,43.4283681284,2,217.8771512096,690.4545009457,64383.6982288921,24,44293.3531312502,7737.3617160248,1200.0000000000,10800.0000000000,True
2025-12-17,S3,SEQUENTIAL_PREVIOUS_COMMITMENT,Optimal,1,9.7389455000,4,0.0000000000,7627.9262431874,7968.9679225505,100393.9847822089,64527.5699248298,69173.6274183925,-221.2244759203,651.2184470509,0.0000000000,651.2184470509,8,410.2552453552,1651.8283723313,65958.1738212407,18,43775.4455838999,7895.5473217382,1200.0000000000,10800.0000000000,True
2025-12-18,S3,SEQUENTIAL_PREVIOUS_COMMITMENT,Optimal,1,8.4170338000,4,0.0000000000,7968.9679225505,8042.5878657531,98739.9332357255,63651.8063820941,67818.8720902442,-201.5857009101,658.8420278486,1.2000852819,657.6419425667,12,496.8617486066,1554.6261546374,65004.8468358214,20,44246.3207619736,7877.7906914582,1200.0000000000,10800.0000000000,True
2025-12-19,S3,SEQUENTIAL_PREVIOUS_COMMITMENT,Optimal,1,11.4832593000,4,0.0000000000,8042.5878657531,8702.8651480219,56153.4743484478,30579.1456148568,34934.2579921428,-299.2923534344,1378.0606491338,51.8699384020,1326.1907107318,7,77.7286982117,256.5024133883,30536.3556748106,5,36339.8454372441,7512.4205490592,1200.0000000000,10800.0000000000,True
2025-12-20,S3,SEQUENTIAL_PREVIOUS_COMMITMENT,Optimal,1,10.4765190000,4,0.0000000000,8702.8651480219,8495.1783852311,54033.3805893373,30107.8416788885,34225.0957226816,-90.3860372868,362.2465501342,8.4655771379,353.7809729964,2,173.7667051862,599.4724305742,30616.9280721759,17,36897.4850473331,7421.6450228033,1200.0000000000,10800.0000000000,True
2025-12-21,S3,SEQUENTIAL_PREVIOUS_COMMITMENT,Optimal,1,8.3308664000,4,0.0000000000,8495.1783852311,7894.4061044165,98753.8853001173,63897.5991416012,67261.3842680386,-9.5642039087,63.7955720001,3.7385748735,60.0569971266,5,614.3311451440,1831.6029079675,65719.6378456599,23,43295.6021300628,7901.5790016664,1200.0000000000,10800.0000000000,True
2025-12-22,S3,SEQUENTIAL_PREVIOUS_COMMITMENT,Optimal,1,8.3370701000,4,0.0000000000,7894.4061044165,8449.4396794156,100420.1338320815,64556.2748343064,69326.5418548260,9.2073380690,52.8626432740,12.5684124634,40.2942308106,2,280.4795973394,834.3685208462,65399.8506932216,23,45158.0572225190,7895.8400900446,1200.0000000000,10800.0000000000,True
2025-12-23,S3,SEQUENTIAL_PREVIOUS_COMMITMENT,Optimal,1,12.9620727000,4,0.0000000000,8449.4396794156,8500.4195171842,99920.2987468130,64470.0609118838,68677.6892268518,-281.8436603132,855.8594138866,0.0000000000,855.8594138866,7,86.9452415789,236.9274095804,64425.1446611510,10,43454.6980783326,7972.1091505800,1200.0000000000,10800.0000000000,True
2025-12-24,S3,SEQUENTIAL_PREVIOUS_COMMITMENT,Optimal,1,10.7252301000,4,0.0000000000,8500.4195171842,8522.3183964439,99839.2804481305,64333.6096002791,68776.2278409736,-53.4951613669,184.3850570892,0.0000000000,184.3850570892,3,145.3001552716,524.8020389911,64804.9164779032,15,44506.1798773313,7929.0550236435,1200.0000000000,10800.0000000000,True
2025-12-25,S3,SEQUENTIAL_PREVIOUS_COMMITMENT,Optimal,1,14.5179538000,4,0.0000000000,8522.3183964439,8218.4703935244,98097.2119429810,63190.2418282078,66519.9149360296,-1.7353024802,4.8089302487,0.0000000000,4.8089302487,1,609.5954123416,2204.2484715873,65392.7549973148,29,43337.9865064087,7880.8855095197,1200.0000000000,10800.0000000000,True
2025-12-26,S3,SEQUENTIAL_PREVIOUS_COMMITMENT,Optimal,1,9.5339450000,4,0.0000000000,8218.4703935244,7904.2019413999,52877.9884831966,29338.0335014528,32510.1859987229,-98.9390970202,435.6001770933,0.1276729387,435.4725041545,2,256.3934216807,902.0945706920,30141.1889751246,16,36067.6777295997,7537.5456622180,1200.0000000000,10800.0000000000,True
2025-12-27,S3,SEQUENTIAL_PREVIOUS_COMMITMENT,Optimal,1,11.0604354000,4,0.0000000000,7904.2019413999,7648.5289332982,52458.0938658995,28607.6767608247,32393.7417526354,-69.7704522024,343.6613019038,5.8484594622,337.8128424416,2,266.0036421811,1009.1100704904,29547.0163791127,22,36110.0097423385,7427.3280966879,1200.0000000000,10800.0000000000,True
2025-12-28,S3,SEQUENTIAL_PREVIOUS_COMMITMENT,Optimal,1,8.1264543000,4,0.0000000000,7648.5289332982,8400.1349082424,100933.9019979993,64952.8600089886,69470.5455975357,-388.8301042160,1106.0892252688,8.7901614739,1097.2990637949,10,345.4340943359,1249.6783825975,65813.7082873701,20,43306.0407666405,7944.3339030312,1200.0000000000,10800.0000000000,True
2025-12-29,S3,SEQUENTIAL_PREVIOUS_COMMITMENT,Optimal,1,7.0198273000,4,0.0000000000,8400.1349082424,7649.9941030360,97832.3418068591,63171.5007090002,68046.9277769656,110.1383168280,151.2533225627,151.2533225627,0.0000000000,10,221.4657325611,705.7741383821,63987.4131642104,15,43254.4787160780,7898.5824008822,1200.0000000000,10800.0000000000,True
2025-12-30,S3,SEQUENTIAL_PREVIOUS_COMMITMENT,Optimal,1,9.0587728000,4,0.0000000000,7649.9941030360,7989.7678328877,98668.3041421988,63416.9884240361,67729.7849159458,-430.0949759585,1181.2136609320,8.6785184835,1172.5351424485,16,236.2171286051,737.6843894142,63724.5778374918,17,43645.6133709651,7885.7941738019,1200.0000000000,10800.0000000000,True
2025-12-31,S3,SEQUENTIAL_PREVIOUS_COMMITMENT,Optimal,1,6.9223717000,4,0.0000000000,7989.7678328877,7781.2213970213,98786.2373069033,63609.2163762917,67195.1751091948,0.0000000000,0.0000000000,0.0000000000,0.0000000000,0,424.6438162195,1186.2113480822,64795.4277243739,24,44276.2055892640,7879.2902309803,1200.0000000000,10800.0000000000,True
