date,schedule,settlement_mode,solver_status,solver_success,solver_runtime_seconds,release_count,maximum_scenario_power_balance_residual_kw,initial_energy_kwh,final_energy_kwh,initial_planned_purchase_energy_kwh,initial_planned_purchase_cost_yuan,initial_expected_operating_cost_yuan,adjustment_cost_yuan,adjustment_energy_kwh,adjustment_increase_energy_kwh,adjustment_decrease_energy_kwh,adjusted_interval_count,emergency_energy_kwh,emergency_cost_yuan,realized_total_cost_yuan,emergency_interval_count,battery_throughput_kwh,mean_soc_kwh,minimum_soc_kwh,maximum_soc_kwh,wall_runtime_seconds
2025-02-01,S0,SEQUENTIAL_PREVIOUS_COMMITMENT,Optimal,1,2.9566221000,1,0.0000000000,6000.0000000000,7189.1800857125,48715.0336355337,20721.6899724937,21894.3746814685,0.0000000000,0.0000000000,0.0000000000,0.0000000000,0,154.6365560516,690.5085901867,21412.1985626804,9,36539.0945549382,7407.5283521911,1236.1167459491,10800.0000000000,2832.6880042000
2025-02-02,S0,SEQUENTIAL_PREVIOUS_COMMITMENT,Optimal,1,2.2779790000,1,0.0000000000,7189.1800857125,7055.4023662184,92855.0412946896,64861.2886658937,67248.3550111382,0.0000000000,0.0000000000,0.0000000000,0.0000000000,0,72.9630995311,266.2343131642,65127.5229790579,5,39180.2551229299,7620.6088638043,1200.0000000000,10800.0000000000,2832.6880042000
2025-02-03,S0,SEQUENTIAL_PREVIOUS_COMMITMENT,Optimal,1,0.9065844000,1,0.0000000000,7055.4023662184,7055.4023573488,91763.7474458417,64783.8510673286,67067.7322922257,0.0000000000,0.0000000000,0.0000000000,0.0000000000,0,135.5137566909,552.5212174549,65336.3722847836,15,40940.4471879628,7641.5186442536,1200.0000000000,10800.0000000000,2832.6880042000
2025-02-04,S0,SEQUENTIAL_PREVIOUS_COMMITMENT,Optimal,1,0.8259514000,1,0.0000000000,7055.4023573488,7060.8448760085,92391.8424488094,65248.2635636517,67716.1890102964,0.0000000000,0.0000000000,0.0000000000,0.0000000000,0,495.9804905437,2121.4680586211,67369.7316222728,20,43898.1710960462,7808.7006951275,1203.0314482060,10800.0000000000,2832.6880042000
2025-02-05,S0,SEQUENTIAL_PREVIOUS_COMMITMENT,Optimal,1,1.3155538000,1,0.0000000000,7060.8448760085,6873.5491654318,90338.0664487855,63532.4338506169,65939.2957737683,0.0000000000,0.0000000000,0.0000000000,0.0000000000,0,375.8253592733,1734.8379574952,65267.2718081121,24,42977.1373603162,7736.2498218941,1200.0000000000,10800.0000000000,2832.6880042000
2025-02-06,S0,SEQUENTIAL_PREVIOUS_COMMITMENT,Optimal,1,0.9595381000,1,0.0000000000,6873.5491654318,7092.4351553880,92700.3291761206,65392.3274407136,67720.8657024957,0.0000000000,0.0000000000,0.0000000000,0.0000000000,0,99.8612088073,359.5276995316,65751.8551402452,6,41597.3086080159,7784.1126647990,1223.6639058160,10800.0000000000,2832.6880042000
2025-02-07,S0,SEQUENTIAL_PREVIOUS_COMMITMENT,Optimal,1,8.5966916000,1,0.0000000000,7092.4351553880,7044.4666984048,46768.1893175865,19678.7284561208,20881.5878385386,0.0000000000,0.0000000000,0.0000000000,0.0000000000,0,114.5556831159,566.2174604670,20244.9459165877,7,38614.3394558307,7440.6691224847,1200.0000000000,10800.0000000000,2832.6880042000
2025-02-08,S0,SEQUENTIAL_PREVIOUS_COMMITMENT,Optimal,1,8.9094192000,1,0.0000000000,7044.4666984048,7044.4666594498,41114.3845017189,17273.9616191967,18556.8951317780,0.0000000000,0.0000000000,0.0000000000,0.0000000000,0,274.7036365248,995.9916744921,18269.9532936888,18,37921.5187912741,7005.3726863130,1200.0000000000,10800.0000000000,2832.6880042000
2025-02-09,S0,SEQUENTIAL_PREVIOUS_COMMITMENT,Optimal,1,2.9111236000,1,0.0000000000,7044.4666594498,7044.4667725025,86886.2180835528,60405.7113524652,62807.7519019088,0.0000000000,0.0000000000,0.0000000000,0.0000000000,0,694.8492533051,2908.4738081140,63314.1851605791,33,39851.3736183020,8058.6145275858,1200.0000000000,10800.0000000000,2832.6880042000
2025-02-10,S0,SEQUENTIAL_PREVIOUS_COMMITMENT,Optimal,1,2.7892461000,1,0.0000000000,7044.4667725025,6903.8255246751,87152.0387253203,59117.2495687655,61381.8624383800,0.0000000000,0.0000000000,0.0000000000,0.0000000000,0,208.8532841669,713.4644488542,59830.7140176198,14,38103.6866619908,7978.6873388544,1205.0785269097,10800.0000000000,2832.6880042000
2025-02-11,S0,SEQUENTIAL_PREVIOUS_COMMITMENT,Optimal,1,11.8473607000,1,0.0000000000,6903.8255246751,6962.2637364186,85237.7520760521,58012.0809565064,60264.8130842273,0.0000000000,0.0000000000,0.0000000000,0.0000000000,0,249.3364088344,1254.7946009952,59266.8755575016,22,39912.6730436164,7372.0924882095,1200.0000000000,10800.0000000000,2832.6880042000
2025-02-12,S0,SEQUENTIAL_PREVIOUS_COMMITMENT,Optimal,1,7.6335419000,1,0.0000000000,6962.2637364186,7010.4457483153,85494.2620009746,57745.2936933208,60080.0082255560,0.0000000000,0.0000000000,0.0000000000,0.0000000000,0,323.4848716536,1448.7060607436,59193.9997540644,21,40598.9537611301,7578.0669771951,1200.0000000000,10800.0000000000,2832.6880042000
2025-02-13,S0,SEQUENTIAL_PREVIOUS_COMMITMENT,Optimal,1,11.9751099000,1,0.0000000000,7010.4457483153,7112.2394467567,84865.0143511888,56720.7655087808,58859.5329409019,0.0000000000,0.0000000000,0.0000000000,0.0000000000,0,327.6922403072,1429.8765357392,58150.6420445199,24,37325.1613345872,7796.1527512419,1200.0000000000,10800.0000000000,2832.6880042000
2025-02-14,S0,SEQUENTIAL_PREVIOUS_COMMITMENT,Optimal,1,9.0360794000,1,0.0000000000,7112.2394467567,7112.2394634077,38856.9047771236,16336.9659512685,17563.9340120802,0.0000000000,0.0000000000,0.0000000000,0.0000000000,0,638.6371477257,1969.7099549600,18306.6759062285,37,37124.9744052375,6991.3632822621,1200.0000000000,10800.0000000000,2832.6880042000
2025-02-15,S0,SEQUENTIAL_PREVIOUS_COMMITMENT,Optimal,1,9.0816604000,1,0.0000000000,7112.2394634077,7011.2195906992,37745.8741264573,16344.7296127641,17601.0514209993,0.0000000000,0.0000000000,0.0000000000,0.0000000000,0,761.3306743747,2501.5902664840,18846.3198792481,36,36446.2440857354,6981.8772339240,1200.0000000000,10800.0000000000,2832.6880042000
2025-02-16,S0,SEQUENTIAL_PREVIOUS_COMMITMENT,Optimal,1,11.5247317000,1,0.0000000000,7011.2195906992,7041.7325452043,83262.6606404727,56156.0901393771,58608.6298767933,0.0000000000,0.0000000000,0.0000000000,0.0000000000,0,669.0698792006,2933.3403664598,59089.4305058369,42,41282.2953507874,7391.1379427773,1200.0000000000,10800.0000000000,2832.6880042000
2025-02-17,S0,SEQUENTIAL_PREVIOUS_COMMITMENT,Optimal,1,3.1690300000,1,0.0000000000,7041.7325452043,6992.5553715608,82444.2335053389,54913.1695502039,57287.5942723423,0.0000000000,0.0000000000,0.0000000000,0.0000000000,0,313.9527437609,1337.9476441802,56251.1171943841,23,39917.5166013625,7755.8604712764,1200.0000000000,10800.0000000000,2832.6880042000
2025-02-18,S0,SEQUENTIAL_PREVIOUS_COMMITMENT,Optimal,1,9.4288803000,1,0.0000000000,6992.5553715608,6967.9894302331,80935.3325920092,53348.4303978121,55618.7588022590,0.0000000000,0.0000000000,0.0000000000,0.0000000000,0,343.6295949054,1467.7926454398,54816.2230432518,23,41007.5304688655,7544.5090160591,1200.0000000000,10800.0000000000,2832.6880042000
2025-02-19,S0,SEQUENTIAL_PREVIOUS_COMMITMENT,Optimal,1,6.7328701000,1,0.0000000000,6967.9894302331,6999.3998859572,80785.2020977976,52968.7936068654,55239.9026398559,0.0000000000,0.0000000000,0.0000000000,0.0000000000,0,808.9616759035,3039.4259170967,56008.2195239621,40,44249.7510586139,7398.9039040014,1200.0000000000,10800.0000000000,2832.6880042000
2025-02-20,S0,SEQUENTIAL_PREVIOUS_COMMITMENT,Optimal,1,9.3138470000,1,0.0000000000,6999.3998859572,7044.4668020884,80931.8746143340,53574.0625045115,55861.3830009581,0.0000000000,0.0000000000,0.0000000000,0.0000000000,0,452.7857824855,2241.7458910185,55815.8083955300,28,40743.2532702932,7432.3157811808,1200.0000000000,10800.0000000000,2832.6880042000
2025-02-21,S0,SEQUENTIAL_PREVIOUS_COMMITMENT,Optimal,1,9.6939859000,1,0.0000000000,7044.4668020884,6833.8842570661,36883.3247365631,15833.6212215595,16734.8041087359,0.0000000000,0.0000000000,0.0000000000,0.0000000000,0,275.9435909311,795.9311840674,16629.5524056269,24,35832.1870995895,6563.9091572404,1200.0000000000,10800.0000000000,2832.6880042000
2025-02-22,S0,SEQUENTIAL_PREVIOUS_COMMITMENT,Optimal,1,9.5280972000,1,0.0000000000,6833.8842570661,7007.7117234452,36924.6354319617,16023.8139182333,17046.7707301080,0.0000000000,0.0000000000,0.0000000000,0.0000000000,0,313.8164160852,957.6308676651,16981.4447858984,23,34591.2692229981,6255.1487607287,1200.0000000000,10800.0000000000,2832.6880042000
2025-02-23,S0,SEQUENTIAL_PREVIOUS_COMMITMENT,Optimal,1,10.8517698000,1,0.0000000000,7007.7117234452,6967.9894242924,79463.4141718896,52369.4610739288,54332.9163718579,0.0000000000,0.0000000000,0.0000000000,0.0000000000,0,688.7037740833,2708.1796947083,55077.6407686370,33,40012.2224894086,7293.3667585754,1200.0000000000,10800.0000000000,2832.6880042000
2025-02-24,S0,SEQUENTIAL_PREVIOUS_COMMITMENT,Optimal,1,12.9893327000,1,0.0000000000,6967.9894242924,6916.9057595930,78143.8365580243,51113.1376385645,53466.3724907187,0.0000000000,0.0000000000,0.0000000000,0.0000000000,0,361.7088353933,1612.8411804070,52725.9788189715,24,38753.3793227698,7129.2141144937,1200.0000000000,10800.0000000000,2832.6880042000
2025-02-25,S0,SEQUENTIAL_PREVIOUS_COMMITMENT,Optimal,1,14.8889029000,1,0.0000000000,6916.9057595930,6999.3999951498,78617.3292838554,50785.1805612686,53013.4909427344,0.0000000000,0.0000000000,0.0000000000,0.0000000000,0,343.4492764936,1258.2175084623,52043.3980697309,25,37476.4732166295,7622.4326294729,1200.0000000000,10800.0000000000,2832.6880042000
2025-02-26,S0,SEQUENTIAL_PREVIOUS_COMMITMENT,Optimal,1,12.0184631000,1,0.0000000000,6999.3999951498,7011.2193140460,77775.8877701707,50644.5555119365,52769.5261718857,0.0000000000,0.0000000000,0.0000000000,0.0000000000,0,571.1440926861,2451.7512063071,53096.3067182436,30,39173.4688131948,7419.1350479263,1200.0000000000,10800.0000000000,2832.6880042000
2025-02-27,S0,SEQUENTIAL_PREVIOUS_COMMITMENT,Optimal,1,12.1498399000,1,0.0000000000,7011.2193140460,6999.4000621947,77077.9580814405,48780.7761130887,50840.4889361190,0.0000000000,0.0000000000,0.0000000000,0.0000000000,0,451.0988694666,2403.5600511221,51184.3361642108,19,42271.1368387559,7180.1186823462,1200.0000000000,10800.0000000000,2832.6880042000
2025-02-28,S0,SEQUENTIAL_PREVIOUS_COMMITMENT,Optimal,1,10.6459525000,1,0.0000000000,6999.4000621947,6999.2064518099,35698.8561441673,14708.2694419571,15596.5094426145,0.0000000000,0.0000000000,0.0000000000,0.0000000000,0,391.5522064775,1243.9216777030,15952.1911196601,27,34542.8507444489,6346.5642336034,1200.0000000000,10800.0000000000,2832.6880042000
2025-03-01,S0,SEQUENTIAL_PREVIOUS_COMMITMENT,Optimal,1,9.3168054000,1,0.0000000000,6999.2064518099,6982.2997186477,36200.3791637746,15067.8134815266,15936.6414514850,0.0000000000,0.0000000000,0.0000000000,0.0000000000,0,471.9732459350,1790.2230538234,16858.0365353500,20,36655.0953107921,6489.2061159688,1214.3103363715,10800.0000000000,2832.6880042000
2025-03-02,S0,SEQUENTIAL_PREVIOUS_COMMITMENT,Optimal,1,12.1803787000,1,0.0000000000,6982.2997186477,6999.2063005851,77169.0071528873,49636.7318087217,51982.6369822171,0.0000000000,0.0000000000,0.0000000000,0.0000000000,0,3573.5791200556,16147.6416296678,65784.3734383895,44,42679.7786871187,7308.5721171230,1200.0000000000,10800.0000000000,2832.6880042000
2025-03-03,S0,SEQUENTIAL_PREVIOUS_COMMITMENT,Optimal,1,14.0402709000,1,0.0000000000,6999.2063005851,7000.1735999980,77596.4650896597,50228.7340142954,52726.7933141111,0.0000000000,0.0000000000,0.0000000000,0.0000000000,0,2112.6896604803,9915.9028086560,60144.6368229514,53,41680.3341781465,7446.8635766503,1200.0000000000,10800.0000000000,2832.6880042000
2025-03-04,S0,SEQUENTIAL_PREVIOUS_COMMITMENT,Optimal,1,13.0503873000,1,0.0000000000,7000.1735999980,6969.6416076787,78153.6460153748,50611.6334388594,53310.4031474918,0.0000000000,0.0000000000,0.0000000000,0.0000000000,0,637.1161557510,2133.2865872094,52744.9200260688,29,41575.3755464265,7360.6143578865,1200.0000000000,10800.0000000000,2832.6880042000
2025-03-05,S0,SEQUENTIAL_PREVIOUS_COMMITMENT,Optimal,1,5.9570092000,1,0.0000000000,6969.6416076787,7055.4023665324,79196.3614086566,50357.3015117598,52543.6879366398,0.0000000000,0.0000000000,0.0000000000,0.0000000000,0,143.7886266957,622.2983864606,50979.5998982205,12,37459.1500962848,7767.7790005140,1200.0000000000,10800.0000000000,2832.6880042000
2025-03-06,S0,SEQUENTIAL_PREVIOUS_COMMITMENT,Optimal,1,7.2787906000,1,0.0000000000,7055.4023665324,7044.4665719805,77951.8546167524,49875.0174268641,52322.3892059625,0.0000000000,0.0000000000,0.0000000000,0.0000000000,0,313.9985775594,939.2224541036,50814.2398809677,21,37651.8926469312,7704.8956757181,1200.0000000000,10800.0000000000,2832.6880042000
2025-03-07,S0,SEQUENTIAL_PREVIOUS_COMMITMENT,Optimal,1,9.2222989000,1,0.0000000000,7044.4665719805,7082.9195818753,35126.8224057243,14511.6630209242,15494.2800683265,0.0000000000,0.0000000000,0.0000000000,0.0000000000,0,208.5087599365,568.9392393267,15080.6022602509,14,31952.7856199425,6370.7029499449,1200.0000000000,10800.0000000000,2832.6880042000
2025-03-08,S0,SEQUENTIAL_PREVIOUS_COMMITMENT,Optimal,1,9.2510165000,1,0.0000000000,7082.9195818753,6992.5552242051,33428.7194226630,13812.9304684427,14700.0001385213,0.0000000000,0.0000000000,0.0000000000,0.0000000000,0,359.0217249629,906.3574845887,14719.2879530314,23,36391.7486058290,6279.5442017787,1200.0000000000,10800.0000000000,2832.6880042000
2025-03-09,S0,SEQUENTIAL_PREVIOUS_COMMITMENT,Optimal,1,16.6766266000,1,0.0000000000,6992.5552242051,6919.1517156533,75228.9288807737,46932.3425563722,49330.6667697367,0.0000000000,0.0000000000,0.0000000000,0.0000000000,0,275.4943155747,1149.5907705232,48081.9333268954,21,39466.0031229655,7284.3060321176,1200.0000000000,10800.0000000000,2832.6880042000
2025-03-10,S0,SEQUENTIAL_PREVIOUS_COMMITMENT,Optimal,1,15.8748661000,1,0.0000000000,6919.1517156533,6916.6019438710,73788.0241627549,47599.8129283315,49833.5362685295,0.0000000000,0.0000000000,0.0000000000,0.0000000000,0,1990.2341473684,7346.4925287149,54946.3054570464,52,39902.7115749355,7292.0760448305,1200.0000000000,10800.0000000000,2832.6880042000
2025-03-11,S0,SEQUENTIAL_PREVIOUS_COMMITMENT,Optimal,1,13.6476806000,1,0.0000000000,6916.6019438710,7049.8801421800,72503.0455995574,45371.5612570918,47598.7205191684,0.0000000000,0.0000000000,0.0000000000,0.0000000000,0,792.5254056202,3245.2885758435,48616.8498329352,40,38767.1659240861,6879.0268798354,1208.1475434028,10800.0000000000,2832.6880042000
2025-03-12,S0,SEQUENTIAL_PREVIOUS_COMMITMENT,Optimal,1,8.8863065000,1,0.0000000000,7049.8801421800,6992.7487728297,73286.6717676692,45408.7284977376,47766.4886958312,0.0000000000,0.0000000000,0.0000000000,0.0000000000,0,447.1354615442,1688.8828708819,47097.6113686195,30,38616.9336678466,7176.1968433719,1200.0000000000,10800.0000000000,2832.6880042000
2025-03-13,S0,SEQUENTIAL_PREVIOUS_COMMITMENT,Optimal,1,17.5937016000,1,0.0000000000,6992.7487728297,7083.2120831748,73246.5679174651,46466.8927892460,48689.0624986484,0.0000000000,0.0000000000,0.0000000000,0.0000000000,0,1959.8016420529,8637.7468797113,55104.6396689573,42,37710.1330712577,7299.9601532539,1200.0000000000,10800.0000000000,2832.6880042000
2025-03-14,S0,SEQUENTIAL_PREVIOUS_COMMITMENT,Optimal,1,10.5897655000,1,0.0000000000,7083.2120831748,6999.3998938712,32688.1216431067,13010.9755630488,13845.6236356375,0.0000000000,0.0000000000,0.0000000000,0.0000000000,0,316.5464831505,1148.5699596442,14159.5455226930,23,37724.2290476825,6096.3312191311,1200.0000000000,10800.0000000000,2832.6880042000
2025-03-15,S0,SEQUENTIAL_PREVIOUS_COMMITMENT,Optimal,1,7.6474682000,1,0.0000000001,6999.3998938712,7086.2219387638,32780.2640995254,13604.1268831264,14446.2266825005,0.0000000000,0.0000000000,0.0000000000,0.0000000000,0,368.2693300699,1326.5045378308,14930.6314209571,24,34324.6480753291,6228.4171312942,1200.0000000000,10800.0000000000,2832.6880042000
2025-03-16,S0,SEQUENTIAL_PREVIOUS_COMMITMENT,Optimal,1,13.3141482000,1,0.0000000000,7086.2219387638,7012.6400542558,71523.1187692571,44471.5509657673,46775.2611123039,0.0000000000,0.0000000000,0.0000000000,0.0000000000,0,618.3923046806,2537.7446360647,47009.2956018320,37,38186.2238298708,7001.8120322531,1204.1546288339,10800.0000000000,2832.6880042000
2025-03-17,S0,SEQUENTIAL_PREVIOUS_COMMITMENT,Optimal,1,13.1252044000,1,0.0000000000,7012.6400542558,7046.7945105719,71872.8370824644,43392.1056890982,45934.8681301831,0.0000000000,0.0000000000,0.0000000000,0.0000000000,0,259.1822040769,1160.8144462380,44552.9201353363,18,36578.0303161991,7205.9144262195,1202.3279720775,10800.0000000000,2832.6880042000
2025-03-18,S0,SEQUENTIAL_PREVIOUS_COMMITMENT,Optimal,1,11.2586394000,1,0.0000000000,7046.7945105719,7086.2220741985,71552.5179311740,43934.0987470875,46111.2756346766,0.0000000000,0.0000000000,0.0000000000,0.0000000000,0,615.7365874821,2838.7729875780,46772.8717346655,25,38581.7896184510,7127.6657619280,1200.0000000000,10800.0000000000,2832.6880042000
2025-03-19,S0,SEQUENTIAL_PREVIOUS_COMMITMENT,Optimal,1,10.6479030000,1,0.0000000000,7086.2220741985,6969.8454601308,69695.3254898159,42232.2213930019,44505.8434747119,0.0000000000,0.0000000000,0.0000000000,0.0000000000,0,335.9136247686,1612.0279822502,43844.2493752522,22,41020.1134465293,7172.2388462598,1200.0000000000,10800.0000000000,2832.6880042000
2025-03-20,S0,SEQUENTIAL_PREVIOUS_COMMITMENT,Optimal,1,11.2381635000,1,0.0000000000,6969.8454601308,6992.7485788186,69508.1566732813,42800.6602941157,45242.4360134423,0.0000000000,0.0000000000,0.0000000000,0.0000000000,0,1010.3357029304,3953.3285382250,46753.9888323407,44,37810.2673924968,6828.3009996286,1200.0000000000,10800.0000000000,2832.6880042000
2025-03-21,S0,SEQUENTIAL_PREVIOUS_COMMITMENT,Optimal,1,9.1283522000,1,0.0000000000,6992.7485788186,7041.7325352283,31724.5969096066,12723.1124246544,13564.4342424785,0.0000000000,0.0000000000,0.0000000000,0.0000000000,0,418.7489896823,1025.2758443731,13748.3882690274,23,33628.0929700521,5996.5326022225,1200.0000000000,10800.0000000000,2832.6880042000
2025-03-22,S0,SEQUENTIAL_PREVIOUS_COMMITMENT,Optimal,1,10.0629384000,1,0.0000000000,7041.7325352283,7076.3935783739,32569.1188930049,13228.0374315202,14122.5317066223,0.0000000000,0.0000000000,0.0000000000,0.0000000000,0,194.2504810098,489.8472127827,13717.8846443029,14,35016.5915348444,6130.9445212660,1220.9904059606,10800.0000000000,2832.6880042000
2025-03-23,S0,SEQUENTIAL_PREVIOUS_COMMITMENT,Optimal,1,11.1708898000,1,0.0000000000,7076.3935783739,6986.4592958263,68305.2574156404,41210.2092563930,43248.1933485722,0.0000000000,0.0000000000,0.0000000000,0.0000000000,0,665.4010267835,2647.5144523670,43857.7237087600,32,38204.5880667533,7011.2748447356,1200.0000000000,10800.0000000000,2832.6880042000
2025-03-24,S0,SEQUENTIAL_PREVIOUS_COMMITMENT,Optimal,1,13.9942730000,1,0.0000000000,6986.4592958263,7044.4665298629,67514.1408074330,40895.5022480279,43654.2722617466,0.0000000000,0.0000000000,0.0000000000,0.0000000000,0,677.6665246401,2184.1348272423,43079.6370752703,38,37928.4357017457,7243.1353781131,1200.0000000000,10800.0000000000,2832.6880042000
2025-03-25,S0,SEQUENTIAL_PREVIOUS_COMMITMENT,Optimal,1,11.1539706000,1,0.0000000000,7044.4665298629,6999.2066221086,68397.0823682363,41441.6813274833,43778.0881545875,0.0000000000,0.0000000000,0.0000000000,0.0000000000,0,1117.1272519561,4119.6967590517,45561.3780865350,44,39708.0040455574,6975.4586291584,1200.0000000000,10800.0000000000,2832.6880042000
2025-03-26,S0,SEQUENTIAL_PREVIOUS_COMMITMENT,Optimal,1,17.8683359000,1,0.0000000000,6999.2066221086,7086.2220083964,66291.2004192021,39647.6913714702,41815.5340882585,0.0000000000,0.0000000000,0.0000000000,0.0000000000,0,441.1733218905,1526.8245898324,41174.5159613026,25,37316.0133612151,7140.9230963943,1200.0000000000,10800.0000000000,2832.6880042000
2025-03-27,S0,SEQUENTIAL_PREVIOUS_COMMITMENT,Optimal,1,10.5956503000,1,0.0000000000,7086.2220083964,7114.7489544391,67058.4416881411,40297.4030811321,42374.7715300171,0.0000000000,0.0000000000,0.0000000000,0.0000000000,0,621.8889229874,2140.5789609121,42437.9820420442,32,36925.7680422538,7224.7337011142,1202.4245245949,10800.0000000000,2832.6880042000
2025-03-28,S0,SEQUENTIAL_PREVIOUS_COMMITMENT,Optimal,1,10.4721664000,1,0.0000000000,7114.7489544391,7192.8243610004,31410.9995608806,12589.5069092300,13422.4954344798,0.0000000000,0.0000000000,0.0000000000,0.0000000000,0,258.5215643664,724.8273775754,13314.3342868054,16,33575.5028318032,5847.5797932166,1212.5429375000,10800.0000000000,2832.6880042000
2025-03-29,S0,SEQUENTIAL_PREVIOUS_COMMITMENT,Optimal,1,10.7201566000,1,0.0000000000,7192.8243610004,7013.4440819645,30746.0334367500,12315.6869709433,13111.2423170477,0.0000000000,0.0000000000,0.0000000000,0.0000000000,0,326.1202101850,1061.0109182696,13376.6978892129,19,33002.4044562797,5856.2450600510,1214.0441892361,10800.0000000000,2832.6880042000
2025-03-30,S0,SEQUENTIAL_PREVIOUS_COMMITMENT,Optimal,1,10.7295352000,1,0.0000000000,7013.4440819645,7011.2195265587,66082.9139585026,38898.3051259872,41406.8146774339,0.0000000000,0.0000000000,0.0000000000,0.0000000000,0,487.0189849383,1818.4161101822,40716.7212361695,26,37488.9602442803,7337.9061289695,1200.0000000000,10800.0000000000,2832.6880042000
2025-03-31,S0,SEQUENTIAL_PREVIOUS_COMMITMENT,Optimal,1,13.3963037000,1,0.0000000000,7011.2195265587,6993.0134342061,62939.6367362921,37675.7148824532,39626.1304579278,0.0000000000,0.0000000000,0.0000000000,0.0000000000,0,1250.3571330860,4639.8388920524,42315.5537745056,44,35613.7708629004,7420.8446056963,1200.4582609954,10800.0000000000,2832.6880042000
2025-04-01,S0,SEQUENTIAL_PREVIOUS_COMMITMENT,Optimal,1,9.5308810000,1,0.0000000000,6993.0134342061,7041.7325573030,66231.7018900501,40543.3628570805,43070.4417707926,0.0000000000,0.0000000000,0.0000000000,0.0000000000,0,1799.0000621253,5638.1690605099,46181.5319175903,49,35427.6488791907,7533.5578111697,1200.0000000000,10800.0000000000,2832.6880042000
2025-04-02,S0,SEQUENTIAL_PREVIOUS_COMMITMENT,Optimal,1,12.4719366000,1,0.0000000000,7041.7325573030,7011.2196431874,65054.0723626351,39075.4289845474,41426.6831522246,0.0000000000,0.0000000000,0.0000000000,0.0000000000,0,2633.8809010573,10539.4351264474,49614.8641109949,59,37909.8070648425,7088.2951366513,1200.0000000000,10800.0000000000,2832.6880042000
2025-04-03,S0,SEQUENTIAL_PREVIOUS_COMMITMENT,Optimal,1,7.8528889000,1,0.0000000000,7011.2196431874,7053.9505189389,66153.7426247095,39572.8220808064,41824.9817093498,0.0000000000,0.0000000000,0.0000000000,0.0000000000,0,410.5261868991,1369.8438539509,40942.6659347573,28,41286.7203591670,7298.4557751677,1200.0000000000,10800.0000000000,2832.6880042000
2025-04-04,S0,SEQUENTIAL_PREVIOUS_COMMITMENT,Optimal,1,3.3727215000,1,0.0000000000,7053.9505189389,7202.3820749953,30060.1301107995,11977.6592544069,12790.1583851510,0.0000000000,0.0000000000,0.0000000000,0.0000000000,0,356.3291507899,1100.8483022567,13078.5075566636,22,30312.5414966914,5953.5784463541,1249.2237440988,10800.0000000000,2832.6880042000
2025-04-05,S0,SEQUENTIAL_PREVIOUS_COMMITMENT,Optimal,1,3.0647205000,1,0.0000000000,7202.3820749953,6992.3630758611,29729.4796287434,12086.1148076396,12876.9378992041,0.0000000000,0.0000000000,0.0000000000,0.0000000000,0,383.9616381861,1073.1351443488,13159.2499519884,30,30612.2337001949,5722.1483614421,1200.0000000000,10800.0000000000,2832.6880042000
2025-04-06,S0,SEQUENTIAL_PREVIOUS_COMMITMENT,Optimal,1,10.5315772000,1,0.0000000000,6992.3630758611,7598.5205449222,66259.2556412417,39222.0855382878,41863.4268381382,0.0000000000,0.0000000000,0.0000000000,0.0000000000,0,410.6642206736,1668.1617024159,40890.2472407037,26,37136.3269357030,7201.3546378795,1200.9711540799,10800.0000000000,2832.6880042000
2025-04-07,S0,SEQUENTIAL_PREVIOUS_COMMITMENT,Optimal,1,11.7182363000,1,0.0000000000,7598.5205449222,7010.4457875116,62688.9370314429,37186.7922150240,39204.7400701434,0.0000000000,0.0000000000,0.0000000000,0.0000000000,0,441.2094137067,1126.2062032816,38312.9984183056,26,35416.6300561997,7497.1959275882,1200.0000000000,10800.0000000000,2832.6880042000
2025-04-08,S0,SEQUENTIAL_PREVIOUS_COMMITMENT,Optimal,1,12.4592106000,1,0.0000000000,7010.4457875116,7041.7328799921,64661.5132277200,37986.1378317140,40035.0929759396,0.0000000000,0.0000000000,0.0000000000,0.0000000000,0,712.1852475869,3218.3482897678,41204.4861214818,34,37697.1431173148,7132.5898223513,1200.0000000000,10800.0000000000,2832.6880042000
2025-04-09,S0,SEQUENTIAL_PREVIOUS_COMMITMENT,Optimal,1,11.8176753000,1,0.0000000000,7041.7328799921,6986.0233447745,62839.5284518637,37407.0990529283,39693.7284433199,0.0000000000,0.0000000000,0.0000000000,0.0000000000,0,2879.3638035793,10210.9766397192,47618.0756926476,57,38637.4378911129,6954.4037375105,1231.9838179977,10800.0000000000,2832.6880042000
2025-04-10,S0,SEQUENTIAL_PREVIOUS_COMMITMENT,Optimal,1,8.4657978000,1,0.0000000000,6986.0233447745,7098.2577749510,64099.6864524308,37630.6422175119,39663.6354904869,0.0000000000,0.0000000000,0.0000000000,0.0000000000,0,571.0027369767,2528.9281098520,40159.5703273639,32,39686.6524642979,7067.0991505455,1200.0000000000,10800.0000000000,2832.6880042000
2025-04-11,S0,SEQUENTIAL_PREVIOUS_COMMITMENT,Optimal,1,8.3572633000,1,0.0000000000,7098.2577749510,7064.3176664264,29505.3877211996,11456.0923120880,12235.0522756241,0.0000000000,0.0000000000,0.0000000000,0.0000000000,0,483.3271739194,1529.4623589502,12985.5546710381,30,34889.8853692794,5912.6676442825,1254.8006217554,10800.0000000000,2832.6880042000
2025-04-12,S0,SEQUENTIAL_PREVIOUS_COMMITMENT,Optimal,1,3.3998662000,1,0.0000000000,7064.3176664264,7154.8705590942,30464.3412585208,11826.8819079089,12549.3273950816,0.0000000000,0.0000000000,0.0000000000,0.0000000000,0,141.3259101812,384.3459163013,12211.2278242102,15,35080.1981743716,6180.3318030846,1220.9102119336,10800.0000000000,2832.6880042000
2025-04-13,S0,SEQUENTIAL_PREVIOUS_COMMITMENT,Optimal,1,9.3096518000,1,0.0000000000,7154.8705590942,7029.0322207307,62494.7541368603,37048.6312956578,39581.5056881966,0.0000000000,0.0000000000,0.0000000000,0.0000000000,0,686.7990399880,2786.5837984592,39835.2150941170,34,38567.4757240250,7236.6829529140,1221.7965028212,10800.0000000000,2832.6880042000
2025-04-14,S0,SEQUENTIAL_PREVIOUS_COMMITMENT,Optimal,1,13.8771575000,1,0.0000000000,7029.0322207307,7126.0684835631,62434.5933911476,36372.9045661474,38520.8734190017,0.0000000000,0.0000000000,0.0000000000,0.0000000000,0,579.1761264010,2212.4676591672,38585.3722253146,28,37365.1914683094,7381.8258904394,1223.2514973958,10800.0000000000,2832.6880042000
2025-04-15,S0,SEQUENTIAL_PREVIOUS_COMMITMENT,Optimal,1,13.5087692000,1,0.0000000000,7126.0684835631,7125.3607767433,61557.2651934077,35612.8035977161,37362.0801173511,0.0000000000,0.0000000000,0.0000000000,0.0000000000,0,368.5286568648,1500.2155181383,37113.0191158545,25,37653.5364755239,7137.8597505522,1236.8211452546,10800.0000000000,2832.6880042000
2025-04-16,S0,SEQUENTIAL_PREVIOUS_COMMITMENT,Optimal,1,8.8483270000,1,0.0000000000,7125.3607767433,7072.1854304166,61865.8440281590,36809.5745637180,38964.8249179041,0.0000000000,0.0000000000,0.0000000000,0.0000000000,0,1339.1895623128,4832.9683591233,41642.5429228413,48,36194.0333998389,7404.5450850072,1218.1709561632,10800.0000000000,2832.6880042000
2025-04-17,S0,SEQUENTIAL_PREVIOUS_COMMITMENT,Optimal,1,10.6568713000,1,0.0000000000,7072.1854304166,6998.7321297559,60034.5536372642,35142.3401975060,37071.0349663147,0.0000000000,0.0000000000,0.0000000000,0.0000000000,0,508.6953462358,1970.4952840535,37112.8354815595,32,36382.4460499120,7079.9268058755,1200.0000000000,10800.0000000000,2832.6880042000
2025-04-18,S0,SEQUENTIAL_PREVIOUS_COMMITMENT,Optimal,1,3.2195792000,1,0.0000000000,6998.7321297559,7313.6794956399,29493.9489860326,11488.0015132870,12188.7499635833,0.0000000000,0.0000000000,0.0000000000,0.0000000000,0,282.3648890576,801.3593367150,12289.3608500020,15,31330.7554073640,5932.1987073050,1365.5170052028,10800.0000000000,2832.6880042000
2025-04-19,S0,SEQUENTIAL_PREVIOUS_COMMITMENT,Optimal,1,10.0745861000,1,0.0000000000,7313.6794956399,7622.1534940801,28544.3237502847,11124.8666418463,11896.2619283137,0.0000000000,0.0000000000,0.0000000000,0.0000000000,0,378.1556371682,1091.9210396521,12216.7876814985,21,30808.4850321493,5866.0272424898,1403.6801770581,10800.0000000000,2832.6880042000
2025-04-20,S0,SEQUENTIAL_PREVIOUS_COMMITMENT,Optimal,1,13.4921371000,1,0.0000000000,7622.1534940801,7063.6740134245,60174.7147693630,35492.0246769979,37498.4368790287,0.0000000000,0.0000000000,0.0000000000,0.0000000000,0,693.1689694321,2401.4653664065,37893.4900434044,31,35166.2783574986,7305.0238016344,1220.9546133536,10800.0000000000,2832.6880042000
2025-04-21,S0,SEQUENTIAL_PREVIOUS_COMMITMENT,Optimal,1,9.4478796000,1,0.0000000000,7063.6740134245,7056.4477913044,61029.5537137601,35162.8404203644,37284.3497554730,0.0000000000,0.0000000000,0.0000000000,0.0000000000,0,409.7929730982,1301.0672979007,36463.9077182651,21,36068.2590213607,7305.7809449655,1202.8854614519,10800.0000000000,2832.6880042000
2025-04-22,S0,SEQUENTIAL_PREVIOUS_COMMITMENT,Optimal,1,10.4323241000,1,0.0000000000,7056.4477913044,7120.8322195910,59141.3298260818,35022.0020757793,36946.1779682675,0.0000000000,0.0000000000,0.0000000000,0.0000000000,0,1308.0857293508,3853.6748580471,38875.6769338264,44,35634.9304393243,7279.6966392621,1200.0000000000,10800.0000000000,2832.6880042000
2025-04-23,S0,SEQUENTIAL_PREVIOUS_COMMITMENT,Optimal,1,6.4417880000,1,0.0000000000,7120.8322195910,7112.0428544559,59857.6921615587,35133.0147647672,37192.8378492651,0.0000000000,0.0000000000,0.0000000000,0.0000000000,0,723.1225625133,2353.7005846764,37486.7153494436,33,35108.3898152582,7191.7368769627,1200.0000000000,10800.0000000000,2832.6880042000
2025-04-24,S0,SEQUENTIAL_PREVIOUS_COMMITMENT,Optimal,1,3.2461873000,1,0.0000000000,7112.0428544559,7091.6788384457,59019.2096814182,34484.9073207558,36647.1469022269,0.0000000000,0.0000000000,0.0000000000,0.0000000000,0,270.3678283416,1005.8560428306,35490.7633635864,21,34569.7238040951,7026.4968904601,1237.6703609551,10800.0000000000,2832.6880042000
2025-04-25,S0,SEQUENTIAL_PREVIOUS_COMMITMENT,Optimal,1,1.3294307000,1,0.0000000000,7091.6788384457,7585.4498179719,28300.9779003354,10500.7862286381,11206.1015616662,0.0000000000,0.0000000000,0.0000000000,0.0000000000,0,200.6612295836,527.3268877911,11028.1131164292,17,32795.8280793716,5929.2446091165,1357.6076717288,10800.0000000000,2832.6880042000
2025-04-26,S0,SEQUENTIAL_PREVIOUS_COMMITMENT,Optimal,1,3.2012689000,1,0.0000000000,7585.4498179719,7400.2998681300,27726.9848657799,10571.9887187622,11262.5428706630,0.0000000000,0.0000000000,0.0000000000,0.0000000000,0,570.4444813984,1632.7679907224,12204.7567094847,30,35175.2519173600,6104.1688019781,1343.5214394953,10800.0000000000,2832.6880042000
2025-04-27,S0,SEQUENTIAL_PREVIOUS_COMMITMENT,Optimal,1,10.0296802000,1,0.0000000000,7400.2998681300,7086.2220317805,56099.3967748099,32109.1685366905,33801.7696403122,0.0000000000,0.0000000000,0.0000000000,0.0000000000,0,1393.6852595813,6134.0791507798,38243.2476874702,39,37586.9156544570,7048.4851075425,1200.0000000000,10800.0000000000,2832.6880042000
2025-04-28,S0,SEQUENTIAL_PREVIOUS_COMMITMENT,Optimal,1,6.8301280000,1,0.0000000000,7086.2220317805,7130.9405777282,57484.8791771949,34014.5593482479,36073.9294945577,0.0000000000,0.0000000000,0.0000000000,0.0000000000,0,4859.8142214614,18678.7056080980,52693.2649563458,60,33152.6513443753,7264.0457800931,1275.5374850028,10800.0000000000,2832.6880042000
2025-04-29,S0,SEQUENTIAL_PREVIOUS_COMMITMENT,Optimal,1,5.5683885000,1,0.0000000000,7130.9405777282,7332.3964275553,58571.0800777114,33412.1678573908,35504.7417054141,0.0000000000,0.0000000000,0.0000000000,0.0000000000,0,880.7969388200,3691.2749300768,37103.4427874677,22,34970.0886666690,7373.9118996309,1200.0000000000,10800.0000000000,2832.6880042000
2025-04-30,S0,SEQUENTIAL_PREVIOUS_COMMITMENT,Optimal,1,6.8528864000,1,0.0000000000,7332.3964275553,7048.2138043136,56353.3677689272,32666.8229930260,34599.4396640472,0.0000000000,0.0000000000,0.0000000000,0.0000000000,0,1728.5183367962,5761.3330751950,38428.1560682210,38,32700.3352047360,7391.7037875235,1200.0000000000,10800.0000000000,2832.6880042000
2025-05-01,S0,SEQUENTIAL_PREVIOUS_COMMITMENT,Optimal,1,7.9407647000,1,0.0000000000,7048.2138043136,7419.2963559790,58022.4729625474,34300.1837883758,36464.0443452896,0.0000000000,0.0000000000,0.0000000000,0.0000000000,0,2852.9658143122,13453.5398679600,47753.7236563357,70,39376.9847219365,7107.2752065520,1200.0000000000,10800.0000000000,2832.6880042000
2025-05-02,S0,SEQUENTIAL_PREVIOUS_COMMITMENT,Optimal,1,5.5408052000,1,0.0000000000,7419.2963559790,7453.2904437178,28031.5915105888,11377.7983465070,12274.0249209566,0.0000000000,0.0000000000,0.0000000000,0.0000000000,0,2595.8304077428,9472.2923491977,20850.0906957047,61,34631.7920952138,5591.1998874153,1200.0000000000,10800.0000000000,2832.6880042000
2025-05-03,S0,SEQUENTIAL_PREVIOUS_COMMITMENT,Optimal,1,1.7603894000,1,0.0000000000,7453.2904437178,7192.9738170989,27817.9963229226,11189.8517216501,11929.9896439688,0.0000000000,0.0000000000,0.0000000000,0.0000000000,0,1839.2771527040,7793.4313272582,18983.2830489084,48,32339.3388357075,5924.4890669198,1230.1180727550,10800.0000000000,2832.6880042000
2025-05-04,S0,SEQUENTIAL_PREVIOUS_COMMITMENT,Optimal,1,4.9678276000,1,0.0000000000,7192.9738170989,7418.6378637520,59090.3973146087,35522.4282409769,37894.2593572474,0.0000000000,0.0000000000,0.0000000000,0.0000000000,0,2289.2960635779,10317.8673925798,45840.2956335567,60,33531.4536959667,7280.0022330682,1200.0000000000,10800.0000000000,2832.6880042000
2025-05-05,S0,SEQUENTIAL_PREVIOUS_COMMITMENT,Optimal,1,7.2484533000,1,0.0000000000,7418.6378637520,7309.7243063875,59959.1381584830,35487.1412677004,37887.5193199736,0.0000000000,0.0000000000,0.0000000000,0.0000000000,0,2844.7611341938,13212.6532960533,48699.7945637537,73,37976.1101393472,7170.8060826991,1200.0000000000,10800.0000000000,2832.6880042000
2025-05-06,S0,SEQUENTIAL_PREVIOUS_COMMITMENT,Optimal,1,9.9999845000,1,0.0000000000,7309.7243063875,7469.6759242321,58989.0194760174,35319.6393611803,37832.2381536927,0.0000000000,0.0000000000,0.0000000000,0.0000000000,0,3125.9606042673,14192.9298439481,49512.5692051284,72,37021.9711046616,7090.9872378185,1200.0000000000,10800.0000000000,2832.6880042000
2025-05-07,S0,SEQUENTIAL_PREVIOUS_COMMITMENT,Optimal,1,6.3539529000,1,0.0000000000,7469.6759242321,7728.6155950878,59535.4618705971,35532.7302223990,37983.7669418697,0.0000000000,0.0000000000,0.0000000000,0.0000000000,0,3117.3755665029,14498.2421735239,50030.9723959229,72,36009.7904712811,6973.0072212352,1200.0000000000,10800.0000000000,2832.6880042000
2025-05-08,S0,SEQUENTIAL_PREVIOUS_COMMITMENT,Optimal,1,4.3088417000,1,0.0000000000,7728.6155950878,7861.1188571181,64060.6842957960,39329.1858933533,42037.6142732545,0.0000000000,0.0000000000,0.0000000000,0.0000000000,0,1109.9322948206,4757.7900542928,44086.9759476461,33,34446.3404329135,7598.4577490979,1324.6416243421,10800.0000000000,2832.6880042000
2025-05-09,S0,SEQUENTIAL_PREVIOUS_COMMITMENT,Optimal,1,4.9884765000,1,0.0000000000,7861.1188571181,7156.8936559733,29502.7301771593,12354.3451596665,13077.3774328183,0.0000000000,0.0000000000,0.0000000000,0.0000000000,0,522.0504302714,1598.3095304959,13952.6546901624,25,32513.6638429797,5663.3592021396,1359.7084119717,10800.0000000000,2832.6880042000
2025-05-10,S0,SEQUENTIAL_PREVIOUS_COMMITMENT,Optimal,1,2.1250688000,1,0.0000000000,7156.8936559733,7220.0545567865,30595.1139362861,13079.4102803083,13969.4514650210,0.0000000000,0.0000000000,0.0000000000,0.0000000000,0,726.7602031728,2360.5298567765,15439.9401370848,31,32946.0981337611,5689.8899973699,1291.4702967479,10800.0000000000,2832.6880042000
2025-05-11,S0,SEQUENTIAL_PREVIOUS_COMMITMENT,Optimal,1,4.3992964000,1,0.0000000000,7220.0545567865,7112.5349754239,62753.1847792970,38445.0560207760,41065.1420318853,0.0000000000,0.0000000000,0.0000000000,0.0000000000,0,1051.6737312332,3947.1579740048,42392.2139947808,44,32687.9858854310,7626.7723018400,1200.0000000000,10800.0000000000,2832.6880042000
2025-05-12,S0,SEQUENTIAL_PREVIOUS_COMMITMENT,Optimal,1,7.2435576000,1,0.0000000000,7112.5349754239,7123.2931387836,61304.1296940574,37602.7634129261,40049.2473176182,0.0000000000,0.0000000000,0.0000000000,0.0000000000,0,932.1040934834,3385.6063468764,40988.3697598025,33,29606.3894849108,7864.1040546796,1200.0000000000,10800.0000000000,2832.6880042000
2025-05-13,S0,SEQUENTIAL_PREVIOUS_COMMITMENT,Optimal,1,5.6946128000,1,0.0000000000,7123.2931387836,7441.1473763171,64779.3514969301,38768.6924218867,41497.3274068524,0.0000000000,0.0000000000,0.0000000000,0.0000000000,0,288.3405787681,1269.7231845791,40038.4156064658,16,38271.3660673274,7675.7679751392,1217.4033936632,10800.0000000000,2832.6880042000
2025-05-14,S0,SEQUENTIAL_PREVIOUS_COMMITMENT,Optimal,1,7.8008215000,1,0.0000000000,7441.1473763171,7226.4791742748,63548.9411379370,38225.6717899992,40975.7609320510,0.0000000000,0.0000000000,0.0000000000,0.0000000000,0,288.7028310959,888.9959209951,39114.6677109943,19,34776.4859117184,7426.4060932077,1234.6626830309,10800.0000000000,2832.6880042000
2025-05-15,S0,SEQUENTIAL_PREVIOUS_COMMITMENT,Optimal,1,9.8915860000,1,0.0000000000,7226.4791742748,7635.0694653797,63196.5537756515,38417.4725915286,40930.0913078722,0.0000000000,0.0000000000,0.0000000000,0.0000000000,0,1022.2160214750,4106.4276032350,42523.9001947637,31,35457.2231580050,7597.7021303530,1295.4054370660,10800.0000000000,2832.6880042000
2025-05-16,S0,SEQUENTIAL_PREVIOUS_COMMITMENT,Optimal,1,6.2493248000,1,0.0000000000,7635.0694653797,7454.3380104012,29052.2539086240,12245.6614238117,13153.0561176776,0.0000000000,0.0000000000,0.0000000000,0.0000000000,0,465.4071220017,1125.9780693473,13371.6394931590,24,32520.3535684195,5722.1336566087,1402.2007306685,10800.0000000000,2832.6880042000
2025-05-17,S0,SEQUENTIAL_PREVIOUS_COMMITMENT,Optimal,1,3.4227815000,1,0.0000000000,7454.3380104012,7581.1562700188,30047.5007524054,12739.7231161178,13722.2801841373,0.0000000000,0.0000000000,0.0000000000,0.0000000000,0,674.4496957722,2031.7514144894,14771.4745306072,30,34959.4143379332,5483.4150425497,1304.3898666721,10800.0000000000,2832.6880042000
2025-05-18,S0,SEQUENTIAL_PREVIOUS_COMMITMENT,Optimal,1,8.3590401000,1,0.0000000000,7581.1562700188,7554.1008136204,62152.2474927881,37762.5594773811,40236.6615945800,0.0000000000,0.0000000000,0.0000000000,0.0000000000,0,1413.3215054512,4904.5916226879,42667.1511000690,40,32236.9966400026,7648.6773162955,1253.8235532407,10800.0000000000,2832.6880042000
2025-05-19,S0,SEQUENTIAL_PREVIOUS_COMMITMENT,Optimal,1,4.7186824000,1,0.0000000000,7554.1008136204,8191.4413810183,63473.7948683846,37599.9984477560,40339.6124021584,0.0000000000,0.0000000000,0.0000000000,0.0000000000,0,389.3947455038,2033.1006184283,39633.0990661843,18,33345.6206159625,7551.9074531836,1200.0000000000,10800.0000000000,2832.6880042000
2025-05-20,S0,SEQUENTIAL_PREVIOUS_COMMITMENT,Optimal,1,6.0290134000,1,0.0000000000,8191.4413810183,6997.1857886186,58175.4869061231,35007.0780132274,37466.1148247774,0.0000000000,0.0000000000,0.0000000000,0.0000000000,0,1888.1837458104,6512.4653871506,41519.5434003780,49,35789.1207392312,7700.2445478652,1200.0000000000,10800.0000000000,2832.6880042000
2025-05-21,S0,SEQUENTIAL_PREVIOUS_COMMITMENT,Optimal,1,5.5959796000,1,0.0000000000,6997.1857886186,7144.5531522430,59970.2880105536,36420.3515374124,38578.6457338145,0.0000000000,0.0000000000,0.0000000000,0.0000000000,0,1270.7860195233,5038.6931646721,41459.0447020845,31,31379.5419630016,7349.0785891746,1261.1767576411,10800.0000000000,2832.6880042000
2025-05-22,S0,SEQUENTIAL_PREVIOUS_COMMITMENT,Optimal,1,10.5072531000,1,0.0000000000,7144.5531522430,7489.9216132970,60030.3409910342,36127.4376640388,38633.6892989802,0.0000000000,0.0000000000,0.0000000000,0.0000000000,0,633.6281099834,2906.1611758590,39033.5988398978,33,31899.7372139284,7576.3182812024,1200.0000000000,10800.0000000000,2832.6880042000
2025-05-23,S0,SEQUENTIAL_PREVIOUS_COMMITMENT,Optimal,1,5.3770343000,1,0.0000000000,7489.9216132970,7690.0768764833,29730.6408374678,12051.6971113456,12995.9304043470,0.0000000000,0.0000000000,0.0000000000,0.0000000000,0,434.3178859845,1437.7328902631,13489.4300016087,28,35767.7387164730,5549.3367348169,1324.0236372774,10800.0000000000,2832.6880042000
2025-05-24,S0,SEQUENTIAL_PREVIOUS_COMMITMENT,Optimal,1,4.0095297000,1,0.0000000000,7690.0768764833,7708.3052993907,29693.6828557907,12601.1716059093,13659.7252314243,0.0000000000,0.0000000000,0.0000000000,0.0000000000,0,205.8094424519,717.7212312189,13318.8928371282,19,32860.7410670785,5428.6801060147,1431.5390991992,10800.0000000000,2832.6880042000
2025-05-25,S0,SEQUENTIAL_PREVIOUS_COMMITMENT,Optimal,1,5.4019230000,1,0.0000000000,7708.3052993907,7091.1522298394,59729.7552130328,35682.1876612164,38122.8215718107,0.0000000000,0.0000000000,0.0000000000,0.0000000000,0,435.5458640161,2173.5414621620,37855.7291233784,24,33194.1306190224,7690.1401098258,1200.0000000000,10800.0000000000,2832.6880042000
2025-05-26,S0,SEQUENTIAL_PREVIOUS_COMMITMENT,Optimal,1,4.6330738000,1,0.0000000000,7091.1522298394,7092.2867173873,58865.6870584260,35352.3113990359,37849.6061932260,0.0000000000,0.0000000000,0.0000000000,0.0000000000,0,3265.5570305055,12585.8662939472,47938.1776929831,54,33267.7290812136,7737.2107156652,1201.0576057581,10800.0000000000,2832.6880042000
2025-05-27,S0,SEQUENTIAL_PREVIOUS_COMMITMENT,Optimal,1,6.7067344000,1,0.0000000000,7092.2867173873,7712.7689429039,61502.8846335246,36681.1905959950,39354.5310838153,0.0000000000,0.0000000000,0.0000000000,0.0000000000,0,532.0452556441,1915.5776810350,38596.7682770300,26,35608.2217360441,7806.7487731604,1200.0000000000,10800.0000000000,2832.6880042000
2025-05-28,S0,SEQUENTIAL_PREVIOUS_COMMITMENT,Optimal,1,5.6866541000,1,0.0000000000,7712.7689429039,8304.4675064267,62681.1180445681,37874.2011748460,40947.6101224665,0.0000000000,0.0000000000,0.0000000000,0.0000000000,0,1415.5788250433,4145.6896666756,42019.8908415216,34,36258.5149340074,7385.6230250836,1200.0000000000,10800.0000000000,2832.6880042000
2025-05-29,S0,SEQUENTIAL_PREVIOUS_COMMITMENT,Optimal,1,9.4813873000,1,0.0000000000,8304.4675064267,7201.1365721930,58599.1663182380,35351.5206032957,38393.2738296728,0.0000000000,0.0000000000,0.0000000000,0.0000000000,0,1416.2033168656,5660.3621340456,41011.8827373414,57,33315.0694878214,7393.7602820928,1252.0745458969,10800.0000000000,2832.6880042000
2025-05-30,S0,SEQUENTIAL_PREVIOUS_COMMITMENT,Optimal,1,2.2241522000,1,0.0000000000,7201.1365721930,7621.5868522797,29286.9911613054,12340.6914106988,13266.0560591100,0.0000000000,0.0000000000,0.0000000000,0.0000000000,0,799.5043047540,2449.2880033237,14789.9794140225,19,32635.6795605284,5561.4258417306,1374.1562689487,10800.0000000000,2832.6880042000
2025-05-31,S0,SEQUENTIAL_PREVIOUS_COMMITMENT,Optimal,1,7.0356368000,1,0.0000000000,7621.5868522797,7694.0379892958,30045.3385594419,11788.2811100852,12808.3663037050,0.0000000000,0.0000000000,0.0000000000,0.0000000000,0,498.6137937805,1572.3340398853,13360.6151499705,27,38958.7568277895,5898.4234380722,1305.4392282588,10800.0000000000,2832.6880042000
2025-06-01,S0,SEQUENTIAL_PREVIOUS_COMMITMENT,Optimal,1,9.2556748000,1,0.0000000000,7694.0379892958,7500.2770253129,61504.8697722637,40787.4333263245,43528.5298496473,0.0000000000,0.0000000000,0.0000000000,0.0000000000,0,12950.5963294262,56197.5864579772,96985.0197843017,126,30071.7180928565,7644.4870227020,1200.0000000000,10800.0000000000,2832.6880042000
2025-06-02,S0,SEQUENTIAL_PREVIOUS_COMMITMENT,Optimal,1,6.9613523000,1,0.0000000000,7500.2770253129,7381.2624742279,63860.0385124872,41120.6206225966,44699.1559009042,0.0000000000,0.0000000000,0.0000000000,0.0000000000,0,10838.3502143569,48589.0835237469,89709.7041463436,118,36359.0545268748,7007.8344897780,1200.0000000000,10800.0000000000,2832.6880042000
2025-06-03,S0,SEQUENTIAL_PREVIOUS_COMMITMENT,Optimal,1,3.9073917000,1,0.0000000000,7381.2624742279,7376.6439864210,64658.4431218795,42001.9181396536,45116.1017069817,0.0000000000,0.0000000000,0.0000000000,0.0000000000,0,7969.8617615407,34876.8133915447,76878.7315311983,116,36221.3991389332,7046.3130086368,1200.0000000000,10800.0000000000,2832.6880042000
2025-06-04,S0,SEQUENTIAL_PREVIOUS_COMMITMENT,Optimal,1,5.0051425000,1,0.0000000000,7376.6439864210,7588.5988398600,67150.3537928206,43782.3700489387,46905.1330276739,0.0000000000,0.0000000000,0.0000000000,0.0000000000,0,7501.0312085463,31599.8188055764,75382.1888545151,110,36508.5729429853,7323.7045996244,1200.0000000000,10800.0000000000,2832.6880042000
2025-06-05,S0,SEQUENTIAL_PREVIOUS_COMMITMENT,Optimal,1,4.2459794000,1,0.0000000000,7588.5988398600,8165.7418548509,69571.6088160710,45744.8907391948,50920.4378611305,0.0000000000,0.0000000000,0.0000000000,0.0000000000,0,7394.0398114405,31268.7483722354,77013.6391114303,109,40634.3193990648,7217.8652452108,1200.0000000000,10800.0000000000,2832.6880042000
2025-06-06,S0,SEQUENTIAL_PREVIOUS_COMMITMENT,Optimal,1,5.2505585000,1,0.0000000000,8165.7418548509,7274.9472485251,29185.8815296431,13560.4862811613,15013.4425935013,0.0000000000,0.0000000000,0.0000000000,0.0000000000,0,7908.2807968472,29455.4022565342,43015.8885376955,95,35057.1782484021,5318.3819837361,1200.0000000000,10800.0000000000,2832.6880042000
2025-06-07,S0,SEQUENTIAL_PREVIOUS_COMMITMENT,Optimal,1,4.4074431000,1,0.0000000000,7274.9472485251,7469.6757691351,31352.8445068203,14563.4907811485,17378.2672089354,0.0000000000,0.0000000000,0.0000000000,0.0000000000,0,5886.8898326219,20914.8843647598,35478.3751459083,92,35727.2627356726,5348.6745338781,1200.0000000000,10800.0000000000,2832.6880042000
2025-06-08,S0,SEQUENTIAL_PREVIOUS_COMMITMENT,Optimal,1,2.5862384000,1,0.0000000000,7469.6757691351,8367.1887683919,82151.7415379037,55277.1445818680,59670.2306552736,0.0000000000,0.0000000000,0.0000000000,0.0000000000,0,111.1363122666,439.2035758980,55716.3481577660,11,31378.8546830541,7961.9935124048,1200.0000000000,10800.0000000000,2832.6880042000
2025-06-09,S0,SEQUENTIAL_PREVIOUS_COMMITMENT,Optimal,1,5.0039715000,1,0.0000000000,8367.1887683919,7499.1372438016,79509.2442832791,54346.0550780280,58987.4496728180,0.0000000000,0.0000000000,0.0000000000,0.0000000000,0,1131.4043340484,4684.1761352352,59030.2312132631,41,36357.1463848486,7654.1527759551,1200.0000000000,10800.0000000000,2832.6880042000
2025-06-10,S0,SEQUENTIAL_PREVIOUS_COMMITMENT,Optimal,1,1.3718502000,1,0.0000000000,7499.1372438016,7707.4394402722,80101.2198064828,54202.4163527641,58132.0701316930,0.0000000000,0.0000000000,0.0000000000,0.0000000000,0,845.1666792709,3346.1219806210,57548.5383333850,43,38827.5131212956,7406.2276278508,1200.0000000000,10800.0000000000,2832.6880042000
2025-06-11,S0,SEQUENTIAL_PREVIOUS_COMMITMENT,Optimal,1,1.4221929000,1,0.0000000000,7707.4394402722,7712.7687695549,81555.6443621602,54884.1292732315,58514.1499321037,0.0000000000,0.0000000000,0.0000000000,0.0000000000,0,2661.2215068283,13826.3892218108,68710.5184950422,55,42692.9919931362,7156.4499751605,1200.0000000000,10800.0000000000,2832.6880042000
2025-06-12,S0,SEQUENTIAL_PREVIOUS_COMMITMENT,Optimal,1,5.9121478000,1,0.0000000000,7712.7687695549,8253.6646912535,82960.2779617907,56201.9182968708,59940.2469312707,0.0000000000,0.0000000000,0.0000000000,0.0000000000,0,953.8653137278,4503.1117982896,60705.0300951604,28,40082.3491107679,7350.6362013965,1200.0000000000,10800.0000000000,2832.6880042000
2025-06-13,S0,SEQUENTIAL_PREVIOUS_COMMITMENT,Optimal,1,7.0375703000,1,0.0000000000,8253.6646912535,7867.8445677032,38587.3100551878,19335.0284481844,22280.9411058335,0.0000000000,0.0000000000,0.0000000000,0.0000000000,0,652.1988185447,2611.5093223667,21946.5377705511,25,31692.9719932586,6261.4512504309,1227.0575072338,10800.0000000000,2832.6880042000
2025-06-14,S0,SEQUENTIAL_PREVIOUS_COMMITMENT,Optimal,1,5.1641622000,1,0.0000000000,7867.8445677032,7768.4185950399,38506.1829400813,19742.7035440177,21717.6273633226,0.0000000000,0.0000000000,0.0000000000,0.0000000000,0,226.3795672042,741.5728756344,20484.2764196520,14,31815.8437514946,5954.0500624103,1289.6373328546,10800.0000000000,2832.6880042000
2025-06-15,S0,SEQUENTIAL_PREVIOUS_COMMITMENT,Optimal,1,6.9742186000,1,0.0000000000,7768.4185950399,7723.0339529823,82115.4525723366,56037.5525478808,62122.2112622483,0.0000000000,0.0000000000,0.0000000000,0.0000000000,0,597.7336111317,2938.1724265881,58975.7249744689,16,37575.8975653213,7431.1858254495,1210.4637592593,10800.0000000000,2832.6880042000
2025-06-16,S0,SEQUENTIAL_PREVIOUS_COMMITMENT,Optimal,1,2.8001665000,1,0.0000000000,7723.0339529823,7827.4697680134,82037.9027758626,56227.6771705832,61198.5143241370,0.0000000000,0.0000000000,0.0000000000,0.0000000000,0,825.8382469417,3695.2381231242,59922.9152937074,36,39338.3609096624,7214.0707842314,1200.0000000000,10800.0000000000,2832.6880042000
2025-06-17,S0,SEQUENTIAL_PREVIOUS_COMMITMENT,Optimal,1,5.1808896000,1,0.0000000000,7827.4697680134,8165.7418924708,82772.2281123369,56202.0246305779,61114.0823871571,0.0000000000,0.0000000000,0.0000000000,0.0000000000,0,1736.0204077222,9127.4016053770,65329.4262359550,41,39438.7693900643,7645.7731914345,1200.0000000000,10800.0000000000,2832.6880042000
2025-06-18,S0,SEQUENTIAL_PREVIOUS_COMMITMENT,Optimal,1,5.6711679000,1,0.0000000000,8165.7418924708,7659.4357266761,82384.3944733000,56675.9301036127,61152.1636589406,0.0000000000,0.0000000000,0.0000000000,0.0000000000,0,379.0438789598,1585.8575175435,58261.7876211562,22,33361.0721682520,7774.9989981470,1200.0000000000,10800.0000000000,2832.6880042000
2025-06-19,S0,SEQUENTIAL_PREVIOUS_COMMITMENT,Optimal,1,9.1548632000,1,0.0000000000,7659.4357266761,8028.8768583884,82709.0081238094,55894.2888392092,59779.0257941596,0.0000000000,0.0000000000,0.0000000000,0.0000000000,0,661.6576173215,2611.6520306565,58505.9408698657,29,35045.8468102946,7603.4549791169,1200.0000000000,10800.0000000000,2832.6880042000
2025-06-20,S0,SEQUENTIAL_PREVIOUS_COMMITMENT,Optimal,1,3.9925969000,1,0.0000000000,8028.8768583884,8312.4361190857,39274.4347365444,19530.6068221794,22799.1272044068,0.0000000000,0.0000000000,0.0000000000,0.0000000000,0,199.3154353351,459.9656785211,19990.5725007005,14,33557.9457079905,5727.2461307717,1320.7434041587,10800.0000000000,2832.6880042000
2025-06-21,S0,SEQUENTIAL_PREVIOUS_COMMITMENT,Optimal,1,12.3809292000,1,0.0000000000,8312.4361190857,8115.0174110159,37328.8056719407,18306.8105064898,20212.3823356371,0.0000000000,0.0000000000,0.0000000000,0.0000000000,0,196.1894371340,511.7851509177,18818.5956574075,16,36840.8651080686,5488.4097832278,1462.7121757715,10800.0000000000,2832.6880042000
2025-06-22,S0,SEQUENTIAL_PREVIOUS_COMMITMENT,Optimal,1,2.4319599000,1,0.0000000000,8115.0174110159,7837.4421545579,79214.9802857136,53009.0643626708,57677.3506689014,0.0000000000,0.0000000000,0.0000000000,0.0000000000,0,803.5591097899,3637.5429555017,56646.6073181725,24,39562.6005591054,7339.2047906705,1200.0000000000,10800.0000000000,2832.6880042000
2025-06-23,S0,SEQUENTIAL_PREVIOUS_COMMITMENT,Optimal,1,9.6690086000,1,0.0000000000,7837.4421545579,8319.0300496946,81055.7254540380,54285.1724246599,59533.8486382359,0.0000000000,0.0000000000,0.0000000000,0.0000000000,0,405.7289336228,1451.1931248406,55736.3655495005,20,36814.0425436756,7917.0733747099,1200.0000000000,10800.0000000000,2832.6880042000
2025-06-24,S0,SEQUENTIAL_PREVIOUS_COMMITMENT,Optimal,1,6.9800140000,1,0.0000000000,8319.0300496946,7699.1668821561,79219.8113110034,54776.5886372364,58630.3280714650,0.0000000000,0.0000000000,0.0000000000,0.0000000000,0,3806.4155461198,17368.5749247029,72145.1635619393,71,41229.0519617043,7649.9435901537,1200.0000000000,10800.0000000000,2832.6880042000
2025-06-25,S0,SEQUENTIAL_PREVIOUS_COMMITMENT,Optimal,1,5.6964254000,1,0.0000000000,7699.1668821561,7630.3035363161,79302.4384114373,53226.0445455845,57716.1720852282,0.0000000000,0.0000000000,0.0000000000,0.0000000000,0,1236.2999721264,5403.1443079198,58629.1888535042,28,35803.8571216335,7583.9996031743,1233.4508861400,10800.0000000000,2832.6880042000
2025-06-26,S0,SEQUENTIAL_PREVIOUS_COMMITMENT,Optimal,1,7.8795299000,1,0.0000000000,7630.3035363161,7551.9774206043,78781.5683193279,52188.0623875075,56443.5265716367,0.0000000000,0.0000000000,0.0000000000,0.0000000000,0,619.0937267933,2318.9091838035,54506.9715713110,30,36827.5030049217,7356.9680014735,1200.0000000000,10800.0000000000,2832.6880042000
2025-06-27,S0,SEQUENTIAL_PREVIOUS_COMMITMENT,Optimal,1,6.7240350000,1,0.0000000000,7551.9774206043,8385.9687174462,37192.8209359508,17601.3964433470,19926.4221263069,0.0000000000,0.0000000000,0.0000000000,0.0000000000,0,203.3928959292,807.3599324795,18408.7563758265,12,35905.9006066606,5631.5350566661,1384.4510980700,10800.0000000000,2832.6880042000
2025-06-28,S0,SEQUENTIAL_PREVIOUS_COMMITMENT,Optimal,1,6.9762247000,1,0.0000000000,8385.9687174462,8346.3568065442,37151.8610682206,17738.6044504475,20415.1620711699,0.0000000000,0.0000000000,0.0000000000,0.0000000000,0,554.4552744339,2076.1593463130,19814.7637967604,19,36946.6460434910,5598.7807102370,1260.9402755390,10800.0000000000,2832.6880042000
2025-06-29,S0,SEQUENTIAL_PREVIOUS_COMMITMENT,Optimal,1,8.3165707000,1,0.0000000000,8346.3568065442,7717.6520845786,77676.2655985287,52508.7610689485,56498.8674326629,0.0000000000,0.0000000000,0.0000000000,0.0000000000,0,1271.5171496772,4877.3568899708,57386.1179589193,32,34667.1055984741,7748.1069286964,1200.0000000000,10800.0000000000,2832.6880042000
2025-06-30,S0,SEQUENTIAL_PREVIOUS_COMMITMENT,Optimal,1,8.5128427000,1,0.0000000000,7717.6520845786,7755.3360006090,79265.9453810764,53064.9015915044,58823.3465086857,0.0000000000,0.0000000000,0.0000000000,0.0000000000,0,1366.3903478744,5283.7103003159,58348.6118918203,31,36143.6678878474,7702.1345280930,1200.0000000000,10800.0000000000,2832.6880042000
2025-07-01,S0,SEQUENTIAL_PREVIOUS_COMMITMENT,Optimal,1,2.6375830000,1,0.0000000000,7755.3360006090,7950.0000000000,81747.1422231462,59292.7462212504,65574.6109054664,0.0000000000,0.0000000000,0.0000000000,0.0000000000,0,5948.3181672853,24665.5496638422,83958.2958850926,93,38413.2065880001,7449.5319229605,1200.0000000000,10800.0000000000,2832.6880042000
2025-07-02,S0,SEQUENTIAL_PREVIOUS_COMMITMENT,Optimal,1,7.1083419000,1,0.0000000000,7950.0000000000,7756.4234460147,75862.9802340328,54810.9419803239,58785.6049805870,0.0000000000,0.0000000000,0.0000000000,0.0000000000,0,7125.8620041105,29980.6612858182,84791.6032661422,92,33384.8356966636,7727.2250993378,1200.0000000000,10800.0000000000,2832.6880042000
2025-07-03,S0,SEQUENTIAL_PREVIOUS_COMMITMENT,Optimal,1,4.0412842000,1,0.0000000000,7756.4234460147,7267.6411224978,75108.8449662835,55798.2061481454,61529.2372719789,0.0000000000,0.0000000000,0.0000000000,0.0000000000,0,9229.7970906517,40279.2189764664,96077.4251246118,115,33910.7450338794,7651.6475376804,1200.0000000000,10800.0000000000,2832.6880042000
2025-07-04,S0,SEQUENTIAL_PREVIOUS_COMMITMENT,Optimal,1,6.9405019000,1,0.0000000000,7267.6411224978,7867.2612191542,35296.4995279217,19597.4504652127,22508.2695680015,0.0000000000,0.0000000000,0.0000000000,0.0000000000,0,7741.4160318247,27771.2225340583,47368.6729992710,95,35225.0102457089,5224.0007122735,1200.0000000000,10800.0000000000,2832.6880042000
2025-07-05,S0,SEQUENTIAL_PREVIOUS_COMMITMENT,Optimal,1,4.2480736000,1,0.0000000000,7867.2612191542,7738.9699096502,35331.1545744067,18859.8659596700,20889.5955043948,0.0000000000,0.0000000000,0.0000000000,0.0000000000,0,7695.4478757144,28340.0857378629,47199.9516975330,92,36860.4600904272,5204.6961157980,1200.0000000000,10800.0000000000,2832.6880042000
2025-07-06,S0,SEQUENTIAL_PREVIOUS_COMMITMENT,Optimal,1,3.5203875000,1,0.0000000000,7738.9699096502,8019.2338384763,73386.6676695669,53760.5145265378,59502.6235358424,0.0000000000,0.0000000000,0.0000000000,0.0000000000,0,10864.7699651494,51522.3679861444,105282.8825126822,130,37527.2049156119,7190.2877377141,1200.0000000000,10800.0000000000,2832.6880042000
2025-07-07,S0,SEQUENTIAL_PREVIOUS_COMMITMENT,Optimal,1,4.4375381000,1,0.0000000000,8019.2338384763,8194.6590933796,71743.1254194519,51676.8210222159,55784.9950222947,0.0000000000,0.0000000000,0.0000000000,0.0000000000,0,7920.1652308281,33943.0987948052,85619.9198170211,96,34416.1282831891,7546.6209476875,1200.0000000000,10800.0000000000,2832.6880042000
2025-07-08,S0,SEQUENTIAL_PREVIOUS_COMMITMENT,Optimal,1,4.0715025000,1,0.0000000000,8194.6590933796,7435.0881870677,85107.8892434397,63011.4976240018,68342.8820577141,0.0000000000,0.0000000000,0.0000000000,0.0000000000,0,1289.5611374008,5916.4850273777,68927.9826513795,45,38646.7901129658,7380.8734054174,1200.0000000000,10800.0000000000,2832.6880042000
2025-07-09,S0,SEQUENTIAL_PREVIOUS_COMMITMENT,Optimal,1,4.8914523000,1,0.0000000000,7435.0881870677,8225.1995019700,87747.7395367136,64609.3645565757,69577.3975259718,0.0000000000,0.0000000000,0.0000000000,0.0000000000,0,588.4620230200,2657.2701623907,67266.6347189665,22,37300.9476342326,7311.3669452360,1200.0000000000,10800.0000000000,2832.6880042000
2025-07-10,S0,SEQUENTIAL_PREVIOUS_COMMITMENT,Optimal,1,6.7687330000,1,0.0000000000,8225.1995019700,8271.7802241367,87343.8431331486,64638.6436055129,69806.4276670862,0.0000000000,0.0000000000,0.0000000000,0.0000000000,0,479.4136265625,1956.1067503255,66594.7503558384,20,37704.8405714936,7434.5238584941,1200.0000000000,10800.0000000000,2832.6880042000
2025-07-11,S0,SEQUENTIAL_PREVIOUS_COMMITMENT,Optimal,1,5.7579305000,1,0.0000000000,8271.7802241367,7726.1212860726,45311.9862271775,26875.9395329494,29568.4762410517,0.0000000000,0.0000000000,0.0000000000,0.0000000000,0,433.1217811297,1206.4587607312,28082.3982936806,17,34081.9574229473,5847.1353341127,1200.0000000000,10800.0000000000,2832.6880042000
2025-07-12,S0,SEQUENTIAL_PREVIOUS_COMMITMENT,Optimal,1,5.5614024000,1,0.0000000000,7726.1212860726,7427.1837581538,44918.0721606049,25620.9025027035,26917.7552498707,0.0000000000,0.0000000000,0.0000000000,0.0000000000,0,603.8266013364,1914.8336331897,27535.7361358932,22,36751.4044009107,5322.0870105280,1200.0000000000,10800.0000000000,2832.6880042000
2025-07-13,S0,SEQUENTIAL_PREVIOUS_COMMITMENT,Optimal,1,1.9887320000,1,0.0000000000,7427.1837581538,8664.0496724201,89533.4096238453,64372.1079254432,71186.5849460415,0.0000000000,0.0000000000,0.0000000000,0.0000000000,0,89.6683682734,440.3980524934,64812.5059779367,10,36136.4201262166,7331.9186018442,1200.0000000000,10800.0000000000,2832.6880042000
2025-07-14,S0,SEQUENTIAL_PREVIOUS_COMMITMENT,Optimal,1,6.7570954000,1,0.0000000000,8664.0496724201,8471.4148386159,86345.1632583993,62428.6761301815,67793.2665598183,0.0000000000,0.0000000000,0.0000000000,0.0000000000,0,344.9795001958,1887.8443919891,64316.5205221706,15,38915.4557927256,7301.3257336777,1200.0000000000,10800.0000000000,2832.6880042000
2025-07-15,S0,SEQUENTIAL_PREVIOUS_COMMITMENT,Optimal,1,6.7466471000,1,0.0000000000,8471.4148386159,7786.7037167587,84574.4991681415,61923.3531667481,67200.8082538383,0.0000000000,0.0000000000,0.0000000000,0.0000000000,0,769.3875344965,2863.0641197697,64786.4172865178,25,34579.9387970433,7610.8460824643,1200.0000000000,10800.0000000000,2832.6880042000
2025-07-16,S0,SEQUENTIAL_PREVIOUS_COMMITMENT,Optimal,1,6.1449828000,1,0.0000000000,7786.7037167587,8588.3490338616,87401.6340998286,64839.0589941695,70564.3734431886,0.0000000000,0.0000000000,0.0000000000,0.0000000000,0,679.8399428620,2965.2640002748,67804.3229944443,16,34037.5372682404,7670.6906964314,1200.0000000000,10800.0000000000,2832.6880042000
2025-07-17,S0,SEQUENTIAL_PREVIOUS_COMMITMENT,Optimal,1,5.1777399000,1,0.0000000000,8588.3490338616,8215.1139868796,85062.9279866508,62292.4935093569,68612.1945501916,0.0000000000,0.0000000000,0.0000000000,0.0000000000,0,932.8043870146,3979.0957407041,66271.5892500609,27,40817.3118332309,7292.8567605546,1200.0000000000,10800.0000000000,2832.6880042000
2025-07-18,S0,SEQUENTIAL_PREVIOUS_COMMITMENT,Optimal,1,6.2137476000,1,0.0000000000,8215.1139868796,7810.2494531446,44482.8699730319,25182.1662063497,27099.1421741329,0.0000000000,0.0000000000,0.0000000000,0.0000000000,0,290.7477352408,1146.6942037301,26328.8604100797,21,37811.0522831100,5465.5093621503,1205.0611328125,10800.0000000000,2832.6880042000
2025-07-19,S0,SEQUENTIAL_PREVIOUS_COMMITMENT,Optimal,1,5.1833447000,1,0.0000000000,7810.2494531446,7787.8284572490,45338.9156080444,25499.2229834668,28165.8132105442,0.0000000000,0.0000000000,0.0000000000,0.0000000000,0,373.5931219497,1152.4984220674,26651.7214055342,19,38851.0861858406,5608.3568222617,1200.0000000000,10800.0000000000,2832.6880042000
2025-07-20,S0,SEQUENTIAL_PREVIOUS_COMMITMENT,Optimal,1,12.7980992000,1,0.0000000000,7787.8284572490,7571.5462171595,81660.4516297243,59626.3701323229,63602.5360238978,0.0000000000,0.0000000000,0.0000000000,0.0000000000,0,945.5926263473,3437.8015031476,63064.1716354704,29,35719.9213920348,7181.8999500510,1200.0000000000,10800.0000000000,2832.6880042000
2025-07-21,S0,SEQUENTIAL_PREVIOUS_COMMITMENT,Optimal,1,4.7580392000,1,0.0000000000,7571.5462171595,8274.5671755936,86452.0177668386,64269.1035973722,70355.4256175218,0.0000000000,0.0000000000,0.0000000000,0.0000000000,0,452.4701827387,1830.2467558178,66099.3503531900,17,35852.3755067672,7504.7342040554,1200.0000000000,10800.0000000000,2832.6880042000
2025-07-22,S0,SEQUENTIAL_PREVIOUS_COMMITMENT,Optimal,1,8.1241942000,1,0.0000000000,8274.5671755936,7712.5700867388,83670.9730617651,61146.6416452234,66449.9926855454,0.0000000000,0.0000000000,0.0000000000,0.0000000000,0,984.4140052411,4080.9033301958,65227.5449754192,29,40289.4687638255,7316.7546675827,1200.0000000000,10800.0000000000,2832.6880042000
2025-07-23,S0,SEQUENTIAL_PREVIOUS_COMMITMENT,Optimal,1,6.9511067000,1,0.0000000000,7712.5700867388,7837.4420114675,86084.1202850023,62762.7435239788,67626.6019675608,0.0000000000,0.0000000000,0.0000000000,0.0000000000,0,623.4092022031,2617.8899159172,65380.6334398960,21,37197.7709238632,7493.5816890959,1200.0000000000,10800.0000000000,2832.6880042000
2025-07-24,S0,SEQUENTIAL_PREVIOUS_COMMITMENT,Optimal,1,7.5735094000,1,0.0000000000,7837.4420114675,8411.6648983865,86065.2932782880,63049.5179337892,68261.7000831653,0.0000000000,0.0000000000,0.0000000000,0.0000000000,0,957.0604176674,4523.2199160268,67572.7378498161,25,34363.0735982063,7670.9681902761,1200.0000000000,10800.0000000000,2832.6880042000
2025-07-25,S0,SEQUENTIAL_PREVIOUS_COMMITMENT,Optimal,1,4.4178465000,1,0.0000000000,8411.6648983865,8742.3336154537,46094.1718548056,26528.1476907134,29978.4145884583,0.0000000000,0.0000000000,0.0000000000,0.0000000000,0,190.0473164789,612.0892497558,27140.2369404692,11,36107.8799286447,5807.2301708973,1200.0000000000,10800.0000000000,2832.6880042000
2025-07-26,S0,SEQUENTIAL_PREVIOUS_COMMITMENT,Optimal,1,5.6272588000,1,0.0000000000,8742.3336154537,8216.1536594404,44898.8628369779,25778.3586343942,28636.1377882619,0.0000000000,0.0000000000,0.0000000000,0.0000000000,0,307.3502266733,791.9410845913,26570.2997189855,13,35568.3119811155,5975.4779852729,1200.0000000000,10800.0000000000,2832.6880042000
2025-07-27,S0,SEQUENTIAL_PREVIOUS_COMMITMENT,Optimal,1,5.0372935000,1,0.0000000000,8216.1536594404,7711.5662374974,83767.9809028961,61259.2416591051,66841.9484549510,0.0000000000,0.0000000000,0.0000000000,0.0000000000,0,940.4178758737,3917.6890765552,65176.9307356603,36,38891.7294773818,7240.0102602358,1200.0000000000,10800.0000000000,2832.6880042000
2025-07-28,S0,SEQUENTIAL_PREVIOUS_COMMITMENT,Optimal,1,7.0883479000,1,0.0000000000,7711.5662374974,7754.2646082593,83736.4826768889,61698.2516941886,65886.1883928225,0.0000000000,0.0000000000,0.0000000000,0.0000000000,0,2284.4487335046,9929.0406600848,71627.2923542734,53,39411.6261871106,7329.7764430863,1200.0000000000,10800.0000000000,2832.6880042000
2025-07-29,S0,SEQUENTIAL_PREVIOUS_COMMITMENT,Optimal,1,5.8310255000,1,0.0000000000,7754.2646082593,8165.7420769635,86378.5313071304,62986.9756560742,68947.9305104549,0.0000000000,0.0000000000,0.0000000000,0.0000000000,0,1347.8628293674,5335.5605274087,68322.5361834830,28,40621.1037376409,7245.3775524870,1200.0000000000,10800.0000000000,2832.6880042000
2025-07-30,S0,SEQUENTIAL_PREVIOUS_COMMITMENT,Optimal,1,4.3064412000,1,0.0000000000,8165.7420769635,9260.7822251831,88258.4476158817,65352.6253618516,71826.7532197713,0.0000000000,0.0000000000,0.0000000000,0.0000000000,0,450.5398929192,1829.8749427628,67182.5003046144,18,37433.3242735947,7374.7584490310,1200.0000000000,10800.0000000000,2832.6880042000
2025-07-31,S0,SEQUENTIAL_PREVIOUS_COMMITMENT,Optimal,1,3.1276837000,1,0.0000000000,9260.7822251831,7759.2014427830,83610.1920638616,60837.4318097803,65351.4232967846,0.0000000000,0.0000000000,0.0000000000,0.0000000000,0,843.0111294734,4085.0455759097,64922.4773856900,27,39579.2952857221,7678.8329921203,1200.0000000000,10800.0000000000,2832.6880042000
2025-08-01,S0,SEQUENTIAL_PREVIOUS_COMMITMENT,Optimal,1,3.4952358000,1,0.0000000000,7759.2014427830,8700.0000000000,46005.3387687019,26052.8123697565,28865.3269365574,0.0000000000,0.0000000000,0.0000000000,0.0000000000,0,241.4463466063,586.9279758080,26639.7403455645,13,35961.7197161682,5997.8488864574,1200.0000000000,10800.0000000000,2832.6880042000
2025-08-02,S0,SEQUENTIAL_PREVIOUS_COMMITMENT,Optimal,1,5.0570857000,1,0.0000000000,8700.0000000000,7732.9698709036,43310.9622689989,24070.3885681329,26290.4376743635,0.0000000000,0.0000000000,0.0000000000,0.0000000000,0,260.8049809460,980.8546370723,25051.2432052052,18,37981.7079325742,5809.8351799000,1200.0000000000,10800.0000000000,2832.6880042000
2025-08-03,S0,SEQUENTIAL_PREVIOUS_COMMITMENT,Optimal,1,3.4408563000,1,0.0000000000,7732.9698709036,8325.4474395037,83551.7354205534,58842.6061067806,64588.0928175590,0.0000000000,0.0000000000,0.0000000000,0.0000000000,0,238.2004370821,1051.4968066232,59894.1029134038,13,34344.2275848869,7756.3732315889,1200.0000000000,10800.0000000000,2832.6880042000
2025-08-04,S0,SEQUENTIAL_PREVIOUS_COMMITMENT,Optimal,1,4.1913035000,1,0.0000000000,8325.4474395037,8336.6117952751,82242.9030777054,58589.7654008644,63464.0336069639,0.0000000000,0.0000000000,0.0000000000,0.0000000000,0,362.3523571955,1445.7287012087,60035.4941020731,12,36002.5883237367,7717.8102096700,1200.0000000000,10800.0000000000,2832.6880042000
2025-08-05,S0,SEQUENTIAL_PREVIOUS_COMMITMENT,Optimal,1,3.7028222000,1,0.0000000000,8336.6117952751,8766.8385064550,82356.0824553365,58957.5763693331,64996.5479068699,0.0000000000,0.0000000000,0.0000000000,0.0000000000,0,166.1416718442,700.8964252065,59658.4727945396,9,36906.8071892053,7400.1315413044,1200.0000000000,10800.0000000000,2832.6880042000
2025-08-06,S0,SEQUENTIAL_PREVIOUS_COMMITMENT,Optimal,1,4.1844519000,1,0.0000000000,8766.8385064550,10594.9065922955,84472.4083951235,61438.0765127026,67401.7775354248,0.0000000000,0.0000000000,0.0000000000,0.0000000000,0,452.4414136388,1930.2768238468,63368.3533365494,15,38120.8970086949,7749.6159460524,1200.0000000000,10800.0000000000,2832.6880042000
2025-08-07,S0,SEQUENTIAL_PREVIOUS_COMMITMENT,Optimal,1,4.6384483000,1,0.0000000000,10594.9065922955,7749.8471530546,75494.3938352140,54556.2493152417,58766.7131987351,0.0000000000,0.0000000000,0.0000000000,0.0000000000,0,684.1893945098,2236.6786606681,56792.9279759097,27,36399.2118663530,7422.5325118827,1200.0000000000,10800.0000000000,2832.6880042000
2025-08-08,S0,SEQUENTIAL_PREVIOUS_COMMITMENT,Optimal,1,3.8252421000,1,0.0000000000,7749.8471530546,5263.1941519141,41609.7725702598,23339.4454946784,26367.8851746834,0.0000000000,0.0000000000,0.0000000000,0.0000000000,0,221.8975970720,770.6934680276,24110.1389627060,12,35208.0716633582,5360.2267319939,1200.0000000000,10800.0000000000,2832.6880042000
2025-08-09,S0,SEQUENTIAL_PREVIOUS_COMMITMENT,Optimal,1,3.1612926000,1,0.0000000000,5263.1941519141,7200.0000000000,44903.7072422845,24727.4771486366,27413.7534792762,0.0000000000,0.0000000000,0.0000000000,0.0000000000,0,420.4720379764,1337.5897636357,26065.0669122722,20,36478.1740073821,5217.3921876241,1200.0000000000,10800.0000000000,2832.6880042000
2025-08-10,S0,SEQUENTIAL_PREVIOUS_COMMITMENT,Optimal,1,7.3329551000,1,0.0000000000,7200.0000000000,8318.7962790040,78960.7703807881,57886.7816862290,62515.6508319883,0.0000000000,0.0000000000,0.0000000000,0.0000000000,0,331.6854407227,1217.1692907113,59103.9509769403,16,35179.0774191031,7368.2141225005,1200.0000000000,10800.0000000000,2832.6880042000
2025-08-11,S0,SEQUENTIAL_PREVIOUS_COMMITMENT,Optimal,1,4.2064697000,1,0.0000000000,8318.7962790040,7727.0476696618,76611.0845742140,54189.6873475367,57728.1059239265,0.0000000000,0.0000000000,0.0000000000,0.0000000000,0,744.2088004505,3232.9296545439,57422.6170020807,24,40630.9182722116,7024.4479640048,1200.0000000000,10800.0000000000,2832.6880042000
2025-08-12,S0,SEQUENTIAL_PREVIOUS_COMMITMENT,Optimal,1,4.8015344000,1,0.0000000000,7727.0476696618,7849.2823228216,76205.4052994928,55316.3551225520,59735.9760492701,0.0000000000,0.0000000000,0.0000000000,0.0000000000,0,1332.6531387316,6403.9109901970,61720.2661127490,43,32928.0488929452,7626.3289254856,1200.0000000000,10800.0000000000,2832.6880042000
2025-08-13,S0,SEQUENTIAL_PREVIOUS_COMMITMENT,Optimal,1,8.6112879000,1,0.0000000000,7849.2823228216,7715.1590302695,75902.4606768542,54530.3587189604,58282.3217960215,0.0000000000,0.0000000000,0.0000000000,0.0000000000,0,874.8191215867,3591.2444225102,58121.6031414707,31,34583.1985073162,7350.8775700935,1200.0000000000,10800.0000000000,2832.6880042000
2025-08-14,S0,SEQUENTIAL_PREVIOUS_COMMITMENT,Optimal,1,5.2163158000,1,0.0000000000,7715.1590302695,8414.2470875965,77514.3377671364,55787.3034373834,60509.2930310295,0.0000000000,0.0000000000,0.0000000000,0.0000000000,0,913.7938880369,4883.9768646924,60671.2803020759,32,38012.1839684822,7220.7999974182,1200.0000000000,10800.0000000000,2832.6880042000
2025-08-15,S0,SEQUENTIAL_PREVIOUS_COMMITMENT,Optimal,1,5.9715484000,1,0.0000000000,8414.2470875965,4950.0000000000,38447.7791519944,22291.1585649683,24889.7076556803,0.0000000000,0.0000000000,0.0000000000,0.0000000000,0,479.1110630298,1469.0999364645,23760.2585014328,24,29489.5273854670,5798.7446929958,1200.0000000000,10800.0000000000,2832.6880042000
2025-08-16,S0,SEQUENTIAL_PREVIOUS_COMMITMENT,Optimal,1,3.9487271000,1,0.0000000000,4950.0000000000,7871.7391677012,44950.1603950064,24676.3564775988,26497.4543420935,0.0000000000,0.0000000000,0.0000000000,0.0000000000,0,449.8111170105,1828.4880257105,26504.8445033094,22,34187.4954750861,5222.4690069341,1200.0000000000,10800.0000000000,2832.6880042000
2025-08-17,S0,SEQUENTIAL_PREVIOUS_COMMITMENT,Optimal,1,5.6187949000,1,0.0000000000,7871.7391677012,7831.9808685608,76321.2114648890,54527.1653854879,58644.8342215014,0.0000000000,0.0000000000,0.0000000000,0.0000000000,0,651.1433888080,3000.0215781995,57527.1869636874,29,36912.5926850499,7115.2166642670,1200.0000000000,10800.0000000000,2832.6880042000
2025-08-18,S0,SEQUENTIAL_PREVIOUS_COMMITMENT,Optimal,1,5.1973254000,1,0.0000000000,7831.9808685608,7745.8873880971,76941.5339819923,55200.7988712393,59732.2259729672,0.0000000000,0.0000000000,0.0000000000,0.0000000000,0,662.3311652582,3181.5432144578,58382.3420856971,26,37392.0842369665,7068.7995454164,1200.0000000000,10800.0000000000,2832.6880042000
2025-08-19,S0,SEQUENTIAL_PREVIOUS_COMMITMENT,Optimal,1,8.3016114000,1,0.0000000000,7745.8873880971,7987.6113791688,76685.5936019360,55663.5094478612,60566.4995189981,0.0000000000,0.0000000000,0.0000000000,0.0000000000,0,507.5476129266,2301.8813637324,57965.3908115935,20,33115.1224262205,7436.4430241966,1200.0000000000,10800.0000000000,2832.6880042000
2025-08-20,S0,SEQUENTIAL_PREVIOUS_COMMITMENT,Optimal,1,3.6996293000,1,0.0000000000,7987.6113791688,7870.7792141142,76640.4025121380,55800.6166390778,60858.2895946481,0.0000000000,0.0000000000,0.0000000000,0.0000000000,0,2499.6407824240,11622.7673587736,67423.3839978513,59,40001.7128930280,7132.9847059258,1200.0000000000,10800.0000000000,2832.6880042000
2025-08-21,S0,SEQUENTIAL_PREVIOUS_COMMITMENT,Optimal,1,7.1323161000,1,0.0000000000,7870.7792141142,7868.6924220711,76974.5263854142,55634.5674664354,60079.9967410909,0.0000000000,0.0000000000,0.0000000000,0.0000000000,0,566.4234371681,2219.2420715964,57853.8095380317,18,33060.8226307080,7592.7825819366,1200.0000000000,10800.0000000000,2832.6880042000
2025-08-22,S0,SEQUENTIAL_PREVIOUS_COMMITMENT,Optimal,1,1.0435878000,1,0.0000000000,7868.6924220711,7734.6163601995,42255.8919356680,23500.7974962552,25520.8864869580,0.0000000000,0.0000000000,0.0000000000,0.0000000000,0,946.9354389278,3452.9462922363,26953.7437884915,38,36226.9833773354,5481.7330390939,1219.6477397280,10800.0000000000,2832.6880042000
2025-08-23,S0,SEQUENTIAL_PREVIOUS_COMMITMENT,Optimal,1,1.6523527000,1,0.0000000000,7734.6163601995,7745.6162755475,43088.0420006602,23462.5128984469,25275.0842283907,0.0000000000,0.0000000000,0.0000000000,0.0000000000,0,415.2183638650,1264.1092034790,24726.6221019259,19,38457.8333364952,5486.9812936196,1200.0000000000,10800.0000000000,2832.6880042000
2025-08-24,S0,SEQUENTIAL_PREVIOUS_COMMITMENT,Optimal,1,8.6676394000,1,0.0000000000,7745.6162755475,7787.6943866476,76531.7261039787,55285.9167828705,59471.8790539464,0.0000000000,0.0000000000,0.0000000000,0.0000000000,0,700.1450706995,3058.8128765252,58344.7296593956,30,37047.5149518904,7203.8475021595,1200.0000000000,10800.0000000000,2832.6880042000
2025-08-25,S0,SEQUENTIAL_PREVIOUS_COMMITMENT,Optimal,1,3.9322113000,1,0.0000000000,7787.6943866476,8428.1311247851,81719.1421363556,58750.3651258417,63696.7045072118,0.0000000000,0.0000000000,0.0000000000,0.0000000000,0,854.9726327046,3656.0767737445,62406.4418995862,24,38257.3741058202,7259.2645699667,1200.0000000000,10800.0000000000,2832.6880042000
2025-08-26,S0,SEQUENTIAL_PREVIOUS_COMMITMENT,Optimal,1,5.7164094000,1,0.0000000000,8428.1311247851,8088.2082083706,77254.3133695416,54979.9460697211,58550.7256964093,0.0000000000,0.0000000000,0.0000000000,0.0000000000,0,647.6547970624,3046.8390053072,58026.7850750283,22,40887.7210610259,7252.7011146872,1200.0000000000,10800.0000000000,2832.6880042000
2025-08-27,S0,SEQUENTIAL_PREVIOUS_COMMITMENT,Optimal,1,4.4619710000,1,0.0000000000,8088.2082083706,8248.3584175876,80708.2897056325,57479.7479919611,62616.9197967114,0.0000000000,0.0000000000,0.0000000000,0.0000000000,0,343.5730441514,1415.2103197786,58894.9583117397,17,42414.8049810887,7274.8282594920,1200.0000000000,10800.0000000000,2832.6880042000
2025-08-28,S0,SEQUENTIAL_PREVIOUS_COMMITMENT,Optimal,1,4.3492072000,1,0.0000000000,8248.3584175876,8102.2420552306,78625.8514600965,56476.7404151743,61404.1969050826,0.0000000000,0.0000000000,0.0000000000,0.0000000000,0,2294.8616142771,11046.1712294114,67522.9116445858,37,37242.8020310134,7306.0451999241,1200.0000000000,10800.0000000000,2832.6880042000
2025-08-29,S0,SEQUENTIAL_PREVIOUS_COMMITMENT,Optimal,1,3.9229367000,1,0.0000000000,8102.2420552306,8354.4195339465,45462.1542328049,25629.6286495208,28617.3439786174,0.0000000000,0.0000000000,0.0000000000,0.0000000000,0,360.1528908809,1553.9403348351,27183.5689843559,12,36126.9526967575,5801.4468110425,1235.3894650608,10800.0000000000,2832.6880042000
2025-08-30,S0,SEQUENTIAL_PREVIOUS_COMMITMENT,Optimal,1,6.8780899000,1,0.0000000000,8354.4195339465,7962.8609114583,43206.9493351142,24480.8747393795,26860.3340327833,0.0000000000,0.0000000000,0.0000000000,0.0000000000,0,303.1066861735,1036.3777407376,25517.2524801171,22,31633.0151368557,6222.1927619498,1212.8609114583,10800.0000000000,2832.6880042000
2025-08-31,S0,SEQUENTIAL_PREVIOUS_COMMITMENT,Optimal,1,5.9483035000,1,0.0000000000,7962.8609114583,7847.0803228456,78798.4013389291,56105.9235070644,61268.0948355556,0.0000000000,0.0000000000,0.0000000000,0.0000000000,0,540.2279527161,2307.1165364900,58413.0400435544,19,38971.5482906215,7100.0036419792,1200.0000000000,10800.0000000000,2832.6880042000
2025-09-01,S0,SEQUENTIAL_PREVIOUS_COMMITMENT,Optimal,1,4.2508129000,1,0.0000000000,7847.0803228456,7952.9559512389,79293.4766580537,50550.1634411127,54610.1102572892,0.0000000000,0.0000000000,0.0000000000,0.0000000000,0,0.0000000000,0.0000000000,50550.1634411127,0,32145.2344738208,7444.5749775359,1446.1139830729,10800.0000000000,2832.6880042000
2025-09-02,S0,SEQUENTIAL_PREVIOUS_COMMITMENT,Optimal,1,3.6110433000,1,0.0000000000,7952.9559512389,8310.0150695461,78416.4401256669,49819.7117158171,54289.4126225050,0.0000000000,0.0000000000,0.0000000000,0.0000000000,0,87.3955511443,305.2438041129,50124.9555199300,4,36161.3427723255,7300.8243121968,1315.3557452257,10800.0000000000,2832.6880042000
2025-09-03,S0,SEQUENTIAL_PREVIOUS_COMMITMENT,Optimal,1,3.7254666000,1,0.0000000000,8310.0150695461,7932.4556943376,77512.8143763168,50712.7808217665,54463.1633853037,0.0000000000,0.0000000000,0.0000000000,0.0000000000,0,11.3610092725,50.5962547952,50763.3770765617,1,34570.4891354872,7374.9222818255,1289.5392954282,10800.0000000000,2832.6880042000
2025-09-04,S0,SEQUENTIAL_PREVIOUS_COMMITMENT,Optimal,1,3.7349355000,1,0.0000000000,7932.4556943376,8175.0719245584,78711.1608484286,50457.8875728509,54206.3564391703,0.0000000000,0.0000000000,0.0000000000,0.0000000000,0,6.9088706110,16.3660064948,50474.2535793457,2,38273.5074126448,7474.1224442707,1334.7850334201,10800.0000000000,2832.6880042000
2025-09-05,S0,SEQUENTIAL_PREVIOUS_COMMITMENT,Optimal,1,2.6774163000,1,0.0000000000,8175.0719245584,8695.8992546428,43300.9270159907,21012.1322716572,23165.2413319725,0.0000000000,0.0000000000,0.0000000000,0.0000000000,0,0.0000000000,0.0000000000,21012.1322716572,0,31374.0113442181,6394.6018963511,1481.6622447917,10800.0000000000,2832.6880042000
2025-09-06,S0,SEQUENTIAL_PREVIOUS_COMMITMENT,Optimal,1,3.3701035000,1,0.0000000000,8695.8992546428,8046.3313353859,42602.4259017624,20577.3717045131,22329.0772050762,0.0000000000,0.0000000000,0.0000000000,0.0000000000,0,126.7942941968,444.1868346550,21021.5585391682,6,35232.7392857177,6465.5293132090,1483.1673451091,10800.0000000000,2832.6880042000
2025-09-07,S0,SEQUENTIAL_PREVIOUS_COMMITMENT,Optimal,1,5.3214293000,1,0.0000000000,8046.3313353859,7933.8101048120,75004.5442477729,48342.0853881502,52153.1043829073,0.0000000000,0.0000000000,0.0000000000,0.0000000000,0,252.5186535703,1195.2508556444,49537.3362437946,9,36347.3426309551,7516.5803104647,1477.4531050347,10800.0000000000,2832.6880042000
2025-09-08,S0,SEQUENTIAL_PREVIOUS_COMMITMENT,Optimal,1,4.8441226000,1,0.0000000000,7933.8101048120,7531.8595100895,63774.9356425545,40144.4552878316,43119.9340335272,0.0000000000,0.0000000000,0.0000000000,0.0000000000,0,2469.5098163729,10453.5366235242,50597.9919113558,46,36507.6374807522,7090.0072621689,1200.0000000000,10800.0000000000,2832.6880042000
2025-09-09,S0,SEQUENTIAL_PREVIOUS_COMMITMENT,Optimal,1,5.5832491000,1,0.0000000000,7531.8595100895,7825.9381115537,66008.3751070703,41602.7092705813,45705.4478862635,0.0000000000,0.0000000000,0.0000000000,0.0000000000,0,688.5420301668,3010.0567334071,44612.7660039884,23,35787.2611267110,7262.3265409171,1200.0000000000,10800.0000000000,2832.6880042000
2025-09-10,S0,SEQUENTIAL_PREVIOUS_COMMITMENT,Optimal,1,4.5871146000,1,0.0000000000,7825.9381115537,7764.1437648563,67268.5595173912,42903.2069079165,47449.3225499774,0.0000000000,0.0000000000,0.0000000000,0.0000000000,0,2243.4637492316,9847.1244669001,52750.3313748166,56,41039.8308929932,6894.1848099328,1200.0000000000,10800.0000000000,2832.6880042000
2025-09-11,S0,SEQUENTIAL_PREVIOUS_COMMITMENT,Optimal,1,5.3112969000,1,0.0000000000,7764.1437648563,8424.5247594237,68423.6365496831,42701.4760462418,46764.4499953222,0.0000000000,0.0000000000,0.0000000000,0.0000000000,0,464.7381791866,2207.1465683920,44908.6226146338,16,38450.1256400006,7054.6994807387,1200.0000000000,10800.0000000000,2832.6880042000
2025-09-12,S0,SEQUENTIAL_PREVIOUS_COMMITMENT,Optimal,1,2.7548876000,1,0.0000000000,8424.5247594237,7854.2504935472,34099.5470656675,15562.1771318076,18125.9518387559,0.0000000000,0.0000000000,0.0000000000,0.0000000000,0,401.0994448804,1296.5740879229,16858.7512197306,21,34208.9347888598,6003.0052992775,1227.2430347222,10800.0000000000,2832.6880042000
2025-09-13,S0,SEQUENTIAL_PREVIOUS_COMMITMENT,Optimal,1,3.0466028000,1,0.0000000000,7854.2504935472,7983.8656783436,34731.9739230629,15729.9438196893,17617.5324312150,0.0000000000,0.0000000000,0.0000000000,0.0000000000,0,652.2130204800,2095.5103445426,17825.4541642319,20,35287.5787393180,6089.5815447132,1200.0000000000,10800.0000000000,2832.6880042000
2025-09-14,S0,SEQUENTIAL_PREVIOUS_COMMITMENT,Optimal,1,3.3387921000,1,0.0000000000,7983.8656783436,7826.5726853656,67495.2124655505,43051.1601536080,47455.3354703359,0.0000000000,0.0000000000,0.0000000000,0.0000000000,0,1137.5178228893,4036.9728297254,47088.1329833334,37,37203.4797063195,7079.2806383444,1200.0000000000,10800.0000000000,2832.6880042000
2025-09-15,S0,SEQUENTIAL_PREVIOUS_COMMITMENT,Optimal,1,4.7775626000,1,0.0000000000,7826.5726853656,7731.2645065437,66475.5961787453,42303.6210030400,46112.9182099057,0.0000000000,0.0000000000,0.0000000000,0.0000000000,0,528.5034557823,2237.5475267307,44541.1685297706,30,38046.0136827789,6825.2642524532,1200.0000000000,10800.0000000000,2832.6880042000
2025-09-16,S0,SEQUENTIAL_PREVIOUS_COMMITMENT,Optimal,1,8.6782428000,1,0.0000000000,7731.2645065437,7703.6018923165,68172.2090259040,43942.9830495396,47882.6689855943,0.0000000000,0.0000000000,0.0000000000,0.0000000000,0,928.1814788911,3021.4802658300,46964.4633153696,35,40028.2724089537,7200.5099570874,1200.0000000000,10800.0000000000,2832.6880042000
2025-09-17,S0,SEQUENTIAL_PREVIOUS_COMMITMENT,Optimal,1,3.8826316000,1,0.0000000000,7703.6018923165,8284.5649247401,69629.2325868747,44284.4071814195,48235.3183129347,0.0000000000,0.0000000000,0.0000000000,0.0000000000,0,719.0179491527,2649.2612596146,46933.6684410340,32,40401.4992735090,6934.2114494574,1200.0000000000,10800.0000000000,2832.6880042000
2025-09-18,S0,SEQUENTIAL_PREVIOUS_COMMITMENT,Optimal,1,4.4756611000,1,0.0000000000,8284.5649247401,7658.0159527870,66253.8307712056,42058.0502373814,45829.9650826851,0.0000000000,0.0000000000,0.0000000000,0.0000000000,0,920.5170255466,3943.1131971324,46001.1634345138,31,38805.6739030868,7343.2585914677,1200.0000000000,10800.0000000000,2832.6880042000
2025-09-19,S0,SEQUENTIAL_PREVIOUS_COMMITMENT,Optimal,1,5.5953940000,1,0.0000000000,7658.0159527870,8095.6106840646,35630.0023373521,16100.2402343991,18252.7954683210,0.0000000000,0.0000000000,0.0000000000,0.0000000000,0,553.9371118447,1540.1804578395,17640.4206922385,26,35026.0407761540,6026.3241023198,1200.7555338542,10800.0000000000,2832.6880042000
2025-09-20,S0,SEQUENTIAL_PREVIOUS_COMMITMENT,Optimal,1,3.2506448000,1,0.0000000000,8095.6106840646,7713.3938571879,34422.5413863472,15641.4131551110,16943.2966885976,0.0000000000,0.0000000000,0.0000000000,0.0000000000,0,839.7808991955,3042.7022086568,18684.1153637677,31,36079.1379479326,6017.4580019489,1200.0000000000,10800.0000000000,2832.6880042000
2025-09-21,S0,SEQUENTIAL_PREVIOUS_COMMITMENT,Optimal,1,5.4226021000,1,0.0000000000,7713.3938571879,8194.6594564608,70739.1214303118,45361.0028420814,49536.6089687064,0.0000000000,0.0000000000,0.0000000000,0.0000000000,0,420.2709777639,1731.9472561078,47092.9500981892,26,35662.2889256630,7344.2459107353,1200.0000000000,10800.0000000000,2832.6880042000
2025-09-22,S0,SEQUENTIAL_PREVIOUS_COMMITMENT,Optimal,1,3.0427976000,1,0.0000000000,8194.6594564608,7699.0228429835,68613.8669556062,44678.6411287935,48480.1811673067,0.0000000000,0.0000000000,0.0000000000,0.0000000000,0,1016.7612522436,4233.1246593073,48911.7657881008,39,36408.5153072229,7218.1852447339,1200.0000000000,10800.0000000000,2832.6880042000
2025-09-23,S0,SEQUENTIAL_PREVIOUS_COMMITMENT,Optimal,1,6.5508220000,1,0.0000000000,7699.0228429835,7780.5954752634,71081.3895114426,45481.1126966244,48678.5027098960,0.0000000000,0.0000000000,0.0000000000,0.0000000000,0,1046.1872773421,4987.9375441868,50469.0502408111,34,37070.3084297873,6898.6396608789,1200.0000000000,10800.0000000000,2832.6880042000
2025-09-24,S0,SEQUENTIAL_PREVIOUS_COMMITMENT,Optimal,1,6.0914214000,1,0.0000000000,7780.5954752634,8235.3258698018,71017.2707671746,45627.2641822870,50009.8870181402,0.0000000000,0.0000000000,0.0000000000,0.0000000000,0,704.4026912850,2375.9018864180,48003.1660687049,31,38724.8276135633,7244.3752071428,1200.0000000000,10800.0000000000,2832.6880042000
2025-09-25,S0,SEQUENTIAL_PREVIOUS_COMMITMENT,Optimal,1,4.0813605000,1,0.0000000000,8235.3258698018,8314.8449834019,71840.6688496603,46394.3648952851,51088.6172191875,0.0000000000,0.0000000000,0.0000000000,0.0000000000,0,418.7529581666,1752.1173108574,48146.4822061425,22,37867.4925838869,7337.7808962440,1200.0000000000,10800.0000000000,2832.6880042000
2025-09-26,S0,SEQUENTIAL_PREVIOUS_COMMITMENT,Optimal,1,5.5180713000,1,0.0000000000,8314.8449834019,8265.8296206429,36481.7904178471,16741.4757142466,19162.2150798877,0.0000000000,0.0000000000,0.0000000000,0.0000000000,0,217.5995048078,659.9470692092,17401.4227834558,13,37704.5173514823,6472.1039416833,1200.0000000000,10800.0000000000,2832.6880042000
2025-09-27,S0,SEQUENTIAL_PREVIOUS_COMMITMENT,Optimal,1,4.6009290000,1,0.0000000000,8265.8296206429,8140.6030535114,35736.9942240658,16592.7174442358,18354.9716820266,0.0000000000,0.0000000000,0.0000000000,0.0000000000,0,1002.8194063415,3338.3201089964,19931.0375532322,33,35232.3449075564,6267.7586303470,1233.1729080584,10800.0000000000,2832.6880042000
2025-09-28,S0,SEQUENTIAL_PREVIOUS_COMMITMENT,Optimal,1,5.8602842000,1,0.0000000000,8140.6030535114,8204.0343869096,71534.8181447051,46786.7239581995,50782.4474731485,0.0000000000,0.0000000000,0.0000000000,0.0000000000,0,643.5305244139,2607.2500908614,49393.9740490608,33,38581.9730415834,7256.7657131111,1200.0000000000,10800.0000000000,2832.6880042000
2025-09-29,S0,SEQUENTIAL_PREVIOUS_COMMITMENT,Optimal,1,3.3941687000,1,0.0000000000,8204.0343869096,8197.0454443496,73353.4334479262,47708.7166778609,52352.5788088516,0.0000000000,0.0000000000,0.0000000000,0.0000000000,0,475.7427111022,1946.3515078477,49655.0681857086,26,37747.1962226386,7259.5696741996,1200.0000000000,10800.0000000000,2832.6880042000
2025-09-30,S0,SEQUENTIAL_PREVIOUS_COMMITMENT,Optimal,1,5.2845981000,1,0.0000000000,8197.0454443496,8106.6683429960,73359.9589474653,47520.7931848953,52317.1496927822,0.0000000000,0.0000000000,0.0000000000,0.0000000000,0,1041.6957843842,4685.8872159363,52206.6804008316,48,43399.8470555444,7237.6991701005,1200.0000000000,10800.0000000000,2832.6880042000
2025-10-01,S0,SEQUENTIAL_PREVIOUS_COMMITMENT,Optimal,1,7.0036334000,1,0.0000000000,8106.6683429960,8454.6876131999,72931.5390176337,44443.7387775654,48900.0375111210,0.0000000000,0.0000000000,0.0000000000,0.0000000000,0,38.7127520612,98.9066092725,44542.6453868379,5,36616.4832890608,7636.4130740319,1228.8212678675,10800.0000000000,2832.6880042000
2025-10-02,S0,SEQUENTIAL_PREVIOUS_COMMITMENT,Optimal,1,6.6230587000,1,0.0000000000,8454.6876131999,8386.5905281234,72429.7978649619,44835.2429243643,48755.5137535459,0.0000000000,0.0000000000,0.0000000000,0.0000000000,0,124.7762050029,326.0627034971,45161.3056278614,10,35608.5638997664,7559.1223085235,1296.8243127894,10800.0000000000,2832.6880042000
2025-10-03,S0,SEQUENTIAL_PREVIOUS_COMMITMENT,Optimal,1,3.5603517000,1,0.0000000000,8386.5905281234,8092.5181693639,35314.3415061087,15269.3304140901,16758.4148216709,0.0000000000,0.0000000000,0.0000000000,0.0000000000,0,138.4054134716,299.3286500148,15568.6590641049,9,36452.3102502276,6770.2738243656,1284.5886273872,10800.0000000000,2832.6880042000
2025-10-04,S0,SEQUENTIAL_PREVIOUS_COMMITMENT,Optimal,1,3.5911336000,1,0.0000000000,8092.5181693639,7962.4288387676,36861.8451711711,16506.1415001406,18206.4097947101,0.0000000000,0.0000000000,0.0000000000,0.0000000000,0,137.3594267700,465.8873914592,16972.0288915998,7,36287.2176345656,6503.7977655446,1209.3960730613,10800.0000000000,2832.6880042000
2025-10-05,S0,SEQUENTIAL_PREVIOUS_COMMITMENT,Optimal,1,4.5434426000,1,0.0000000000,7962.4288387676,8109.3163343946,72034.9399100059,44878.5154836794,49610.9612799024,0.0000000000,0.0000000000,0.0000000000,0.0000000000,0,91.1153899332,207.1456117399,45085.6610954193,6,35339.6344114606,7538.0136741482,1200.0000000000,10800.0000000000,2832.6880042000
2025-10-06,S0,SEQUENTIAL_PREVIOUS_COMMITMENT,Optimal,1,5.1948852000,1,0.0000000000,8109.3163343946,7782.2754707730,68762.8822390900,44121.6186927733,48820.6366015199,0.0000000000,0.0000000000,0.0000000000,0.0000000000,0,453.4299187299,1211.3513067392,45332.9699995125,18,36857.3426926334,7378.5903967751,1203.8903302951,10800.0000000000,2832.6880042000
2025-10-07,S0,SEQUENTIAL_PREVIOUS_COMMITMENT,Optimal,1,5.4816977000,1,0.0000000000,7782.2754707730,7758.6006937971,68773.8631773467,43056.8135223276,45824.0395003866,0.0000000000,0.0000000000,0.0000000000,0.0000000000,0,362.0642406968,1368.6646600857,44425.4781824133,28,40332.6087486287,7061.7711578906,1221.9261616030,10800.0000000000,2832.6880042000
2025-10-08,S0,SEQUENTIAL_PREVIOUS_COMMITMENT,Optimal,1,6.1615476000,1,0.0000000000,7758.6006937971,7781.3295555426,65058.6834920688,40224.0975368180,44597.6288530948,0.0000000000,0.0000000000,0.0000000000,0.0000000000,0,926.2831575875,3315.7767429057,43539.8742797236,32,37763.6277085456,7163.1203195425,1200.0000000000,10800.0000000000,2832.6880042000
2025-10-09,S0,SEQUENTIAL_PREVIOUS_COMMITMENT,Optimal,1,5.2728544000,1,0.0000000000,7781.3295555426,7755.1703445411,66435.5486343453,40587.0124227184,44688.0254055697,0.0000000000,0.0000000000,0.0000000000,0.0000000000,0,384.9426653530,1768.2827174204,42355.2951401388,22,37209.2868109944,7175.5848697737,1200.0000000000,10800.0000000000,2832.6880042000
2025-10-10,S0,SEQUENTIAL_PREVIOUS_COMMITMENT,Optimal,1,3.7267692000,1,0.0000000000,7755.1703445411,7766.5277695422,32243.3887026108,13333.0562511319,14556.0806373790,0.0000000000,0.0000000000,0.0000000000,0.0000000000,0,739.2136405781,2102.9158118673,15435.9720629992,36,35215.9067460607,6146.1883237865,1200.0000000000,10800.0000000000,2832.6880042000
2025-10-11,S0,SEQUENTIAL_PREVIOUS_COMMITMENT,Optimal,1,4.8574622000,1,0.0000000000,7766.5277695422,8573.9674992594,34982.2339390206,15005.1855716229,17157.1824989966,0.0000000000,0.0000000000,0.0000000000,0.0000000000,0,197.0557862175,772.8353585099,15778.0209301328,15,35437.3685070805,6380.7415873551,1200.0000000000,10800.0000000000,2832.6880042000
2025-10-12,S0,SEQUENTIAL_PREVIOUS_COMMITMENT,Optimal,1,4.3616711000,1,0.0000000000,8573.9674992594,8714.5169433920,69582.6917831257,43057.7483757244,47884.8915338010,0.0000000000,0.0000000000,0.0000000000,0.0000000000,0,354.1876962543,1237.2948997415,44295.0432754659,12,38336.2543885171,7431.6707558352,1200.0000000000,10800.0000000000,2832.6880042000
2025-10-13,S0,SEQUENTIAL_PREVIOUS_COMMITMENT,Optimal,1,4.2101041000,1,0.0000000000,8714.5169433920,7929.3251850353,68109.4632417122,42267.4920470655,46857.9581582797,0.0000000000,0.0000000000,0.0000000000,0.0000000000,0,119.6607400683,416.3671111759,42683.8591582414,9,37230.1388066412,7292.4821896959,1200.0000000000,10800.0000000000,2832.6880042000
2025-10-14,S0,SEQUENTIAL_PREVIOUS_COMMITMENT,Optimal,1,4.3158261000,1,0.0000000000,7929.3251850353,7783.3143084655,67322.9227291633,41559.8320053875,44582.7071161948,0.0000000000,0.0000000000,0.0000000000,0.0000000000,0,983.2367687490,4053.5766484788,45613.4086538663,47,39509.5258055613,7033.5507190245,1200.0000000000,10800.0000000000,2832.6880042000
2025-10-15,S0,SEQUENTIAL_PREVIOUS_COMMITMENT,Optimal,1,5.3752576000,1,0.0000000000,7783.3143084655,7749.1520161117,67894.8873919004,41908.8693073177,45570.3046399820,0.0000000000,0.0000000000,0.0000000000,0.0000000000,0,1279.5140168665,5009.5468189494,46918.4161262672,44,42860.5358543227,7105.1070101679,1200.0000000000,10800.0000000000,2832.6880042000
2025-10-16,S0,SEQUENTIAL_PREVIOUS_COMMITMENT,Optimal,1,6.3117039000,1,0.0000000000,7749.1520161117,8179.1880303990,68903.4667292434,43211.4092022384,47578.0949061585,0.0000000000,0.0000000000,0.0000000000,0.0000000000,0,1955.6564028927,8734.4879861136,51945.8971883520,46,38912.7665061724,7105.0682405129,1200.0000000000,10800.0000000000,2832.6880042000
2025-10-17,S0,SEQUENTIAL_PREVIOUS_COMMITMENT,Optimal,1,3.5005244000,1,0.0000000000,8179.1880303990,8100.7564159563,34232.7610580618,14782.8061862915,16329.0316253653,0.0000000000,0.0000000000,0.0000000000,0.0000000000,0,165.4150323327,633.2937919315,15416.0999782230,15,34859.0705872780,6305.6299693870,1200.0000000000,10800.0000000000,2832.6880042000
2025-10-18,S0,SEQUENTIAL_PREVIOUS_COMMITMENT,Optimal,1,3.0027762000,1,0.0000000000,8100.7564159563,7764.8137873787,34278.0210303577,14741.8934341193,16370.8303000456,0.0000000000,0.0000000000,0.0000000000,0.0000000000,0,402.4485929882,1094.2106356747,15836.1040697940,21,38901.8637896943,6555.8155879758,1200.0000000000,10800.0000000000,2832.6880042000
2025-10-19,S0,SEQUENTIAL_PREVIOUS_COMMITMENT,Optimal,1,5.7233231000,1,0.0000000000,7764.8137873787,8371.4116075486,73500.1034992858,46668.4722291411,51958.3348089521,0.0000000000,0.0000000000,0.0000000000,0.0000000000,0,684.3797420998,2891.6625239982,49560.1347531393,29,39689.2534695042,7257.8951731289,1200.0000000000,10800.0000000000,2832.6880042000
2025-10-20,S0,SEQUENTIAL_PREVIOUS_COMMITMENT,Optimal,1,4.3071509000,1,0.0000000000,8371.4116075486,7999.0411283874,72220.0768816808,45975.6646600366,50069.5404646627,0.0000000000,0.0000000000,0.0000000000,0.0000000000,0,502.7936363225,2225.3318310393,48200.9964910759,28,38479.6833507039,7207.0991814199,1200.0000000000,10800.0000000000,2832.6880042000
2025-10-21,S0,SEQUENTIAL_PREVIOUS_COMMITMENT,Optimal,1,5.2248836000,1,0.0000000000,7999.0411283874,7801.0811046024,72664.3533546953,46422.7396182540,49990.2147102779,0.0000000000,0.0000000000,0.0000000000,0.0000000000,0,1021.9309958014,4003.7001946831,50426.4398129371,45,39399.2083512582,7178.6122238979,1200.0000000000,10800.0000000000,2832.6880042000
2025-10-22,S0,SEQUENTIAL_PREVIOUS_COMMITMENT,Optimal,1,6.2337208000,1,0.0000000000,7801.0811046024,8222.6231476361,73516.4001653124,46849.9321599407,50825.3247993876,0.0000000000,0.0000000000,0.0000000000,0.0000000000,0,1346.2098950183,6186.4648402535,53036.3970001943,41,39038.1511835370,7233.5445244156,1200.0000000000,10800.0000000000,2832.6880042000
2025-10-23,S0,SEQUENTIAL_PREVIOUS_COMMITMENT,Optimal,1,4.7557719000,1,0.0000000000,8222.6231476361,7459.8179073321,74043.1923833678,46641.5023077446,50596.8969518234,0.0000000000,0.0000000000,0.0000000000,0.0000000000,0,299.9367318893,1094.9452109366,47736.4475186812,15,39806.1473027486,7301.1400152104,1200.0000000000,10800.0000000000,2832.6880042000
2025-10-24,S0,SEQUENTIAL_PREVIOUS_COMMITMENT,Optimal,1,4.1898781000,1,0.0000000000,7459.8179073321,7583.2853710343,34536.0263961383,15228.1607528759,16876.7736212371,0.0000000000,0.0000000000,0.0000000000,0.0000000000,0,536.4031801664,1975.4014404874,17203.5621933633,26,33929.3152361677,5911.2425419630,1200.0000000000,10800.0000000000,2832.6880042000
2025-10-25,S0,SEQUENTIAL_PREVIOUS_COMMITMENT,Optimal,1,4.5927741000,1,0.0000000000,7583.2853710343,7770.7147573204,35142.0362395035,15244.1848931047,17211.5125196297,0.0000000000,0.0000000000,0.0000000000,0.0000000000,0,454.3238830495,1528.2103456387,16772.3952387434,27,34635.2350959469,6375.7490058602,1200.0000000000,10800.0000000000,2832.6880042000
2025-10-26,S0,SEQUENTIAL_PREVIOUS_COMMITMENT,Optimal,1,7.6812723000,1,0.0000000000,7770.7147573204,8209.0462347596,77404.6557658198,49725.7229136126,55581.5173893914,0.0000000000,0.0000000000,0.0000000000,0.0000000000,0,189.2796958436,646.9948003863,50372.7177139989,10,38683.6771922533,7440.3230743848,1200.0000000000,10800.0000000000,2832.6880042000
2025-10-27,S0,SEQUENTIAL_PREVIOUS_COMMITMENT,Optimal,1,7.3380838000,1,0.0000000000,8209.0462347596,7774.8540830226,73952.0551780071,46837.4397227569,50526.0068441940,0.0000000000,0.0000000000,0.0000000000,0.0000000000,0,571.0443549563,2477.8423922437,49315.2821150007,29,40327.9556423901,7279.2766232054,1200.0000000000,10800.0000000000,2832.6880042000
2025-10-28,S0,SEQUENTIAL_PREVIOUS_COMMITMENT,Optimal,1,4.1508373000,1,0.0000000000,7774.8540830226,8194.6593493322,76827.6687285549,49389.5306094776,53262.3255329278,0.0000000000,0.0000000000,0.0000000000,0.0000000000,0,227.4172131233,884.3520322575,50273.8826417351,17,41279.0371744456,7557.3399898440,1200.0000000000,10800.0000000000,2832.6880042000
2025-10-29,S0,SEQUENTIAL_PREVIOUS_COMMITMENT,Optimal,1,4.6809753000,1,0.0000000000,8194.6593493322,8161.0509441593,75614.0604245214,49407.5706916276,54397.7666592836,0.0000000000,0.0000000000,0.0000000000,0.0000000000,0,1176.5929284804,4422.0836212189,53829.6543128465,40,39793.9380029251,7371.4579304353,1200.0000000000,10800.0000000000,2832.6880042000
2025-10-30,S0,SEQUENTIAL_PREVIOUS_COMMITMENT,Optimal,1,5.0641585000,1,0.0000000000,8161.0509441593,7728.2517760728,74878.9736038987,48897.4455000924,53643.9853504410,0.0000000000,0.0000000000,0.0000000000,0.0000000000,0,318.1786509491,1243.3835835657,50140.8290836580,22,37433.7078413814,7466.1855460516,1200.0000000000,10800.0000000000,2832.6880042000
2025-10-31,S0,SEQUENTIAL_PREVIOUS_COMMITMENT,Optimal,1,4.5089150000,1,0.0000000000,7728.2517760728,7710.9790014393,36456.3485348229,16082.2594145908,18175.6319732484,0.0000000000,0.0000000000,0.0000000000,0.0000000000,0,272.5356844255,969.5165284176,17051.7759430084,18,36992.8289576755,6608.7053420618,1216.6030316840,10800.0000000000,2832.6880042000
2025-11-01,S0,SEQUENTIAL_PREVIOUS_COMMITMENT,Optimal,1,2.9157491000,1,0.0000000000,7710.9790014393,8110.3994768848,37307.8451144522,16225.7644431866,18900.1442307706,0.0000000000,0.0000000000,0.0000000000,0.0000000000,0,257.8019139199,628.5433725432,16854.3078157298,15,35730.7625008033,6571.3465445903,1208.7201498367,10800.0000000000,2832.6880042000
2025-11-02,S0,SEQUENTIAL_PREVIOUS_COMMITMENT,Optimal,1,4.4965698000,1,0.0000000000,8110.3994768848,7660.7654860320,75360.9598975724,49430.8369021769,53422.0563141564,0.0000000000,0.0000000000,0.0000000000,0.0000000000,0,747.1047231317,2891.3184868871,52322.1553890640,33,38778.3821003880,7509.4364965294,1200.0000000000,10800.0000000000,2832.6880042000
2025-11-03,S0,SEQUENTIAL_PREVIOUS_COMMITMENT,Optimal,1,6.8242531000,1,0.0000000000,7660.7654860320,7723.3035867858,77452.1972134654,50680.9780518843,54466.2981942543,0.0000000000,0.0000000000,0.0000000000,0.0000000000,0,799.2827394334,2640.2400661916,53321.2181180759,30,39569.7045018293,7227.9923186518,1200.0000000000,10800.0000000000,2832.6880042000
2025-11-04,S0,SEQUENTIAL_PREVIOUS_COMMITMENT,Optimal,1,6.9977104000,1,0.0000000000,7723.3035867858,8188.6718205868,79594.7765775751,52148.9142282029,56034.5731754540,0.0000000000,0.0000000000,0.0000000000,0.0000000000,0,336.9732622981,1336.6354628221,53485.5496910250,29,38446.4696966620,7729.0275606623,1200.0000000000,10800.0000000000,2832.6880042000
2025-11-05,S0,SEQUENTIAL_PREVIOUS_COMMITMENT,Optimal,1,4.9860821000,1,0.0000000000,8188.6718205868,8400.0962488494,79953.6361486213,53210.1004893051,58334.5825861044,0.0000000000,0.0000000000,0.0000000000,0.0000000000,0,299.1628646090,1061.3073043796,54271.4077936847,18,40290.7592007939,7314.0885700285,1200.0000000000,10800.0000000000,2832.6880042000
2025-11-06,S0,SEQUENTIAL_PREVIOUS_COMMITMENT,Optimal,1,6.9157380000,1,0.0000000000,8400.0962488494,8173.3861715959,78877.3867551571,52745.8895329043,57060.9102591697,0.0000000000,0.0000000000,0.0000000000,0.0000000000,0,1126.2907010324,5059.3383544047,57805.2278873090,41,41277.3548494999,7348.1847254760,1200.0000000000,10800.0000000000,2832.6880042000
2025-11-07,S0,SEQUENTIAL_PREVIOUS_COMMITMENT,Optimal,1,2.9898922000,1,0.0000000000,8173.3861715959,7836.9307939573,35936.4792977996,15873.2148202403,17577.7577902662,0.0000000000,0.0000000000,0.0000000000,0.0000000000,0,434.8850270254,1589.9904873706,17463.2053076110,30,34506.5045424415,6331.0692943044,1299.3298986639,10800.0000000000,2832.6880042000
2025-11-08,S0,SEQUENTIAL_PREVIOUS_COMMITMENT,Optimal,1,3.4793638000,1,0.0000000000,7836.9307939573,7705.1737324492,36084.3835027723,16090.5948764495,18191.7663469277,0.0000000000,0.0000000000,0.0000000000,0.0000000000,0,282.6326894632,991.8373170209,17082.4321934704,19,33539.2881716900,6377.6777072002,1200.0000000000,10800.0000000000,2832.6880042000
2025-11-09,S0,SEQUENTIAL_PREVIOUS_COMMITMENT,Optimal,1,3.9354663000,1,0.0000000000,7705.1737324492,8187.3415550404,80349.9256071955,53137.4354909866,56716.7155549727,0.0000000000,0.0000000000,0.0000000000,0.0000000000,0,987.5770208155,4369.4744148530,57506.9099058397,36,41787.9958598219,7526.9983267961,1200.0000000000,10800.0000000000,2832.6880042000
2025-11-10,S0,SEQUENTIAL_PREVIOUS_COMMITMENT,Optimal,1,5.7124998000,1,0.0000000000,8187.3415550404,8386.0842652677,80555.1677317238,53799.8662903490,58415.9445959926,0.0000000000,0.0000000000,0.0000000000,0.0000000000,0,1175.2392558667,5079.0553501001,58878.9216404491,44,43895.3817982848,7675.8322414900,1200.0000000000,10800.0000000000,2832.6880042000
2025-11-11,S0,SEQUENTIAL_PREVIOUS_COMMITMENT,Optimal,1,4.9837831000,1,0.0000000000,8386.0842652677,8252.9784904206,81316.6726166910,54483.2125843351,59603.6873540154,0.0000000000,0.0000000000,0.0000000000,0.0000000000,0,262.8529116049,1014.2209419786,55497.4335263137,20,40083.7643013809,7548.7644595138,1200.0000000000,10800.0000000000,2832.6880042000
2025-11-12,S0,SEQUENTIAL_PREVIOUS_COMMITMENT,Optimal,1,4.5487313000,1,0.0000000000,8252.9784904206,8017.4601196298,80703.8977425710,53698.1311684299,59346.4590297570,0.0000000000,0.0000000000,0.0000000000,0.0000000000,0,258.7335186224,1348.1492044776,55046.2803729075,23,39943.5174591642,7593.2693666277,1200.0000000000,10800.0000000000,2832.6880042000
2025-11-13,S0,SEQUENTIAL_PREVIOUS_COMMITMENT,Optimal,1,4.4494824000,1,0.0000000000,8017.4601196298,8260.0823715376,83000.0015280829,56527.4862069013,62827.6499512029,0.0000000000,0.0000000000,0.0000000000,0.0000000000,0,306.4625105458,1376.6249310025,57904.1111379037,24,38118.8659530182,7689.4549815938,1200.0000000000,10800.0000000000,2832.6880042000
2025-11-14,S0,SEQUENTIAL_PREVIOUS_COMMITMENT,Optimal,1,4.7333623000,1,0.0000000000,8260.0823715376,8230.1643571139,37823.3121787531,16989.4387570682,19253.1856254976,0.0000000000,0.0000000000,0.0000000000,0.0000000000,0,139.0602307374,449.9666495687,17439.4054066369,14,33159.6383159225,6589.9207829208,1200.0000000000,10800.0000000000,2832.6880042000
2025-11-15,S0,SEQUENTIAL_PREVIOUS_COMMITMENT,Optimal,1,8.4823831000,1,0.0000000000,8230.1643571139,8077.4090536149,39070.3965917149,17548.6195944895,20101.4725886180,0.0000000000,0.0000000000,0.0000000000,0.0000000000,0,264.3519326282,829.9969002399,18378.6164947293,21,36379.3773951597,6833.2926876909,1207.3226682581,10800.0000000000,2832.6880042000
2025-11-16,S0,SEQUENTIAL_PREVIOUS_COMMITMENT,Optimal,1,5.1045144000,1,0.0000000000,8077.4090536149,8106.4652064186,83066.7784302490,56379.1153708692,60791.1248166136,0.0000000000,0.0000000000,0.0000000000,0.0000000000,0,606.3867511838,2422.8810083383,58801.9963792075,30,40183.4453228857,7631.4612447082,1200.0000000000,10800.0000000000,2832.6880042000
2025-11-17,S0,SEQUENTIAL_PREVIOUS_COMMITMENT,Optimal,1,1.1174264000,1,0.0000000000,8106.4652064186,8519.2945735754,85096.8120345375,57499.4828883598,62340.9581340971,0.0000000000,0.0000000000,0.0000000000,0.0000000000,0,197.4570573424,646.0975547528,58145.5804431126,13,42872.9862720506,7713.8906627553,1200.0000000000,10800.0000000000,2832.6880042000
2025-11-18,S0,SEQUENTIAL_PREVIOUS_COMMITMENT,Optimal,1,1.5900435000,1,0.0000000000,8519.2945735754,8069.1665150406,82424.4429792162,56562.7965783906,61429.2208975864,0.0000000000,0.0000000000,0.0000000000,0.0000000000,0,642.2327025472,2473.6122199822,59036.4087983728,30,39353.7682950401,7355.9515776792,1200.0000000000,10800.0000000000,2832.6880042000
2025-11-19,S0,SEQUENTIAL_PREVIOUS_COMMITMENT,Optimal,1,1.1594895000,1,0.0000000000,8069.1665150406,7684.9760771983,82275.3083213552,56917.9695580693,62621.9951009989,0.0000000000,0.0000000000,0.0000000000,0.0000000000,0,975.8389247038,4705.5358427883,61623.5054008576,30,40021.2751622885,7234.9950977862,1200.0000000000,10800.0000000000,2832.6880042000
2025-11-20,S0,SEQUENTIAL_PREVIOUS_COMMITMENT,Optimal,1,1.2806728000,1,0.0000000000,7684.9760771983,8502.8228695662,85959.0436650966,58440.1382886120,63242.9386872350,0.0000000000,0.0000000000,0.0000000000,0.0000000000,0,403.4536603113,1676.4406446408,60116.5789332529,22,41683.2050163634,7676.3727270793,1200.0000000000,10800.0000000000,2832.6880042000
2025-11-21,S0,SEQUENTIAL_PREVIOUS_COMMITMENT,Optimal,1,4.5443702000,1,0.0000000000,8502.8228695662,7784.1388525199,38888.4606663509,17349.7007524390,19994.0899495005,0.0000000000,0.0000000000,0.0000000000,0.0000000000,0,306.8455857705,678.3080571493,18028.0088095883,20,36671.3121864585,6855.1978389944,1207.3132492766,10800.0000000000,2832.6880042000
2025-11-22,S0,SEQUENTIAL_PREVIOUS_COMMITMENT,Optimal,1,3.3317337000,1,0.0000000000,7784.1388525199,8613.9895272911,43864.5926362771,19091.2737613651,22465.0026842122,0.0000000000,0.0000000000,0.0000000000,0.0000000000,0,238.1542478512,825.4775943864,19916.7513557515,16,35571.2704721767,7206.7185527400,1215.6664889462,10800.0000000000,2832.6880042000
2025-11-23,S0,SEQUENTIAL_PREVIOUS_COMMITMENT,Optimal,1,5.4038501000,1,0.0000000000,8613.9895272911,8255.0213590001,85425.7950344874,59012.7295289027,64293.3995212957,0.0000000000,0.0000000000,0.0000000000,0.0000000000,0,601.0701345358,2862.5333518876,61875.2628807902,24,39763.9549027356,7898.3930426196,1200.0000000000,10800.0000000000,2832.6880042000
2025-11-24,S0,SEQUENTIAL_PREVIOUS_COMMITMENT,Optimal,1,4.6528031000,1,0.0000000000,8255.0213590001,7678.0808959615,82670.9279879752,56357.4563753628,60577.7301338429,0.0000000000,0.0000000000,0.0000000000,0.0000000000,0,561.0420863999,2354.9363059426,58712.3926813054,31,40849.2254170801,7631.7187495038,1200.0000000000,10800.0000000000,2832.6880042000
2025-11-25,S0,SEQUENTIAL_PREVIOUS_COMMITMENT,Optimal,1,3.4525751000,1,0.0000000000,7678.0808959615,8386.2620968875,87413.5910259277,59787.1874159308,64264.4904087312,0.0000000000,0.0000000000,0.0000000000,0.0000000000,0,316.5110484622,1005.6074073774,60792.7948233082,22,38941.2730901941,7896.4791941318,1200.0000000000,10800.0000000000,2832.6880042000
2025-11-26,S0,SEQUENTIAL_PREVIOUS_COMMITMENT,Optimal,1,1.3024630000,1,0.0000000000,8386.2620968875,7817.7578051253,84895.7289858286,58780.4018001431,62600.5290397463,0.0000000000,0.0000000000,0.0000000000,0.0000000000,0,393.4641013908,1759.8914074596,60540.2932076027,20,40904.3712221961,7808.7884133294,1200.0000000000,10800.0000000000,2832.6880042000
2025-11-27,S0,SEQUENTIAL_PREVIOUS_COMMITMENT,Optimal,1,1.5842740000,1,0.0000000000,7817.7578051253,8183.5095111833,85680.0977972443,59319.1385070165,63771.0843961007,0.0000000000,0.0000000000,0.0000000000,0.0000000000,0,332.4122416973,1473.8039623932,60792.9424694096,18,38191.6205842896,7752.4843547526,1200.0000000000,10800.0000000000,2832.6880042000
2025-11-28,S0,SEQUENTIAL_PREVIOUS_COMMITMENT,Optimal,1,5.5245249000,1,0.0000000000,8183.5095111833,8223.9885457666,41817.7738072703,18537.3493982960,21990.0348173495,0.0000000000,0.0000000000,0.0000000000,0.0000000000,0,239.7118437155,743.1949213786,19280.5443196747,16,33274.0342485042,7507.6497208660,1204.8139572483,10800.0000000000,2832.6880042000
2025-11-29,S0,SEQUENTIAL_PREVIOUS_COMMITMENT,Optimal,1,3.9220317000,1,0.0000000000,8223.9885457666,8200.1643061278,43711.9545326603,19198.3705849442,22821.7451159364,0.0000000000,0.0000000000,0.0000000000,0.0000000000,0,834.9247718243,2432.6351785836,21631.0057635278,19,37317.5190502101,7517.5748607163,1217.2211190683,10800.0000000000,2832.6880042000
2025-11-30,S0,SEQUENTIAL_PREVIOUS_COMMITMENT,Optimal,1,1.1624736000,1,0.0000000000,8200.1643061278,7867.4413526118,86642.7720914533,60559.5769611705,65305.4752056345,0.0000000000,0.0000000000,0.0000000000,0.0000000000,0,1073.2663960549,4889.1986827068,65448.7756438774,46,41733.5478968313,7980.0225089579,1200.0000000000,10800.0000000000,2832.6880042000
2025-12-01,S0,SEQUENTIAL_PREVIOUS_COMMITMENT,Optimal,1,0.8968544000,1,0.0000000000,7867.4413526118,7950.0000000000,88336.2242652987,65035.0109108058,69211.9264014394,0.0000000000,0.0000000000,0.0000000000,0.0000000000,0,4302.1616736019,19592.3905647601,84627.4014755659,90,43630.3960045012,7726.8405326166,1200.0000000000,10800.0000000000,2832.6880042000
2025-12-02,S0,SEQUENTIAL_PREVIOUS_COMMITMENT,Optimal,1,5.6577547000,1,0.0000000000,7950.0000000000,8723.6342832535,91193.8553960167,67548.0200887755,74127.9054795127,0.0000000000,0.0000000000,0.0000000000,0.0000000000,0,4569.6521886220,22701.8618906913,90249.8819794668,95,47011.1710483563,7984.3992755485,1200.0000000000,10800.0000000000,2832.6880042000
2025-12-03,S0,SEQUENTIAL_PREVIOUS_COMMITMENT,Optimal,1,0.9657492000,1,0.0000000000,8723.6342832535,7703.9917034613,87166.6923192421,65051.6950126440,69640.5992581235,0.0000000000,0.0000000000,0.0000000000,0.0000000000,0,4694.7516710222,19786.0604979081,84837.7555105522,97,44277.0036562065,7934.2994430545,1200.0000000000,10800.0000000000,2832.6880042000
2025-12-04,S0,SEQUENTIAL_PREVIOUS_COMMITMENT,Optimal,1,4.5478515000,1,0.0000000000,7703.9917034613,7643.0776556828,88872.4887714593,65591.1327839416,70055.8340103841,0.0000000000,0.0000000000,0.0000000000,0.0000000000,0,4500.1455938821,19995.9129860044,85587.0457699459,83,44147.9327330033,7940.9348365429,1200.0000000000,10800.0000000000,2832.6880042000
2025-12-05,S0,SEQUENTIAL_PREVIOUS_COMMITMENT,Optimal,1,4.7184217000,1,0.0000000000,7643.0776556828,8153.1390098264,45787.9352297773,21355.9626099619,24183.3148755169,0.0000000000,0.0000000000,0.0000000000,0.0000000000,0,2585.3158399990,8212.3286418760,29568.2912518380,73,36320.4092483723,7378.5449345464,1200.0000000000,10800.0000000000,2832.6880042000
2025-12-06,S0,SEQUENTIAL_PREVIOUS_COMMITMENT,Optimal,1,4.2822684000,1,0.0000000000,8153.1390098264,8728.4465415853,47872.2435308116,23220.2997847923,26862.0791032062,0.0000000000,0.0000000000,0.0000000000,0.0000000000,0,3318.9259943597,9635.0260885146,32855.3258733069,76,37128.8457310056,7530.8085146452,1200.0000000000,10800.0000000000,2832.6880042000
2025-12-07,S0,SEQUENTIAL_PREVIOUS_COMMITMENT,Optimal,1,1.9030077000,1,0.0000000000,8728.4465415853,7928.2337412402,91088.6743196351,68156.3874501105,74625.9480225836,0.0000000000,0.0000000000,0.0000000000,0.0000000000,0,2671.3205322429,10861.3208885180,79017.7083386285,72,44429.8801559435,8008.3474980134,1200.0000000000,10800.0000000000,2832.6880042000
2025-12-08,S0,SEQUENTIAL_PREVIOUS_COMMITMENT,Optimal,1,1.8634952000,1,0.0000000000,7928.2337412402,7918.3068293980,99064.6338432054,74960.3170041195,80078.0423991376,0.0000000000,0.0000000000,0.0000000000,0.0000000000,0,392.3944483436,2124.4352165960,77084.7522207155,18,41396.9139169514,8078.4303984032,1200.0000000000,10800.0000000000,2832.6880042000
2025-12-09,S0,SEQUENTIAL_PREVIOUS_COMMITMENT,Optimal,1,1.8156687000,1,0.0000000000,7918.3068293980,7715.1358569929,98703.0120757482,73649.3365427294,78436.5165513577,0.0000000000,0.0000000000,0.0000000000,0.0000000000,0,396.5985160281,2006.3376480194,75655.6741907488,23,42836.8517340904,7940.3489494483,1200.0000000000,10800.0000000000,2832.6880042000
2025-12-10,S0,SEQUENTIAL_PREVIOUS_COMMITMENT,Optimal,1,7.0197436000,1,0.0000000000,7715.1358569929,8528.4583058640,100555.1952231892,76150.2624286266,82764.6770804967,0.0000000000,0.0000000000,0.0000000000,0.0000000000,0,283.8448714623,1429.9677393955,77580.2301680221,16,41839.8250292639,8225.1592860526,1200.0000000000,10800.0000000000,2832.6880042000
2025-12-11,S0,SEQUENTIAL_PREVIOUS_COMMITMENT,Optimal,1,6.6261326000,1,0.0000000000,8528.4583058640,7775.9373986836,97903.3396649698,72894.7540604255,77600.5501400236,0.0000000000,0.0000000000,0.0000000000,0.0000000000,0,157.6787110523,560.1482740514,73454.9023344769,10,40152.1989538693,8049.0118487397,1200.0000000000,10800.0000000000,2832.6880042000
2025-12-12,S0,SEQUENTIAL_PREVIOUS_COMMITMENT,Optimal,1,8.1333877000,1,0.0000000000,7775.9373986836,8464.9886531039,54621.8444868686,26171.7297805900,30130.2847941278,0.0000000000,0.0000000000,0.0000000000,0.0000000000,0,384.7488904600,1122.3721573801,27294.1019379701,22,38709.7311639445,7249.7571719843,1200.0000000000,10800.0000000000,2832.6880042000
2025-12-13,S0,SEQUENTIAL_PREVIOUS_COMMITMENT,Optimal,1,3.3271590000,1,0.0000000000,8464.9886531039,8176.2086132558,54631.1746723438,26523.0960454368,29992.0534059512,0.0000000000,0.0000000000,0.0000000000,0.0000000000,0,217.8023708349,992.6975323333,27515.7935777701,14,37642.2325337982,7269.0354147683,1200.0000000000,10800.0000000000,2832.6880042000
2025-12-14,S0,SEQUENTIAL_PREVIOUS_COMMITMENT,Optimal,1,2.1838816000,1,0.0000000000,8176.2086132558,8641.4776321524,100469.8347871954,76536.0790228783,82073.3421636468,0.0000000000,0.0000000000,0.0000000000,0.0000000000,0,296.3720437967,1498.7826585332,78034.8616814115,18,46421.6939728253,7952.6465774087,1200.0000000000,10800.0000000000,2832.6880042000
2025-12-15,S0,SEQUENTIAL_PREVIOUS_COMMITMENT,Optimal,1,1.4302486000,1,0.0000000000,8641.4776321524,8358.4999565753,96405.7858824503,73468.6828773616,78345.9136791801,0.0000000000,0.0000000000,0.0000000000,0.0000000000,0,596.2432937274,2810.8729042267,76279.5557815882,29,41800.1114676983,8082.3832142449,1556.7168883954,10800.0000000000,2832.6880042000
2025-12-16,S0,SEQUENTIAL_PREVIOUS_COMMITMENT,Optimal,1,1.1404569000,1,0.0000000000,8358.4999565753,7664.6278943014,98094.9608391107,74507.6316903190,79295.7663512855,0.0000000000,0.0000000000,0.0000000000,0.0000000000,0,235.3260787935,930.8536626920,75438.4853530110,24,43887.2859819060,8002.5230945790,1200.0000000000,10800.0000000000,2832.6880042000
2025-12-17,S0,SEQUENTIAL_PREVIOUS_COMMITMENT,Optimal,1,5.1435143000,1,0.0000000000,7664.6278943014,8021.4990889097,100263.9054596137,75838.9389000001,81417.2733075084,0.0000000000,0.0000000000,0.0000000000,0.0000000000,0,419.0490390544,1944.3970525270,77783.3359525271,18,41409.4463765272,8196.3635416185,1200.0000000000,10800.0000000000,2832.6880042000
2025-12-18,S0,SEQUENTIAL_PREVIOUS_COMMITMENT,Optimal,1,6.2174131000,1,0.0000000000,8021.4990889097,8109.7342384564,98703.2195383313,73956.4751917382,78904.5100125296,0.0000000000,0.0000000000,0.0000000000,0.0000000000,0,477.1922737362,1896.9441397555,75853.4193314937,21,44040.9035963127,8046.8114748708,1200.0000000000,10800.0000000000,2832.6880042000
2025-12-19,S0,SEQUENTIAL_PREVIOUS_COMMITMENT,Optimal,1,7.2956393000,1,0.0000000000,8109.7342384564,8780.9260082107,56316.7936982388,26743.7820496576,30798.2490813419,0.0000000000,0.0000000000,0.0000000000,0.0000000000,0,88.5735420845,230.4558838864,26974.2379335440,7,38289.4235927023,7743.6027404593,1200.0000000000,10800.0000000000,2832.6880042000
2025-12-20,S0,SEQUENTIAL_PREVIOUS_COMMITMENT,Optimal,1,5.7480594000,1,0.0000000000,8780.9260082107,8551.4891120467,54187.0107495709,26352.1076542367,30152.1024872778,0.0000000000,0.0000000000,0.0000000000,0.0000000000,0,200.5013143394,577.7419524123,26929.8496066490,16,38357.1264138111,7496.2062789498,1200.0000000000,10800.0000000000,2832.6880042000
2025-12-21,S0,SEQUENTIAL_PREVIOUS_COMMITMENT,Optimal,1,1.2378950000,1,0.0000000000,8551.4891120467,7949.2636840787,98688.0637849986,74939.8576521428,79002.9702947536,0.0000000000,0.0000000000,0.0000000000,0.0000000000,0,648.7311181591,2530.2364758017,77470.0941279444,24,42496.7057940838,8147.5189712156,1200.0000000000,10800.0000000000,2832.6880042000
2025-12-22,S0,SEQUENTIAL_PREVIOUS_COMMITMENT,Optimal,1,1.1199356000,1,0.0000000000,7949.2636840787,8499.1804798352,100383.4929315442,76444.0650306912,82253.4489938904,0.0000000000,0.0000000000,0.0000000000,0.0000000000,0,294.0121072384,1015.1803124846,77459.2453431758,25,44335.5417850446,8126.2145113363,1200.0000000000,10800.0000000000,2832.6880042000
2025-12-23,S0,SEQUENTIAL_PREVIOUS_COMMITMENT,Optimal,1,1.0043466000,1,0.0000000000,8499.1804798352,8566.1159563480,100318.9233239261,75673.8490664083,80712.0019243915,0.0000000000,0.0000000000,0.0000000000,0.0000000000,0,99.1979086262,309.4976775029,75983.3467439111,11,46255.7046314792,8151.4027122211,1200.0000000000,10800.0000000000,2832.6880042000
2025-12-24,S0,SEQUENTIAL_PREVIOUS_COMMITMENT,Optimal,1,1.0022222000,1,0.0000000000,8566.1159563480,8582.6264318352,99655.0324514902,75041.6943702847,80358.8861662933,0.0000000000,0.0000000000,0.0000000000,0.0000000000,0,155.7942947873,622.2903198896,75663.9846901743,16,41835.5504909356,8182.4697622430,1200.0000000000,10800.0000000000,2832.6880042000
2025-12-25,S0,SEQUENTIAL_PREVIOUS_COMMITMENT,Optimal,1,1.1443437000,1,0.0000000000,8582.6264318352,8256.9830531200,98257.0813794883,74096.9775567807,78235.1547071746,0.0000000000,0.0000000000,0.0000000000,0.0000000000,0,618.3221710540,2573.8750780557,76670.8526348363,29,44442.1939347199,8119.6077634328,1200.0000000000,10800.0000000000,2832.6880042000
2025-12-26,S0,SEQUENTIAL_PREVIOUS_COMMITMENT,Optimal,1,2.5799378000,1,0.0000000000,8256.9830531200,7943.6609027499,53173.6757012063,25556.9008249180,28562.6112690501,0.0000000000,0.0000000000,0.0000000000,0.0000000000,0,256.0050740550,825.4915576181,26382.3923825361,16,39427.6638848429,7100.2891617871,1210.5913524814,10800.0000000000,2832.6880042000
2025-12-27,S0,SEQUENTIAL_PREVIOUS_COMMITMENT,Optimal,1,2.7382747000,1,0.0000000000,7943.6609027499,7757.2607034008,53187.3730773734,24547.1675606622,28112.6968929279,0.0000000000,0.0000000000,0.0000000000,0.0000000000,0,266.3068686261,927.7963477793,25474.9639084415,21,42873.7858346605,7377.2723791217,1263.1936565863,10800.0000000000,2832.6880042000
2025-12-28,S0,SEQUENTIAL_PREVIOUS_COMMITMENT,Optimal,1,4.9910258000,1,0.0000000000,7757.2607034008,8470.0240543831,100728.1404764007,75519.9179590858,80878.0185033877,0.0000000000,0.0000000000,0.0000000000,0.0000000000,0,348.6556519531,1377.7127479982,76897.6307070840,20,41957.7753568038,8019.5735121656,1200.0000000000,10800.0000000000,2832.6880042000
2025-12-29,S0,SEQUENTIAL_PREVIOUS_COMMITMENT,Optimal,1,3.9419562000,1,0.0000000000,8470.0240543831,7764.7224043598,97604.4899500400,73393.5633629363,79271.4012756585,0.0000000000,0.0000000000,0.0000000000,0.0000000000,0,285.8293104574,1101.0885047324,74494.6518676687,17,40835.8157049569,8148.8195418251,1200.0000000000,10800.0000000000,2832.6880042000
2025-12-30,S0,SEQUENTIAL_PREVIOUS_COMMITMENT,Optimal,1,4.8321394000,1,0.0000000000,7764.7224043598,8060.1839543070,98548.9434651155,72973.4912624960,78186.1445926547,0.0000000000,0.0000000000,0.0000000000,0.0000000000,0,225.0322144423,759.3529465347,73732.8442090307,18,43288.5640751602,7862.2623737903,1200.0000000000,10800.0000000000,2832.6880042000
2025-12-31,S0,SEQUENTIAL_PREVIOUS_COMMITMENT,Optimal,1,1.0406899000,1,0.0000000000,8060.1839543070,7834.3287696161,98637.1884074450,74432.5060099306,78814.1688407770,0.0000000000,0.0000000000,0.0000000000,0.0000000000,0,420.7987914807,1249.6788991138,75682.1849090444,24,42654.5471414305,8125.2280057047,1200.0000000000,10800.0000000000,2832.6880042000
2025-02-01,S1,SEQUENTIAL_PREVIOUS_COMMITMENT,Optimal,1,7.8179408000,2,0.0000000000,6000.0000000000,7157.1044595370,48715.0336355337,20721.6899724937,21894.3746814685,-38.3379614917,188.2268177258,0.0000000000,188.2268177258,10,158.7554793213,717.1022640656,21400.4542750676,10,36558.6854939303,7407.1740290776,1236.1167459491,10800.0000000000,4438.0299066000
2025-02-02,S1,SEQUENTIAL_PREVIOUS_COMMITMENT,Optimal,1,4.1045752000,2,0.0000000000,7157.1044595370,7021.5231814672,92890.6808793291,64876.4390533239,67263.5053985684,-41.3217367181,132.4388533552,0.0000000000,132.4388533552,6,72.9631137269,266.2344040812,65101.3517206870,5,39250.0912306440,7627.4659177777,1200.0000000000,10800.0000000000,4438.0299066000
2025-02-03,S1,SEQUENTIAL_PREVIOUS_COMMITMENT,Optimal,1,5.5202443000,2,0.0000000000,7021.5231814672,7032.8787367433,91795.3792116528,64799.6275473200,67083.5087722170,-33.6420906377,93.8932343466,0.0000000000,93.8932343466,7,203.1316468925,955.7606269256,65721.7460836078,13,41506.2707372365,7641.3155816442,1200.0000000000,10800.0000000000,4438.0299066000
2025-02-04,S1,SEQUENTIAL_PREVIOUS_COMMITMENT,Optimal,1,11.2972092000,2,0.0000000000,7032.8787367433,7042.8819560275,92414.3814881838,65258.6742512021,67726.5996978469,131.4026970851,100.0867060573,100.0867060573,0.0000000000,7,445.4986220150,1837.6671356424,67227.7440839296,17,44062.4789590530,7814.3877302250,1203.3003031274,10800.0000000000,4438.0299066000
2025-02-05,S1,SEQUENTIAL_PREVIOUS_COMMITMENT,Optimal,1,20.0927985000,2,0.0000000000,7042.8819560275,6869.3476330934,90358.0252487644,63540.9542623279,65947.8161854792,231.6509391875,205.3263980274,205.3263980274,0.0000000000,10,275.6010613496,1353.7914653389,65126.3966668543,24,43058.1777792055,7751.4568921646,1200.0029354351,10800.0000000000,4438.0299066000
2025-02-06,S1,SEQUENTIAL_PREVIOUS_COMMITMENT,Optimal,1,15.3123264000,2,0.0000000000,6869.3476330934,7097.2292117548,92704.1105552251,65394.3576631548,67722.8959249369,16.5819703460,10.3546803538,10.3546803538,0.0000000000,2,94.2214399089,334.8114123343,65745.7510458351,5,41739.7447568062,7778.3555431903,1237.4665645229,10800.0000000000,4438.0299066000
2025-02-07,S1,SEQUENTIAL_PREVIOUS_COMMITMENT,Optimal,1,21.6473621000,2,0.0000000000,7097.2292117548,7010.9559503398,46762.8625882900,19677.0361542233,20879.8955366412,9.7588592133,22.4107532609,16.7919373737,5.6188158871,3,114.5556831159,566.2174604670,20253.0124739036,7,38518.3238013472,7442.7135671325,1200.0000000000,10800.0000000000,4438.0299066000
2025-02-08,S1,SEQUENTIAL_PREVIOUS_COMMITMENT,Optimal,1,22.3402244000,2,0.0000000000,7010.9559503398,6955.9681592584,41151.6186662355,17285.8579347597,18568.7914473410,-14.7643365826,42.0979284472,0.0000000000,42.0979284472,5,235.8368165244,900.1092277948,18171.2028259719,18,37887.4690376495,7002.5336250973,1208.3672419057,10800.0000000000,4438.0299066000
2025-02-09,S1,SEQUENTIAL_PREVIOUS_COMMITMENT,Optimal,1,13.0935534000,2,0.0000000000,6955.9681592584,7034.7156018706,86984.5497504321,60446.9516535543,62848.9922029980,-27.0325722761,54.8852186000,0.0000000000,54.8852186000,4,475.4779661610,1969.3241351943,62389.2432164725,29,40364.3325416133,8029.3979216614,1205.9671155008,10800.0000000000,4438.0299066000
2025-02-10,S1,SEQUENTIAL_PREVIOUS_COMMITMENT,Optimal,1,15.2694035000,2,0.0000000000,7034.7156018706,6881.1369396057,87162.8733593558,59121.6614317448,61386.2743013592,-586.3711362412,1405.3991478779,0.0000000000,1405.3991478779,34,205.8549524612,707.4572912818,59242.7475867854,14,39318.1829920459,7836.3464103794,1205.0785269097,10800.0000000000,4438.0299066000
2025-02-11,S1,SEQUENTIAL_PREVIOUS_COMMITMENT,Optimal,1,16.7535532000,2,0.0000000000,6881.1369396057,6934.5259484231,85262.9616150182,58022.9286211235,60275.6607488444,-91.4033574209,198.6065677605,0.0000000000,198.6065677605,14,307.8051064240,1569.5609337779,59501.0861974805,24,40035.1646597624,7359.0543156114,1200.0000000000,10800.0000000000,4438.0299066000
2025-02-12,S1,SEQUENTIAL_PREVIOUS_COMMITMENT,Optimal,1,19.9526541000,2,0.0000000000,6934.5259484231,6978.2349351462,85525.0817654140,57757.9883542934,60092.7028865286,-207.2933571109,533.1747090358,0.0000000000,533.1747090358,19,298.0244445002,1329.8535130024,58880.5485101849,20,40740.1885848759,7541.0763307990,1200.0000000000,10800.0000000000,4438.0299066000
2025-02-13,S1,SEQUENTIAL_PREVIOUS_COMMITMENT,Optimal,1,18.0872041000,2,0.0000000000,6978.2349351462,7094.4719228852,84900.8041435990,56735.9332228042,58874.7006549254,-498.8438942988,1175.9097551051,0.0000000000,1175.9097551051,25,361.3803544600,1597.0579918727,57834.1473203781,23,38414.9175886569,7681.8807440809,1200.0000000000,10800.0000000000,4438.0299066000
2025-02-14,S1,SEQUENTIAL_PREVIOUS_COMMITMENT,Optimal,1,22.9789380000,2,0.0000000000,7094.4719228852,7094.4915096678,38876.6464703142,16343.1135145280,17570.0815753398,-14.1179772199,35.2379612881,0.0000000000,35.2379612881,3,659.5881852509,2210.9878584140,18539.9833957220,32,37058.5324600831,6990.9798567449,1200.0000000000,10800.0000000000,4438.0299066000
2025-02-15,S1,SEQUENTIAL_PREVIOUS_COMMITMENT,Optimal,1,21.6013598000,2,0.0000000000,7094.4915096678,6987.8473273348,37761.8472848232,16351.3089566950,17607.6307649302,-10.6874309915,26.4192352275,0.0000000000,26.4192352275,4,646.3201941470,2198.1135664753,18538.7350921788,34,36431.8752889628,6940.1486982180,1200.0000000000,10800.0000000000,4438.0299066000
2025-02-16,S1,SEQUENTIAL_PREVIOUS_COMMITMENT,Optimal,1,24.8266946000,2,0.0000000000,6987.8473273348,7029.2475729640,83288.6298219888,56166.8699466244,58619.4096840406,-63.5269510987,163.8656318568,0.0000000000,163.8656318568,15,729.3945530664,3158.8019792619,59262.1449747876,43,41366.0316794097,7384.2450414810,1200.0000000000,10800.0000000000,4438.0299066000
2025-02-17,S1,SEQUENTIAL_PREVIOUS_COMMITMENT,Optimal,1,12.8177787000,2,0.0000000000,7029.2475729640,6939.7191998666,82458.1056967170,54919.1151714285,57293.5398935670,-366.1042817054,876.0392419694,0.0000000000,876.0392419694,19,338.2204330605,1502.0544355011,56055.0653252242,23,40581.8713916032,7679.2789045255,1200.0000000000,10800.0000000000,4438.0299066000
2025-02-18,S1,SEQUENTIAL_PREVIOUS_COMMITMENT,Optimal,1,11.2187911000,2,0.0000000000,6939.7191998666,6965.9464492760,80994.0394494472,53371.8720459871,55642.2004504340,0.0000000000,0.0000000000,0.0000000000,0.0000000000,0,358.6423918344,1558.5156549712,54930.3877009582,23,40990.6705412959,7556.5143453758,1200.0000000000,10800.0000000000,4438.0299066000
2025-02-19,S1,SEQUENTIAL_PREVIOUS_COMMITMENT,Optimal,1,18.2319823000,2,0.0000000000,6965.9464492760,6950.8199909377,80787.4720766388,52969.7249791839,55240.8340121744,-43.0709287802,159.0378583834,0.0000000000,159.0378583834,11,795.0956764300,3037.1532897381,55963.8073401417,40,44396.0002696719,7410.8309561109,1200.0000000000,10800.0000000000,4438.0299066000
2025-02-20,S1,SEQUENTIAL_PREVIOUS_COMMITMENT,Optimal,1,15.2459967000,2,0.0000000000,6950.8199909377,7014.8508976830,80985.8522754668,53597.0192037913,55884.3397002378,-40.0231732064,152.3894534399,4.6220584021,147.7673950379,9,526.4971679755,2578.8465996177,56135.8426302026,32,40618.3230619992,7465.4693935542,1200.0000000000,10800.0000000000,4438.0299066000
2025-02-21,S1,SEQUENTIAL_PREVIOUS_COMMITMENT,Optimal,1,18.5171219000,2,0.0000000000,7014.8508976830,6780.6768302179,36909.9790505280,15844.1470101442,16745.3298973206,-0.4481234204,1.1750974705,0.0000000000,1.1750974705,1,292.8484921671,884.6712634928,16728.3701502166,24,35653.4138245700,6617.2786650584,1200.0000000000,10800.0000000000,4438.0299066000
2025-02-22,S1,SEQUENTIAL_PREVIOUS_COMMITMENT,Optimal,1,25.5306174000,2,0.0000000000,6780.6768302179,6978.4973299990,36972.5221161251,16042.9254938829,17065.8823057577,-9.7294289324,64.6441017425,11.7623547461,52.8817469963,5,319.6754078736,1019.0337392098,17052.2298041603,24,34560.7416676684,6262.5134057706,1200.0000000000,10800.0000000000,4438.0299066000
2025-02-23,S1,SEQUENTIAL_PREVIOUS_COMMITMENT,Optimal,1,19.8397768000,2,0.0000000000,6978.4973299990,6950.1358001605,79472.7489930790,52384.7296299951,54350.6547561276,0.0000000000,0.0000000000,0.0000000000,0.0000000000,0,642.8285333111,2510.5505613634,54895.2801913585,36,39961.0072914992,7287.1485744920,1200.0000000000,10800.0000000000,4438.0299066000
2025-02-24,S1,SEQUENTIAL_PREVIOUS_COMMITMENT,Optimal,1,23.6793759000,2,0.0000000000,6950.1358001605,6908.3696222594,78163.6739181709,51121.4732972981,53474.7081494523,-3.1343003559,8.3771224267,0.0000000000,8.3771224267,1,467.6785973461,2216.1970327646,53334.5360297068,28,38467.0477857457,7152.7622494021,1200.0000000000,10800.0000000000,4438.0299066000
2025-02-25,S1,SEQUENTIAL_PREVIOUS_COMMITMENT,Optimal,1,13.2253190000,2,0.0000000000,6908.3696222594,6968.3240307943,78626.8138808928,50789.1944427348,53017.5048242006,-391.0153626406,833.9551265435,0.0000000000,833.9551265435,18,469.3495847907,1948.1470806157,52346.3261607099,29,38163.6661926422,7539.5272203918,1200.0000000000,10800.0000000000,4438.0299066000
2025-02-26,S1,SEQUENTIAL_PREVIOUS_COMMITMENT,Optimal,1,24.1377650000,2,0.0000000000,6968.3240307943,6975.3412148164,77810.4166194545,50658.9505892030,52783.9212491521,-40.3338413971,97.1899446946,0.0000000000,97.1899446946,11,612.1999873340,2768.1264307244,53386.7431785302,28,39001.9640688478,7437.3314254289,1200.0000000000,10800.0000000000,4438.0299066000
2025-02-27,S1,SEQUENTIAL_PREVIOUS_COMMITMENT,Optimal,1,19.9605310000,2,0.0000000000,6975.3412148164,6959.9836500673,77110.2483707472,48797.3830088791,50857.0958319094,-47.6757051806,190.5007612114,0.0000000000,190.5007612114,9,451.1011302430,2306.5063780977,51056.2136817962,19,42146.5178948361,7219.6051425843,1200.0000000000,10800.0000000000,4438.0299066000
2025-02-28,S1,SEQUENTIAL_PREVIOUS_COMMITMENT,Optimal,1,22.5482987000,2,0.0000000000,6959.9836500673,6962.2977151924,35734.3309150820,14721.7392124734,15609.9792131308,-22.9508890807,63.7822472049,0.0000000000,63.7822472049,5,350.2105714637,1162.4146403611,15861.2029637539,23,34540.5906589480,6324.9995972098,1200.0000000000,10800.0000000000,4438.0299066000
2025-03-01,S1,SEQUENTIAL_PREVIOUS_COMMITMENT,Optimal,1,21.1778764000,2,0.0000000000,6962.2977151924,6930.1027821604,36233.5970267304,15080.3233287157,15949.1512986741,0.0000000000,0.0000000000,0.0000000000,0.0000000000,0,434.4842686508,1544.1078879474,16624.4312166631,18,36545.2381163321,6459.0035948964,1214.3103363715,10800.0000000000,4438.0299066000
2025-03-02,S1,SEQUENTIAL_PREVIOUS_COMMITMENT,Optimal,1,18.5925227000,2,0.0000000000,6930.1027821604,7033.5641446078,77227.0037489843,49660.3654216313,52006.2705951266,947.9462463822,876.6017607560,876.6017607560,0.0000000000,20,3158.2774354335,14502.6052903522,65110.9169583657,40,42813.0475847607,7337.1273407371,1244.4812792621,10800.0000000000,4438.0299066000
2025-03-03,S1,SEQUENTIAL_PREVIOUS_COMMITMENT,Optimal,1,22.0491271000,2,0.0000000000,7033.5641446078,6981.5985538825,77558.2897074123,50213.1126478798,52711.1719476955,63.0126331784,142.0668464542,66.2514200535,75.8154264008,10,2026.7696324997,9377.9672222324,59654.0925032905,51,41642.2481811925,7459.0642687265,1200.0000000000,10800.0000000000,4438.0299066000
2025-03-04,S1,SEQUENTIAL_PREVIOUS_COMMITMENT,Optimal,1,24.0628013000,2,0.0000000000,6981.5985538825,6952.0614463651,78170.3635568787,50620.1560415181,53318.9257501505,166.1022928477,116.3178048092,116.3178048092,0.0000000000,3,475.5994388015,1499.5965190903,52285.8548534562,25,41185.0934697939,7407.8075799878,1200.0000000000,10800.0000000000,4438.0299066000
2025-03-05,S1,SEQUENTIAL_PREVIOUS_COMMITMENT,Optimal,1,29.0407132000,2,0.0000000000,6952.0614463651,7038.1565865483,79215.8949212274,50365.1657039208,52551.5521288008,-36.4788735102,134.2698088951,0.0000000000,134.2698088951,7,112.6864105447,492.4582039897,50821.1450344003,11,37454.5668745829,7775.9354607498,1200.0000000000,10800.0000000000,4438.0299066000
2025-03-06,S1,SEQUENTIAL_PREVIOUS_COMMITMENT,Optimal,1,23.8241454000,2,0.0000000000,7038.1565865483,7034.1290679115,77971.0165945125,49883.0124964392,52330.3842755376,-127.0620278196,336.9305538243,0.0000000000,336.9305538243,19,290.6033534687,860.7016464679,50616.6521150875,21,37691.3585444752,7690.6636684360,1200.0000000000,10800.0000000000,4438.0299066000
2025-03-07,S1,SEQUENTIAL_PREVIOUS_COMMITMENT,Optimal,1,22.4167015000,2,0.0000000000,7034.1290679115,7036.5766262366,35136.1261593864,14515.1640234273,15497.7810708296,-15.3981841022,39.7578565113,0.0000000000,39.7578565113,5,196.9807839424,555.2142311564,15054.9800704815,14,31913.6699523868,6330.5718829154,1200.0000000000,10800.0000000000,4438.0299066000
2025-03-08,S1,SEQUENTIAL_PREVIOUS_COMMITMENT,Optimal,1,22.2053634000,2,0.0000000000,7036.5766262366,6935.3023442500,33480.2115955949,13828.5119999719,14715.5816700505,-16.5115002907,47.0416518092,0.0000000000,47.0416518092,5,349.5695812458,901.8583973900,14713.8588970712,23,36412.1839769503,6156.8992995543,1200.0000000000,10800.0000000000,4438.0299066000
2025-03-09,S1,SEQUENTIAL_PREVIOUS_COMMITMENT,Optimal,1,23.7380751000,2,0.0000000000,6935.3023442500,6876.9084019416,75280.4564727333,46958.2145602951,49356.5387736596,-372.3704469861,1079.1239760328,0.0000000000,1079.1239760328,35,252.4814745855,1068.1942272649,47654.0383405739,24,39727.9896011893,7234.8931648143,1200.0000000000,10800.0000000000,4438.0299066000
2025-03-10,S1,SEQUENTIAL_PREVIOUS_COMMITMENT,Optimal,1,24.3501679000,2,0.0000000000,6876.9084019416,6899.6711080059,73834.9611779901,47619.0524108764,49852.7757510744,0.0000000000,0.0000000000,0.0000000000,0.0000000000,0,1812.4703425351,6590.5716820901,54209.6240929665,54,40090.5177147044,7272.9409789550,1200.0000000000,10800.0000000000,4438.0299066000
2025-03-11,S1,SEQUENTIAL_PREVIOUS_COMMITMENT,Optimal,1,25.1522410000,2,0.0000000000,6899.6711080059,7035.8851628868,72518.2833518360,45379.1968947586,47606.3561568352,93.9848541285,77.0498305355,77.0498305355,0.0000000000,6,650.7489534827,2837.0009785191,48310.1827274062,39,38423.0935060862,6903.2601694110,1208.1475434028,10800.0000000000,4438.0299066000
2025-03-12,S1,SEQUENTIAL_PREVIOUS_COMMITMENT,Optimal,1,24.1171178000,2,0.0000000000,7035.8851628868,6966.9537356661,73299.2672490332,45414.9708183016,47772.7310163952,-377.9428311660,1087.7266017902,0.0000000000,1087.7266017902,28,521.5690881246,2068.0470155049,47105.0750026404,32,38498.5671460811,7089.3285494442,1200.0000000000,10800.0000000000,4438.0299066000
2025-03-13,S1,SEQUENTIAL_PREVIOUS_COMMITMENT,Optimal,1,25.1637214000,2,0.0000000000,6966.9537356661,7050.0374774167,73275.2290698692,46478.5034220848,48700.6731314873,-4.2202739580,29.8765690420,3.3275241654,26.5490448766,3,1617.5068583093,7498.6006640700,53972.8838121969,44,37608.2621816204,7336.6795540302,1200.0000000000,10800.0000000000,4438.0299066000
2025-03-14,S1,SEQUENTIAL_PREVIOUS_COMMITMENT,Optimal,1,20.8558854000,2,0.0000000000,7050.0374774167,6950.2257990000,32717.9787882890,13021.3718210013,13856.0198935900,-17.5534471975,58.7297520567,3.2667761789,55.4629758778,4,342.8605715636,1268.9964946150,14272.8148684187,25,37731.6420074688,6160.7614407768,1200.0000000000,10800.0000000000,4438.0299066000
2025-03-15,S1,SEQUENTIAL_PREVIOUS_COMMITMENT,Optimal,1,14.3361643000,2,0.0000000000,6950.2257990000,7061.7546169865,32834.9019827157,13620.3488706455,14462.4486700197,-13.9256386030,38.0839351569,0.0000000000,38.0839351569,3,390.7203067303,1425.4037560347,15031.8269880772,25,34367.5740852349,6225.2605946773,1200.0000000000,10800.0000000000,4438.0299066000
2025-03-16,S1,SEQUENTIAL_PREVIOUS_COMMITMENT,Optimal,1,8.1610613000,2,0.0000000000,7061.7546169865,6975.6554630238,71550.3046823431,44482.4905771931,46786.2007237297,47.5442110008,59.2673292338,59.2673292338,0.0000000000,6,524.4366817102,2249.7313474464,46779.7661356403,36,38221.7293400384,6998.5006759234,1204.1545794313,10800.0000000000,4438.0299066000
2025-03-17,S1,SEQUENTIAL_PREVIOUS_COMMITMENT,Optimal,1,12.9313680000,2,0.0000000000,6975.6554630238,6996.9033832804,71906.1232145732,43408.5357239071,45951.2981649920,-569.7044646027,1595.7212317672,0.0000000000,1595.7212317672,27,326.2756108509,1476.8683712386,44315.6996305429,19,38113.6308334387,7027.0024991588,1202.3279598757,10800.0000000000,4438.0299066000
2025-03-18,S1,SEQUENTIAL_PREVIOUS_COMMITMENT,Optimal,1,11.1761900000,2,0.0000000000,6996.9033832804,7063.8364002800,71607.9525170534,43956.5164936171,46133.6933812063,-26.8846229959,103.7844371238,0.0000000000,103.7844371238,6,510.9882215683,2212.1143008355,46141.7461714568,27,38856.5524977976,7111.1346907294,1200.0000000000,10800.0000000000,4438.0299066000
2025-03-19,S1,SEQUENTIAL_PREVIOUS_COMMITMENT,Optimal,1,11.7186534000,2,0.0000000000,7063.8364002800,6939.1524253724,69720.1984608365,42242.1606322218,44515.7827139317,-0.0994166255,43.6321331977,7.2879280916,36.3442051061,7,373.9808130439,1725.6632205459,43967.7244361422,23,40925.6657879245,7202.1374788054,1200.0000000000,10800.0000000000,4438.0299066000
2025-03-20,S1,SEQUENTIAL_PREVIOUS_COMMITMENT,Optimal,1,14.0754606000,2,0.0000000000,6939.1524253724,6980.7190622171,69542.2600452351,42814.9052725808,45256.6809919074,-58.5118353944,168.7419162669,0.0000000000,168.7419162669,13,916.7844260620,3667.2025882817,46423.5960254681,42,37911.1726634728,6802.5690760403,1200.0000000000,10800.0000000000,4438.0299066000
2025-03-21,S1,SEQUENTIAL_PREVIOUS_COMMITMENT,Optimal,1,9.9851632000,2,0.0000000000,6980.7190622171,6953.0470778715,31735.4234745480,12727.0652035145,13568.3870213386,-37.9932089604,125.0751053853,0.0000000000,125.0751053853,8,402.7832524217,992.7065390230,13681.7785335771,24,33631.9418629513,5946.9121743068,1200.0000000000,10800.0000000000,4438.0299066000
2025-03-22,S1,SEQUENTIAL_PREVIOUS_COMMITMENT,Optimal,1,8.8103248000,2,0.0000000000,6953.0470778715,7021.4514989287,32667.6582900679,13256.4364857538,14150.9307608559,-12.2333736016,32.8095116518,0.0000000000,32.8095116518,2,134.5035044768,264.3457979296,13508.5489100818,12,35089.2911973931,6076.8798966164,1220.9904059606,10800.0000000000,4438.0299066000
2025-03-23,S1,SEQUENTIAL_PREVIOUS_COMMITMENT,Optimal,1,9.0440906000,2,0.0000000000,7021.4514989287,6974.9981548758,68366.3041705795,41234.8599360374,43272.8440282166,0.0000000000,0.0000000000,0.0000000000,0.0000000000,0,574.4419718519,2536.0655731607,43770.9255091981,32,38108.1846694278,7005.9122041088,1200.0000000000,10800.0000000000,4438.0299066000
2025-03-24,S1,SEQUENTIAL_PREVIOUS_COMMITMENT,Optimal,1,15.7525929000,2,0.0000000000,6974.9981548758,7031.7919792625,67526.8754084892,40900.7005121790,43659.4705258977,-25.5313386469,77.1457628337,0.0000000000,77.1457628337,5,707.2683289749,2351.5989837355,43226.7681572676,38,38011.5538888426,7245.7772056850,1200.0000000000,10800.0000000000,4438.0299066000
2025-03-25,S1,SEQUENTIAL_PREVIOUS_COMMITMENT,Optimal,1,11.7034366000,2,0.0000000000,7031.7919792625,6977.5542345037,68411.1652022367,41447.2468634802,43783.6536905845,-29.4365626451,86.1137957755,0.0000000000,86.1137957755,9,980.3239981670,3588.6983314640,45006.5086322992,44,39928.3098380321,6943.5891932764,1200.0000000000,10800.0000000000,4438.0299066000
2025-03-26,S1,SEQUENTIAL_PREVIOUS_COMMITMENT,Optimal,1,19.0354749000,2,0.0000000000,6977.5542345037,7052.9229994265,66315.2586276520,39657.6009475307,41825.4436643190,-1.6197108741,8.5382755619,0.0000000000,8.5382755619,1,384.7814154048,1282.9380733658,40938.9193100224,26,37403.9086531260,7139.3688826442,1200.0000000000,10800.0000000000,4438.0299066000
2025-03-27,S1,SEQUENTIAL_PREVIOUS_COMMITMENT,Optimal,1,10.7143303000,2,0.0000000000,7052.9229994265,7077.8529678397,67095.4405869965,40312.2618389124,42389.6302877975,-7.4905869458,384.9320787913,91.9373152574,292.9947635339,18,673.3020105099,2672.3018474358,42977.0730994025,35,37117.5599562141,7199.3001291577,1202.4245245949,10800.0000000000,4438.0299066000
2025-03-28,S1,SEQUENTIAL_PREVIOUS_COMMITMENT,Optimal,1,12.9302574000,2,0.0000000000,7077.8529678397,7101.2423821955,31444.2059488201,12601.5608280520,13434.5493533018,-7.7866292787,19.3874800680,0.0000000000,19.3874800680,2,201.6109001637,549.5090716753,13143.2832704486,14,33618.1448276250,6086.5624535237,1212.5429375000,10800.0000000000,4438.0299066000
2025-03-29,S1,SEQUENTIAL_PREVIOUS_COMMITMENT,Optimal,1,12.2942215000,2,0.0000000000,7101.2423821955,6937.4374309410,30828.4572176745,12346.3702999583,13141.9256460627,-10.1007821088,26.6859086204,0.0000000000,26.6859086204,2,324.2636547533,1055.3530655918,13391.6225834413,19,32898.0876496391,5776.8786595874,1214.0441892361,10800.0000000000,4438.0299066000
2025-03-30,S1,SEQUENTIAL_PREVIOUS_COMMITMENT,Optimal,1,15.7291519000,2,0.0000000000,6937.4374309410,6979.7973603984,66167.3657929733,38931.7311620707,41440.2407135174,-144.7535559167,474.4368827188,0.0000000000,474.4368827188,11,567.3159599392,2204.9453373667,40991.9229435207,28,38013.7879963823,7304.5186628989,1200.0000000000,10800.0000000000,4438.0299066000
2025-03-31,S1,SEQUENTIAL_PREVIOUS_COMMITMENT,Optimal,1,10.8045854000,2,0.0000000000,6979.7973603984,6959.1202719521,62974.5502542480,37689.7431339678,39640.1587094425,361.8155632636,324.9054072977,324.9054072977,0.0000000000,12,887.8507646681,3299.0509119248,41350.6096091562,40,35790.5133133007,7419.7283679659,1200.4582609954,10800.0000000000,4438.0299066000
2025-04-01,S1,SEQUENTIAL_PREVIOUS_COMMITMENT,Optimal,1,10.8920635000,2,0.0000000000,6959.1202719521,7016.0714733186,66269.3609592212,40558.5582914910,43085.6372052031,6.3573261748,5.3357893112,5.3357893112,0.0000000000,1,1491.3061214653,4829.7450147541,45394.6606324199,49,35391.8226368322,7550.9791376633,1200.0000000000,10800.0000000000,4438.0299066000
2025-04-02,S1,SEQUENTIAL_PREVIOUS_COMMITMENT,Optimal,1,19.9804240000,2,0.0000000000,7016.0714733186,7000.2599385976,65082.5846781733,39087.4611817045,41438.7153493817,272.4387229713,270.7859906347,270.7859906347,0.0000000000,10,2246.0806877370,8521.6405113017,47881.5404159776,58,38246.2710598329,7076.0853818481,1200.0000000000,10800.0000000000,4438.0299066000
2025-04-03,S1,SEQUENTIAL_PREVIOUS_COMMITMENT,Optimal,1,19.0627389000,2,0.0000000000,7000.2599385976,7015.4605522144,66165.9200742538,39577.7746495360,41829.9342780794,0.0000000000,0.0000000000,0.0000000000,0.0000000000,0,387.7848679553,1294.3165137326,40872.0911632687,26,41379.3428463965,7292.5648038674,1200.0000000000,10800.0000000000,4438.0299066000
2025-04-04,S1,SEQUENTIAL_PREVIOUS_COMMITMENT,Optimal,1,6.7909052000,2,0.0000000000,7015.4605522144,7077.8156796033,30094.7710808516,11989.9533346784,12802.4524654225,-14.7007836723,46.5840666462,0.0000000000,46.5840666462,8,368.1461561557,1158.0668165258,13133.3193675319,21,30200.9225524234,6109.5576110766,1248.4458722890,10800.0000000000,4438.0299066000
2025-04-05,S1,SEQUENTIAL_PREVIOUS_COMMITMENT,Optimal,1,8.1527212000,2,0.0000000000,7077.8156796033,6929.5328363320,29841.5893845962,12126.0819356011,12916.9050271656,-5.3322013271,13.8986089589,0.0000000000,13.8986089589,1,349.4580143808,982.9798007467,13103.7295350207,30,30500.8233082866,5770.1676660825,1200.0000000000,10800.0000000000,4438.0299066000
2025-04-06,S1,SEQUENTIAL_PREVIOUS_COMMITMENT,Optimal,1,11.4315950000,2,0.0000000000,6929.5328363320,7566.2394246784,66329.0670184963,39251.0363164352,41892.3776162856,-5.1469859925,20.7030343108,0.0000000000,20.7030343108,2,355.5172784624,1414.8069804899,40660.6963109326,25,37298.2302862549,7186.8072128446,1200.9711540799,10800.0000000000,4438.0299066000
2025-04-07,S1,SEQUENTIAL_PREVIOUS_COMMITMENT,Optimal,1,13.9046713000,2,0.0000000000,7566.2394246784,6985.4850177452,62724.8049428248,37201.2075286084,39219.1553837278,-40.7573392139,209.8995992778,8.1481798454,201.7514194325,9,392.1913372927,1013.9213609547,38174.3715503493,25,35436.7645707721,7513.6949174666,1200.0000000000,10800.0000000000,4438.0299066000
2025-04-08,S1,SEQUENTIAL_PREVIOUS_COMMITMENT,Optimal,1,14.1314524000,2,0.0000000000,6985.4850177452,7014.7334758761,64689.2474163492,37997.3895920409,40046.3447362665,45.0805198885,70.0904184662,38.3960317794,31.6943866868,9,649.3910386917,2950.0754892852,40992.5456012146,32,37700.4187760399,7116.2724489296,1200.0000000000,10800.0000000000,4438.0299066000
2025-04-09,S1,SEQUENTIAL_PREVIOUS_COMMITMENT,Optimal,1,13.3426932000,2,0.0000000000,7014.7334758761,6957.5394121518,62869.5277897704,37418.6397982210,39705.2691886126,222.2228387356,269.0523997876,269.0523997876,0.0000000000,9,2492.7846119905,8921.0041061373,46561.8667430939,56,38593.2445870149,6945.5763782122,1228.1542993471,10800.0000000000,4438.0299066000
2025-04-10,S1,SEQUENTIAL_PREVIOUS_COMMITMENT,Optimal,1,16.4678756000,2,0.0000000000,6957.5394121518,7046.0324837907,64131.3352664560,37643.1308395262,39676.1241125012,61.4475501634,52.5236175519,52.5236175519,0.0000000000,8,508.3635754600,2209.3285498553,39913.9069395450,33,39678.6799166563,7037.6208830822,1200.0000000000,10800.0000000000,4438.0299066000
2025-04-11,S1,SEQUENTIAL_PREVIOUS_COMMITMENT,Optimal,1,5.7403964000,2,0.0000000000,7046.0324837907,6999.9228194104,29552.3904832439,11473.5914403971,12252.5514039331,0.0000000000,0.0000000000,0.0000000000,0.0000000000,0,471.3238529899,1536.7941518089,13010.3855922060,29,34789.8253955224,5825.1556767447,1253.5593179432,10800.0000000000,4438.0299066000
2025-04-12,S1,SEQUENTIAL_PREVIOUS_COMMITMENT,Optimal,1,3.9539664000,2,0.0000000000,6999.9228194104,7085.1522700677,30522.2966208352,11846.8417346899,12569.2872218627,-5.8812404038,20.5385018688,0.0000000000,20.5385018688,3,147.0822438785,400.4285232392,12241.3890175254,15,34967.6457996875,6256.6585094313,1220.6068525584,10800.0000000000,4438.0299066000
2025-04-13,S1,SEQUENTIAL_PREVIOUS_COMMITMENT,Optimal,1,17.7577549000,2,0.0000000000,7085.1522700677,6986.7380570480,62572.2189024453,37080.5467790788,39613.4211716176,0.0000000000,0.0000000000,0.0000000000,0.0000000000,0,619.0741259353,2579.9500045016,39660.4967835803,30,38791.3546296121,7215.4348185139,1221.7965028212,10800.0000000000,4438.0299066000
2025-04-14,S1,SEQUENTIAL_PREVIOUS_COMMITMENT,Optimal,1,21.7069380000,2,0.0000000000,6986.7380570480,7106.2308718914,62481.5869063507,36391.9416391561,38539.9104920105,-114.2185452552,329.3727465100,0.0000000000,329.3727465100,15,472.3223785285,1958.5870830989,38236.3101769999,29,37376.5502171001,7350.2215330274,1223.2514973958,10800.0000000000,4438.0299066000
2025-04-15,S1,SEQUENTIAL_PREVIOUS_COMMITMENT,Optimal,1,17.6333141000,2,0.0000000000,7106.2308718914,7096.5265730938,61579.3069841541,35621.6247223728,37370.9012420079,46.0218843942,61.5998309374,52.1148073431,9.4850235943,6,294.2283392400,1233.4629353041,36901.1095420711,25,37762.8992227142,7143.4654638580,1236.8211452546,10800.0000000000,4438.0299066000
2025-04-16,S1,SEQUENTIAL_PREVIOUS_COMMITMENT,Optimal,1,12.5971936000,2,0.0000000000,7096.5265730938,7041.7499554274,61897.8820322140,36822.7101453805,38977.9604995666,68.6692231699,61.9209440407,61.9209440407,0.0000000000,8,1188.4669340125,4793.6041979264,41684.9835664768,46,35794.3472684504,7427.8670723924,1218.1709561632,10800.0000000000,4438.0299066000
2025-04-17,S1,SEQUENTIAL_PREVIOUS_COMMITMENT,Optimal,1,14.9896758000,2,0.0000000000,7041.7499554274,6973.1241947335,60068.3708316965,35156.0559812892,37084.7507500979,33.6343739694,49.0400634379,49.0400634379,0.0000000000,5,408.0369194681,1549.2264231739,36738.9167784325,29,36448.8472349367,7078.0426544681,1200.0000000000,10800.0000000000,4438.0299066000
2025-04-18,S1,SEQUENTIAL_PREVIOUS_COMMITMENT,Optimal,1,9.1219713000,2,0.0000000000,6973.1241947335,7227.3354768792,29514.5428237882,11495.6768366185,12197.3451286283,-1.8967704002,6.4887454210,0.0000000000,6.4887454210,2,282.3648890576,801.3593367150,12295.1394029333,15,31274.3686125786,5980.9961912597,1361.7066828216,10800.0000000000,4438.0299066000
2025-04-19,S1,SEQUENTIAL_PREVIOUS_COMMITMENT,Optimal,1,8.8564376000,2,0.0000000000,7227.3354768792,7505.3633989557,28622.0333671694,11153.5648033618,11924.9600898292,-5.1425082881,20.1083570336,0.3799825580,19.7283744756,5,366.1981205279,1073.6749302348,12222.0972253085,16,30692.8554793428,5751.6704470972,1397.5853871999,10800.0000000000,4438.0299066000
2025-04-20,S1,SEQUENTIAL_PREVIOUS_COMMITMENT,Optimal,1,9.0065187000,2,0.0000000000,7505.3633989557,7031.2523198289,60304.4815417235,35545.1511936023,37551.5633956331,-4.6355457165,24.0087565152,0.5691747581,23.4395817571,3,619.7650582584,1974.0267877864,37514.5424356722,31,35432.1001988750,7285.3002360683,1219.4837209009,10800.0000000000,4438.0299066000
2025-04-21,S1,SEQUENTIAL_PREVIOUS_COMMITMENT,Optimal,1,8.4612891000,2,0.0000000000,7031.2523198289,7026.5947472064,61065.5778177552,35177.4409897136,37298.9503248222,-318.1102538446,1355.8711506670,0.0000000000,1355.8711506670,21,598.7334984501,2074.1657250570,36933.4964609260,27,35855.1725386943,7258.3390532364,1200.0000000000,10800.0000000000,4438.0299066000
2025-04-22,S1,SEQUENTIAL_PREVIOUS_COMMITMENT,Optimal,1,11.5853604000,2,0.0000000000,7026.5947472064,7072.2611498030,59174.4998750796,35035.9055843821,36960.0814768703,18.7358559953,17.6232777762,17.6232777762,0.0000000000,3,1009.4181330475,3087.1713567551,38141.8127971325,39,35689.0970651301,7244.8721061924,1200.0000000000,10800.0000000000,4438.0299066000
2025-04-23,S1,SEQUENTIAL_PREVIOUS_COMMITMENT,Optimal,1,13.3428966000,2,0.0000000000,7072.2611498030,7091.6253653971,59901.4061243680,35155.7285398429,37215.5516243408,0.0000000000,0.0000000000,0.0000000000,0.0000000000,0,622.1463114297,2163.1218189169,37318.8503587598,32,34961.6117142731,7171.7615096093,1200.0000000000,10800.0000000000,4438.0299066000
2025-04-24,S1,SEQUENTIAL_PREVIOUS_COMMITMENT,Optimal,1,11.2607353000,2,0.0000000000,7091.6253653971,7065.4751711431,59041.8957803725,34494.1496374698,36656.3892189409,-90.1636489137,367.6340500401,0.0000000000,367.6340500401,6,258.8795918423,1053.4495872236,35457.4355757797,18,34518.9608388902,6973.8875614861,1232.2521383501,10800.0000000000,4438.0299066000
2025-04-25,S1,SEQUENTIAL_PREVIOUS_COMMITMENT,Optimal,1,3.7845013000,2,0.0000000000,7065.4751711431,7505.5447198443,28324.5612009078,10509.1677336615,11214.4830666896,1.0812983250,1.2765460421,1.2765460421,0.0000000000,1,198.8417323984,546.4703368053,11056.7193687918,16,32714.8902882190,6002.0482357666,1358.0243211055,10800.0000000000,4438.0299066000
2025-04-26,S1,SEQUENTIAL_PREVIOUS_COMMITMENT,Optimal,1,7.7061895000,2,0.0000000000,7505.5447198443,7243.9878011789,27798.8994540948,10596.8232957443,11287.3774476451,-8.9887496028,50.9277597894,0.0000000000,50.9277597894,1,535.4872794468,1577.4950186209,12165.3295647624,29,34990.8234390041,5988.2650456753,1336.5215239733,10800.0000000000,4438.0299066000
2025-04-27,S1,SEQUENTIAL_PREVIOUS_COMMITMENT,Optimal,1,16.4466777000,2,0.0000000000,7243.9878011789,7054.7374940201,56273.0768492000,32177.1469178067,33869.7480214284,308.7852045281,462.1171124275,462.1171124275,0.0000000000,6,1302.4940826671,5664.4166978464,38150.3488201812,37,37744.8520017629,7009.3506801761,1200.0000000000,10800.0000000000,4438.0299066000
2025-04-28,S1,SEQUENTIAL_PREVIOUS_COMMITMENT,Optimal,1,14.9695848000,2,0.0000000000,7054.7374940201,7108.5286266616,57519.8619969287,34028.6679194465,36088.0380657563,1439.4239117860,1784.1374158437,1784.1374158437,0.0000000000,13,3187.4070359699,12080.9581393850,47549.0499706175,58,33825.5098957021,7212.1070354158,1277.7131017530,10800.0000000000,4438.0299066000
2025-04-29,S1,SEQUENTIAL_PREVIOUS_COMMITMENT,Optimal,1,12.7590874000,2,0.0000000000,7108.5286266616,7295.3035392813,58595.9822455632,33421.8747224195,35514.4485704427,13.7939414458,11.6991270775,11.6991270775,0.0000000000,4,870.9345182111,3651.4545878996,37087.1232517649,23,34981.6868043669,7340.0768294046,1200.0000000000,10800.0000000000,4438.0299066000
2025-04-30,S1,SEQUENTIAL_PREVIOUS_COMMITMENT,Optimal,1,18.4408972000,2,0.0000000000,7295.3035392813,7022.7337713999,56394.5820892316,32683.4900641571,34616.1067351784,0.0000000000,0.0000000000,0.0000000000,0.0000000000,0,1273.1107440396,4404.7661911242,37088.2562552813,38,32827.0917366620,7368.2586723837,1200.0000000000,10800.0000000000,4438.0299066000
2025-05-01,S1,SEQUENTIAL_PREVIOUS_COMMITMENT,Optimal,1,12.5399485000,2,0.0000000000,7022.7337713999,7365.5167136902,58050.7841102294,34311.5139096781,36475.3744665919,114.8405918560,245.3652911830,187.0865188064,58.2787723767,5,2402.3194743691,11426.7777387893,45853.1322403234,59,40223.5532610762,7065.4686816601,1200.0000000000,10800.0000000000,4438.0299066000
2025-05-02,S1,SEQUENTIAL_PREVIOUS_COMMITMENT,Optimal,1,10.3511995000,2,0.0000000000,7365.5167136902,7367.4918411968,28079.9931886487,11395.9683364507,12292.1949109003,39.5607640632,40.9491276712,40.9491276712,0.0000000000,5,2348.6093070319,8920.1898017078,20355.7189022217,60,34667.4296018386,5595.2224521173,1200.0000000000,10800.0000000000,4438.0299066000
2025-05-03,S1,SEQUENTIAL_PREVIOUS_COMMITMENT,Optimal,1,6.2224592000,2,0.0000000000,7367.4918411968,7116.7803427741,27895.2150651915,11216.8937251927,11957.0316475113,0.0000000000,0.0000000000,0.0000000000,0.0000000000,0,1775.4953375434,7667.4258574676,18884.3195826603,48,32244.7763890157,5910.3878820141,1226.1366657587,10800.0000000000,4438.0299066000
2025-05-04,S1,SEQUENTIAL_PREVIOUS_COMMITMENT,Optimal,1,8.3105424000,2,0.0000000000,7116.7803427741,7371.4234770875,59175.0567305252,35556.7999638390,37928.6310801095,-149.0343918631,599.2417491400,0.0000000000,599.2417491400,3,2411.5600237655,10843.7744179039,46251.5399898797,67,33425.2909173105,7265.1221236586,1200.0000000000,10800.0000000000,4438.0299066000
2025-05-05,S1,SEQUENTIAL_PREVIOUS_COMMITMENT,Optimal,1,9.8009904000,2,0.0000000000,7371.4234770875,7273.9772550638,60011.5985881102,35508.7654567927,37909.1435090659,254.1960304626,368.8318336899,368.8318336899,0.0000000000,3,2433.2227534898,11346.6648579712,47109.6263452265,64,38918.4668148841,7105.8060951094,1200.0000000000,10800.0000000000,4438.0299066000
2025-05-06,S1,SEQUENTIAL_PREVIOUS_COMMITMENT,Optimal,1,9.9160417000,2,0.0000000000,7273.9772550638,7440.9590911881,59028.7384219328,35335.9995950028,37848.5983875152,80.9394606473,124.7910278251,124.7910278251,0.0000000000,1,2620.0563452842,11732.1517907489,47149.0908463990,69,37960.2408532344,6997.1563644998,1200.0000000000,10800.0000000000,4438.0299066000
2025-05-07,S1,SEQUENTIAL_PREVIOUS_COMMITMENT,Optimal,1,10.0591587000,2,0.0000000000,7440.9590911881,7694.4682101051,59567.3694628681,35546.1792725413,37997.2159920119,58.1384370542,62.9944459041,62.9944459041,0.0000000000,7,2923.3121282671,13741.1053043088,49345.4230139043,70,36229.3663007340,6952.5367260610,1200.0000000000,10800.0000000000,4438.0299066000
2025-05-08,S1,SEQUENTIAL_PREVIOUS_COMMITMENT,Optimal,1,9.1621137000,2,0.0000000000,7694.4682101051,7824.7691902673,64098.6258346656,39344.4345978250,42052.8629777262,0.0000000000,0.0000000000,0.0000000000,0.0000000000,0,979.4312244953,4314.3318682353,43658.7664660603,31,34591.1030176879,7556.9243451563,1324.7955942824,10800.0000000000,4438.0299066000
2025-05-09,S1,SEQUENTIAL_PREVIOUS_COMMITMENT,Optimal,1,4.3617122000,2,0.0000000000,7824.7691902673,7082.5878576370,29535.4448773250,12366.1911525965,13089.2234257483,0.0000000000,0.0000000000,0.0000000000,0.0000000000,0,495.8176198643,1521.4316641587,13887.6228167552,25,32515.5463151751,5608.4821941284,1361.2126952869,10800.0000000000,4438.0299066000
2025-05-10,S1,SEQUENTIAL_PREVIOUS_COMMITMENT,Optimal,1,5.4520664000,2,0.0000000000,7082.5878576370,7134.2977822527,30677.6759344376,13103.1468547768,13993.1880394896,6.4297065542,7.2141790388,7.2141790388,0.0000000000,4,468.0958240612,1514.5747578077,14624.1513191387,24,33050.1176058229,5689.8073155042,1292.3630615117,10800.0000000000,4438.0299066000
2025-05-11,S1,SEQUENTIAL_PREVIOUS_COMMITMENT,Optimal,1,16.2219624000,2,0.0000000000,7134.2977822527,7070.7089007530,62848.4700843345,38485.6380321915,41105.7240433008,3.5187065733,3.6006206941,3.6006206941,0.0000000000,1,971.8171979469,3816.9461923934,42306.1029311582,42,32736.5528250364,7619.1183463638,1200.0000000000,10800.0000000000,4438.0299066000
2025-05-12,S1,SEQUENTIAL_PREVIOUS_COMMITMENT,Optimal,1,11.9153260000,2,0.0000000000,7070.7089007530,7099.6497495692,61350.6031103584,37622.1195908154,40068.6034955076,16.9176418001,14.6196794494,14.6196794494,0.0000000000,5,897.8672875709,3396.7004611816,41035.7376937971,38,29521.1819315575,7868.8153797154,1200.0000000000,10800.0000000000,4438.0299066000
2025-05-13,S1,SEQUENTIAL_PREVIOUS_COMMITMENT,Optimal,1,11.0855907000,2,0.0000000000,7099.6497495692,7399.0035774889,64805.6219293906,38779.2373734763,41507.8723584420,-78.3181095135,299.9095990728,0.0000000000,299.9095990728,2,267.5426570159,1306.9559005746,40007.8751645375,15,38218.8263797626,7685.7032180506,1217.4033936632,10800.0000000000,4438.0299066000
2025-05-14,S1,SEQUENTIAL_PREVIOUS_COMMITMENT,Optimal,1,11.9408759000,2,0.0000000000,7399.0035774889,7184.3547266672,63595.7675810793,38244.5100680754,40994.5992101271,39.7719845605,65.9663794596,65.9663794596,0.0000000000,2,246.3216684779,824.1798564627,39108.4619090986,20,34755.6271743150,7397.1893805370,1233.8021491784,10800.0000000000,4438.0299066000
2025-05-15,S1,SEQUENTIAL_PREVIOUS_COMMITMENT,Optimal,1,12.6012082000,2,0.0000000000,7184.3547266672,7569.2989677066,63243.3587174377,38436.0869168770,40948.7056332206,428.2598262968,386.3779445185,386.3779445185,0.0000000000,15,648.7404422737,2670.7510762820,41535.0978194558,27,35753.5889750084,7558.7297287332,1284.2866524463,10800.0000000000,4438.0299066000
2025-05-16,S1,SEQUENTIAL_PREVIOUS_COMMITMENT,Optimal,1,10.3665311000,2,0.0000000000,7569.2989677066,7367.6812820664,29111.4473565298,12265.7934684314,13173.1881622972,0.0000000000,0.0000000000,0.0000000000,0.0000000000,0,430.5189233208,1054.5453757528,13320.3388441842,19,32401.9958226908,5676.8982700794,1397.2433196442,10800.0000000000,4438.0299066000
2025-05-17,S1,SEQUENTIAL_PREVIOUS_COMMITMENT,Optimal,1,8.8034888000,2,0.0000000000,7367.6812820664,7521.8186680508,30125.4918079067,12767.1525703376,13749.7096383571,-1.7351984072,5.6438393469,0.0000000000,5.6438393469,1,657.2410692028,1997.2723863713,14762.6897583017,30,34837.7623248300,5440.6259182211,1298.4470260792,10800.0000000000,4438.0299066000
2025-05-18,S1,SEQUENTIAL_PREVIOUS_COMMITMENT,Optimal,1,7.8967343000,2,0.0000000000,7521.8186680508,7523.0659698947,62218.1781616414,37789.1163507952,40263.2184679941,2.0022115715,2.8376014335,2.8376014335,0.0000000000,1,1160.3958450680,3745.7603890030,41536.8789513696,36,32714.6848431647,7606.3305537636,1248.5854280843,10800.0000000000,4438.0299066000
2025-05-19,S1,SEQUENTIAL_PREVIOUS_COMMITMENT,Optimal,1,14.2987728000,2,0.0000000000,7523.0659698947,8118.7910369609,63508.2780280797,37613.7089520508,40353.3229064532,-5.1162847096,33.5494079315,0.0000000000,33.5494079315,1,357.0853890226,1926.7411568503,39535.3338241915,16,33385.7578306893,7543.0716542956,1200.0000000000,10800.0000000000,4438.0299066000
2025-05-20,S1,SEQUENTIAL_PREVIOUS_COMMITMENT,Optimal,1,11.4647459000,2,0.0000000000,8118.7910369609,6969.4916791893,58240.8722157748,35038.3648838957,37497.4016954458,47.2064372193,44.4429030960,44.4429030960,0.0000000000,6,1770.9898237162,6368.4678521843,41454.0391732993,52,35595.6822954667,7708.6203047767,1200.0000000000,10800.0000000000,4438.0299066000
2025-05-21,S1,SEQUENTIAL_PREVIOUS_COMMITMENT,Optimal,1,13.4383334000,2,0.0000000000,6969.4916791893,7096.7934128339,60001.0592432527,36432.9316844894,38591.2258808915,174.7723831387,160.4465491853,160.4465491853,0.0000000000,11,1061.8285952641,4206.5695140648,40814.2735816929,28,31440.9199482043,7303.5524028453,1258.1114138483,10800.0000000000,4438.0299066000
2025-05-22,S1,SEQUENTIAL_PREVIOUS_COMMITMENT,Optimal,1,9.0045091000,2,0.0000000000,7096.7934128339,7455.4984714785,60083.4073681554,36148.7703476416,38655.0219825829,37.7292249870,29.4372254867,29.4372254867,0.0000000000,5,492.0546735284,2466.4451599281,38652.9447325566,25,31912.0518256532,7511.3308617410,1200.0000000000,10800.0000000000,4438.0299066000
2025-05-23,S1,SEQUENTIAL_PREVIOUS_COMMITMENT,Optimal,1,9.9604448000,2,0.0000000000,7455.4984714785,7632.2411825092,29768.8887728218,12062.6360208569,13006.8693138582,0.0000000000,0.0000000000,0.0000000000,0.0000000000,0,414.7532137857,1407.4741359891,13470.1101568460,26,35812.2269274450,5493.1305797333,1307.8033624290,10800.0000000000,4438.0299066000
2025-05-24,S1,SEQUENTIAL_PREVIOUS_COMMITMENT,Optimal,1,6.3963183000,2,0.0000000000,7632.2411825092,7615.2876044518,29745.7349803675,12619.8010612953,13678.3546868104,0.0000000000,0.0000000000,0.0000000000,0.0000000000,0,198.0484814082,706.1233371427,13325.9243984380,19,32787.4461093481,5360.9255840426,1431.8642188401,10800.0000000000,4438.0299066000
2025-05-25,S1,SEQUENTIAL_PREVIOUS_COMMITMENT,Optimal,1,10.3014748000,2,0.0000000000,7615.2876044518,7043.2593185077,59833.1082074093,35723.0844410912,38163.7183516855,0.0000000000,0.0000000000,0.0000000000,0.0000000000,0,412.5808348719,2084.3469990444,37807.4314401356,21,33319.3660149509,7679.0507430125,1200.0000000000,10800.0000000000,4438.0299066000
2025-05-26,S1,SEQUENTIAL_PREVIOUS_COMMITMENT,Optimal,1,9.9809564000,2,0.0000000000,7043.2593185077,7048.9888410852,58908.7906786246,35373.8459676871,37871.1407618772,998.4420813594,1384.9392061405,1384.9392061405,0.0000000000,3,1988.6761700944,7310.8994058115,43683.1874548580,45,34318.5601128339,7580.0703493714,1200.0000000000,10800.0000000000,4438.0299066000
2025-05-27,S1,SEQUENTIAL_PREVIOUS_COMMITMENT,Optimal,1,12.0452357000,2,0.0000000000,7048.9888410852,7650.9911972261,61550.9933849714,36700.1341572673,39373.4746450876,112.9334245655,110.0358406073,110.0358406073,0.0000000000,8,591.0544415337,2135.6424594125,38948.7100412452,29,35394.3003559766,7802.2433411463,1200.0000000000,10800.0000000000,4438.0299066000
2025-05-28,S1,SEQUENTIAL_PREVIOUS_COMMITMENT,Optimal,1,9.9676639000,2,0.0000000000,7650.9911972261,8244.2690119605,62736.7180156781,37902.0901203548,40975.4990679753,44.5033662630,57.9775443110,57.9775443110,0.0000000000,2,1168.8250704091,3335.7499732693,41282.3434598871,27,36402.3831647575,7335.8274802822,1200.0000000000,10800.0000000000,4438.0299066000
2025-05-29,S1,SEQUENTIAL_PREVIOUS_COMMITMENT,Optimal,1,10.2704555000,2,0.0000000000,8244.2690119605,7142.7710329315,58666.0535343115,35378.7503889592,38420.5036153363,834.4666545447,1027.3153904560,1027.3153904560,0.0000000000,8,1063.1180162771,4108.1703850910,40321.3874285949,53,33551.8004557972,7413.8200467478,1247.6731437339,10800.0000000000,4438.0299066000
2025-05-30,S1,SEQUENTIAL_PREVIOUS_COMMITMENT,Optimal,1,6.2456296000,2,0.0000000000,7142.7710329315,7491.5638760521,29339.5201466408,12359.3969823767,13284.7616307880,22.7547159847,25.0986369402,25.0986369402,0.0000000000,4,746.4332427196,2318.3335526698,14700.4852510313,18,32556.7054806858,5578.3929752789,1364.1941850099,10800.0000000000,4438.0299066000
2025-05-31,S1,SEQUENTIAL_PREVIOUS_COMMITMENT,Optimal,1,9.6783701000,2,0.0000000000,7491.5638760521,7595.9957379741,30162.3592380467,11827.1553795177,12847.2405731375,0.0000000000,0.0000000000,0.0000000000,0.0000000000,0,454.9663877200,1447.0651342692,13274.2205137870,23,38841.6768404698,5810.7485731397,1301.2648909687,10800.0000000000,4438.0299066000
2025-06-01,S1,SEQUENTIAL_PREVIOUS_COMMITMENT,Optimal,1,9.4934734000,2,0.0000000000,7595.9957379741,7467.7235336499,61613.8056070656,40834.7114786285,43575.8080019513,2209.4936644519,2169.8498363855,2169.8498363855,0.0000000000,20,10890.7216238320,46694.7935894510,89738.9987325314,117,30690.2918235651,7795.8033510026,1200.0000000000,10800.0000000000,4438.0299066000
2025-06-02,S1,SEQUENTIAL_PREVIOUS_COMMITMENT,Optimal,1,13.8169146000,2,0.0000000000,7467.7235336499,7346.1332872162,63889.3366549839,41135.9464809367,44714.4817592442,141.7561041823,583.9269739754,173.1333231501,410.7936508253,19,10102.7540070413,44724.1688378057,86001.8714229247,116,37315.3063010070,6966.8078021458,1200.0000000000,10800.0000000000,4438.0299066000
2025-06-03,S1,SEQUENTIAL_PREVIOUS_COMMITMENT,Optimal,1,7.0489888000,2,0.0000000000,7346.1332872162,7333.5440325364,64697.4755518925,42018.6435359141,45132.8271032422,1512.3199528888,1620.1299908772,1620.1299908772,0.0000000000,24,6845.5146931497,29736.4494760120,73267.4129648149,103,37678.7248708515,6963.5298996352,1200.0000000000,10800.0000000000,4438.0299066000
2025-06-04,S1,SEQUENTIAL_PREVIOUS_COMMITMENT,Optimal,1,10.3560099000,2,0.0000000000,7333.5440325364,7561.6001550545,67198.2426304701,43803.5177596447,46926.2807383800,-41.0452869451,151.1901939354,0.0000000000,151.1901939354,6,7463.0131798499,31399.9235843812,75162.3960570809,108,36847.8217678961,7292.2826104839,1200.0000000000,10800.0000000000,4438.0299066000
2025-06-05,S1,SEQUENTIAL_PREVIOUS_COMMITMENT,Optimal,1,8.4981205000,2,0.0000000000,7561.6001550545,8120.5886493749,69601.6073547437,45757.4811258757,50933.0282478115,611.8772526902,569.3679703866,569.3679703866,0.0000000000,10,6876.9296562312,29097.9151851999,75467.2735637659,101,40979.0867115710,7218.0028132364,1200.0000000000,10800.0000000000,4438.0299066000
2025-06-06,S1,SEQUENTIAL_PREVIOUS_COMMITMENT,Optimal,1,9.2054820000,2,0.0000000002,8120.5886493749,7214.1773623670,29226.5194145715,13575.8636568182,15028.8199691582,55.4512422717,52.5784893937,52.5784893937,0.0000000000,6,7538.1709921860,28161.7975949103,41793.1124940002,91,35081.3998182383,5345.7880835780,1200.0000000000,10800.0000000000,4438.0299066000
2025-06-07,S1,SEQUENTIAL_PREVIOUS_COMMITMENT,Optimal,1,8.1773068000,2,0.0000000000,7214.1773623670,7351.3751194498,31407.5374043626,14584.2686129249,17399.0450407117,0.0000000000,0.0000000000,0.0000000000,0.0000000000,0,5620.7081373389,20110.4007483843,34694.6693613091,89,35676.3078133794,5277.0613487230,1200.0000000000,10800.0000000000,4438.0299066000
2025-06-08,S1,SEQUENTIAL_PREVIOUS_COMMITMENT,Optimal,1,5.9317982000,2,0.0000000000,7351.3751194498,8291.7991832501,82258.2121226205,55333.7443447035,59726.8304181091,-416.0769524389,1052.1656953431,0.0000000000,1052.1656953431,8,27.7669987678,95.6299830731,55013.2973753377,6,33681.8270183578,7693.0270321419,1200.0000000000,10800.0000000000,4438.0299066000
2025-06-09,S1,SEQUENTIAL_PREVIOUS_COMMITMENT,Optimal,1,8.5659104000,2,0.0000000000,8291.7991832501,7459.6146770698,79577.0949099067,54382.9047533494,59024.2993481395,-1.8797266571,8.0856170134,0.2447342690,7.8408827444,4,1019.5154243840,4269.5659579877,58650.5909846800,39,36714.8249623107,7590.0352636160,1200.0000000000,10800.0000000000,4438.0299066000
2025-06-10,S1,SEQUENTIAL_PREVIOUS_COMMITMENT,Optimal,1,5.7545920000,2,0.0000000000,7459.6146770698,7655.4105041828,80180.0045919743,54218.3970901959,58148.0508691248,23.6396298786,16.1002357242,16.1002357242,0.0000000000,3,706.0485364272,2636.1342066717,56878.1709267462,34,39405.4605951628,7383.4527577921,1200.0000000000,10800.0000000000,4438.0299066000
2025-06-11,S1,SEQUENTIAL_PREVIOUS_COMMITMENT,Optimal,1,5.8714732000,2,0.0000000000,7655.4105041828,7671.9059358960,81609.2056465904,54908.8447406708,58538.8653995430,1052.8961308055,871.4481926607,871.4481926607,0.0000000000,12,1890.5586459911,9675.0106892292,65636.7515607055,47,43043.6779918911,7218.9261072117,1200.0000000000,10800.0000000000,4438.0299066000
2025-06-12,S1,SEQUENTIAL_PREVIOUS_COMMITMENT,Optimal,1,9.4436913000,2,0.0000000000,7671.9059358960,8221.3296073414,82997.0545120836,56220.9464839924,59959.2751183923,0.0000000000,0.0000000000,0.0000000000,0.0000000000,0,952.2267128775,4542.6130204520,60763.5595044444,28,40010.0197217509,7342.7845564994,1200.0000000000,10800.0000000000,4438.0299066000
2025-06-13,S1,SEQUENTIAL_PREVIOUS_COMMITMENT,Optimal,1,11.5499221000,2,0.0000000000,8221.3296073414,7810.1725815277,38616.4116307086,19345.9469847177,22291.8596423668,-0.7668535570,1.4392897092,0.0000000000,1.4392897092,1,441.7469000394,1824.6475983036,21169.8277294642,21,31689.3098903229,6197.2582645884,1226.0902849652,10800.0000000000,4438.0299066000
2025-06-14,S1,SEQUENTIAL_PREVIOUS_COMMITMENT,Optimal,1,7.8351911000,2,0.0000000000,7810.1725815277,7700.8853512179,38556.9938539465,19761.7525556258,21737.0870772362,0.0000000000,0.0000000000,0.0000000000,0.0000000000,0,196.3222858498,672.3480653420,20434.1006209678,14,31746.8143563964,5973.3862793844,1287.0275346706,10800.0000000000,4438.0299066000
2025-06-15,S1,SEQUENTIAL_PREVIOUS_COMMITMENT,Optimal,1,7.2874973000,2,0.0000000000,7700.8853512179,7673.1611565775,82176.2324917765,56068.9392982795,62153.5980126471,27.1874380243,31.1725243023,31.1725243023,0.0000000000,4,357.8190916900,1714.1316439284,57810.2583802322,14,37836.7997185854,7457.9513509141,1210.4637592593,10800.0000000000,4438.0299066000
2025-06-16,S1,SEQUENTIAL_PREVIOUS_COMMITMENT,Optimal,1,6.9926960000,2,0.0000000000,7673.1611565775,7790.3943936644,82082.7882926270,56251.6595021904,61222.4966557442,82.7926750975,97.6636364781,97.6636364781,0.0000000000,6,750.2410621861,3220.0541329339,59554.5063102218,38,39591.9862050080,7206.2289167693,1200.0000000000,10800.0000000000,4438.0299066000
2025-06-17,S1,SEQUENTIAL_PREVIOUS_COMMITMENT,Optimal,1,9.5767314000,2,0.0000000000,7790.3943936644,8108.4110789641,82813.4229727246,56219.9279169024,61131.9856734816,388.4425610879,307.5862090993,307.5862090993,0.0000000000,8,1502.9273022168,7844.8388654090,64453.2093433994,40,39749.2678118009,7641.2914074906,1214.5288770676,10800.0000000000,4438.0299066000
2025-06-18,S1,SEQUENTIAL_PREVIOUS_COMMITMENT,Optimal,1,9.7833055000,2,0.0000000000,8108.4110789641,7631.9722021897,82448.0953771964,56703.4807445479,61179.7142998758,92.1684833516,72.5340044528,72.5340044528,0.0000000000,6,368.1662036998,1546.7073429481,58342.3565708475,23,33463.2052332756,7771.9679882006,1200.0000000000,10800.0000000000,4438.0299066000
2025-06-19,S1,SEQUENTIAL_PREVIOUS_COMMITMENT,Optimal,1,10.5307945000,2,0.0000000000,7631.9722021897,7993.5519980911,82739.5231510165,55907.0715841063,59791.8085390567,-114.2116651367,337.3620340617,0.0000000000,337.3620340617,11,677.9885968187,2710.0037777639,58502.8636967335,28,35040.6389043944,7620.3734682839,1200.0000000000,10800.0000000000,4438.0299066000
2025-06-20,S1,SEQUENTIAL_PREVIOUS_COMMITMENT,Optimal,1,11.7416859000,2,0.0000000000,7993.5519980911,8226.6444618949,39313.6845813192,19542.5662498823,22811.0866321097,0.0000000000,0.0000000000,0.0000000000,0.0000000000,0,177.4486119501,448.3763673739,19990.9426172562,14,33503.4053139962,5750.7570976048,1320.2746179712,10800.0000000000,4438.0299066000
2025-06-21,S1,SEQUENTIAL_PREVIOUS_COMMITMENT,Optimal,1,9.6111735000,2,0.0000000000,8226.6444618949,7952.4918412466,37424.1297354860,18336.7708596621,20242.3426888094,0.0000000000,0.0000000000,0.0000000000,0.0000000000,0,192.7852454496,501.1546296950,18837.9254893571,15,36894.7571176392,5399.4674929340,1460.1314641294,10800.0000000000,4438.0299066000
2025-06-22,S1,SEQUENTIAL_PREVIOUS_COMMITMENT,Optimal,1,5.4527688000,2,0.0000000000,7952.4918412466,7795.1860519465,79361.2532985060,53087.2326607070,57755.5189669376,-85.8845811280,303.6868078812,15.7735805083,287.9132273729,9,817.5008734701,3639.6067185570,56640.9547981360,30,39470.9030582398,7328.2632219333,1200.0000000000,10800.0000000000,4438.0299066000
2025-06-23,S1,SEQUENTIAL_PREVIOUS_COMMITMENT,Optimal,1,10.5265985000,2,0.0000000000,7795.1860519465,8246.8837968011,81102.6766791617,54305.5182328065,59554.1944463824,0.0000000000,0.0000000000,0.0000000000,0.0000000000,0,372.1298254096,1283.2095860433,55588.7278188498,21,36847.1977801836,7911.1554202708,1200.0000000000,10800.0000000000,4438.0299066000
2025-06-24,S1,SEQUENTIAL_PREVIOUS_COMMITMENT,Optimal,1,10.1987772000,2,0.0000000000,8246.8837968011,7651.4843789008,79299.9738142184,54810.8500911105,58664.5895253391,1004.1433214411,809.1772185713,809.1772185713,0.0000000000,17,3197.6552123065,14297.0279594564,70112.0213720080,65,40954.5534236388,7685.7663505299,1200.0000000000,10800.0000000000,4438.0299066000
2025-06-25,S1,SEQUENTIAL_PREVIOUS_COMMITMENT,Optimal,1,10.0845456000,2,0.0000000000,7651.4843789008,7594.2247777716,79347.7300960072,53247.9324880423,57738.0600276861,0.0000000000,0.0000000000,0.0000000000,0.0000000000,0,938.4153089383,4369.9777217302,57617.9102097725,31,36077.2003557557,7569.9582464847,1233.2849974234,10800.0000000000,4438.0299066000
2025-06-26,S1,SEQUENTIAL_PREVIOUS_COMMITMENT,Optimal,1,7.6060782000,2,0.0000000000,7594.2247777716,7497.7605450617,78821.6558288218,52204.9672902610,56460.4314743902,0.0000000000,0.0000000000,0.0000000000,0.0000000000,0,540.8836144640,2058.7677054781,54263.7349957391,25,36855.1606807488,7360.8243852468,1200.0000000000,10800.0000000000,4438.0299066000
2025-06-27,S1,SEQUENTIAL_PREVIOUS_COMMITMENT,Optimal,1,11.4336348000,2,0.0000000000,7497.7605450617,8307.7209817509,37241.6161239391,17619.4896990531,19944.5153820130,0.0000000000,0.0000000000,0.0000000000,0.0000000000,0,203.3928959292,807.3599324795,18426.8496315326,12,35805.8292082781,5667.1766882092,1384.4510980700,10800.0000000000,4438.0299066000
2025-06-28,S1,SEQUENTIAL_PREVIOUS_COMMITMENT,Optimal,1,9.6198548000,2,0.0000000000,8307.7209817509,8242.3163872931,37222.2840303463,17765.0271458370,20441.5847665595,0.0000000000,0.0000000000,0.0000000000,0.0000000000,0,490.8513534658,1882.5252884335,19647.5524342705,17,36850.2235075942,5484.3134587089,1260.7108426160,10800.0000000000,4438.0299066000
2025-06-29,S1,SEQUENTIAL_PREVIOUS_COMMITMENT,Optimal,1,8.5237626000,2,0.0000000000,8242.3163872931,7672.7903129314,77791.8660643633,52556.8277426426,56546.9341063569,6.3617776518,4.6190210207,4.6190210207,0.0000000000,1,1173.3728481421,4526.4584784914,57089.6479987858,31,34871.3785490575,7729.6802971166,1200.0000000000,10800.0000000000,4438.0299066000
2025-06-30,S1,SEQUENTIAL_PREVIOUS_COMMITMENT,Optimal,1,11.7669987000,2,0.0000000000,7672.7903129314,7730.7593006668,79315.7917940176,53085.6775764183,58844.1224935996,5.9921320597,4.2464177226,4.2464177226,0.0000000000,2,1150.3470487741,4424.9231861830,57516.5928946610,29,36789.8286386100,7613.9205105378,1200.0000000000,10800.0000000000,4438.0299066000
2025-07-01,S1,SEQUENTIAL_PREVIOUS_COMMITMENT,Optimal,1,5.5854692000,2,0.0000000000,7730.7593006668,7892.4646936487,81774.4496675264,59305.6462579756,65587.5109421916,-12.9640265285,49.6691176501,0.0000000000,49.6691176501,4,5948.1527210570,24803.3193483260,84096.0015797731,96,38358.5153669622,7466.8675521756,1200.0000000000,10800.0000000000,4438.0299066000
2025-07-02,S1,SEQUENTIAL_PREVIOUS_COMMITMENT,Optimal,1,10.1666434000,2,0.0000000000,7892.4646936487,7692.2896361551,75926.9083522009,54842.4905066399,58817.1535069029,-359.7088600873,1092.1084994363,0.0000000000,1092.1084994363,10,7205.0318463831,30422.4293763231,84905.2110228756,95,33663.1706981562,7574.7377249288,1200.0000000000,10800.0000000000,4438.0299066000
2025-07-03,S1,SEQUENTIAL_PREVIOUS_COMMITMENT,Optimal,1,9.2247967000,2,0.0000000000,7692.2896361551,7212.4116777821,75180.1047550164,55833.1590745189,61564.1901983524,0.0000000000,0.0000000000,0.0000000000,0.0000000000,0,8939.7907461200,38984.4684439077,94817.6275184266,113,34194.4280595794,7638.2209511669,1200.0000000000,10800.0000000000,4438.0299066000
2025-07-04,S1,SEQUENTIAL_PREVIOUS_COMMITMENT,Optimal,1,8.9718200000,2,0.0000000000,7212.4116777821,7639.5086833290,35357.8655776059,19619.8613465573,22530.6804493462,-1.5952459529,6.5851226127,0.0000000000,6.5851226127,1,7547.3644083271,27424.6519213638,47042.9180219682,95,35181.4951727417,5206.7343757092,1200.0000000000,10800.0000000000,4438.0299066000
2025-07-05,S1,SEQUENTIAL_PREVIOUS_COMMITMENT,Optimal,1,11.5426841000,2,0.0000000000,7639.5086833290,7578.4744723673,35543.5718801199,18950.4170732765,20980.1466180013,0.0000000000,0.0000000000,0.0000000000,0.0000000000,0,7511.0813072979,27894.5269917057,46844.9440649822,93,36702.1607737434,5149.2461173652,1200.0000000000,10800.0000000000,4438.0299066000
2025-07-06,S1,SEQUENTIAL_PREVIOUS_COMMITMENT,Optimal,1,7.9945659000,2,0.0000000000,7578.4744723673,7968.1513478802,73564.9959332146,53845.7376037351,59587.8466130397,241.1518230454,249.8675025640,249.8675025640,0.0000000000,14,10651.0265474383,50464.4702328983,104551.3596596787,124,37374.4689292055,7225.0056632722,1200.0000000000,10800.0000000000,4438.0299066000
2025-07-07,S1,SEQUENTIAL_PREVIOUS_COMMITMENT,Optimal,1,10.6948431000,2,0.0000000000,7968.1513478802,8139.0946420631,71799.8837423364,51704.6269245970,55812.8009246758,-49.1681649688,146.3614614294,0.0000000000,146.3614614294,6,8367.4513986727,36301.6326166189,87957.0913762471,99,33404.9679013427,7617.8568040205,1200.0000000000,10800.0000000000,4438.0299066000
2025-07-08,S1,SEQUENTIAL_PREVIOUS_COMMITMENT,Optimal,1,6.7074605000,2,0.0000000000,8139.0946420631,7382.3723161186,85157.8972496246,63041.0123492521,68372.3967829644,-29.3763131645,130.0631363316,0.0000000000,130.0631363316,5,1147.1905140870,5512.0381725826,68523.6742086702,40,39003.9742460333,7310.4240406588,1200.0000000000,10800.0000000000,4438.0299066000
2025-07-09,S1,SEQUENTIAL_PREVIOUS_COMMITMENT,Optimal,1,14.2360325000,2,0.0000000000,7382.3723161186,8144.4605805291,87806.3127266571,64637.4562584726,69605.4892278686,-3.5086178479,9.2931210379,0.0000000000,9.2931210379,1,512.3538725069,2369.4333994857,67003.3810401104,21,37511.3900819327,7270.5263796618,1200.0000000000,10800.0000000000,4438.0299066000
2025-07-10,S1,SEQUENTIAL_PREVIOUS_COMMITMENT,Optimal,1,11.2098028000,2,0.0000000000,8144.4605805291,8146.7258752687,87416.5081624455,64681.1817136633,69848.9657752366,-12.1869853286,104.0810436051,7.0508995236,97.0301440815,5,472.7987105491,1944.9422189426,66613.9369472773,19,37403.2697820479,7456.9561102621,1200.0000000000,10800.0000000000,4438.0299066000
2025-07-11,S1,SEQUENTIAL_PREVIOUS_COMMITMENT,Optimal,1,9.8719829000,2,0.0000000000,8146.7258752687,7573.8890622227,45424.5351411587,26925.3597610785,29617.8964691808,0.0000000000,0.0000000000,0.0000000000,0.0000000000,0,379.5679374667,1057.3704609322,27982.7302220108,17,33931.8814691639,5823.7305388195,1200.0000000000,10800.0000000000,4438.0299066000
2025-07-12,S1,SEQUENTIAL_PREVIOUS_COMMITMENT,Optimal,1,10.2535294000,2,0.0000000000,7573.8890622227,7322.2028910929,45055.0811620697,25680.5288201410,26977.3815673082,1.3548846566,1.2695039375,1.2695039375,0.0000000000,2,590.8739144491,1871.3621038882,27553.2458086858,22,36549.0444285163,5253.8132994098,1200.0000000000,10800.0000000000,4438.0299066000
2025-07-13,S1,SEQUENTIAL_PREVIOUS_COMMITMENT,Optimal,1,7.5731744000,2,0.0000000000,7322.2028910929,8441.2814613379,89627.8924042001,64426.3788344791,71240.8558550773,-4.0849783909,17.8938290816,0.0000000000,17.8938290816,2,86.5256186631,430.6869499087,64852.9808059969,8,35953.9478526227,7312.6474647268,1200.0000000000,10800.0000000000,4438.0299066000
2025-07-14,S1,SEQUENTIAL_PREVIOUS_COMMITMENT,Optimal,1,13.0943969000,2,0.0000000000,8441.2814613379,8359.5583896865,86592.6834929350,62544.9611363664,67909.5515660031,-10.7584864197,39.7085784384,0.0000000000,39.7085784384,2,329.4877177925,1810.4196037080,64344.6222536546,14,39119.8884666364,7263.1494120206,1200.0000000000,10800.0000000000,4438.0299066000
2025-07-15,S1,SEQUENTIAL_PREVIOUS_COMMITMENT,Optimal,1,10.2671472000,2,0.0000000000,8359.5583896865,7739.2134850963,84693.2784090739,61982.1724696943,67259.6275567845,-31.3786863252,107.1332374905,0.0000000000,107.1332374905,5,521.6975621665,2085.5788596421,64036.3726430112,22,34688.7439368892,7588.8567158087,1200.0000000000,10800.0000000000,4438.0299066000
2025-07-16,S1,SEQUENTIAL_PREVIOUS_COMMITMENT,Optimal,1,7.7324165000,2,0.0000000000,7739.2134850963,8481.2126903648,87454.1874211590,64863.7882897916,70589.1027388107,-1.3662956144,5.2885450528,0.0000000000,5.2885450528,1,669.8987118976,2931.0538938471,67793.4758880243,16,34029.6466392445,7660.3202197074,1200.0000000000,10800.0000000000,4438.0299066000
2025-07-17,S1,SEQUENTIAL_PREVIOUS_COMMITMENT,Optimal,1,6.7681899000,2,0.0000000000,8481.2126903648,8094.9609125162,85159.3506957979,62348.0908434511,68667.7918842858,-2.1847176790,10.0009964707,0.0000000000,10.0009964707,1,812.7257838952,3442.3556417540,65788.2617675260,27,40786.6135911463,7280.7342393623,1200.0000000000,10800.0000000000,4438.0299066000
2025-07-18,S1,SEQUENTIAL_PREVIOUS_COMMITMENT,Optimal,1,7.8236832000,2,0.0000000000,8094.9609125162,7702.6549508298,44591.0077399590,25228.1370172890,27145.1129850722,0.0000000000,0.0000000000,0.0000000000,0.0000000000,0,223.7877710594,920.2318939189,26148.3689112079,17,37710.6224916292,5429.6304219027,1200.0000000000,10800.0000000000,4438.0299066000
2025-07-19,S1,SEQUENTIAL_PREVIOUS_COMMITMENT,Optimal,1,7.0443998000,2,0.0000000000,7702.6549508298,7655.3432345385,45435.7506601277,25541.8885074147,28208.4787344921,-0.5667337510,1.9124742819,0.0000000000,1.9124742819,2,361.0272775699,1114.2720302484,26655.5938039121,18,38632.8750648997,5497.0013761143,1200.0000000000,10800.0000000000,4438.0299066000
2025-07-20,S1,SEQUENTIAL_PREVIOUS_COMMITMENT,Optimal,1,8.2030895000,2,0.0000000000,7655.3432345385,7520.9173904812,81807.6574327360,59696.9700354473,63673.1359270222,13.0139181710,19.6567057918,19.6567057918,0.0000000000,2,813.8586913573,3011.4987869066,62721.4827405249,31,35956.9413122524,7149.4792923754,1200.0000000000,10800.0000000000,4438.0299066000
2025-07-21,S1,SEQUENTIAL_PREVIOUS_COMMITMENT,Optimal,1,5.9786877000,2,0.0000000000,7520.9173904812,8143.1267676074,86508.2720187033,64296.4431637784,70382.7651839280,-15.0262759510,55.5312611675,0.0000000000,55.5312611675,4,371.8761641446,1438.1135024342,65719.5303902616,16,36216.8810612734,7455.7419670337,1200.0000000000,10800.0000000000,4438.0299066000
2025-07-22,S1,SEQUENTIAL_PREVIOUS_COMMITMENT,Optimal,1,11.5013504000,2,0.0000000000,8143.1267676074,7632.7642409272,83817.0179595275,61215.1951202330,66518.5461605551,860.2361459471,857.9021527378,857.9021527378,0.0000000000,15,752.3851730910,3025.5612807724,65100.9925469526,28,40760.4496885716,7281.5890885520,1200.0000000000,10800.0000000000,4438.0299066000
2025-07-23,S1,SEQUENTIAL_PREVIOUS_COMMITMENT,Optimal,1,7.3995744000,2,0.0000000000,7632.7642409272,7765.0185016296,86172.7934470153,62806.0337616735,67669.8922052555,-30.0806925855,105.8732640142,0.3873234707,105.4859405435,6,493.8256588771,2026.5086804549,64802.4617495429,17,37700.4025020886,7431.5540573908,1200.0000000000,10800.0000000000,4438.0299066000
2025-07-24,S1,SEQUENTIAL_PREVIOUS_COMMITMENT,Optimal,1,10.4501965000,2,0.0000000000,7765.0185016296,8376.0006252022,86145.7638447746,63087.7912802670,68299.9734296431,0.4676306127,272.9870563467,48.6185566023,224.3684997444,14,907.5239912998,4306.3349561887,67394.5938670684,25,34478.7625884177,7641.6994267580,1200.0000000000,10800.0000000000,4438.0299066000
2025-07-25,S1,SEQUENTIAL_PREVIOUS_COMMITMENT,Optimal,1,9.1276922000,2,0.0000000000,8376.0006252022,8536.1930780860,46126.2697006715,26541.9658133587,29992.2327111036,0.0000000000,0.0000000000,0.0000000000,0.0000000000,0,122.3734038857,400.9412976337,26942.9071109924,10,36003.8035638794,5842.3489703415,1200.0000000000,10800.0000000000,4438.0299066000
2025-07-26,S1,SEQUENTIAL_PREVIOUS_COMMITMENT,Optimal,1,7.8930006000,2,0.0000000000,8536.1930780860,8031.5188329127,45124.7950650792,25859.6264568422,28718.5269953823,0.0000000000,0.0000000000,0.0000000000,0.0000000000,0,282.6097141740,735.5025779569,26595.1290347991,10,35750.4220451615,5968.2865888122,1200.0000000000,10800.0000000000,4438.0299066000
2025-07-27,S1,SEQUENTIAL_PREVIOUS_COMMITMENT,Optimal,1,7.2483959000,2,0.0000000000,8031.5188329127,7595.2089973715,83973.1307101491,61356.7083325310,66939.4151283769,-5.4077050563,113.1591712046,15.9941201278,97.1650510768,5,813.0132658342,3252.7448260694,64604.0454535441,31,39517.8843902782,7182.5260947662,1200.0000000000,10800.0000000000,4438.0299066000
2025-07-28,S1,SEQUENTIAL_PREVIOUS_COMMITMENT,Optimal,1,6.4965362000,2,0.0000000000,7595.2089973715,7710.0239136340,83865.7684992510,61758.6798875606,65946.6165861946,228.7733640152,184.4120166012,184.4120166012,0.0000000000,20,2126.0165024500,9117.5393438164,71104.9925953922,49,39519.9569756568,7310.5506633950,1200.0000000000,10800.0000000000,4438.0299066000
2025-07-29,S1,SEQUENTIAL_PREVIOUS_COMMITMENT,Optimal,1,8.3729162000,2,0.0000000000,7710.0239136340,8100.3932596892,86427.6876344918,63010.4232242256,68971.3780786063,616.1309344789,627.5131863037,627.5131863037,0.0000000000,13,701.3751647301,2729.7068755366,66356.2610342412,19,41050.2110804927,7213.9308759801,1200.0000000000,10800.0000000000,4438.0299066000
2025-07-30,S1,SEQUENTIAL_PREVIOUS_COMMITMENT,Optimal,1,6.3935655000,2,0.0000000000,8100.3932596892,9092.5503765864,88317.2615514286,65386.8668351270,71860.9946930467,483.3296720650,470.1906466628,470.1906466628,0.0000000000,8,314.5210906186,1242.0896076978,67112.2861148898,15,37337.2239233842,7366.4109393936,1200.0000000000,10800.0000000000,4438.0299066000
2025-07-31,S1,SEQUENTIAL_PREVIOUS_COMMITMENT,Optimal,1,8.7974813000,2,0.0000000000,9092.5503765864,7687.3717295126,83797.1163400800,60925.0416816849,65439.0331686892,0.0000000000,0.0000000000,0.0000000000,0.0000000000,0,732.2630910767,3519.2464335962,64444.2881152810,24,39984.6468337150,7633.9027502980,1200.0000000000,10800.0000000000,4438.0299066000
2025-08-01,S1,SEQUENTIAL_PREVIOUS_COMMITMENT,Optimal,1,8.0259061000,2,0.0000000000,7687.3717295126,8384.6746199957,46069.9855106453,26080.8949144567,28893.4094812576,-1.6166876790,5.4765842785,0.0000000000,5.4765842785,1,217.4327307974,524.7432290483,26604.0214558260,12,35681.0682857941,5888.0602219931,1200.0000000000,10800.0000000000,4438.0299066000
2025-08-02,S1,SEQUENTIAL_PREVIOUS_COMMITMENT,Optimal,1,7.2418213000,2,0.0000000000,8384.6746199957,7556.2848964027,43594.7551110028,24193.0465567939,26413.0956630245,0.0000000000,0.0000000000,0.0000000000,0.0000000000,0,213.5936240396,858.6889581640,25051.7355149579,17,37610.7793576715,5811.6321000529,1200.0000000000,10800.0000000000,4438.0299066000
2025-08-03,S1,SEQUENTIAL_PREVIOUS_COMMITMENT,Optimal,1,8.8134020000,2,0.0000000000,7556.2848964027,8218.1290511935,83710.7518976042,58931.3532026226,64676.8399134010,-229.4129544576,772.6495020758,0.0000000000,772.6495020758,7,190.9248245247,913.0515575690,59614.9918057341,10,34569.7444281195,7653.9309670452,1200.0000000000,10800.0000000000,4438.0299066000
2025-08-04,S1,SEQUENTIAL_PREVIOUS_COMMITMENT,Optimal,1,7.1630054000,2,0.0000000000,8218.1290511935,8199.0678725682,82362.1457313834,58644.0446568186,63518.3128629181,0.0000000000,0.0000000000,0.0000000000,0.0000000000,0,316.3101939045,1321.7273660280,59965.7720228466,11,36035.9877399688,7682.6739945802,1200.0000000000,10800.0000000000,4438.0299066000
2025-08-05,S1,SEQUENTIAL_PREVIOUS_COMMITMENT,Optimal,1,12.6148452000,2,0.0000000000,8199.0678725682,8497.6334843920,82479.8719857727,59028.9657915356,65067.9373290725,0.0000000000,0.0000000000,0.0000000000,0.0000000000,0,200.7368317445,929.1671752107,59958.1329667463,9,36407.5594127617,7390.8143835478,1200.0000000000,10800.0000000000,4438.0299066000
2025-08-06,S1,SEQUENTIAL_PREVIOUS_COMMITMENT,Optimal,1,9.0568937000,2,0.0000000000,8497.6334843920,10257.9582524517,84714.6929149803,61577.9668052446,67541.6678279668,0.0000000000,0.0000000000,0.0000000000,0.0000000000,0,393.4056938481,1751.5721355630,63329.5389408076,13,37530.3149251144,7716.8809343697,1200.0000000000,10800.0000000000,4438.0299066000
2025-08-07,S1,SEQUENTIAL_PREVIOUS_COMMITMENT,Optimal,1,7.6459900000,2,0.0000000000,10257.9582524517,7692.1204440702,75797.6473410733,54730.6807318120,58941.1446153054,-55.4128492222,315.3110648219,7.7021082529,307.6089565690,10,498.2821481789,1515.3779967631,56190.6458793529,25,36406.1841536889,7367.2119806575,1200.0000000000,10800.0000000000,4438.0299066000
2025-08-08,S1,SEQUENTIAL_PREVIOUS_COMMITMENT,Optimal,1,7.0919181000,2,0.0000000000,7692.1204440702,5308.1974844336,41661.7266083457,23360.7102824670,26389.1499624720,0.0000000000,0.0000000000,0.0000000000,0.0000000000,0,230.8670804866,789.9234142885,24150.6336967554,13,35219.3773727547,5205.1292601131,1200.0000000000,10800.0000000000,4438.0299066000
2025-08-09,S1,SEQUENTIAL_PREVIOUS_COMMITMENT,Optimal,1,7.2517509000,2,0.0000000000,5308.1974844336,7203.1079956055,44863.2042430169,24709.5181187613,27395.7944494009,0.0000000000,0.0000000000,0.0000000000,0.0000000000,0,387.1824143120,1226.1901408859,25935.7082596472,20,36607.4046165750,5220.8300595068,1200.0000000000,10800.0000000000,4438.0299066000
2025-08-10,S1,SEQUENTIAL_PREVIOUS_COMMITMENT,Optimal,1,17.0273787000,2,0.0000000000,7203.1079956055,8184.3211298070,78957.3170523376,57885.1524058660,62514.0215516253,-1.9831861200,8.9964761016,0.0000000000,8.9964761016,2,271.3073067827,1022.9843669314,58906.1535866775,14,35093.7958289338,7356.4250567675,1200.0000000000,10800.0000000000,4438.0299066000
2025-08-11,S1,SEQUENTIAL_PREVIOUS_COMMITMENT,Optimal,1,6.8001233000,2,0.0000000000,8184.3211298070,7629.4118497110,76732.1122084913,54255.5626888739,57793.9812652636,12.0129824342,8.0558674635,8.0558674635,0.0000000000,3,600.8640546337,2564.4157882137,56831.9914595218,19,40675.0546222237,6993.0576833810,1200.0000000000,10800.0000000000,4438.0299066000
2025-08-12,S1,SEQUENTIAL_PREVIOUS_COMMITMENT,Optimal,1,8.1137263000,2,0.0000000000,7629.4118497110,7748.6999669550,76313.8895438825,55366.8111446177,59786.4320713358,185.6957739873,131.9354835626,131.9354835626,0.0000000000,12,1130.4247417248,5532.0076280609,61084.5145466659,42,32938.0794560646,7595.4656622409,1200.0000000000,10800.0000000000,4438.0299066000
2025-08-13,S1,SEQUENTIAL_PREVIOUS_COMMITMENT,Optimal,1,7.4800881000,2,0.0000000000,7748.6999669550,7652.8848115195,75992.9847971342,54581.7583144554,58333.7213915164,0.0000000000,0.0000000000,0.0000000000,0.0000000000,0,788.1784883188,3292.5479848758,57874.3062993312,31,34318.8844997611,7338.3745191965,1200.0000000000,10800.0000000000,4438.0299066000
2025-08-14,S1,SEQUENTIAL_PREVIOUS_COMMITMENT,Optimal,1,9.9514061000,2,0.0000000000,7652.8848115195,8270.1041052832,77583.5313435253,55819.2501116022,60541.2397052483,986.5057841827,1063.5706999114,1063.5706999114,0.0000000000,8,570.9997243571,2942.6664296072,59748.4223253920,26,37756.2125311204,7247.7461050164,1200.0000000000,10800.0000000000,4438.0299066000
2025-08-15,S1,SEQUENTIAL_PREVIOUS_COMMITMENT,Optimal,1,5.9521379000,2,0.0000000000,8270.1041052832,4992.6351562500,38577.5078360765,22346.5397402029,24945.0888309149,0.0000000000,0.0000000000,0.0000000000,0.0000000000,0,474.3242090620,1443.9960637682,23790.5358039711,23,29447.7647957326,5600.8406882103,1200.0000000000,10800.0000000000,4438.0299066000
2025-08-16,S1,SEQUENTIAL_PREVIOUS_COMMITMENT,Optimal,1,8.6762387000,2,0.0000000000,4992.6351562500,7724.7023060837,44911.7887543814,24659.5074902004,26480.6053546950,0.0000000000,0.0000000000,0.0000000000,0.0000000000,0,443.7431135072,1818.2218940131,26477.7293842135,22,34161.0567885961,5564.1712332511,1200.0000000000,10800.0000000000,4438.0299066000
2025-08-17,S1,SEQUENTIAL_PREVIOUS_COMMITMENT,Optimal,1,7.3590660000,2,0.0000000000,7724.7023060837,7745.6943921430,76484.5857555751,54601.4190006047,58719.0878366182,0.0000000000,0.0000000000,0.0000000000,0.0000000000,0,535.1021792058,2515.3916400882,57116.8106406929,25,37293.6113216322,7067.3137042201,1200.0000000000,10800.0000000000,4438.0299066000
2025-08-18,S1,SEQUENTIAL_PREVIOUS_COMMITMENT,Optimal,1,8.6125275000,2,0.0000000000,7745.6943921430,7653.8862903685,77027.0599542244,55246.2265321959,59777.6536339239,0.0000000000,0.0000000000,0.0000000000,0.0000000000,0,663.1845229053,3189.5019370193,58435.7284692152,26,37318.2226813422,7061.0772500683,1200.0000000000,10800.0000000000,4438.0299066000
2025-08-19,S1,SEQUENTIAL_PREVIOUS_COMMITMENT,Optimal,1,9.1699805000,2,0.0000000000,7653.8862903685,7857.6341457342,76787.8170438566,55712.6380340482,60615.6281051852,0.0000000000,0.0000000000,0.0000000000,0.0000000000,0,567.8568763609,2625.2740035204,58337.9120375687,20,32978.8809372939,7411.7066131793,1200.0000000000,10800.0000000000,4438.0299066000
2025-08-20,S1,SEQUENTIAL_PREVIOUS_COMMITMENT,Optimal,1,9.4623896000,2,0.0000000000,7857.6341457342,7772.4690189826,76757.3820222291,55867.3768454868,60925.0498010571,1253.8868513790,1319.7844149777,1319.7844149777,0.0000000000,6,1467.6964435908,6380.1485803372,63501.4122772030,42,40899.3193438233,7080.1529172090,1200.0000000000,10800.0000000000,4438.0299066000
2025-08-21,S1,SEQUENTIAL_PREVIOUS_COMMITMENT,Optimal,1,9.6683577000,2,0.0000000000,7772.4690189826,7812.4139154884,77083.7599355605,55686.2825669843,60131.7118416398,13.3666794748,7.9868688841,7.9868688841,0.0000000000,2,540.1040434669,2135.1766187513,57834.8258652104,16,33136.3181087333,7580.4272191526,1200.0000000000,10800.0000000000,4438.0299066000
2025-08-22,S1,SEQUENTIAL_PREVIOUS_COMMITMENT,Optimal,1,4.0925054000,2,0.0000000000,7812.4139154884,7603.2724447264,42306.5425915925,23522.7697507953,25542.8587414980,0.0000000000,0.0000000000,0.0000000000,0.0000000000,0,908.3010837034,3329.7900932500,26852.5598440453,36,36090.7884893277,5646.8730487379,1219.6477397280,10800.0000000000,4438.0299066000
2025-08-23,S1,SEQUENTIAL_PREVIOUS_COMMITMENT,Optimal,1,2.5835674000,2,0.0000000000,7603.2724447264,7622.6339020486,43206.2515245859,23513.1893213539,25325.7606512977,2.5552762463,2.4984019347,2.4984019347,0.0000000000,2,407.9303188635,1284.3616992427,24800.1062968428,19,38245.3725104861,5473.9413032282,1200.0000000000,10800.0000000000,4438.0299066000
2025-08-24,S1,SEQUENTIAL_PREVIOUS_COMMITMENT,Optimal,1,9.8625554000,2,0.0000000000,7622.6339020486,7693.7899695107,76668.3731856442,55348.0365461956,59533.9988172716,-6.6194105093,35.4015850278,0.0000000000,35.4015850278,3,663.4547897337,2969.8162786970,58311.2334143833,29,37170.6363400486,7186.4422408510,1200.0000000000,10800.0000000000,4438.0299066000
2025-08-25,S1,SEQUENTIAL_PREVIOUS_COMMITMENT,Optimal,1,8.3959519000,2,0.0000000000,7693.7899695107,8254.1364235409,81809.1058976338,58798.2382149616,63744.5775963318,180.3110283041,352.8846192779,167.5605161832,185.3241030948,14,588.2631831869,2532.4027110840,61510.9519543497,20,38437.4125292178,7227.3858846448,1200.0000000000,10800.0000000000,4438.0299066000
2025-08-26,S1,SEQUENTIAL_PREVIOUS_COMMITMENT,Optimal,1,9.1022969000,2,0.0000000000,8254.1364235409,8027.7169929120,77410.9086006614,55065.2748111583,58636.0544378465,63.8307872066,54.5164621219,54.5164621219,0.0000000000,8,605.9260678729,2890.6831645873,58019.7887629521,21,40698.0520978374,7249.2948459914,1200.0000000000,10800.0000000000,4438.0299066000
2025-08-27,S1,SEQUENTIAL_PREVIOUS_COMMITMENT,Optimal,1,12.5406201000,2,0.0000000000,8027.7169929120,8140.7962530549,80775.5021672531,57509.7717985670,62646.9436033174,354.3620009400,415.1587106678,415.1587106678,0.0000000000,10,339.0263135636,1527.9288051264,59392.0626046335,15,42314.7720618859,7289.0483338668,1200.0000000000,10800.0000000000,4438.0299066000
2025-08-28,S1,SEQUENTIAL_PREVIOUS_COMMITMENT,Optimal,1,9.3538899000,2,0.0000000000,8140.7962530549,8062.6919331603,78722.6574081759,56530.6516476597,61458.1081375680,190.2513948253,186.4278987523,186.4278987523,0.0000000000,14,2204.3794663393,10637.8902994611,67358.7933419461,38,37056.0180639805,7299.9343090446,1200.0000000000,10800.0000000000,4438.0299066000
2025-08-29,S1,SEQUENTIAL_PREVIOUS_COMMITMENT,Optimal,1,7.4797425000,2,0.0000000000,8062.6919331603,8130.5777155420,45497.7493426681,25644.6675834381,28632.3829125346,80.2288056736,95.5608938352,95.5608938352,0.0000000000,2,304.5740543444,1382.4817105339,27107.3780996456,10,35881.5970229279,5803.0536174318,1233.4239606939,10800.0000000000,4438.0299066000
2025-08-30,S1,SEQUENTIAL_PREVIOUS_COMMITMENT,Optimal,1,8.3337934000,2,0.0000000000,8130.5777155420,7957.9084595932,43455.6624666747,24567.9492067389,26947.4085001427,0.0000000000,0.0000000000,0.0000000000,0.0000000000,0,303.1536156943,1036.7525281390,25604.7017348779,22,31890.6319941927,6119.6358918237,1207.9084595932,10800.0000000000,4438.0299066000
2025-08-31,S1,SEQUENTIAL_PREVIOUS_COMMITMENT,Optimal,1,11.6178312000,2,0.0000000000,7957.9084595932,7763.6942280105,78802.8585456078,56108.3183642128,61270.4896927041,11.5302775719,16.8191899796,16.8191899796,0.0000000000,2,398.0245666284,1674.5939776718,57794.4426194566,19,38987.6599715451,7054.4027377739,1200.0000000000,10800.0000000000,4438.0299066000
2025-09-01,S1,SEQUENTIAL_PREVIOUS_COMMITMENT,Optimal,1,7.9509001000,2,0.0000000000,7763.6942280105,7874.0891413839,79386.1278745371,50587.4505850019,54647.3974011785,-15.2501550897,41.6909605722,0.0000000000,41.6909605722,5,0.0000000000,0.0000000000,50572.2004299122,0,32197.8571791970,7416.6216576028,1445.9434505255,10800.0000000000,4438.0299066000
2025-09-02,S1,SEQUENTIAL_PREVIOUS_COMMITMENT,Optimal,1,6.5931668000,2,0.0000000000,7874.0891413839,8190.0463922051,78504.0699143947,49856.0517892025,54325.7526958904,25.3496011460,32.7620401235,32.7620401235,0.0000000000,3,52.6549473420,165.9756200999,50047.3770104484,3,36236.7958734346,7279.5862339305,1315.3547056885,10800.0000000000,4438.0299066000
2025-09-03,S1,SEQUENTIAL_PREVIOUS_COMMITMENT,Optimal,1,8.5840564000,2,0.0000000000,8190.0463922051,7864.4376760290,77646.1129066957,50766.8600355412,54517.2425990784,26.6044740576,38.0896828420,23.3142527306,14.7754301114,5,8.6932091760,38.7152070655,50832.1797166643,1,34682.5568751836,7357.1059812620,1288.1088838181,10800.0000000000,4438.0299066000
2025-09-04,S1,SEQUENTIAL_PREVIOUS_COMMITMENT,Optimal,1,7.0372214000,2,0.0000000000,7864.4376760290,8064.3210964601,78786.7364243271,50486.9388242262,54235.4076905457,74.5003133014,143.0665210781,68.4332680539,74.6332530242,12,6.3134549889,13.7443915107,50575.1835290384,1,38298.7319575196,7467.9862788047,1330.4659698255,10800.0000000000,4438.0299066000
2025-09-05,S1,SEQUENTIAL_PREVIOUS_COMMITMENT,Optimal,1,5.2878220000,2,0.0000000000,8064.3210964601,8490.9913838204,43400.6027612792,21048.6036268583,23201.7126871736,0.0000000000,0.0000000000,0.0000000000,0.0000000000,0,0.0000000000,0.0000000000,21048.6036268583,0,31160.0595979530,6429.7727896723,1481.6622447917,10800.0000000000,4438.0299066000
2025-09-06,S1,SEQUENTIAL_PREVIOUS_COMMITMENT,Optimal,1,6.8107058000,2,0.0000000000,8490.9913838204,7801.8091249035,42786.8429855026,20643.1348365749,22394.8403371379,-18.1906291877,119.7277613322,2.1776851251,117.5500762071,2,76.0129373420,248.2396670418,20873.1838744290,3,34758.3280094260,6175.9653772982,1513.1264051258,10800.0000000000,4438.0299066000
2025-09-07,S1,SEQUENTIAL_PREVIOUS_COMMITMENT,Optimal,1,9.1685578000,2,0.0000000000,7801.8091249035,7866.4826863015,75224.6142372071,48446.1344791547,52257.1534739118,311.1508573666,426.7374734534,426.7374734534,0.0000000000,10,136.4858064727,574.8329674526,49332.1183039739,7,36318.0135189796,7461.5984519360,1476.3086337537,10800.0000000000,4438.0299066000
2025-09-08,S1,SEQUENTIAL_PREVIOUS_COMMITMENT,Optimal,1,8.6031498000,2,0.0000000000,7866.4826863015,7460.1431856718,63849.7438853439,40174.3636232988,43149.8423689944,134.4056837303,145.7595176012,119.5772918332,26.1822257680,8,2415.1481924161,10332.0144803262,50640.7837873552,47,36589.9480520140,7091.9488723548,1200.0000000000,10800.0000000000,4438.0299066000
2025-09-09,S1,SEQUENTIAL_PREVIOUS_COMMITMENT,Optimal,1,8.0567444000,2,0.0000000000,7460.1431856718,7733.6683235039,66088.0599119788,41634.5672555837,45737.3058712659,165.1944294941,163.2357278573,163.2357278573,0.0000000000,5,618.7308230153,2768.1068110776,44567.8684961554,21,35816.9959399158,7263.5789677566,1200.0000000000,10800.0000000000,4438.0299066000
2025-09-10,S1,SEQUENTIAL_PREVIOUS_COMMITMENT,Optimal,1,8.8322429000,2,0.0000000000,7733.6683235039,7712.9480454553,67371.0815041131,42944.9641131083,47491.0797551693,298.8925518428,305.1234654055,299.9113480766,5.2121173289,3,1903.3154932200,8017.5711525115,51261.4278174627,50,41054.4099951254,6912.8526375163,1200.0000000000,10800.0000000000,4438.0299066000
2025-09-11,S1,SEQUENTIAL_PREVIOUS_COMMITMENT,Optimal,1,7.3972251000,2,0.0000000000,7712.9480454553,8302.1874886446,68480.5206823510,42724.1728151763,46787.1467642567,-37.8296195652,247.6509661381,5.9908278159,241.6601383222,8,390.8514144819,1828.7471148299,44515.0903104410,15,38574.2121005930,7025.8474559283,1200.0000000000,10800.0000000000,4438.0299066000
2025-09-12,S1,SEQUENTIAL_PREVIOUS_COMMITMENT,Optimal,1,5.3022471000,2,0.0000000000,8302.1874886446,7644.9989713418,34290.2462531445,15599.8669511346,18163.6416580829,0.0000000000,0.0000000000,0.0000000000,0.0000000000,0,384.4278033503,1252.5689802187,16852.4359313533,20,34796.4175305203,5924.0424569094,1227.2430347222,10800.0000000000,4438.0299066000
2025-09-13,S1,SEQUENTIAL_PREVIOUS_COMMITMENT,Optimal,1,6.4750609000,2,0.0000000000,7644.9989713418,7810.2744290244,34920.3002930478,15798.4339541206,17686.0225656463,59.0720336961,74.2022015120,74.2022015120,0.0000000000,2,619.6627003780,2029.9193640689,17887.4253518856,19,34937.6150550310,6068.4553360150,1200.0000000000,10800.0000000000,4438.0299066000
2025-09-14,S1,SEQUENTIAL_PREVIOUS_COMMITMENT,Optimal,1,7.8563239000,2,0.0000000000,7810.2744290244,7764.0133564810,67651.4445899378,43127.8545034697,47532.0298201977,0.0000000000,0.0000000000,0.0000000000,0.0000000000,0,1028.6184394967,3765.0988115219,46892.9533149916,36,36986.1567416147,7064.8060693508,1200.0000000000,10800.0000000000,4438.0299066000
2025-09-15,S1,SEQUENTIAL_PREVIOUS_COMMITMENT,Optimal,1,8.2591005000,2,0.0000000000,7764.0133564810,7638.0283438918,66545.1065441725,42332.7139248238,46142.0111316896,-3.9883125511,21.0187749726,0.0000000000,21.0187749726,1,447.4118622975,1936.8824068641,44265.6080191368,28,38191.9591300528,6806.4036439901,1200.0000000000,10800.0000000000,4438.0299066000
2025-09-16,S1,SEQUENTIAL_PREVIOUS_COMMITMENT,Optimal,1,8.3809845000,2,0.0000000000,7638.0283438918,7622.4704379618,68275.8047621839,43985.0843567638,47924.7702928184,5.7906561043,9.0344895925,9.0344895925,0.0000000000,1,844.5778092428,2817.9431999313,46808.8182127994,34,40098.8382876783,7192.1174912794,1200.0000000000,10800.0000000000,4438.0299066000
2025-09-17,S1,SEQUENTIAL_PREVIOUS_COMMITMENT,Optimal,1,8.3022819000,2,0.0000000000,7622.4704379618,8216.1877265702,69719.3786472689,44320.6008246677,48271.5119561830,193.5794397925,161.0183710826,161.0183710826,0.0000000000,6,527.2193525066,1782.0435237310,46296.2237881913,27,40306.8410664716,6926.4599182465,1200.0000000000,10800.0000000000,4438.0299066000
2025-09-18,S1,SEQUENTIAL_PREVIOUS_COMMITMENT,Optimal,1,8.5573417000,2,0.0000000000,8216.1877265702,7593.0102615978,66315.3702495585,42087.7122659475,45859.6271112511,790.8841419958,1158.1755758569,1158.1755758569,0.0000000000,14,493.1248360594,2219.2587719828,45097.8551799260,21,38903.6291137176,7329.0777452285,1200.0000000000,10800.0000000000,4438.0299066000
2025-09-19,S1,SEQUENTIAL_PREVIOUS_COMMITMENT,Optimal,1,6.6980386000,2,0.0000000000,7593.0102615978,7967.3316525795,35688.5074594224,16121.4541916618,18274.0094255837,46.4164312286,47.6512023442,47.6512023442,0.0000000000,6,487.8228798940,1349.7432246125,17517.6138475029,25,34946.8278002366,5868.2628416801,1200.0000000000,10800.0000000000,4438.0299066000
2025-09-20,S1,SEQUENTIAL_PREVIOUS_COMMITMENT,Optimal,1,7.3914518000,2,0.0000000000,7967.3316525795,7569.6740713986,34565.0736435528,15680.1819290709,16982.0654625576,0.3865570843,0.4364917393,0.4364917393,0.0000000000,1,622.1353013773,2246.2867945749,17926.8552807301,28,36080.7592920569,5606.4109630996,1200.0000000000,10800.0000000000,4438.0299066000
2025-09-21,S1,SEQUENTIAL_PREVIOUS_COMMITMENT,Optimal,1,8.1060446000,2,0.0000000000,7569.6740713986,8134.0957958886,70898.8100811887,45426.6029398617,49602.2090664866,0.0000000000,0.0000000000,0.0000000000,0.0000000000,0,286.2299526772,1366.4370361139,46793.0399759756,21,35770.0074231199,7281.6371808538,1200.0000000000,10800.0000000000,4438.0299066000
2025-09-22,S1,SEQUENTIAL_PREVIOUS_COMMITMENT,Optimal,1,7.2344360000,2,0.0000000000,8134.0957958886,7633.1481174156,68668.3742501212,44706.4943562907,48508.0343948039,64.5510529668,72.7693834063,51.1945056873,21.5748777190,8,861.8154980103,3738.2369062790,48509.2823155364,37,36388.1333346950,7210.8902837907,1200.0000000000,10800.0000000000,4438.0299066000
2025-09-23,S1,SEQUENTIAL_PREVIOUS_COMMITMENT,Optimal,1,7.5910823000,2,0.0000000000,7633.1481174156,7728.9127947802,71154.5836509624,45510.8221978555,48708.2122111271,85.6830422415,72.3814961418,72.3814961418,0.0000000000,8,946.2667224743,4549.5471921483,50146.0524322453,31,37298.8726656299,6871.6515850692,1200.0000000000,10800.0000000000,4438.0299066000
2025-09-24,S1,SEQUENTIAL_PREVIOUS_COMMITMENT,Optimal,1,7.9733243000,2,0.0000000000,7728.9127947802,8161.9853515003,71074.6959677115,45650.3663404630,50032.9891763162,18.4439786576,16.8168669600,16.8168669600,0.0000000000,2,675.2204263458,2439.8461703775,48108.6564894981,31,38591.1798659685,7236.8180068479,1200.0000000000,10800.0000000000,4438.0299066000
2025-09-25,S1,SEQUENTIAL_PREVIOUS_COMMITMENT,Optimal,1,7.6486411000,2,0.0000000000,8161.9853515003,8219.4975762657,71922.1583144397,46427.7266821658,51121.9790060682,28.5352455261,43.6147181402,43.6147181402,0.0000000000,3,444.5967594443,1906.7972123080,48363.0591399999,23,37731.6349796481,7341.2488806553,1200.0000000000,10800.0000000000,4438.0299066000
2025-09-26,S1,SEQUENTIAL_PREVIOUS_COMMITMENT,Optimal,1,7.7521996000,2,0.0000000000,8219.4975762657,8085.6477223139,36587.7319813317,16771.1711344913,19191.9105001324,-4.7493285341,11.8754857896,0.0000000000,11.8754857896,2,160.5694681854,510.0173809731,17276.4391869304,9,37676.5755220317,6391.9918185607,1200.0000000000,10800.0000000000,4438.0299066000
2025-09-27,S1,SEQUENTIAL_PREVIOUS_COMMITMENT,Optimal,1,7.2568733000,2,0.0000000000,8085.6477223139,8011.0893698815,35899.1579325619,16651.6156222386,18413.8698600294,101.0792477011,105.7899920342,105.7899920342,0.0000000000,5,888.3940222833,2998.6733397236,19751.3682096633,30,35013.3281373514,6222.3849026005,1233.1729080584,10800.0000000000,4438.0299066000
2025-09-28,S1,SEQUENTIAL_PREVIOUS_COMMITMENT,Optimal,1,8.3529428000,2,0.0000000000,8011.0893698815,8150.2150496158,71678.7222376273,46845.2353623816,50840.9588773306,1091.4034592732,1150.3951882643,1150.3951882643,0.0000000000,17,517.4576332919,2052.5756654146,49989.2144870695,24,38115.1535794061,7327.0584201710,1200.0000000000,10800.0000000000,4438.0299066000
2025-09-29,S1,SEQUENTIAL_PREVIOUS_COMMITMENT,Optimal,1,7.3040243000,2,0.0000000000,8150.2150496158,8114.0480033050,73413.2327115860,47733.2463358141,52377.1084668049,-30.1167834091,135.9994366136,0.0000000000,135.9994366136,6,484.4216631367,2034.4727767779,49737.6023291829,24,37815.4536467259,7247.0198833282,1200.0000000000,10800.0000000000,4438.0299066000
2025-09-30,S1,SEQUENTIAL_PREVIOUS_COMMITMENT,Optimal,1,7.9242701000,2,0.0000000000,8114.0480033050,8009.6665787126,73434.6566444054,47555.8637536087,52352.2202614955,316.1020432383,293.8887211122,293.8887211122,0.0000000000,5,686.0368426076,3095.2943987323,50967.2601955792,37,43522.9362509716,7241.4044749012,1200.0022757918,10800.0000000000,4438.0299066000
2025-10-01,S1,SEQUENTIAL_PREVIOUS_COMMITMENT,Optimal,1,9.8378850000,2,0.0000000000,8009.6665787126,8369.9538218768,73039.3187557265,44487.1201221477,48943.4188557033,-103.1067511382,259.8607709338,0.0000000000,259.8607709338,9,38.7127520612,98.9066092725,44482.9199802820,5,36907.4609302919,7608.4273043037,1228.8212678675,10800.0000000000,4438.0299066000
2025-10-02,S1,SEQUENTIAL_PREVIOUS_COMMITMENT,Optimal,1,7.4506504000,2,0.0000000000,8369.9538218768,8268.2185120644,72523.9465219875,44872.5069628151,48792.7777919966,-34.5631701472,83.9760505906,0.0000000000,83.9760505906,3,124.7762050029,326.0627034971,45164.0064961650,10,35899.7783730197,7538.8277736067,1296.8243127894,10800.0000000000,4438.0299066000
2025-10-03,S1,SEQUENTIAL_PREVIOUS_COMMITMENT,Optimal,1,6.5656069000,2,0.0000000000,8268.2185120644,7915.4310323004,35420.8763205618,15306.8101118151,16795.8945193960,-10.1126511645,29.3025758950,0.0000000000,29.3025758950,4,140.2490547015,306.4921180135,15603.1895786642,10,36230.1583429929,6707.7769957457,1284.5886273872,10800.0000000000,4438.0299066000
2025-10-04,S1,SEQUENTIAL_PREVIOUS_COMMITMENT,Optimal,1,6.5117019000,2,0.0000000000,7915.4310323004,7779.0498984835,37057.0690142457,16563.0667485883,18263.3350431578,-12.5570419897,30.8559647652,0.0000000000,30.8559647652,3,146.8151773454,515.0411267182,17065.5508333168,8,36456.7923880849,6665.1281945208,1209.3960730613,10800.0000000000,4438.0299066000
2025-10-05,S1,SEQUENTIAL_PREVIOUS_COMMITMENT,Optimal,1,9.5850324000,2,0.0000000000,7779.0498984835,7991.2119593042,72238.6942880992,44963.1352224310,49695.5810186541,-121.4290559697,522.7124720196,0.0000000000,522.7124720196,10,119.0535126103,345.5139887933,45187.2201552546,8,35542.2709561179,7512.2846330797,1200.0000000000,10800.0000000000,4438.0299066000
2025-10-06,S1,SEQUENTIAL_PREVIOUS_COMMITMENT,Optimal,1,7.7806502000,2,0.0000000000,7991.2119593042,7720.6292291823,68894.1093225238,44176.8652948989,48875.8832036455,0.0000000000,0.0000000000,0.0000000000,0.0000000000,0,442.2273085972,1247.5045508669,45424.3698457658,21,36780.1238481659,7391.7408538586,1203.8903302951,10800.0000000000,4438.0299066000
2025-10-07,S1,SEQUENTIAL_PREVIOUS_COMMITMENT,Optimal,1,8.4963879000,2,0.0000000000,7720.6292291823,7690.5918482206,68842.3590013364,43084.5885789554,45851.8145570144,350.4691647348,281.5985647485,281.5985647485,0.0000000000,3,285.7951738605,1055.0157656544,44490.0735093446,22,39816.1030084817,7123.1287519313,1221.9261616030,10800.0000000000,4438.0299066000
2025-10-08,S1,SEQUENTIAL_PREVIOUS_COMMITMENT,Optimal,1,8.7534079000,2,0.0000000000,7690.5918482206,7705.6273741009,65134.2488760427,40255.6083019351,44629.1396182119,20.4148256446,17.7089149437,17.7089149437,0.0000000000,2,765.4775332352,2704.6530672065,42980.6761947863,33,37954.7787191418,7117.5808824798,1200.0000000000,10800.0000000000,4438.0299066000
2025-10-09,S1,SEQUENTIAL_PREVIOUS_COMMITMENT,Optimal,1,13.4065717000,2,0.0000000000,7705.6273741009,7691.2355192373,66519.6621692805,40622.1466462609,44723.1596291122,-14.0683004896,71.7941061901,0.0000000000,71.7941061901,4,354.8222713243,1676.5354110022,42284.6137567734,21,37639.0358239117,7141.0694932230,1200.0000000000,10800.0000000000,4438.0299066000
2025-10-10,S1,SEQUENTIAL_PREVIOUS_COMMITMENT,Optimal,1,6.8583642000,2,0.0000000000,7691.2355192373,7614.1446488362,32300.9300453842,13353.2532624453,14576.2776486925,0.0000000000,0.0000000000,0.0000000000,0.0000000000,0,677.1209069420,1981.9506686999,15335.2039311452,33,35113.5936800332,6224.4455334197,1200.0000000000,10800.0000000000,4438.0299066000
2025-10-11,S1,SEQUENTIAL_PREVIOUS_COMMITMENT,Optimal,1,7.8038205000,2,0.0000000000,7614.1446488362,8491.9519569960,35119.3787476560,15055.9724878610,17207.9694152347,0.0000000000,0.0000000000,0.0000000000,0.0000000000,0,191.7688246120,766.4356845430,15822.4081724041,15,35195.0946908385,6278.2443370970,1200.0000000000,10800.0000000000,4438.0299066000
2025-10-12,S1,SEQUENTIAL_PREVIOUS_COMMITMENT,Optimal,1,7.6081130000,2,0.0000000000,8491.9519569960,8582.6478108724,69673.8201634185,43093.3522339047,47920.4953919814,20.0271824028,31.6427378568,31.6427378568,0.0000000000,2,221.2080974896,804.8235778423,43918.2029941498,11,38264.1160884902,7419.3172557595,1200.0000000000,10800.0000000000,4438.0299066000
2025-10-13,S1,SEQUENTIAL_PREVIOUS_COMMITMENT,Optimal,1,7.6150720000,2,0.0000000000,8582.6478108724,7827.5751366593,68228.1454609799,42326.5245829293,46916.9906941434,-30.8357615707,150.4696330077,0.0000000000,150.4696330077,6,84.6060901807,276.9485393135,42572.6373606721,10,37002.2858658772,7278.9625446654,1200.0000000000,10800.0000000000,4438.0299066000
2025-10-14,S1,SEQUENTIAL_PREVIOUS_COMMITMENT,Optimal,1,8.1150340000,2,0.0000000000,7827.5751366593,7739.8997979223,67435.9783384700,41605.2690547679,44628.1441655752,236.0615791747,310.3135026340,205.2119718679,105.1015307661,10,1005.7234600320,4259.1343161499,46100.4649500925,49,39078.4428788755,7076.7599400185,1200.0000000000,10800.0000000000,4438.0299066000
2025-10-15,S1,SEQUENTIAL_PREVIOUS_COMMITMENT,Optimal,1,9.1122424000,2,0.0000000000,7739.8997979223,7664.4887072829,67933.9604513893,41928.9723964248,45590.4077290891,-9.4321430016,40.8689881684,0.0000000000,40.8689881684,2,1340.5034252826,5205.9019735079,47125.4422269311,42,42652.4067673129,7119.9505467800,1200.0000000000,10800.0000000000,4438.0299066000
2025-10-16,S1,SEQUENTIAL_PREVIOUS_COMMITMENT,Optimal,1,9.1971147000,2,0.0000000000,7664.4887072829,8134.4404794912,68997.5370723865,43249.0279324614,47615.7136363815,399.4067081044,299.8582428728,299.8582428728,0.0000000000,9,1783.8746395499,7978.0358621909,51626.4705027566,44,38470.9403102026,7164.1898700612,1200.0000000000,10800.0000000000,4438.0299066000
2025-10-17,S1,SEQUENTIAL_PREVIOUS_COMMITMENT,Optimal,1,7.3125692000,2,0.0000000000,8134.4404794912,7952.7230762934,34282.4805590705,14796.9961318794,16343.2215709531,0.0000000000,0.0000000000,0.0000000000,0.0000000000,0,157.4136111344,653.0602509601,15450.0563828395,12,34644.0637183658,6330.1053418786,1200.0000000000,10800.0000000000,4438.0299066000
2025-10-18,S1,SEQUENTIAL_PREVIOUS_COMMITMENT,Optimal,1,7.0490790000,2,0.0000000000,7952.7230762934,7666.0451079082,34411.2510360543,14788.8431564855,16417.7800224118,0.0000000000,0.0000000000,0.0000000000,0.0000000000,0,390.0677110122,1080.8315567629,15869.6747132484,17,38654.3744159185,6596.6616702619,1200.0000000000,10800.0000000000,4438.0299066000
2025-10-19,S1,SEQUENTIAL_PREVIOUS_COMMITMENT,Optimal,1,8.3975939000,2,0.0000000000,7666.0451079082,8292.9957334347,73609.8464764752,46711.6890135583,52001.5515933693,36.1218395886,27.3327692685,27.3327692685,0.0000000000,3,680.8355296278,2900.9005469610,49648.7114001080,29,39694.9862459705,7246.6442790240,1200.0000000000,10800.0000000000,4438.0299066000
2025-10-20,S1,SEQUENTIAL_PREVIOUS_COMMITMENT,Optimal,1,7.3884012000,2,0.0000000000,8292.9957334347,7947.2272630084,72307.2056306962,46011.6662591297,50105.5420637558,18.3122317716,23.3631351200,23.3631351200,0.0000000000,3,485.6033585641,2214.9497542830,48244.9282451843,27,38414.4138317397,7215.8470673495,1200.0000000000,10800.0000000000,4438.0299066000
2025-10-21,S1,SEQUENTIAL_PREVIOUS_COMMITMENT,Optimal,1,7.0115633000,2,0.0000000000,7947.2272630084,7767.0780976037,72721.9243162275,46445.8889018862,50013.3639939100,145.7998295797,121.7746074924,121.7746074924,0.0000000000,7,930.9976709347,3627.6829078374,50219.3716393033,44,39264.7113452038,7185.1920700142,1200.0000000000,10800.0000000000,4438.0299066000
2025-10-22,S1,SEQUENTIAL_PREVIOUS_COMMITMENT,Optimal,1,10.0783915000,2,0.0000000000,7767.0780976037,8192.9595901455,73554.1812841998,46865.2815474401,50840.6741868869,130.5161080971,93.2650927897,93.2650927897,0.0000000000,6,1109.1521962162,5347.1284491072,52342.9261046444,39,38845.3389145723,7232.6237934126,1200.0000000000,10800.0000000000,4438.0299066000
2025-10-23,S1,SEQUENTIAL_PREVIOUS_COMMITMENT,Optimal,1,7.4709526000,2,0.0000000000,8192.9595901455,7426.4260846867,74076.1518916907,46654.1225034814,50609.5171475602,-326.9509809610,1184.3423173921,0.0000000000,1184.3423173921,14,414.2267232636,1705.7140406629,48032.8855631834,18,39875.4271880299,7310.1610346887,1200.0000000000,10800.0000000000,4438.0299066000
2025-10-24,S1,SEQUENTIAL_PREVIOUS_COMMITMENT,Optimal,1,5.8382172000,2,0.0000000000,7426.4260846867,7497.2049592505,34573.1284212998,15239.2839400193,16887.8968083805,0.6057251213,0.5293874509,0.5293874509,0.0000000000,1,517.9017012079,1940.7935555019,17180.6832206426,28,33871.9397687818,5928.6594255758,1200.0000000000,10800.0000000000,4438.0299066000
2025-10-25,S1,SEQUENTIAL_PREVIOUS_COMMITMENT,Optimal,1,7.4824454000,2,0.0000000000,7497.2049592505,7643.9195980864,35237.6811414856,15273.8252482289,17241.1528747539,-1.4081648658,3.6742723178,0.0000000000,3.6742723178,1,445.3615146262,1535.3478031834,16807.7648865465,25,34589.3471123455,6336.6138319991,1200.0000000000,10800.0000000000,4438.0299066000
2025-10-26,S1,SEQUENTIAL_PREVIOUS_COMMITMENT,Optimal,1,10.1297712000,2,0.0000000000,7643.9195980864,8116.3063738293,77545.5392760798,49783.1752090966,55638.9696848754,-135.1655584246,450.4311929773,0.0000000000,450.4311929773,12,199.5194110827,695.7317058488,50343.7413565208,11,38813.4238541288,7424.3529246525,1200.0000000000,10800.0000000000,4438.0299066000
2025-10-27,S1,SEQUENTIAL_PREVIOUS_COMMITMENT,Optimal,1,6.9470312000,2,0.0000000000,8116.3063738293,7730.2910062339,74055.0994679296,46878.4822634331,50567.0493848701,111.8725381633,85.5306490478,85.5306490478,0.0000000000,7,461.9921851359,2046.6385531942,49036.9933547906,27,40509.8866855173,7257.1135670137,1215.1575232548,10800.0000000000,4438.0299066000
2025-10-28,S1,SEQUENTIAL_PREVIOUS_COMMITMENT,Optimal,1,7.0371426000,2,0.0000000000,7730.2910062339,8153.2487038968,76877.1832583200,49409.3463242896,53282.1412477399,0.0000000000,0.0000000000,0.0000000000,0.0000000000,0,199.8490406328,710.4326699955,50119.7789942851,16,41433.5241859892,7554.3564086832,1200.0000000000,10800.0000000000,4438.0299066000
2025-10-29,S1,SEQUENTIAL_PREVIOUS_COMMITMENT,Optimal,1,7.5233591000,2,0.0000000000,8153.2487038968,8120.4079094009,75660.0722527831,49426.1134584170,54416.3094260730,266.4381251233,199.1771804839,199.1771804839,0.0000000000,7,986.9499479040,3567.1001895342,53259.6517730745,40,39574.8873667862,7399.1239023740,1200.0000000000,10800.0000000000,4438.0299066000
2025-10-30,S1,SEQUENTIAL_PREVIOUS_COMMITMENT,Optimal,1,9.8032103000,2,0.0000000000,8120.4079094009,7695.2836147230,74924.1325314080,48915.9245332292,53662.4643835778,0.0000000000,0.0000000000,0.0000000000,0.0000000000,0,279.4146464294,1085.2407722502,50001.1653054794,20,37821.6308526048,7430.4411695292,1200.0000000000,10800.0000000000,4438.0299066000
2025-10-31,S1,SEQUENTIAL_PREVIOUS_COMMITMENT,Optimal,1,8.4860096000,2,0.0000000000,7695.2836147230,7671.2442663087,36492.9798252116,16092.8861519326,18186.2587105902,0.0000000000,0.0000000000,0.0000000000,0.0000000000,0,278.2347971711,1002.4406723572,17095.3268242898,18,36983.4563630929,6633.3999848333,1216.6307133648,10800.0000000000,4438.0299066000
2025-11-01,S1,SEQUENTIAL_PREVIOUS_COMMITMENT,Optimal,1,6.9812918000,2,0.0000000000,7671.2442663087,7966.5360823113,37343.6063760697,16238.7100198921,18913.0898074762,0.0000000000,0.0000000000,0.0000000000,0.0000000000,0,273.7092125784,691.1706998965,16929.8807197886,15,35545.0781086929,6542.4707126439,1202.5573222119,10800.0000000000,4438.0299066000
2025-11-02,S1,SEQUENTIAL_PREVIOUS_COMMITMENT,Optimal,1,7.3424995000,2,0.0000000000,7966.5360823113,7611.4823028232,75520.8081137652,49497.4936083293,53488.7130203088,270.2547766629,307.8029722242,307.8029722242,0.0000000000,12,671.7503074551,2759.8505082044,52527.5988931966,33,38853.8846813029,7486.3910103532,1200.0000099698,10800.0000000000,4438.0299066000
2025-11-03,S1,SEQUENTIAL_PREVIOUS_COMMITMENT,Optimal,1,7.9619570000,2,0.0000000000,7611.4823028232,7706.0766210016,77506.9563059196,50703.7195029805,54489.0396453505,31.6968822621,23.4841277084,23.4841277084,0.0000000000,4,739.6302502549,2472.9374578326,53208.3538430752,31,39649.4339356022,7204.0883861542,1200.0000000000,10800.0000000000,4438.0299066000
2025-11-04,S1,SEQUENTIAL_PREVIOUS_COMMITMENT,Optimal,1,8.5680702000,2,0.0000000000,7706.0766210016,8146.2131011496,79610.2808467809,52156.5872910328,56042.2462382839,-1.1594207462,5.7999773537,0.1092159959,5.6907613579,2,377.3856310723,1600.8037097332,53756.2315800198,28,38482.5363240149,7720.8119414716,1200.0000000000,10800.0000000000,4438.0299066000
2025-11-05,S1,SEQUENTIAL_PREVIOUS_COMMITMENT,Optimal,1,20.2581272000,2,0.0000000000,8146.2131011496,8336.5287493920,80000.8125035516,53228.8011963994,58353.2832931988,-18.4188365198,67.2638673490,0.0000000000,67.2638673490,5,319.2579766872,1210.0843050717,54420.4666649513,17,40374.8088887877,7307.2265962420,1200.0000000000,10800.0000000000,4438.0299066000
2025-11-06,S1,SEQUENTIAL_PREVIOUS_COMMITMENT,Optimal,1,8.1792143000,2,0.0000000000,8336.5287493920,8144.0191911633,78948.0173101098,52774.4878446047,57089.5085708701,529.9587915464,433.7527309447,433.7527309447,0.0000000000,9,882.1207985688,3596.7332985637,56901.1799347148,40,41651.7781482775,7388.3252520267,1200.0000000000,10800.0000000000,4438.0299066000
2025-11-07,S1,SEQUENTIAL_PREVIOUS_COMMITMENT,Optimal,1,7.0246093000,2,0.0000000000,8144.0191911633,7769.6370430980,35969.1092760581,15883.2224345722,17587.7654045981,98.4351052701,95.2223743840,95.2223743840,0.0000000000,3,399.1719907478,1444.3879824599,17426.0455223022,25,34442.8065785479,6296.7600156997,1306.7667395291,10800.0000000000,4438.0299066000
2025-11-08,S1,SEQUENTIAL_PREVIOUS_COMMITMENT,Optimal,1,10.5218431000,2,0.0000000000,7769.6370430980,7649.0725782066,36147.7277773702,16112.5564124145,18213.7278828926,-9.5018113323,26.5309043899,0.5493462417,25.9815581483,3,292.9174756823,1050.0340852585,17153.0886863407,17,33469.9401110849,6387.3948957806,1200.0000000000,10800.0000000000,4438.0299066000
2025-11-09,S1,SEQUENTIAL_PREVIOUS_COMMITMENT,Optimal,1,9.4624109000,2,0.0000000000,7649.0725782066,8164.7158531059,80412.2602230206,53161.6524892347,56740.9325532208,26.9229438075,26.9387403839,22.5783458343,4.3603945496,3,989.3177830997,4405.1255248310,57593.7009578732,37,41914.2819027163,7514.8618474174,1200.0001616000,10800.0000000000,4438.0299066000
2025-11-10,S1,SEQUENTIAL_PREVIOUS_COMMITMENT,Optimal,1,8.3133842000,2,0.0000000000,8164.7158531059,8410.0751912982,80580.3074005399,53809.7838896970,58425.8621953406,811.8542579109,717.8725345336,717.8725345336,0.0000000000,24,1064.6748081153,4832.8259783763,59454.4641259841,40,43580.4796475007,7721.4377494309,1249.7420775605,10800.0000000000,4438.0299066000
2025-11-11,S1,SEQUENTIAL_PREVIOUS_COMMITMENT,Optimal,1,7.0710449000,2,0.0000000000,8410.0751912982,8215.4084984682,81295.0807832635,54472.6714512558,59593.1462209361,55.2393661331,42.4972322526,42.4972322526,0.0000000000,3,193.3913368302,696.6581598349,55224.5689772238,19,40278.4700334425,7537.1592881584,1200.0000000000,10800.0000000000,4438.0299066000
2025-11-12,S1,SEQUENTIAL_PREVIOUS_COMMITMENT,Optimal,1,8.5639199000,2,0.0000000000,8215.4084984682,7972.0130493173,80745.6421780737,53714.9249548326,59363.2528161597,322.3302105561,269.9793345988,269.9793345988,0.0000000000,17,230.9429270638,1188.3227178533,55225.5778832420,15,39758.3046002494,7634.5412546627,1200.0000000000,10800.0000000000,4438.0299066000
2025-11-13,S1,SEQUENTIAL_PREVIOUS_COMMITMENT,Optimal,1,6.9697224000,2,0.0000000000,7972.0130493173,8178.7850828549,83040.9038913641,56548.2891488661,62848.4528931678,0.0000000000,0.0000000000,0.0000000000,0.0000000000,0,311.1330793066,1434.3300895061,57982.6192383722,23,38196.1580209155,7669.7909802242,1200.0000000000,10800.0000000000,4438.0299066000
2025-11-14,S1,SEQUENTIAL_PREVIOUS_COMMITMENT,Optimal,1,6.7199350000,2,0.0000000000,8178.7850828549,8184.4626725436,37896.4797385676,17016.8491971753,19280.5960656047,10.5695911584,9.2846690088,9.2846690088,0.0000000000,2,130.2710466338,433.6472449707,17461.0660333045,13,33054.0346395716,6560.7542912775,1200.0000000000,10800.0000000000,4438.0299066000
2025-11-15,S1,SEQUENTIAL_PREVIOUS_COMMITMENT,Optimal,1,9.4352821000,2,0.0000000000,8184.4626725436,7985.3535486959,39121.1762412375,17564.2698824723,20117.1228766008,16.0773002229,14.6030311718,14.0309231317,0.5721080401,2,245.5180522681,776.2885371182,18356.6357198134,20,36338.6654611700,6861.4494457564,1207.3226682581,10800.0000000000,4438.0299066000
2025-11-16,S1,SEQUENTIAL_PREVIOUS_COMMITMENT,Optimal,1,6.9577565000,2,0.0000000000,7985.3535486959,8094.6763621211,83169.0623246035,56419.7732188751,60831.7826646195,38.1592955573,28.1587612043,28.1587612043,0.0000000000,2,615.8167139198,2468.7047927346,58926.6373071669,27,40333.0134254218,7621.4254986314,1215.8050227995,10800.0000000000,4438.0299066000
2025-11-17,S1,SEQUENTIAL_PREVIOUS_COMMITMENT,Optimal,1,2.0915899000,2,0.0000000000,8094.6763621211,8501.9914438679,85109.9107504237,57504.6935575393,62346.1688032766,547.2541487966,496.5377472559,496.5377472559,0.0000000000,20,236.4150752961,867.4033916511,58919.3510979871,15,42729.6184406390,7739.1419281260,1225.6082350385,10800.0000000000,4438.0299066000
2025-11-18,S1,SEQUENTIAL_PREVIOUS_COMMITMENT,Optimal,1,4.4836498000,2,0.0000000000,8501.9914438679,8024.9375658399,82440.0157959530,56570.5565129705,61436.9808321664,0.0000000000,0.0000000000,0.0000000000,0.0000000000,0,729.8399884149,2841.4702059553,59412.0267189258,33,39423.1209885209,7334.6284014149,1200.0000000000,10800.0000000000,4438.0299066000
2025-11-19,S1,SEQUENTIAL_PREVIOUS_COMMITMENT,Optimal,1,4.4622133000,2,0.0000000000,8024.9375658399,7662.0432039869,82315.1143756357,56938.0397706376,62642.0653135671,1037.0853353316,850.0286124898,850.0286124898,0.0000000000,18,582.6418905111,2783.1740257909,60758.2991317601,25,39808.2076614951,7318.7686647751,1252.8320722638,10800.0000000000,4438.0299066000
2025-11-20,S1,SEQUENTIAL_PREVIOUS_COMMITMENT,Optimal,1,1.9071691000,2,0.0000000000,7662.0432039869,8459.1712080536,85979.6832509869,58450.3775871722,63253.1779857952,0.0000000000,0.0000000000,0.0000000000,0.0000000000,0,403.4139285226,1691.3528249645,60141.7304121367,22,41730.4293199874,7658.8400076554,1200.0000000000,10800.0000000000,4438.0299066000
2025-11-21,S1,SEQUENTIAL_PREVIOUS_COMMITMENT,Optimal,1,7.0909645000,2,0.0000000000,8459.1712080536,7735.6830460420,38936.9625124760,17364.2998081227,20008.6890051842,20.9655034985,17.5213000900,17.5213000900,0.0000000000,2,301.3002983356,668.9423219631,18054.2076335842,19,36671.8616899193,6870.7724770195,1207.3132492766,10800.0000000000,4438.0299066000
2025-11-22,S1,SEQUENTIAL_PREVIOUS_COMMITMENT,Optimal,1,7.7299690000,2,0.0000000000,7735.6830460420,8503.4928148024,43908.2028621072,19107.6668452546,22481.3957681017,27.9099719480,23.3321368681,23.3321368681,0.0000000000,2,229.1891156513,806.9673608887,19942.5441780913,15,35477.7390184504,7190.1993177127,1222.4753745116,10800.0000000000,4438.0299066000
2025-11-23,S1,SEQUENTIAL_PREVIOUS_COMMITMENT,Optimal,1,9.6165904000,2,0.0000000000,8503.4928148024,8273.1490272202,85548.5691594748,59061.4217468727,64342.0917392657,95.0969030374,71.3093346422,71.3093346422,0.0000000000,4,528.9485971109,2364.1097862049,61520.6284361149,20,40084.2571220285,7878.6348870452,1254.2920160030,10800.0000000000,4438.0299066000
2025-11-24,S1,SEQUENTIAL_PREVIOUS_COMMITMENT,Optimal,1,9.0489046000,2,0.0000000000,8273.1490272202,7661.5519946847,82650.7861343973,56349.1962012105,60569.4699596906,0.9230416239,21.2166788859,4.0652735809,17.1514053051,4,540.0357126909,2284.3102846572,58634.4295274915,30,40903.8858614691,7627.5131381146,1200.0000000000,10800.0000000000,4438.0299066000
2025-11-25,S1,SEQUENTIAL_PREVIOUS_COMMITMENT,Optimal,1,8.4156933000,2,0.0000000000,7661.5519946847,8361.1293788790,87431.9564717907,59794.6731716646,64271.9761644649,0.0000000000,0.0000000000,0.0000000000,0.0000000000,0,304.9521660861,956.5166835424,60751.1898552070,20,39064.0626684888,7885.3531819170,1200.0000000000,10800.0000000000,4438.0299066000
2025-11-26,S1,SEQUENTIAL_PREVIOUS_COMMITMENT,Optimal,1,2.0868752000,2,0.0000000000,8361.1293788790,7842.9813243858,84918.6359873508,58791.4587895057,62611.5860291089,317.6026770494,235.2089056306,235.2089056306,0.0000000000,11,434.0768788944,1973.2597659273,61082.3212324824,21,40525.1597199220,7857.9167889597,1261.1181902132,10800.0000000000,4438.0299066000
2025-11-27,S1,SEQUENTIAL_PREVIOUS_COMMITMENT,Optimal,1,3.9961053000,2,0.0000000000,7842.9813243858,8168.4775258107,85652.0716647326,59307.9392644648,63759.8851535490,5.5334043299,4.8377749432,4.8377749432,0.0000000000,2,340.1849791844,1518.2987150387,60831.7713838334,19,38406.6242586008,7742.1804814326,1200.0000540155,10800.0000000000,4438.0299066000
2025-11-28,S1,SEQUENTIAL_PREVIOUS_COMMITMENT,Optimal,1,6.8454314000,2,0.0000000000,8168.4775258107,8131.7843586644,41834.4760132398,18542.4201880284,21995.1056070818,21.6233941793,17.9970992348,17.9970992348,0.0000000000,2,222.9356581849,721.4535533976,19285.4971356052,17,33249.6809966922,7506.9695049109,1200.0000000000,10800.0000000000,4438.0299066000
2025-11-29,S1,SEQUENTIAL_PREVIOUS_COMMITMENT,Optimal,1,6.3405669000,2,0.0000000000,8131.7843586644,8181.9478754638,43814.4036294405,19229.3204570815,22852.6949880737,6.5568123247,5.4048542698,5.4048542698,0.0000000000,2,659.8395438718,1934.9138189360,21170.7910883422,18,37423.0480403347,7527.5157149843,1217.2211190683,10800.0000000000,4438.0299066000
2025-11-30,S1,SEQUENTIAL_PREVIOUS_COMMITMENT,Optimal,1,1.9732458000,2,0.0000000000,8181.9478754638,7844.2685613706,86659.1668790510,60567.7563207030,65313.6545651669,165.8041093738,119.2223400923,119.2223400923,0.0000000000,13,974.3333868347,4431.0224567731,65164.5828868499,43,41749.8740843333,7972.2248572162,1210.5482753820,10800.0000000000,4438.0299066000
2025-12-01,S1,SEQUENTIAL_PREVIOUS_COMMITMENT,Optimal,1,3.9521074000,2,0.0000000000,7844.2685613706,7929.3756781018,88357.0797774159,65046.6378588110,69223.5533494447,50.3512186290,32.5421189734,32.5421189734,0.0000000000,4,4235.7317060649,19377.4994115083,84474.4884889484,89,43610.4908094796,7712.0615061285,1232.3514869306,10800.0000000000,4438.0299066000
2025-12-02,S1,SEQUENTIAL_PREVIOUS_COMMITMENT,Optimal,1,4.5989738000,2,0.0000000000,7929.3756781018,8671.6224017431,91216.7713092370,67557.7983089466,74137.6836996838,72.2947956877,40.6005890455,40.6005890455,0.0000000000,3,4559.5635877555,22722.6487327331,90352.7418373674,92,47002.2368952614,7987.2473210587,1200.0000000000,10800.0000000000,4438.0299066000
2025-12-03,S1,SEQUENTIAL_PREVIOUS_COMMITMENT,Optimal,1,3.5746321000,2,0.0000000000,8671.6224017431,7669.5095680551,87213.5030126014,65075.6667687134,69664.5710141928,200.7621617452,188.8360337292,188.8360337292,0.0000000000,9,4515.4674606238,19193.0351832288,84469.4641136874,99,44334.8863157366,7919.5110157779,1210.0313375394,10800.0000000000,4438.0299066000
2025-12-04,S1,SEQUENTIAL_PREVIOUS_COMMITMENT,Optimal,1,5.5080571000,2,0.0000000000,7669.5095680551,7608.7526733152,88910.8022552440,65608.4198278252,70073.1210542678,8.0153505517,3.6964354140,3.6964354140,0.0000000000,1,4278.6459912578,18713.9127706536,84330.3479490305,82,44617.0453980110,7880.5956346497,1200.0000000000,10800.0000000000,4438.0299066000
2025-12-05,S1,SEQUENTIAL_PREVIOUS_COMMITMENT,Optimal,1,5.8491971000,2,0.0000000000,7608.7526733152,8098.8260852930,45826.0740990747,21369.1357754173,24196.4880409722,23.2105704276,18.9554294284,18.9554294284,0.0000000000,2,2439.4109158233,7558.5269602725,28950.8733061174,71,36377.7757936424,7380.4737175058,1200.0000000000,10800.0000000000,4438.0299066000
2025-12-06,S1,SEQUENTIAL_PREVIOUS_COMMITMENT,Optimal,1,6.0132576000,2,0.0000000000,8098.8260852930,8664.3694532787,47932.5912247376,23240.8361050353,26882.6154234492,8.8795245778,7.0510545815,7.0510545815,0.0000000000,2,3051.2160625141,8804.7338333444,32054.4494629575,74,37191.2675129139,7494.8067323612,1200.0000000000,10800.0000000000,4438.0299066000
2025-12-07,S1,SEQUENTIAL_PREVIOUS_COMMITMENT,Optimal,1,4.1166975000,2,0.0000000000,8664.3694532787,7869.4860533424,91159.8710844202,68185.7347565549,74655.2953290280,-75.4550930693,226.6020457956,0.0000000000,226.6020457956,8,2666.7509339137,10995.4844590506,79105.7641225363,77,44640.8136284020,7983.7743997900,1200.0000000000,10800.0000000000,4438.0299066000
2025-12-08,S1,SEQUENTIAL_PREVIOUS_COMMITMENT,Optimal,1,3.6828453000,2,0.0000000000,7869.4860533424,7869.6230077835,99129.9090519808,74989.5341875674,80107.2595825855,220.4714790445,211.7784878171,211.7784878171,0.0000000000,9,234.5218493756,1227.4756619910,76437.4813286028,15,41909.5596817266,8052.0539572579,1200.0000000000,10800.0000000000,4438.0299066000
2025-12-09,S1,SEQUENTIAL_PREVIOUS_COMMITMENT,Optimal,1,3.3194140000,2,0.0000000000,7869.6230077835,7696.9769571629,98757.1052108755,73672.4451300558,78459.6251386841,-13.7685835988,59.2814620457,2.6308163303,56.6506457154,4,378.2396223042,1933.1299312209,75591.8064776780,21,43055.8615750091,7918.6512165315,1200.0000000000,10800.0000000000,4438.0299066000
2025-12-10,S1,SEQUENTIAL_PREVIOUS_COMMITMENT,Optimal,1,3.6996727000,2,0.0000000000,7696.9769571629,8491.2739019288,100575.3717785559,76158.9827358561,82773.3973877262,44.2680973728,42.6372267309,42.6372267309,0.0000000000,4,228.7927691528,1084.6029948843,77287.8538281132,15,42175.0448649616,8212.5329603266,1200.0000000000,10800.0000000000,4438.0299066000
2025-12-11,S1,SEQUENTIAL_PREVIOUS_COMMITMENT,Optimal,1,5.7725853000,2,0.0000000000,8491.2739019288,7712.7511419923,97944.6556693423,72911.8423598339,77617.6384394321,0.0000000000,0.0000000000,0.0000000000,0.0000000000,0,131.5003795703,489.6089737252,73401.4513335592,9,40235.6985153990,8036.7196185403,1200.0000000000,10800.0000000000,4438.0299066000
2025-12-12,S1,SEQUENTIAL_PREVIOUS_COMMITMENT,Optimal,1,6.5201678000,2,0.0000000000,7712.7511419923,8455.3092869634,54692.0514387478,26194.5751227315,30153.1301362693,293.6121207702,330.1031232623,330.1031232623,0.0000000000,8,295.6237389309,915.4232808194,27403.6105243212,20,38402.3533658731,7280.4822031316,1220.8870676883,10800.0000000000,4438.0299066000
2025-12-13,S1,SEQUENTIAL_PREVIOUS_COMMITMENT,Optimal,1,5.8677914000,2,0.0000000000,8455.3092869634,8180.4362629775,54641.9295236111,26526.8204504307,29995.7778109450,19.7434888149,17.1687125727,17.1687125727,0.0000000000,5,227.6184922542,1031.3261395314,27577.8900787769,14,37663.6291478453,7275.5175825874,1230.5786787292,10800.0000000000,4438.0299066000
2025-12-14,S1,SEQUENTIAL_PREVIOUS_COMMITMENT,Optimal,1,2.0689067000,2,0.0000000000,8180.4362629775,8606.1402157109,100465.1373986157,76534.1051801971,82071.3683209656,154.2725882258,141.9216891094,141.9216891094,0.0000000000,5,221.5577844012,1166.0039651300,77854.3817335529,17,46466.6348431017,7940.5686858908,1206.1525358155,10800.0000000000,4438.0299066000
2025-12-15,S1,SEQUENTIAL_PREVIOUS_COMMITMENT,Optimal,1,2.0513690000,2,0.0000000000,8606.1402157109,8341.4900559015,96445.0496784963,73485.3856961996,78362.6164980181,569.0270753022,440.4464868354,440.4464868354,0.0000000000,14,344.5910825645,1632.3206472367,75686.7334187384,25,41806.1914454061,8070.9876685302,1563.4585529935,10800.0000000000,4438.0299066000
2025-12-16,S1,SEQUENTIAL_PREVIOUS_COMMITMENT,Optimal,1,4.3522759000,2,0.0000000000,8341.4900559015,7639.2649259131,98113.8607287484,74515.8550323003,79303.9896932668,0.0000000000,0.0000000000,0.0000000000,0.0000000000,0,205.2571870638,809.0829205095,75324.9379528098,23,43832.9097717284,8004.6378430308,1200.0000000000,10800.0000000000,4438.0299066000
2025-12-17,S1,SEQUENTIAL_PREVIOUS_COMMITMENT,Optimal,1,4.3103679000,2,0.0000000000,7639.2649259131,7979.4033206806,100292.0865356007,75851.4428434155,81429.7772509238,-14.8733710365,41.8862953031,0.0000000000,41.8862953031,3,412.3914351339,1910.5724543579,77747.1419267368,18,41561.2715614995,8177.1835699063,1200.0000000000,10800.0000000000,4438.0299066000
2025-12-18,S1,SEQUENTIAL_PREVIOUS_COMMITMENT,Optimal,1,4.5730684000,2,0.0000000000,7979.4033206806,8078.6279898127,98749.9926141414,73976.1666566543,78924.2014774457,1.5224296884,1.0510025118,1.0510025118,0.0000000000,1,479.9448449355,1919.9601283124,75897.6492146551,21,44068.9664725991,8049.9743267057,1200.0000000000,10800.0000000000,4438.0299066000
2025-12-19,S1,SEQUENTIAL_PREVIOUS_COMMITMENT,Optimal,1,6.4898060000,2,0.0000000000,8078.6279898127,8759.6776569548,56351.3561967318,26755.2464304077,30809.7134620920,34.9139195745,41.9575206207,41.9575206207,0.0000000000,3,74.8010429577,201.7247495575,26991.8850995397,7,38276.0991855974,7746.5300745260,1214.0872968923,10800.0000000000,4438.0299066000
2025-12-20,S1,SEQUENTIAL_PREVIOUS_COMMITMENT,Optimal,1,5.9315324000,2,0.0000000000,8759.6776569548,8522.3012372457,54210.6200287441,26359.9601004897,30159.9549335308,10.8253567650,8.4655771379,8.4655771379,0.0000000000,1,199.9133820574,590.1062696169,26960.8917268717,18,38417.0502637813,7489.0165214900,1200.0000000000,10800.0000000000,4438.0299066000
2025-12-21,S1,SEQUENTIAL_PREVIOUS_COMMITMENT,Optimal,1,4.3493882000,2,0.0000000000,8522.3012372457,7902.9542498520,98720.4947569998,74953.8931164181,79017.0057590289,-21.6825377505,60.0569971266,0.0000000000,60.0569971266,4,608.1644064696,2342.4131846218,77274.6237632894,24,42628.1777278992,8133.4849271756,1200.0000000000,10800.0000000000,4438.0299066000
2025-12-22,S1,SEQUENTIAL_PREVIOUS_COMMITMENT,Optimal,1,4.0258035000,2,0.0000000000,7902.9542498520,8462.0701034065,100434.9478584628,76466.2266677150,82275.6106309143,31.8549811747,16.6254396593,16.6254396593,0.0000000000,2,278.9417293928,916.5225846897,77414.6042335794,23,44367.5134818524,8122.7876794158,1200.0000000000,10800.0000000000,4438.0299066000
2025-12-23,S1,SEQUENTIAL_PREVIOUS_COMMITMENT,Optimal,1,3.6905678000,2,0.0000000000,8462.0701034065,8517.9192961013,100360.1570755136,75691.8517223513,80730.0045803345,-4.9549843401,14.7228772548,0.0000000000,14.7228772548,1,88.4852992765,274.5208897868,75961.4176277980,10,46344.2443973542,8142.3305868951,1200.0000000000,10800.0000000000,4438.0299066000
2025-12-24,S1,SEQUENTIAL_PREVIOUS_COMMITMENT,Optimal,1,3.7660509000,2,0.0000000000,8517.9192961013,8543.7083062023,99708.5842962088,75063.4112995721,80380.6030955806,0.0000000000,0.0000000000,0.0000000000,0.0000000000,0,151.3063718175,628.7425539234,75692.1538534955,16,41901.3696434239,8177.7212062285,1200.0000000000,10800.0000000000,4438.0299066000
2025-12-25,S1,SEQUENTIAL_PREVIOUS_COMMITMENT,Optimal,1,6.1088257000,2,0.0000000000,8543.7083062023,8227.8813233385,98300.3237413027,74115.2025545840,78253.3797049779,-2.1370886025,4.8089302487,0.0000000000,4.8089302487,1,574.1479859488,2404.7661515688,76517.8316175503,28,44625.2498135752,8096.2187811633,1200.0000000000,10800.0000000000,4438.0299066000
2025-12-26,S1,SEQUENTIAL_PREVIOUS_COMMITMENT,Optimal,1,5.8942924000,2,0.0000000000,8227.8813233385,7920.4579853459,53199.8672580097,25568.1396219423,28573.8500660745,0.1679920528,0.1276729387,0.1276729387,0.0000000000,1,276.0897852735,910.4241579855,26478.7317719807,17,39295.4837049720,7105.1847421215,1206.1234932190,10800.0000000000,4438.0299066000
2025-12-27,S1,SEQUENTIAL_PREVIOUS_COMMITMENT,Optimal,1,5.9448745000,2,0.0000000000,7920.4579853459,7749.2829761727,53213.1540967112,24554.9276474829,28120.4569797486,12.5790693115,9.7657984469,9.7657984469,0.0000000000,2,277.1176327493,969.1653587545,25536.6720755489,21,42871.6294308393,7373.5526991397,1268.9448360603,10800.0000000000,4438.0299066000
2025-12-28,S1,SEQUENTIAL_PREVIOUS_COMMITMENT,Optimal,1,6.2351565000,2,0.0000000000,7749.2829761727,8430.0328967949,100735.3204309060,75523.7312329235,80881.8317772255,15.1755462861,15.0723327091,8.7901614739,6.2821712352,2,348.6556519531,1377.7127479982,76916.6195272078,20,41994.5203422781,8005.8465809762,1200.0000000000,10800.0000000000,4438.0299066000
2025-12-29,S1,SEQUENTIAL_PREVIOUS_COMMITMENT,Optimal,1,8.4685177000,2,0.0000000000,8430.0328967949,7706.4854319748,97648.9245695825,73412.0881558236,79289.9260685458,47.7978703680,48.5984462300,48.5984462300,0.0000000000,4,230.0940064521,878.8481182821,74338.7341444736,16,40925.5546961250,8138.8406155798,1200.0000000000,10800.0000000000,4438.0299066000
2025-12-30,S1,SEQUENTIAL_PREVIOUS_COMMITMENT,Optimal,1,5.4761617000,2,0.0000000000,7706.4854319748,7997.2654213209,98613.6512122099,73001.1279412800,78213.7812714388,3.4670218815,54.2128874802,8.6785184835,45.5343689967,4,236.4297195322,852.5168939161,73857.1118570775,18,43308.9147497857,7848.4424190826,1200.0000000000,10800.0000000000,4438.0299066000
2025-12-31,S1,SEQUENTIAL_PREVIOUS_COMMITMENT,Optimal,1,4.5934091000,2,0.0000000000,7997.2654213209,7802.7401985621,98707.0978885407,74460.9242139960,78842.5870448424,0.0000000000,0.0000000000,0.0000000000,0.0000000000,0,417.4175510031,1264.5738467301,75725.4980607261,24,42699.0153437208,8126.4412884908,1200.0000000000,10800.0000000000,4438.0299066000
2025-02-01,S2,SEQUENTIAL_PREVIOUS_COMMITMENT,Optimal,1,9.9726872000,3,0.0000000000,6000.0000000000,7157.1044595370,48715.0336355337,20721.6899724937,21894.3746814685,-212.2472472242,1245.0449754699,8.1258171579,1236.9191583120,13,141.8255025381,659.9441348075,21169.3868600770,10,36595.3720743767,7350.8821892986,1236.1167459491,10800.0000000000,5280.4551338000
2025-02-02,S2,SEQUENTIAL_PREVIOUS_COMMITMENT,Optimal,1,10.5786219000,3,0.0000000000,7157.1044595370,7020.9826812502,92890.6808793291,64876.4390533239,67263.5053985684,-682.3492261074,1750.4658630793,0.0000000000,1750.4658630793,15,72.9630995311,266.2343131642,64460.3241403807,5,39827.9571833979,7614.0742186868,1200.0000000000,10800.0000000000,5280.4551338000
2025-02-03,S2,SEQUENTIAL_PREVIOUS_COMMITMENT,Optimal,1,13.8124615000,3,0.0000000000,7020.9826812502,7029.7240329673,91795.8656618481,64799.8809392267,67083.7621641237,-263.9214196079,633.6626037128,0.0000000000,633.6626037128,10,203.2505347037,962.4136542235,65498.3731738423,12,41907.6089530500,7626.7933007500,1200.0000000000,10800.0000000000,5280.4551338000
2025-02-04,S2,SEQUENTIAL_PREVIOUS_COMMITMENT,Optimal,1,18.0920968000,3,0.0000000000,7029.7240329673,7034.7417998366,92417.2207215823,65260.1486651059,67728.0741117507,111.6767066525,155.7312488856,100.0867060573,55.6445428283,8,286.1609674328,1043.4714206901,66415.2967924485,11,44460.5790236452,7793.6901964858,1203.0314482060,10800.0000000000,5280.4551338000
2025-02-05,S2,SEQUENTIAL_PREVIOUS_COMMITMENT,Optimal,1,25.9611592000,3,0.0000000000,7034.7417998366,6853.2985550802,90367.0698667543,63544.8154097477,65951.6773328991,231.6509391875,205.3263980274,205.3263980274,0.0000000000,10,256.7764649631,1273.2285505920,65049.6948995272,23,43419.9934551006,7711.8361654229,1200.0000000000,10800.0000000000,5280.4551338000
2025-02-06,S2,SEQUENTIAL_PREVIOUS_COMMITMENT,Optimal,1,20.6585520000,3,0.0000000000,6853.2985550802,7076.3823857483,92749.7857887382,65401.5721119985,67730.1103737805,-453.0279322384,1337.8431731571,10.3546803538,1327.4884928033,9,104.4808847408,379.7734293102,65328.3176090703,6,42071.1098182771,7779.8449702998,1223.6639058160,10800.0000000000,5280.4551338000
2025-02-07,S2,SEQUENTIAL_PREVIOUS_COMMITMENT,Optimal,1,26.3956919000,3,0.0000000001,7076.3823857483,7010.9559503398,46786.0257282973,19684.3950838036,20887.2544662215,-301.9605704946,2111.8763952573,16.7919373737,2095.0844578836,9,107.9540392357,540.1937802912,19922.6282936002,7,38561.3322041400,7349.1599056983,1200.0000000000,10800.0000000000,5280.4551338000
2025-02-08,S2,SEQUENTIAL_PREVIOUS_COMMITMENT,Optimal,1,28.9850570000,3,0.0000000000,7010.9559503398,6947.6009173527,41151.6186662355,17285.8579347597,18568.7914473410,-44.8714743916,236.6438548050,0.0000000000,236.6438548050,8,241.2355765272,923.7609413739,18164.7474017420,20,37942.9225436348,6976.0308836023,1200.0000000000,10800.0000000000,5280.4551338000
2025-02-09,S2,SEQUENTIAL_PREVIOUS_COMMITMENT,Optimal,1,22.8521888000,3,0.0000000000,6947.6009173527,7082.2431682211,86993.8466858829,60450.8507882824,62852.8913377260,184.6986160096,230.7955455280,146.9594083395,83.8361371885,8,410.2803297019,1647.4379265793,62282.9873308713,29,40609.0565987186,8021.4054149499,1256.3522113291,10800.0000000000,5280.4551338000
2025-02-10,S2,SEQUENTIAL_PREVIOUS_COMMITMENT,Optimal,1,22.2642654000,3,0.0000000000,7082.2431682211,6856.3917609309,87110.0649522996,59100.1578483915,61364.7707180060,-1216.1848601049,3276.7094997793,0.0000000000,3276.7094997793,35,198.1849492060,692.7193800269,58576.6923683135,14,39708.0838892468,7826.1156286128,1205.0785269097,10800.0000000000,5280.4551338000
2025-02-11,S2,SEQUENTIAL_PREVIOUS_COMMITMENT,Optimal,1,30.3908533000,3,0.0000000000,6856.3917609309,6921.1427394206,85290.4562579901,58034.7595659943,60287.4916937152,-764.4721381157,1802.1830022432,0.0000000000,1802.1830022432,32,328.9702801614,1695.5216777042,58965.8091055828,27,40117.0800938438,7351.7567541995,1200.0000000000,10800.0000000000,5280.4551338000
2025-02-12,S2,SEQUENTIAL_PREVIOUS_COMMITMENT,Optimal,1,26.5439399000,3,0.0000000000,6921.1427394206,6970.9471466986,85539.9519976390,57764.1134029469,60098.8279351821,-705.2388477435,1937.4438285464,0.0000000000,1937.4438285464,25,335.3142053747,1552.6347765793,58611.5093317828,21,40700.5684199072,7532.1221797398,1200.0000000000,10800.0000000000,5280.4551338000
2025-02-13,S2,SEQUENTIAL_PREVIOUS_COMMITMENT,Optimal,1,14.8848232000,3,0.0000000000,6970.9471466986,7080.0310713769,84908.9016863186,56739.3649614087,58878.1323935299,-1050.2269261063,2651.2494290963,0.0000000000,2651.2494290963,34,361.3803544600,1597.0579918727,57286.1960271751,23,38409.9115091642,7681.0754934229,1200.0000000000,10800.0000000000,5280.4551338000
2025-02-14,S2,SEQUENTIAL_PREVIOUS_COMMITMENT,Optimal,1,20.9104898000,3,0.0000000000,7080.0310713769,7083.1891071432,38892.6918608789,16348.1100491499,17575.0781099616,-105.7210612855,667.8786648206,0.0000000000,667.8786648206,5,678.6671593604,2280.3747155128,18522.7637033772,32,37117.3072838912,6939.4267639494,1200.0000000000,10800.0000000000,5280.4551338000
2025-02-15,S2,SEQUENTIAL_PREVIOUS_COMMITMENT,Optimal,1,29.4378751000,3,0.0000000000,7083.1891071432,6987.8473273348,37772.0194470953,16355.4988703349,17611.8206785701,-10.6874309915,26.4192352275,0.0000000000,26.4192352275,4,646.2654844395,2201.6020204831,18546.4134598265,35,36459.2170660362,6867.4250236829,1200.0000000000,10800.0000000000,5280.4551338000
2025-02-16,S2,SEQUENTIAL_PREVIOUS_COMMITMENT,Optimal,1,31.2764655000,3,0.0000000000,6987.8473273348,7019.0300450235,83288.6298219888,56166.8699466244,58619.4096840406,-416.9931402992,1041.2884462408,0.0000000000,1041.2884462408,23,775.5292047952,3403.7233647431,59153.6001710683,43,41294.4262774875,7365.4503548188,1200.0000000000,10800.0000000000,5280.4551338000
2025-02-17,S2,SEQUENTIAL_PREVIOUS_COMMITMENT,Optimal,1,19.3610763000,3,0.0000000000,7019.0300450235,6922.8825507419,82469.4585055398,54923.9809852900,57298.4057074284,-1260.4850444829,3264.0014876043,0.0000000000,3264.0014876043,38,410.9896453392,1835.1716422261,55498.6675830332,30,40980.1969582268,7676.3589331354,1200.0000000000,10800.0000000000,5280.4551338000
2025-02-18,S2,SEQUENTIAL_PREVIOUS_COMMITMENT,Optimal,1,20.3341977000,3,0.0000000000,6922.8825507419,6942.5622691364,81012.7468373635,53379.3419059820,55649.6703104290,-332.0466926944,907.8073029103,0.0000000000,907.8073029103,11,328.2617072257,1408.6342348577,54455.9294481454,22,41180.6121134014,7545.3926056094,1200.0000000000,10800.0000000000,5280.4551338000
2025-02-19,S2,SEQUENTIAL_PREVIOUS_COMMITMENT,Optimal,1,30.7109560000,3,0.0000000000,6942.5622691364,6946.1917628561,80813.4544990161,52980.3855670853,55251.4946000758,-71.6915056454,276.6056956133,0.0000000000,276.6056956133,12,683.6403919776,2577.6041184384,55486.2981798784,38,44584.4458645856,7411.3128319225,1200.0000000000,10800.0000000000,5280.4551338000
2025-02-20,S2,SEQUENTIAL_PREVIOUS_COMMITMENT,Optimal,1,16.9836336000,3,0.0000000000,6946.1917628561,7004.5242705309,80990.9947511130,53599.2062986836,55886.5267951302,-511.2527882787,1374.4996444595,4.6220584021,1369.8775860574,20,532.3268367464,2639.1000779860,55727.0535883909,32,40655.1519000089,7463.2246041170,1200.0000000000,10800.0000000000,5280.4551338000
2025-02-21,S2,SEQUENTIAL_PREVIOUS_COMMITMENT,Optimal,1,23.9061505000,3,0.0000000000,7004.5242705309,6780.6768302179,36919.2730149648,15847.8171967003,16749.0000838767,-23.5179833870,69.5120077452,0.0000000000,69.5120077452,9,296.1329209987,897.5202660598,16721.8194793731,24,35621.7994799774,6575.1029987470,1200.0000000000,10800.0000000000,5280.4551338000
2025-02-22,S2,SEQUENTIAL_PREVIOUS_COMMITMENT,Optimal,1,30.3223837000,3,0.0000000000,6780.6768302179,6978.4973299990,36972.5221161251,16042.9254938829,17065.8823057577,-9.7294289324,64.6441017425,11.7623547461,52.8817469963,5,339.1536186281,1093.3576893815,17126.5537543320,24,34596.8477837552,6227.0808574948,1200.0000000000,10800.0000000000,5280.4551338000
2025-02-23,S2,SEQUENTIAL_PREVIOUS_COMMITMENT,Optimal,1,25.0425501000,3,0.0000000000,6978.4973299990,6934.2148198906,79472.7489930790,52384.7296299951,54350.6547561276,-282.8813768769,644.1538807337,0.0000000000,644.1538807337,19,653.8827756567,2601.0873665042,54702.9356196224,35,40327.3136620747,7283.9698005499,1200.0000000000,10800.0000000000,5280.4551338000
2025-02-24,S2,SEQUENTIAL_PREVIOUS_COMMITMENT,Optimal,1,36.5513880000,3,0.0000000000,6934.2148198906,6900.6032250517,78181.3638962485,51128.9066260863,53482.1414782405,-420.7701669884,1247.0735145153,0.0000000000,1247.0735145153,7,491.9119447680,2351.8518702547,53059.9883293526,29,38522.6066247604,7144.2832356854,1200.0000000000,10800.0000000000,5280.4551338000
2025-02-25,S2,SEQUENTIAL_PREVIOUS_COMMITMENT,Optimal,1,26.2968565000,3,0.0000000000,6900.6032250517,6968.3240307943,78635.4432111236,50792.8463752885,53021.1567567543,-1181.1829197255,3407.8516520042,0.0000000000,3407.8516520042,32,478.0590108313,1989.0029981723,51600.6664537353,30,38515.5490966442,7517.5720410467,1200.0000000000,10800.0000000000,5280.4551338000
2025-02-26,S2,SEQUENTIAL_PREVIOUS_COMMITMENT,Optimal,1,29.6847005000,3,0.0000000000,6968.3240307943,6971.1921366734,77810.4166194545,50658.9505892030,52783.9212491521,-240.7966249263,689.4865425058,0.0000000000,689.4865425058,12,543.9548510115,2439.1334871796,52857.2874514562,26,39189.7116659146,7432.3489682499,1200.0000000000,10800.0000000000,5280.4551338000
2025-02-27,S2,SEQUENTIAL_PREVIOUS_COMMITMENT,Optimal,1,26.9802961000,3,0.0000000000,6971.1921366734,6957.7321486024,77113.9825410760,48799.3034926792,50859.0163157095,-278.3558111188,1013.4022564933,0.0000000000,1013.4022564933,14,451.1011302430,2306.5063780977,50827.4540596581,19,42153.5456508583,7215.0926571574,1200.0000000000,10800.0000000000,5280.4551338000
2025-02-28,S2,SEQUENTIAL_PREVIOUS_COMMITMENT,Optimal,1,30.1367647000,3,0.0000000000,6957.7321486024,6947.9320151418,35736.3572664004,14722.5086180690,15610.7486187264,-22.9508890807,63.7822472049,0.0000000000,63.7822472049,5,349.0944150666,1159.0153379266,15858.5730669150,22,34548.2762704992,6290.0748911161,1200.0000000000,10800.0000000000,5280.4551338000
2025-03-01,S2,SEQUENTIAL_PREVIOUS_COMMITMENT,Optimal,1,27.3058104000,3,0.0000000000,6947.9320151418,6929.1481711216,36246.5261567759,15085.1924390909,15954.0204090493,0.0000000000,0.0000000000,0.0000000000,0.0000000000,0,422.2196679725,1503.3553733847,16588.5478124756,18,36564.2877895182,6404.2675105563,1213.3557253328,10800.0000000000,5280.4551338000
2025-03-02,S2,SEQUENTIAL_PREVIOUS_COMMITMENT,Optimal,1,24.4371285000,3,0.0000000000,6929.1481711216,6996.8715835473,77228.0644279162,49660.7976482960,52006.7028217914,2740.4492795394,2407.3851905320,2407.3851905320,0.0000000000,25,1234.9328175266,5557.4042193406,57958.6511471760,35,45593.6516709683,7247.4867589118,1225.8140857689,10800.0000000000,5280.4551338000
2025-03-03,S2,SEQUENTIAL_PREVIOUS_COMMITMENT,Optimal,1,22.5401034000,3,0.0000000000,6996.8715835473,6974.6220998895,77599.0592197017,50229.7955323086,52727.8548321244,690.7428502587,681.6379940089,605.8225676082,75.8154264008,17,1546.5718299931,7152.5059498531,58073.0443324203,48,42204.9406726799,7441.1148028538,1200.0000000000,10800.0000000000,5280.4551338000
2025-03-04,S2,SEQUENTIAL_PREVIOUS_COMMITMENT,Optimal,1,24.5594546000,3,0.0000000000,6974.6220998895,6913.9455984737,78176.6423654725,50623.3569781392,53322.1266867716,-117.3106905866,805.6466264295,116.3178048092,689.3288216203,11,487.3841293957,1638.4444303721,52144.4907179247,26,41475.7045668185,7394.7787735546,1200.0000000000,10800.0000000000,5280.4551338000
2025-03-05,S2,SEQUENTIAL_PREVIOUS_COMMITMENT,Optimal,1,27.1696007000,3,0.0000000000,6913.9455984737,7031.3540000141,79258.2458633288,50382.2161932109,52568.6026180909,-1043.8928969933,3191.1397787558,0.0000000000,3191.1397787558,27,195.0449969851,786.1616235097,50124.4849197273,14,37475.4206836375,7752.9958127736,1200.0000000000,10800.0000000000,5280.4551338000
2025-03-06,S2,SEQUENTIAL_PREVIOUS_COMMITMENT,Optimal,1,18.8122927000,3,0.0000000000,7031.3540000141,7024.5462450129,77978.5750239950,49886.1704082770,52333.5421873754,-816.3834270296,2861.7791768152,0.0000000000,2861.7791768152,22,294.0753903181,892.4445899636,49962.2315712110,19,37739.2503217576,7667.8505637693,1200.0000000000,10800.0000000000,5280.4551338000
2025-03-07,S2,SEQUENTIAL_PREVIOUS_COMMITMENT,Optimal,1,10.3857425000,3,0.0000000000,7024.5462450129,7038.8086086585,35144.7506999951,14518.4094380584,15501.0264854606,-15.7926187833,41.0318703391,0.0000000000,41.0318703391,6,197.8215629617,560.0072145078,15062.6240337828,14,31922.7171901964,6289.5026772071,1200.0000000000,10800.0000000000,5280.4551338000
2025-03-08,S2,SEQUENTIAL_PREVIOUS_COMMITMENT,Optimal,1,16.2896053000,3,0.0000000000,7038.8086086585,6941.4378789179,33477.7316151262,13827.7615578820,14714.8312279606,-17.3147283201,49.8894732215,0.0000000000,49.8894732215,5,346.8263897227,891.8350862637,14702.2819158257,23,36421.4391927243,6147.6405791497,1200.0000000000,10800.0000000000,5280.4551338000
2025-03-09,S2,SEQUENTIAL_PREVIOUS_COMMITMENT,Optimal,1,14.9256907000,3,0.0000000000,6941.4378789179,6874.1976950189,75274.9344915321,46955.4419735340,49353.7661868985,-929.6162189635,3471.8192966680,0.0000000000,3471.8192966680,36,273.3008187177,1166.8206823842,47192.6464369547,25,39744.5897649975,7204.5872166707,1200.0000000000,10800.0000000000,5280.4551338000
2025-03-10,S2,SEQUENTIAL_PREVIOUS_COMMITMENT,Optimal,1,18.3791973000,3,0.0000000000,6874.1976950189,6868.0486963486,73837.9730745709,47620.2869872848,49854.0103274828,59.5115609448,70.5196835464,70.5196835464,0.0000000000,1,1454.8838311534,5444.7766352821,53124.5751835117,51,40108.7607699677,7238.9120122287,1200.0000000000,10800.0000000000,5280.4551338000
2025-03-11,S2,SEQUENTIAL_PREVIOUS_COMMITMENT,Optimal,1,14.4365131000,3,0.0000000000,6868.0486963486,7030.5293957427,72546.7435223276,45393.4582861919,47620.6175482686,-204.0719778877,940.5881513699,77.0498305355,863.5383208344,12,629.6466940607,2753.9589218777,47943.3452301819,39,38617.3397088589,6893.6438217562,1208.1475434028,10800.0000000000,5280.4551338000
2025-03-12,S2,SEQUENTIAL_PREVIOUS_COMMITMENT,Optimal,1,16.3879948000,3,0.0000000000,7030.5293957427,6962.4317087563,73304.0874394629,45417.3597046785,47775.1199027721,-822.0230895397,2781.5835563956,9.0320553496,2772.5515010460,31,533.5458456817,2136.5800156547,46731.9166307935,31,38460.7577267813,7070.5926524287,1200.0000000000,10800.0000000000,5280.4551338000
2025-03-13,S2,SEQUENTIAL_PREVIOUS_COMMITMENT,Optimal,1,18.5733602000,3,0.0000000000,6962.4317087563,7039.1992942751,73280.2535442133,46480.5388366417,48702.7085460441,81.3857405789,166.2944735178,120.6160247527,45.6784487651,4,1410.7318390629,6771.2050625363,53333.1296397569,42,37788.1189874218,7321.6155285424,1200.0000000000,10800.0000000000,5280.4551338000
2025-03-14,S2,SEQUENTIAL_PREVIOUS_COMMITMENT,Optimal,1,18.1963242000,3,0.0000000000,7039.1992942751,6959.2138465079,32727.7331531164,13024.7682908342,13859.4163634229,-17.5534471975,58.7297520567,3.2667761789,55.4629758778,4,352.2895924505,1293.4726741517,14300.6875177883,26,37721.9466468667,6123.7070775511,1200.0000000000,10800.0000000000,5280.4551338000
2025-03-15,S2,SEQUENTIAL_PREVIOUS_COMMITMENT,Optimal,1,17.7967544000,3,0.0000000000,6959.2138465079,7047.9709802858,32824.9152632624,13617.3838136399,14459.4836130140,-16.2263769150,46.0271597845,0.0000085202,46.0271512643,5,390.7194873917,1425.3991366036,15026.5565733284,25,34335.1351973889,6188.1334101253,1200.0000000000,10800.0000000000,5280.4551338000
2025-03-16,S2,SEQUENTIAL_PREVIOUS_COMMITMENT,Optimal,1,19.3209595000,3,0.0000000000,7047.9709802858,6995.4184764236,71565.6198342327,44488.6554233332,46792.3655698698,-166.1842326753,746.6900666710,66.3932413846,680.2968252864,10,479.5293829985,2104.0021011290,46426.4732917869,34,38270.1440803607,7000.2249680746,1226.2246765262,10800.0000000000,5280.4551338000
2025-03-17,S2,SEQUENTIAL_PREVIOUS_COMMITMENT,Optimal,1,17.9645794000,3,0.0000000000,6995.4184764236,6996.6993793689,71888.3365025134,43399.7562028344,45942.5186439193,-1076.4636185275,3382.7408906282,0.0000000000,3382.7408906282,28,325.2898319009,1472.1629460710,43795.4555303779,20,38152.7411566529,6999.5599053354,1202.3279720775,10800.0000000000,5280.4551338000
2025-03-18,S2,SEQUENTIAL_PREVIOUS_COMMITMENT,Optimal,1,12.2014797000,3,0.0000000000,6996.6993793689,7059.1000228748,71608.1791880662,43956.6081593747,46133.7850469639,-422.5709747326,1409.4931212844,0.0000000000,1409.4931212844,19,522.1388687998,2268.6965655941,45802.7337502362,27,38849.7644714926,7096.0235018496,1200.0000000000,10800.0000000000,5280.4551338000
2025-03-19,S2,SEQUENTIAL_PREVIOUS_COMMITMENT,Optimal,1,13.3248532000,3,0.0000000000,7059.1000228748,6931.3580098632,69725.4611023979,42244.2635837897,44517.8856654996,-190.6277976017,805.3570659175,7.2879280916,798.0691378259,9,367.1229188252,1689.4387342676,43743.0745204556,21,40969.3126113997,7194.8472512897,1200.0000000000,10800.0000000000,5280.4551338000
2025-03-20,S2,SEQUENTIAL_PREVIOUS_COMMITMENT,Optimal,1,20.8277569000,3,0.0000000000,6931.3580098632,6958.7261671614,69550.9205069120,42818.5227474232,45260.2984667499,-231.0247287059,693.7499547931,0.0000000000,693.7499547931,13,887.3449024161,3586.5087265907,46174.0067453081,43,37918.4070577545,6788.9051826648,1200.0000000000,10800.0000000000,5280.4551338000
2025-03-21,S2,SEQUENTIAL_PREVIOUS_COMMITMENT,Optimal,1,13.8137372000,3,0.0000000000,6958.7261671614,6998.6420020071,31755.2170800981,12734.2918489008,13575.6136667249,-48.0262606406,162.8095866743,0.0000000000,162.8095866743,8,407.2122470660,995.9324335528,13682.1980218130,24,33596.0541667571,5888.5937241416,1200.0000000000,10800.0000000000,5280.4551338000
2025-03-22,S2,SEQUENTIAL_PREVIOUS_COMMITMENT,Optimal,1,13.6687016000,3,0.0000000000,6998.6420020071,7036.5104557249,32616.9972632506,13241.8359778250,14136.3302529271,-12.2333736016,32.8095116518,0.0000000000,32.8095116518,2,135.5783742684,266.0876732959,13495.6902775192,12,35089.6939278226,6018.5939886299,1220.9904059606,10800.0000000000,5280.4551338000
2025-03-23,S2,SEQUENTIAL_PREVIOUS_COMMITMENT,Optimal,1,12.6230446000,3,0.0000000000,7036.5104557249,6973.2181034254,68349.5719963615,41228.1034840882,43266.0875762674,-319.7532565004,982.1989709001,0.0000000000,982.1989709001,12,574.4417291841,2536.0639870840,43444.4142146718,32,38122.5094652373,6971.0338889734,1200.0000000000,10800.0000000000,5280.4551338000
2025-03-24,S2,SEQUENTIAL_PREVIOUS_COMMITMENT,Optimal,1,18.7076882000,3,0.0000000000,6973.2181034254,7029.4618835051,67528.8532434340,40901.5078644035,43660.2778781222,228.4550170116,758.7384735229,335.7714063586,422.9670671643,13,503.4796787362,1571.1555903391,42701.1184717543,36,38175.1456364381,7241.5710913708,1200.0000000000,10800.0000000000,5280.4551338000
2025-03-25,S2,SEQUENTIAL_PREVIOUS_COMMITMENT,Optimal,1,15.9382235000,3,0.0000000000,7029.4618835051,6973.2777696600,68413.7541975227,41448.2700344173,43784.6768615215,-286.5191418378,1086.2248049618,0.0000000000,1086.2248049618,12,1014.2680010026,3736.7214003646,44898.4722929440,45,39910.4870663274,6884.7264617528,1200.0000000000,10800.0000000000,5280.4551338000
2025-03-26,S2,SEQUENTIAL_PREVIOUS_COMMITMENT,Optimal,1,23.5631594000,3,0.0000000000,6973.2777696600,7052.9229994265,66320.0102552562,39659.5581429409,41827.4008597291,-246.5652800908,1060.0798753239,0.0000000000,1060.0798753239,8,384.7813962539,1282.9379482910,40695.9308111411,26,37434.0882497363,7096.2413832294,1200.0000000000,10800.0000000000,5280.4551338000
2025-03-27,S2,SEQUENTIAL_PREVIOUS_COMMITMENT,Optimal,1,15.4343332000,3,0.0000000000,7052.9229994265,7073.2021721221,67095.4405869965,40312.2618389124,42389.6302877975,-112.6608315324,796.8151197181,91.9373152574,704.8778044608,20,704.3567497573,2826.2908828996,43025.8918902796,37,37126.3878159991,7191.7046142916,1202.4245245949,10800.0000000000,5280.4551338000
2025-03-28,S2,SEQUENTIAL_PREVIOUS_COMMITMENT,Optimal,1,17.1686231000,3,0.0000000000,7073.2021721221,7152.6591157747,31448.3916649659,12603.0802430130,13436.0687682628,-7.7866292787,19.3874800680,0.0000000000,19.3874800680,2,207.1464540562,564.7459933102,13160.0396070445,15,33635.1118703773,5983.1575935466,1212.5429375000,10800.0000000000,5280.4551338000
2025-03-29,S2,SEQUENTIAL_PREVIOUS_COMMITMENT,Optimal,1,20.3469076000,3,0.0000000000,7152.6591157747,6967.9244951047,30782.1821574531,12329.1328400258,13124.6881861302,-10.1007821088,26.6859086204,0.0000000000,26.6859086204,2,319.0412197964,1037.8237229226,13356.8557808396,19,32950.0202559647,5674.0336115401,1214.0441892361,10800.0000000000,5280.4551338000
2025-03-30,S2,SEQUENTIAL_PREVIOUS_COMMITMENT,Optimal,1,20.8009997000,3,0.0000000000,6967.9244951047,6976.8543428203,66133.4912772357,38918.3236287418,41426.8331801885,-424.4407974853,1778.5986637203,0.0000000000,1778.5986637203,22,535.0172095788,2056.9235418021,40550.8063730586,28,38054.7261084875,7277.2999293586,1200.0000000000,10800.0000000000,5280.4551338000
2025-03-31,S2,SEQUENTIAL_PREVIOUS_COMMITMENT,Optimal,1,20.6269033000,3,0.0000000000,6976.8543428203,6946.4029004424,62977.8202737792,37691.0570278155,39641.4726032902,347.6211866508,388.6860256428,324.9054072977,63.7806183451,13,702.0575737246,2845.8196823199,40884.4978967862,38,35916.3111429268,7403.8812980559,1200.0000000000,10800.0000000000,5280.4551338000
2025-04-01,S2,SEQUENTIAL_PREVIOUS_COMMITMENT,Optimal,1,19.8352363000,3,0.0000000000,6946.4029004424,7008.5772151444,66283.4913720098,40564.2599130512,43091.3388267633,6.3573261748,5.3357893112,5.3357893112,0.0000000000,1,1170.4630080526,3941.1778822487,44511.7951214747,46,35443.4827656260,7534.2810541001,1200.0000000000,10800.0000000000,5280.4551338000
2025-04-02,S2,SEQUENTIAL_PREVIOUS_COMMITMENT,Optimal,1,16.9723988000,3,0.0000000000,7008.5772151444,6987.2739558863,65090.9116317001,39090.9751560929,41442.2293237701,400.2871177968,452.3138809332,452.3138809332,0.0000000000,11,1945.9286995648,7910.3466448979,47401.6089187875,55,38259.0627250814,7005.3896472306,1200.0000000000,10800.0000000000,5280.4551338000
2025-04-03,S2,SEQUENTIAL_PREVIOUS_COMMITMENT,Optimal,1,16.8572364000,3,0.0000000000,6987.2739558863,7012.5928642261,66180.3489439330,39583.6428708345,41835.8024993779,-174.6938683581,1114.9805918997,43.9495659127,1071.0310259870,6,384.2992743148,1281.8395892078,40690.7885916842,26,41380.8209657416,7268.4901560963,1200.0000000000,10800.0000000000,5280.4551338000
2025-04-04,S2,SEQUENTIAL_PREVIOUS_COMMITMENT,Optimal,1,10.7806258000,3,0.0000000000,7012.5928642261,7129.3604247103,30097.3520000411,11990.8693028988,12803.3684336428,-14.7007836723,46.5840666462,0.0000000000,46.5840666462,8,369.0340902342,1158.8796385234,13135.0481577498,22,30212.9103510962,5983.5341448130,1244.3668466893,10800.0000000000,5280.4551338000
2025-04-05,S2,SEQUENTIAL_PREVIOUS_COMMITMENT,Optimal,1,12.1861335000,3,0.0000000000,7129.3604247103,6935.0333612344,29795.1991139999,12109.5438041335,12900.3668956980,-8.8813946702,24.7973864695,0.0000000000,24.7973864695,3,415.9951535813,1205.9246058064,13306.5870152697,32,30565.3542200389,5714.8465309209,1200.0000000000,10800.0000000000,5280.4551338000
2025-04-06,S2,SEQUENTIAL_PREVIOUS_COMMITMENT,Optimal,1,19.0645970000,3,0.0000000000,6935.0333612344,7559.0224331962,66322.9553241603,39248.5017967941,41889.8430966445,-242.8489223984,1058.2850617594,8.4805504381,1049.8045113213,9,364.9038590288,1450.7910474461,40456.4439218419,25,37255.9923767423,7150.5075059619,1200.0000000000,10800.0000000000,5280.4551338000
2025-04-07,S2,SEQUENTIAL_PREVIOUS_COMMITMENT,Optimal,1,19.7587356000,3,0.0000000000,7559.0224331962,6983.4446952083,62732.8238222495,37204.4303162492,39222.3781713686,-114.2897763254,533.6171300349,8.1481798454,525.4689501895,10,366.8366936031,937.2684720285,38027.4090119523,25,35532.8466888351,7490.7238192511,1200.0000000000,10800.0000000000,5280.4551338000
2025-04-08,S2,SEQUENTIAL_PREVIOUS_COMMITMENT,Optimal,1,17.7958428000,3,0.0000000000,6983.4446952083,7013.2224529269,64691.5144413902,37998.3093241000,40047.2644683256,-242.6243507489,1361.0647570550,40.1711847689,1320.8935722861,13,651.3959187399,2974.8396404603,40730.5246138115,32,37710.2064242524,7071.5169811113,1200.0000000000,10800.0000000000,5280.4551338000
2025-04-09,S2,SEQUENTIAL_PREVIOUS_COMMITMENT,Optimal,1,22.5761229000,3,0.0000000000,7013.2224529269,6957.4286472460,62871.2067041584,37419.2856765861,39705.9150669777,1129.4687417193,1375.6989080657,1375.6989080657,0.0000000000,14,1755.8137625898,6274.5544218150,44823.3088401204,50,38683.6630701068,6948.7433084238,1232.2833415702,10800.0000000000,5280.4551338000
2025-04-10,S2,SEQUENTIAL_PREVIOUS_COMMITMENT,Optimal,1,14.8173435000,3,0.0000000000,6957.4286472460,7046.0324837907,64131.4583385736,37643.1794037838,39676.1726767588,-24.1487597842,494.7615811756,52.5236175519,442.2379636237,11,542.3791448459,2384.8760234668,40003.9066674663,32,39707.9122214252,7014.8329043261,1200.0000000000,10800.0000000000,5280.4551338000
2025-04-11,S2,SEQUENTIAL_PREVIOUS_COMMITMENT,Optimal,1,7.2665631000,3,0.0000000000,7046.0324837907,7019.7198674903,29552.3904832439,11473.5914403971,12252.5514039331,-13.5346736864,45.5110164635,0.0000000000,45.5110164635,7,499.0166384326,1615.6791424132,13075.7359091239,30,34807.9505013878,5744.5505123962,1251.9777568109,10800.0000000000,5280.4551338000
2025-04-12,S2,SEQUENTIAL_PREVIOUS_COMMITMENT,Optimal,1,5.2773557000,3,0.0000000000,7019.7198674903,7119.2316812777,30504.4792775632,11840.7054416671,12563.1509288399,-7.4081548759,25.7016514038,0.0000000000,25.7016514038,3,150.6474540066,414.0373147408,12247.3346015319,15,35015.4034734076,6196.2128231176,1221.1773928736,10800.0000000000,5280.4551338000
2025-04-13,S2,SEQUENTIAL_PREVIOUS_COMMITMENT,Optimal,1,14.9520739000,3,0.0000000000,7119.2316812777,6979.5661785453,62534.3528899898,37064.9459819471,39597.8203744860,-89.7208278765,288.1277803700,0.0000000000,288.1277803700,8,548.0579163250,2359.4075548057,39334.6327088762,29,38742.5563798842,7188.4920999165,1215.5531155295,10800.0000000000,5280.4551338000
2025-04-14,S2,SEQUENTIAL_PREVIOUS_COMMITMENT,Optimal,1,11.0609892000,3,0.0000000000,6979.5661785453,7090.7358091088,62489.5556602425,36395.1697813577,38543.1386342121,-555.4623560714,2030.2915666968,0.0000000000,2030.2915666968,21,542.2778700085,2279.6262608611,38119.3336861474,34,37396.5138561517,7280.2781210039,1218.1750078373,10800.0000000000,5280.4551338000
2025-04-15,S2,SEQUENTIAL_PREVIOUS_COMMITMENT,Optimal,1,13.4633912000,3,0.0000000000,7090.7358091088,7090.9242063790,61596.5237205792,35628.5148602902,37377.7913799252,-194.1969382251,1184.7752432553,52.1148073431,1132.6604359123,15,310.0070792444,1266.5886583637,36700.9065804288,25,37822.3756893847,7116.7950774559,1231.2187785398,10800.0000000000,5280.4551338000
2025-04-16,S2,SEQUENTIAL_PREVIOUS_COMMITMENT,Optimal,1,10.7685225000,3,0.0000000000,7090.9242063790,7020.4757670534,61904.1068841193,36825.2623346617,38980.5126888478,43.3017986366,158.6140049643,61.9209440407,96.6930609235,9,1139.4272584416,4658.3325021707,41526.8966354690,43,35860.2178538722,7407.7554310678,1212.3076926300,10800.0000000000,5280.4551338000
2025-04-17,S2,SEQUENTIAL_PREVIOUS_COMMITMENT,Optimal,1,16.9053215000,3,0.0000000000,7020.4757670534,6959.0499393624,60092.0088187788,35165.6931886226,37094.3879574313,-20.4921637402,329.8423842366,49.0400634379,280.8023207987,7,446.9892249434,1725.1300586022,36870.3310834847,31,36486.5946122794,7055.5312733569,1200.0000000000,10800.0000000000,5280.4551338000
2025-04-18,S2,SEQUENTIAL_PREVIOUS_COMMITMENT,Optimal,1,10.8217637000,3,0.0000000000,6959.0499393624,7260.5529358488,29525.2291398412,11499.7184013497,12202.1297527044,-4.7199863141,16.1445841413,0.0000000000,16.1445841413,2,284.7731445673,814.4457971547,12309.4442121903,15,31276.9890677939,5904.6483399042,1363.4101534376,10800.0000000000,5280.4551338000
2025-04-19,S2,SEQUENTIAL_PREVIOUS_COMMITMENT,Optimal,1,11.6619040000,3,0.0000000000,7260.5529358488,7518.9792720891,28592.1376540967,11142.5243165241,11913.9196029915,-5.1425082881,20.1083570336,0.3799825580,19.7283744756,5,368.6791684862,1084.9761113782,12222.3579196142,16,30725.0670289652,5693.4350384005,1404.7460416014,10800.0000000000,5280.4551338000
2025-04-20,S2,SEQUENTIAL_PREVIOUS_COMMITMENT,Optimal,1,15.6044669000,3,0.0000000000,7518.9792720891,7026.3010576739,60289.3527937975,35538.9574842014,37545.3696862322,47.4633399267,538.4614032249,111.7329144490,426.7284887759,14,628.4940035873,2040.1587740340,37626.5795981621,33,35418.1987389296,7263.0884610792,1214.5324587460,10800.0000000000,5280.4551338000
2025-04-21,S2,SEQUENTIAL_PREVIOUS_COMMITMENT,Optimal,1,13.8077601999,3,0.0000000000,7026.3010576739,7021.2108654608,61071.0792201496,35179.6707081041,37301.1800432127,-682.0991298961,3400.3376803284,0.0000000000,3400.3376803284,23,605.7400992445,2123.5990870808,36621.1706652887,27,35880.4351241145,7192.6749502364,1200.0000000000,10800.0000000000,5280.4551338000
2025-04-22,S2,SEQUENTIAL_PREVIOUS_COMMITMENT,Optimal,1,12.4721966000,3,0.0000000000,7021.2108654608,7064.5672044905,59180.4819659079,35038.4228482027,36962.5987406909,-36.5025483127,273.8905211441,17.6232777762,256.2672433680,4,807.2074962839,2633.6200848937,37635.5403847837,35,35719.3430933524,7208.7930257131,1200.0000000000,10800.0000000000,5280.4551338000
2025-04-23,S2,SEQUENTIAL_PREVIOUS_COMMITMENT,Optimal,1,14.2248905000,3,0.0000000000,7064.5672044905,7082.1695937318,59908.3306751492,35159.3265364288,37219.1496209268,-15.7517477816,38.7432866243,0.0000000000,38.7432866243,3,515.3133953555,1897.8557579786,37041.4305466258,25,34963.7781799211,7148.8768328983,1200.0000000000,10800.0000000000,5280.4551338000
2025-04-24,S2,SEQUENTIAL_PREVIOUS_COMMITMENT,Optimal,1,14.5569565000,3,0.0000000000,7082.1695937318,7053.6752757054,59052.4021933339,34498.4299501102,36660.6695315813,-380.4328184136,1848.1348678500,15.5097829043,1832.6250849458,13,267.7388125908,1116.0304547083,35234.0275864049,19,34530.8979515206,6880.1413483167,1225.4011809007,10800.0000000000,5280.4551338000
2025-04-25,S2,SEQUENTIAL_PREVIOUS_COMMITMENT,Optimal,1,4.7734673000,3,0.0000000000,7053.6752757054,7514.0485909297,28381.2082255611,10512.8514474666,11218.1667804948,-3.3973753053,16.1982655428,1.2765460421,14.9217195007,4,199.7915588678,545.6969060797,11055.1509782411,17,33161.6803787530,5958.9878236251,1344.3400506437,10800.0000000000,5280.4551338000
2025-04-26,S2,SEQUENTIAL_PREVIOUS_COMMITMENT,Optimal,1,7.3779767000,3,0.0000000000,7514.0485909297,7266.3777057292,27791.2459701179,10594.1790170303,11284.7331689311,24.8820861509,88.1432036089,37.2154438195,50.9277597894,5,508.0367061340,1489.7265415704,12108.7876447517,29,35022.9657383772,6009.5524473362,1330.3905506908,10800.0000000000,5280.4551338000
2025-04-27,S2,SEQUENTIAL_PREVIOUS_COMMITMENT,Optimal,1,12.7800510000,3,0.0000000000,7266.3777057292,7054.3241517349,56248.1991774775,32167.4097970946,33860.0109007163,309.8698494107,965.2003630110,520.4376422833,444.7627207277,16,1238.0308896707,5386.5117425980,37863.7913891033,37,37720.2581999736,6987.3762219505,1200.0000000000,10800.0000000000,5280.4551338000
2025-04-28,S2,SEQUENTIAL_PREVIOUS_COMMITMENT,Optimal,1,13.8099106000,3,0.0000000000,7054.3241517349,7089.7259426884,57520.3212661345,34028.8531427172,36088.2232890270,2305.5191628111,2748.9405191852,2748.9405191852,0.0000000000,18,2404.6069866595,9421.5572444854,45755.9295500136,53,34206.4135353273,7206.6719072799,1268.3941801676,10800.0000000000,5280.4551338000
2025-04-29,S2,SEQUENTIAL_PREVIOUS_COMMITMENT,Optimal,1,12.9274799000,3,0.0000000000,7089.7259426884,7289.3636711172,58616.8741166446,33430.0183737670,35522.5922217902,65.3337000011,1636.4809820497,280.0590242385,1356.4219578112,17,666.1154777687,2843.1649463965,36338.5170201647,21,34997.6659153853,7270.9083937815,1200.0000000000,10800.0000000000,5280.4551338000
2025-04-30,S2,SEQUENTIAL_PREVIOUS_COMMITMENT,Optimal,1,12.5679256000,3,0.0000000000,7289.3636711172,7016.6773835056,56401.1819427473,32686.1590449188,34618.7757159401,-172.8383341326,618.1520109517,0.0000000000,618.1520109517,21,1000.8276441592,3685.3472627587,36198.6679735449,34,32793.0195290361,7309.2817230338,1200.0000000000,10800.0000000000,5280.4551338000
2025-05-01,S2,SEQUENTIAL_PREVIOUS_COMMITMENT,Optimal,1,13.1603023000,3,0.0000000000,7016.6773835056,7361.7552915258,58057.5134301118,34314.2069834951,36478.0675404089,55.6234794885,903.6880811663,237.4816092736,666.2064718928,11,2381.8592813487,11365.5939807139,45735.4244436975,58,40232.5672489275,7010.2814869793,1200.0000000000,10800.0000000000,5280.4551338000
2025-05-02,S2,SEQUENTIAL_PREVIOUS_COMMITMENT,Optimal,1,14.0294495000,3,0.0000000000,7361.7552915258,7390.3211474978,28083.3784685966,11397.2391705431,12293.4657449927,94.4124345660,98.0799152854,98.0799152854,0.0000000000,8,2377.8291055900,8953.7401236506,20445.3917287598,60,34668.1846312784,5456.1426683611,1201.4526312251,10800.0000000000,5280.4551338000
2025-05-03,S2,SEQUENTIAL_PREVIOUS_COMMITMENT,Optimal,1,7.8114690000,3,0.0000000000,7390.3211474978,7131.7312074796,27874.6686895206,11209.6983844327,11949.8363067514,0.0000000000,0.0000000000,0.0000000000,0.0000000000,0,1787.9727821341,7700.0564265619,18909.7548109946,48,32275.0500578488,5807.3973047157,1225.8292025562,10800.0000000000,5280.4551338000
2025-05-04,S2,SEQUENTIAL_PREVIOUS_COMMITMENT,Optimal,1,11.7661390000,3,0.0000000000,7131.7312074796,7371.4234770875,59158.4446586302,35550.0554626497,37921.8865789201,-453.2811156133,1630.1246948644,0.0000000000,1630.1246948644,22,2385.3102888169,10833.7822538139,45930.5566008503,67,33402.5991684527,7197.8087258471,1200.0000000000,10800.0000000000,5280.4551338000
2025-05-05,S2,SEQUENTIAL_PREVIOUS_COMMITMENT,Optimal,1,13.4182289000,3,0.0000000000,7371.4234770875,7273.1247526224,60011.5985881102,35508.7654567927,37909.1435090659,187.1535621252,535.7927459811,368.8318336899,166.9609122912,10,2396.1485250553,11152.9791554584,46848.8981743764,64,38940.2940732119,7077.0766044706,1200.0000000000,10800.0000000000,5280.4551338000
2025-05-06,S2,SEQUENTIAL_PREVIOUS_COMMITMENT,Optimal,1,15.6751809000,3,0.0000000000,7273.1247526224,7440.9590911881,59029.6856468676,35336.3897569535,37848.9885494659,-44.6149450647,762.2431767966,124.7910278251,637.4521489716,8,2623.6492797145,11750.4673840497,47042.2421959385,69,37984.7718988256,6988.0862809131,1200.0000000000,10800.0000000000,5280.4551338000
2025-05-07,S2,SEQUENTIAL_PREVIOUS_COMMITMENT,Optimal,1,11.8478037000,3,0.0000000000,7440.9590911881,7692.7452608864,59567.3694628681,35546.1792725413,37997.2159920119,218.7633459655,224.5424092243,224.5424092243,0.0000000000,9,2781.7212125834,13205.8599529828,48970.8025714896,68,36346.9335449657,6946.1429563208,1200.0000000000,10800.0000000000,5280.4551338000
2025-05-08,S2,SEQUENTIAL_PREVIOUS_COMMITMENT,Optimal,1,13.0185461000,3,0.0000000000,7692.7452608864,7813.9214803242,64100.5402226865,39345.2039903706,42053.6323702717,32.7782425139,32.0225112485,32.0225112485,0.0000000000,1,750.1159770510,3355.9411841888,42733.9234170733,28,35014.2418620912,7522.5864981071,1321.5006960255,10800.0000000000,5280.4551338000
2025-05-09,S2,SEQUENTIAL_PREVIOUS_COMMITMENT,Optimal,1,5.7626579000,3,0.0000000000,7813.9214803242,7092.0779742490,29545.2078162738,12369.7263127899,13092.7585859417,0.0000000000,0.0000000000,0.0000000000,0.0000000000,0,496.6744744417,1524.5855493698,13894.3118621597,25,32518.2235639892,5500.7274200213,1359.1555901287,10800.0000000000,5280.4551338000
2025-05-10,S2,SEQUENTIAL_PREVIOUS_COMMITMENT,Optimal,1,7.7140111000,3,0.0000000000,7092.0779742490,7169.1057513285,30667.1313604243,13100.1152897480,13990.1564744608,6.4297065542,7.2141790388,7.2141790388,0.0000000000,4,463.1121149930,1483.6959503939,14590.2409466961,25,33064.8872786705,5578.3591720965,1288.8826987010,10800.0000000000,5280.4551338000
2025-05-11,S2,SEQUENTIAL_PREVIOUS_COMMITMENT,Optimal,1,12.8541444000,3,0.0000000000,7169.1057513285,7065.0894305382,62809.7945631391,38469.1661277143,41089.2521388236,-216.2690635732,1198.6879663708,45.2884248555,1153.3995415153,5,858.0814441888,3325.9387229691,41578.8357871102,42,32847.6482019979,7574.7370132228,1200.0000000000,10800.0000000000,5280.4551338000
2025-05-12,S2,SEQUENTIAL_PREVIOUS_COMMITMENT,Optimal,1,14.2887262000,3,0.0000000000,7065.0894305382,7089.2984167422,61356.8469661526,37624.7201567538,40071.2040614459,-113.1493255791,524.5220454884,14.6196794494,509.9023660391,8,719.6096572431,2918.1747047990,40429.7455359736,36,29525.6300340374,7831.9605403661,1200.0000000000,10800.0000000000,5280.4551338000
2025-05-13,S2,SEQUENTIAL_PREVIOUS_COMMITMENT,Optimal,1,17.7942458000,3,0.0000000000,7089.2984167422,7395.8407194160,64817.1234103094,38783.8540679171,41512.4890528829,-211.8430191689,861.6151266950,0.0000000000,861.6151266950,3,253.4674798718,1241.5447105925,39813.5557593408,15,38259.7555247701,7647.9297939379,1217.4033936632,10800.0000000000,5280.4551338000
2025-05-14,S2,SEQUENTIAL_PREVIOUS_COMMITMENT,Optimal,1,12.1810660000,3,0.0000000000,7395.8407194160,7166.8341989434,63599.2818678270,38245.9238656340,40996.0130076857,-332.8349992866,1595.4371166640,65.9663794596,1529.4707372044,13,247.4800249879,832.0086089356,38745.0974752831,20,34749.8091408157,7343.9335895587,1230.8075613960,10800.0000000000,5280.4551338000
2025-05-15,S2,SEQUENTIAL_PREVIOUS_COMMITMENT,Optimal,1,14.9229043000,3,0.0000000000,7166.8341989434,7580.4177523263,63262.8259704642,38443.8290434056,40956.4477597492,288.8472598523,962.5705706588,386.3779445185,576.1926261403,17,740.0675882924,3104.2624733568,41836.9387766147,28,35757.4202598580,7531.3119814644,1295.4054370660,10800.0000000000,5280.4551338000
2025-05-16,S2,SEQUENTIAL_PREVIOUS_COMMITMENT,Optimal,1,13.6650855000,3,0.0000000000,7580.4177523263,7388.2802499183,29101.4404503721,12262.3711065254,13169.7658003913,-7.1937735061,25.6293117600,0.0000000000,25.6293117600,4,438.5129244005,1078.2276736006,13333.4050066199,19,32439.6456721330,5579.5246233040,1394.7998142611,10800.0000000000,5280.4551338000
2025-05-17,S2,SEQUENTIAL_PREVIOUS_COMMITMENT,Optimal,1,11.9679144000,3,0.0000000000,7388.2802499183,7529.6367120682,30106.9527368400,12760.6323790434,13743.1894470629,-4.4449008742,14.4573129752,0.0000000000,14.4573129752,1,665.8939813494,2023.6224189149,14779.8098970841,30,34860.5880561517,5364.6086170755,1297.3046593073,10800.0000000000,5280.4551338000
2025-05-18,S2,SEQUENTIAL_PREVIOUS_COMMITMENT,Optimal,1,16.0616078000,3,0.0000000000,7529.6367120682,7520.7060850520,62209.4914460666,37785.6173417616,40259.7194589605,2.0022115715,2.8376014335,2.8376014335,0.0000000000,1,742.1729570030,2596.8954376894,40384.5149910225,33,32707.0763951724,7554.5197431276,1249.9398114526,10800.0000000000,5280.4551338000
2025-05-19,S2,SEQUENTIAL_PREVIOUS_COMMITMENT,Optimal,1,11.8993861000,3,0.0000000000,7520.7060850520,8122.4339935039,63510.9001223494,37614.7514967324,40354.3654511348,-385.0164270982,2369.9420674365,0.0000000000,2369.9420674365,8,346.8969199664,1885.8270339734,39115.5621036077,17,33483.7696685317,7492.3726143376,1200.0000000000,10800.0000000000,5280.4551338000
2025-05-20,S2,SEQUENTIAL_PREVIOUS_COMMITMENT,Optimal,1,13.1046814000,3,0.0000000000,8122.4339935039,6959.9180187980,58237.5935548861,35036.7960446605,37495.8328562105,287.0302824299,356.4648063261,356.4648063261,0.0000000000,8,1434.6254475209,5333.9999923444,40657.8263194348,52,35641.9955741348,7707.4302456261,1200.0000000000,10800.0000000000,5280.4551338000
2025-05-21,S2,SEQUENTIAL_PREVIOUS_COMMITMENT,Optimal,1,18.5818645000,3,0.0000000000,6959.9180187980,7098.4072548642,60011.6966436876,36437.2930186677,38595.5872150698,-37.1260240352,2347.6510772848,316.3719015035,2031.2791757812,16,932.3732273496,3727.1789503825,40127.3459450150,28,31522.4230782490,7213.4033995979,1260.2022456247,10800.0000000000,5280.4551338000
2025-05-22,S2,SEQUENTIAL_PREVIOUS_COMMITMENT,Optimal,1,11.7604734000,3,0.0000000000,7098.4072548642,7455.4984714785,60081.6142103440,36148.0494982013,38654.3011331427,-32.9409175025,384.1179908041,29.4372254867,354.6807653174,6,480.0431275009,2396.1150194418,38511.2236001406,25,31925.5286342265,7477.1814225813,1200.0000000000,10800.0000000000,5280.4551338000
2025-05-23,S2,SEQUENTIAL_PREVIOUS_COMMITMENT,Optimal,1,12.8026870000,3,0.0000000000,7455.4984714785,7644.0316336534,29768.8887728218,12062.6360208569,13006.8693138582,67.8268490619,77.5608980584,77.5608980584,0.0000000000,3,407.7531153030,1384.4603735602,13514.9232434790,24,35822.7743333911,5398.2649240263,1307.8033624290,10800.0000000000,5280.4551338000
2025-05-24,S2,SEQUENTIAL_PREVIOUS_COMMITMENT,Optimal,1,8.9715265000,3,0.0000000000,7644.0316336534,7630.7458902764,29735.1235743377,12616.0032390773,13674.5568645923,-0.8713638421,2.6131070431,0.0000000000,2.6131070431,2,200.7370026452,723.9670267776,13339.0989020129,18,32806.0088211565,5326.2634696543,1423.3836646039,10800.0000000000,5280.4551338000
2025-05-25,S2,SEQUENTIAL_PREVIOUS_COMMITMENT,Optimal,1,12.5222338000,3,0.0000000000,7630.7458902764,7043.2593185077,59815.9323342708,35716.2879480903,38156.9218586846,-266.4921385014,1282.7960315686,0.0000000000,1282.7960315686,7,407.3145300289,2073.4254867843,37523.2212963732,21,33332.1329148772,7633.1587826296,1200.0000000000,10800.0000000000,5280.4551338000
2025-05-26,S2,SEQUENTIAL_PREVIOUS_COMMITMENT,Optimal,1,14.5847230000,3,0.0000000000,7043.2593185077,7048.6664850378,58908.7906786246,35373.8459676871,37871.1407618772,1236.4343226821,1716.9808366532,1716.9808366532,0.0000000000,7,1726.3478770998,6559.1633038097,43169.4435941789,41,34326.3883211272,7567.1791376263,1200.0000000000,10800.0000000000,5280.4551338000
2025-05-27,S2,SEQUENTIAL_PREVIOUS_COMMITMENT,Optimal,1,11.8065133000,3,0.0000000000,7048.6664850378,7650.9911972261,61551.3515583575,36700.2761730149,39373.6166608352,88.6025442150,236.9032704774,110.0358406073,126.8674298702,10,594.4702062928,2149.6046104402,38938.4833276702,29,35409.7678777043,7798.8058055613,1200.0000000000,10800.0000000000,5280.4551338000
2025-05-28,S2,SEQUENTIAL_PREVIOUS_COMMITMENT,Optimal,1,15.0905065000,3,0.0000000000,7650.9911972261,8231.2114680152,62736.7180156781,37902.0901203548,40975.4990679753,-165.8207473306,887.4698900178,58.9910864827,828.4788035351,8,940.4973910983,2732.9024920248,40469.1718650490,24,36392.5529681470,7274.5914771730,1200.0000000000,10800.0000000000,5280.4551338000
2025-05-29,S2,SEQUENTIAL_PREVIOUS_COMMITMENT,Optimal,1,14.6841602000,3,0.0000000000,8231.2114680152,7137.7019438561,58680.5619164730,35384.6567513372,38426.4099777142,733.5373538674,1486.9547942279,1027.3153904560,459.6394037719,10,1069.8820324092,4139.5254115117,40257.7195167163,54,33585.3300804763,7392.6446460785,1250.0261240668,10800.0000000000,5280.4551338000
2025-05-30,S2,SEQUENTIAL_PREVIOUS_COMMITMENT,Optimal,1,7.9905712000,3,0.0000000000,7137.7019438561,7580.9400805765,29344.0823268086,12361.0215747345,13286.3862231458,55.1717706660,60.1300007898,60.1300007898,0.0000000000,7,734.0007334893,2263.8873836292,14680.0807290297,19,32560.8862504630,5504.2564842966,1372.5985353315,10800.0000000000,5280.4551338000
2025-05-31,S2,SEQUENTIAL_PREVIOUS_COMMITMENT,Optimal,1,11.5941958000,3,0.0000000000,7580.9400805765,7605.2025707132,30081.9206539748,11800.4336818890,12820.5188755088,0.0000000000,0.0000000000,0.0000000000,0.0000000000,0,458.9615094802,1457.7179299983,13258.1516118873,24,38929.9364171628,5738.4706109993,1301.2648909687,10800.0000000000,5280.4551338000
2025-06-01,S2,SEQUENTIAL_PREVIOUS_COMMITMENT,Optimal,1,13.9054633000,3,0.0000000000,7605.2025707132,7462.6026294867,61603.5757929109,40830.2717392854,43571.3682626082,3847.0136031060,3952.1865969930,3952.1865969930,0.0000000000,22,9446.0269622482,41109.9586123953,85787.2439547867,110,30906.3263357305,7736.2905172445,1200.1539036891,10800.0000000000,5280.4551338000
2025-06-02,S2,SEQUENTIAL_PREVIOUS_COMMITMENT,Optimal,1,16.8354796000,3,0.0000000000,7462.6026294867,7356.6049424896,63893.9454687308,41138.3573514077,44716.8926297152,2500.4450101263,2789.8537613133,2379.0601104880,410.7936508253,29,8076.6295919746,35626.0442924650,79264.8466539990,113,38510.0826594232,6968.7682368026,1200.0000000000,10800.0000000000,5280.4551338000
2025-06-03,S2,SEQUENTIAL_PREVIOUS_COMMITMENT,Optimal,1,11.1458016000,3,0.0000000000,7356.6049424896,7324.3919817552,64685.8403793664,42013.6578644867,45127.8414318148,1617.6306127778,1729.6232949830,1729.6232949830,0.0000000000,24,6711.4634742461,29102.1680226810,72733.4564999456,102,38079.2175137483,6948.3808185407,1200.0000000000,10800.0000000000,5280.4551338000
2025-06-04,S2,SEQUENTIAL_PREVIOUS_COMMITMENT,Optimal,1,15.3528357000,3,0.0000000000,7324.3919817552,7559.1454431405,67208.4115757826,43808.0083658947,46930.7713446300,1007.2979503387,1143.4741268290,992.2839328936,151.1901939354,21,6305.8146841561,26722.7975223734,71538.1038386069,105,37857.7832411184,7253.0323520476,1200.0000000000,10800.0000000000,5280.4551338000
2025-06-05,S2,SEQUENTIAL_PREVIOUS_COMMITMENT,Optimal,1,15.2265922000,3,0.0000000000,7559.1454431405,8112.2006244726,69604.3348124260,45758.6258398650,50934.1729618007,1346.5416571543,1155.1561423390,1155.1561423390,0.0000000000,15,6236.2509778057,26304.9548176437,73410.1223146631,99,41583.6756812230,7203.1969074861,1200.0000000000,10800.0000000000,5280.4551338000
2025-06-06,S2,SEQUENTIAL_PREVIOUS_COMMITMENT,Optimal,1,12.1518944000,3,0.0000000002,8112.2006244726,7239.1668408103,29234.0686369836,13578.7202825790,15031.6765949189,168.7465038711,156.2177488922,156.2177488922,0.0000000000,8,7381.3861440779,26875.1745205191,40622.6413069692,88,35036.0931938966,5326.3781584264,1200.0000000000,10800.0000000000,5280.4551338000
2025-06-07,S2,SEQUENTIAL_PREVIOUS_COMMITMENT,Optimal,1,10.3319389000,3,0.0000000000,7239.1668408103,7366.7532828793,31385.0468737636,14575.7244603503,17390.5008881372,82.4764703844,78.9913661590,78.9913661590,0.0000000000,10,5604.7618393834,19990.2886960287,34648.4896267634,87,35698.7957729854,5228.5976230013,1200.0000000000,10800.0000000000,5280.4551338000
2025-06-08,S2,SEQUENTIAL_PREVIOUS_COMMITMENT,Optimal,1,6.8841284000,3,0.0000000000,7366.7532828793,8291.7558971173,82244.3717755339,55326.3868161923,59719.4728895978,-1174.1601031095,3759.4304355089,0.0000000000,3759.4304355089,18,27.7669987678,95.6299830731,54247.8566961558,6,33841.1657397749,7680.4908810922,1200.0000000000,10800.0000000000,5280.4551338000
2025-06-09,S2,SEQUENTIAL_PREVIOUS_COMMITMENT,Optimal,1,8.8249050000,3,0.0000000000,8291.7558971173,7454.4436258184,79577.1338674263,54382.9259111783,59024.3205059684,-332.2038180487,1602.9004511042,52.2775493889,1550.6229017153,15,988.2656115916,4134.4637938559,58185.1858869855,40,36726.3968758230,7567.7735374001,1200.0000000000,10800.0000000000,5280.4551338000
2025-06-10,S2,SEQUENTIAL_PREVIOUS_COMMITMENT,Optimal,1,5.3308728000,3,0.0000000000,7454.4436258184,7644.3894199271,80185.7502044759,54220.8797693578,58150.5335482867,242.6988628982,745.8489237569,278.1522315497,467.6966922072,16,630.3792775682,2278.7736673254,56742.3522995814,32,39421.6716747811,7376.3807563600,1200.0000000000,10800.0000000000,5280.4551338000
2025-06-11,S2,SEQUENTIAL_PREVIOUS_COMMITMENT,Optimal,1,7.3602633000,3,0.0000000000,7644.3894199271,7684.9397475726,81619.1246224205,54914.1137006317,58544.1343595040,2721.0619842542,2130.9555141938,2123.2008116515,7.7547025424,19,1482.4618982073,7575.2738342613,65210.4495191472,40,43788.6523002646,7197.8107261601,1222.2193341375,10800.0000000000,5280.4551338000
2025-06-12,S2,SEQUENTIAL_PREVIOUS_COMMITMENT,Optimal,1,8.7965471000,3,0.0000000000,7684.9397475726,8213.6981132008,82985.3240815748,56214.8771592471,59953.2057936470,-318.5528240587,1326.3741229350,40.6839508406,1285.6901720945,5,892.4331045538,4221.7152027594,60118.0395379478,27,40149.1260432718,7323.0318590449,1200.0000000000,10800.0000000000,5280.4551338000
2025-06-13,S2,SEQUENTIAL_PREVIOUS_COMMITMENT,Optimal,1,10.6094067000,3,0.0000000000,8213.6981132008,7811.4662179365,38623.2799754352,19348.5274218314,22294.4400794806,-0.7668535570,1.4392897092,0.0000000000,1.4392897092,1,439.0109993095,1813.2373065558,21160.9978748302,21,31667.6734627312,6187.0092909765,1227.1139140498,10800.0000000000,5280.4551338000
2025-06-14,S2,SEQUENTIAL_PREVIOUS_COMMITMENT,Optimal,1,10.3624313000,3,0.0000000000,7811.4662179365,7711.3026816287,38556.9234548713,19761.7261630125,21736.6499823174,-62.9459521590,457.8585968751,0.0000000000,457.8585968751,4,202.6047406435,692.8230923999,20391.6033032533,13,31779.0411602081,5928.2229643932,1288.5957643327,10800.0000000000,5280.4551338000
2025-06-15,S2,SEQUENTIAL_PREVIOUS_COMMITMENT,Optimal,1,8.8476667000,3,0.0000000000,7711.3026816287,7667.9341391687,82166.8568944067,56064.0977397978,62148.7564541653,-137.9379204781,634.4803741465,31.1725243023,603.3078498441,5,293.7021492408,1369.0559903251,57295.2158096448,13,37967.6388131420,7454.0544478136,1210.4256343562,10800.0000000000,5280.4551338000
2025-06-16,S2,SEQUENTIAL_PREVIOUS_COMMITMENT,Optimal,1,7.6396452000,3,0.0000000000,7667.9341391687,7787.5107393314,82087.4926082949,56254.1730180518,61225.0101716056,70.8737554455,135.0211655551,97.6636364781,37.3575290770,7,726.3825743887,3094.2677021919,59419.3144756893,39,39829.3355262789,7193.0279140234,1200.0000000000,10800.0000000000,5280.4551338000
2025-06-17,S2,SEQUENTIAL_PREVIOUS_COMMITMENT,Optimal,1,9.0947797000,3,0.0000000000,7787.5107393314,8119.4720327636,82816.6270330946,56221.3204015392,61133.3781581184,1273.4243577121,2109.8790917095,1184.6117979504,925.2672937591,12,845.4597987536,4253.8227218489,61748.5674811003,38,40502.4921872964,7599.1721626071,1231.5383416094,10800.0000000000,5280.4551338000
2025-06-18,S2,SEQUENTIAL_PREVIOUS_COMMITMENT,Optimal,1,7.9652750000,3,0.0000000000,8119.4720327636,7621.4186720971,82435.8054285302,56698.1653417498,61174.3988970777,-454.2536740055,1828.6097159286,72.5340044528,1756.0757114759,11,333.3190218273,1441.1967994866,57685.1084672309,21,33469.4569641666,7760.8682850613,1200.0000000000,10800.0000000000,5280.4551338000
2025-06-19,S2,SEQUENTIAL_PREVIOUS_COMMITMENT,Optimal,1,8.4558929000,3,0.0000000000,7621.4186720971,7982.3998496536,82751.2492955639,55911.9836660571,59796.7206210075,-915.2249725468,3185.8062662141,14.2232735269,3171.5829926871,20,664.4087300678,2655.3930000062,57652.1516935165,28,35135.1407276716,7614.0538343197,1200.0000000000,10800.0000000000,5280.4551338000
2025-06-20,S2,SEQUENTIAL_PREVIOUS_COMMITMENT,Optimal,1,10.9119440000,3,0.0000000000,7982.3998496536,8238.7663134259,39326.0758573608,19546.3418716922,22814.8622539196,-28.1599634441,211.0941787413,0.0000000000,211.0941787413,1,191.5240910329,480.2876911866,19998.4695994347,13,33540.9717539384,5711.5445397669,1314.9873368343,10800.0000000000,5280.4551338000
2025-06-21,S2,SEQUENTIAL_PREVIOUS_COMMITMENT,Optimal,1,12.6689702000,3,0.0000000000,8238.7663134259,8006.9615024825,37410.6610115627,18332.5376397331,20238.1094688803,0.5339825510,0.3087496681,0.3087496681,0.0000000000,1,192.7852454496,501.1546296950,18834.2262519791,15,36898.8518140902,5408.7377364848,1465.5409614294,10800.0000000000,5280.4551338000
2025-06-22,S2,SEQUENTIAL_PREVIOUS_COMMITMENT,Optimal,1,11.3662128000,3,0.0000000000,8006.9615024825,7775.0391425860,79331.3902812514,53051.3158743589,57725.6258691703,-660.7308229488,2455.7168738440,56.6128361118,2399.1040377322,13,697.2348821402,3001.8661763018,55392.4512277119,29,39995.1324360824,7299.0444455946,1200.0000000000,10800.0000000000,5280.4551338000
2025-06-23,S2,SEQUENTIAL_PREVIOUS_COMMITMENT,Optimal,1,9.4064596000,3,0.0000000000,7775.0391425860,8246.1369462152,81125.0621340068,54315.2603827551,59563.9365963310,-648.3674262124,2316.3779340265,0.0000000000,2316.3779340265,6,427.2134603543,1592.6449238022,55259.5378803449,21,36748.4715392006,7895.0115909756,1200.0000000000,10800.0000000000,5280.4551338000
2025-06-24,S2,SEQUENTIAL_PREVIOUS_COMMITMENT,Optimal,1,11.8621915000,3,0.0000000000,8246.1369462152,7642.9943190412,79300.8036482028,54811.2047621554,58664.9441963841,1480.6013354085,1229.9760573592,1229.9760573592,0.0000000000,28,2693.4622970383,12169.8067631193,68461.6128606832,61,41324.6638300920,7675.9941563256,1200.0000000000,10800.0000000000,5280.4551338000
2025-06-25,S2,SEQUENTIAL_PREVIOUS_COMMITMENT,Optimal,1,9.1678929000,3,0.0000000000,7642.9943190412,7577.2019566358,79355.3711498809,53251.8347742556,57741.9623138994,-104.1223000869,365.2773200732,0.0000000000,365.2773200732,1,894.0965575444,4150.5346711582,57298.2471453270,30,36165.1696876136,7556.2341002345,1233.4508861400,10800.0000000000,5280.4551338000
2025-06-26,S2,SEQUENTIAL_PREVIOUS_COMMITMENT,Optimal,1,10.4022880000,3,0.0000000000,7577.2019566358,7494.4867291438,78840.5700745282,52212.9434276755,56468.4076118047,-206.8311022633,632.8692830474,0.0000000000,632.8692830474,10,530.9348880751,2016.3158922342,54022.4282176464,25,36888.9608578817,7354.9581544706,1200.0000000000,10800.0000000000,5280.4551338000
2025-06-27,S2,SEQUENTIAL_PREVIOUS_COMMITMENT,Optimal,1,9.6783278000,3,0.0000000000,7494.4867291438,8311.4209938059,37244.5625582653,17620.5822369012,19945.6079198611,-10.3780833677,35.7527340082,0.0000000000,35.7527340082,3,203.3928959292,807.3599324795,18417.5640860130,12,35811.2586933799,5633.8263480100,1384.4510980700,10800.0000000000,5280.4551338000
2025-06-28,S2,SEQUENTIAL_PREVIOUS_COMMITMENT,Optimal,1,16.0435204000,3,0.0000000000,8311.4209938059,8284.5198833596,37218.9540194969,17763.7777257663,20440.3353464888,-6.8248307102,218.3789660757,14.3730364211,204.0059296546,6,477.7072829359,1834.9871377443,19591.9400328004,17,36907.8649174560,5486.9337107620,1259.1426101669,10800.0000000000,5280.4551338000
2025-06-29,S2,SEQUENTIAL_PREVIOUS_COMMITMENT,Optimal,1,9.7317065000,3,0.0000000000,8284.5198833596,7660.1600928432,77744.9732909561,52537.3297274598,56527.4360911742,-98.8901731543,333.9945516298,4.6190210207,329.3755306091,2,969.0707212231,3804.3455733931,56242.7851276986,27,34947.2492478038,7721.7032284319,1200.0000000000,10800.0000000000,5280.4551338000
2025-06-30,S2,SEQUENTIAL_PREVIOUS_COMMITMENT,Optimal,1,9.7647693000,3,0.0000000000,7660.1600928432,7696.0511056798,79329.8253718935,53091.5267716769,58849.9716888583,-174.4630847114,592.4094397148,7.1672581550,585.2421815598,4,1029.2840624420,3974.5110784012,56891.5747653667,25,36950.4655810317,7603.2653618987,1200.0000000000,10800.0000000000,5280.4551338000
2025-07-01,S2,SEQUENTIAL_PREVIOUS_COMMITMENT,Optimal,1,6.7273844000,3,0.0000000000,7696.0511056798,7867.2978235315,81813.0143286230,59323.8642038777,65605.7288880936,-962.8489290279,3114.7828535735,0.0000000000,3114.7828535735,12,5978.2102056164,25068.1157741682,83429.1310490179,96,38546.6382436984,7439.2922128609,1200.0000000000,10800.0000000000,5280.4551338000
2025-07-02,S2,SEQUENTIAL_PREVIOUS_COMMITMENT,Optimal,1,11.2384857000,3,0.0000000000,7867.2978235315,7692.2896361551,75954.8715412200,54856.2903404208,58830.9533406839,-1505.9982216267,4893.0258019887,0.0000000000,4893.0258019887,17,7411.3504711161,31587.1888798541,84937.4809986482,98,33647.9689082740,7534.8900074566,1200.0000000000,10800.0000000000,5280.4551338000
2025-07-03,S2,SEQUENTIAL_PREVIOUS_COMMITMENT,Optimal,1,8.1566193000,3,0.0000000000,7692.2896361551,7196.1195571947,75180.1047550164,55833.1590745189,61564.1901983524,-149.5353062640,521.0818363141,0.0000000000,521.0818363141,2,8929.2074655009,38903.7425274961,94587.3662957510,113,34265.9623927326,7622.0464088868,1200.0000000000,10800.0000000000,5280.4551338000
2025-07-04,S2,SEQUENTIAL_PREVIOUS_COMMITMENT,Optimal,1,9.1563615000,3,0.0000000000,7196.1195571947,7757.0690823633,35375.9679338141,19626.4723270446,22537.2914298334,-1.5952459529,6.5851226127,0.0000000000,6.5851226127,1,7676.6373578742,27732.3789031131,47357.2559842048,95,35307.1188835924,5181.6088989705,1200.0000000000,10800.0000000000,5280.4551338000
2025-07-05,S2,SEQUENTIAL_PREVIOUS_COMMITMENT,Optimal,1,9.2041821000,3,0.0000000000,7757.0690823633,7639.5956380031,35430.3274975186,18903.6706398085,20933.4001845333,0.0000000000,0.0000000000,0.0000000000,0.0000000000,0,7595.9568157395,28072.8980083035,46976.5686481120,94,36780.1513087011,5171.4547513406,1200.0000000000,10800.0000000000,5280.4551338000
2025-07-06,S2,SEQUENTIAL_PREVIOUS_COMMITMENT,Optimal,1,9.1471418000,3,0.0000000000,7639.5956380031,7968.1513478802,73497.0835269526,53813.2822647824,59555.3912740870,1580.0008211364,1321.9834055994,1312.4011480936,9.5822575059,22,9717.0528768166,45047.0697781370,100440.3528640559,125,38691.5151091833,7211.0020298132,1200.0000000000,10800.0000000000,5280.4551338000
2025-07-07,S2,SEQUENTIAL_PREVIOUS_COMMITMENT,Optimal,1,10.5774366000,3,0.0000000000,7968.1513478802,8130.5514535865,71799.8837423364,51704.6269245970,55812.8009246758,-230.8922774211,975.6454719037,31.7545178030,943.8909541007,15,8433.1130284431,36634.7350812254,88108.4697284013,102,33393.0601382860,7606.4333346844,1200.0000000000,10800.0000000000,5280.4551338000
2025-07-08,S2,SEQUENTIAL_PREVIOUS_COMMITMENT,Optimal,1,7.8860812000,3,0.0000000000,8130.5514535865,7394.7533219780,85165.5861192535,63045.5503201071,68376.9347538194,-57.6297108017,1831.3458091772,254.7121760547,1576.6336331225,25,923.2825899032,4370.1966507181,67358.1172600236,39,39041.1190061770,7298.1107632095,1200.0000000000,10800.0000000000,5280.4551338000
2025-07-09,S2,SEQUENTIAL_PREVIOUS_COMMITMENT,Optimal,1,9.7922054000,3,0.0000000000,7394.7533219780,8144.4605805291,87792.5560534800,64630.8585580169,69598.8915274129,-312.4506961727,1195.9702995979,6.0460921471,1189.9242074508,8,500.0137084690,2297.1324426135,66615.5403044576,21,37499.6409555390,7260.2923300369,1200.0000000000,10800.0000000000,5280.4551338000
2025-07-10,S2,SEQUENTIAL_PREVIOUS_COMMITMENT,Optimal,1,8.5760118000,3,0.0000000000,8144.4605805291,8146.7258752687,87416.5081624455,64681.1817136633,69848.9657752366,-379.3866901525,1510.9232182012,7.0508995236,1503.8723186776,11,472.7987105491,1944.9422189426,66246.7372424534,19,37399.7615265741,7451.8875102735,1200.0000000000,10800.0000000000,5280.4551338000
2025-07-11,S2,SEQUENTIAL_PREVIOUS_COMMITMENT,Optimal,1,12.5064753000,3,0.0000000000,8146.7258752687,7637.6511277429,45424.5351411587,26925.3597610785,29617.8964691808,-5.4013080551,21.2358639002,0.0000000000,21.2358639002,3,379.5679374667,1057.3704609322,27977.3289139557,17,33974.8730642996,5771.5365218270,1200.0000000000,10800.0000000000,5280.4551338000
2025-07-12,S2,SEQUENTIAL_PREVIOUS_COMMITMENT,Optimal,1,13.4906332000,3,0.0000000000,7637.6511277429,7332.9240716484,44997.6953031016,25655.5544943181,26952.4072414853,104.8299491838,104.8133376613,104.8133376613,0.0000000000,8,536.3570034604,1688.7697319922,27449.1541754940,21,36614.9062474661,5260.1551656287,1200.0000000000,10800.0000000000,5280.4551338000
2025-07-13,S2,SEQUENTIAL_PREVIOUS_COMMITMENT,Optimal,1,8.6199796000,3,0.0000000000,7332.9240716484,8464.8322498217,89618.2433417001,64420.8364129791,71235.3134335774,-610.8968453680,2709.7344394521,0.0000000000,2709.7344394521,13,85.1883717057,421.6722318663,64231.6117994773,8,36013.2490607059,7292.4888090645,1200.0000000000,10800.0000000000,5280.4551338000
2025-07-14,S2,SEQUENTIAL_PREVIOUS_COMMITMENT,Optimal,1,10.9680135000,3,0.0000000000,8464.8322498217,8382.5964267959,86566.5159501752,62532.6676247778,67897.2580544146,-694.4785041847,2632.1952131779,0.0000000000,2632.1952131779,6,329.4877177925,1810.4196037080,63648.6087243011,14,39124.1468037186,7255.7743117310,1200.0000000000,10800.0000000000,5280.4551338000
2025-07-15,S2,SEQUENTIAL_PREVIOUS_COMMITMENT,Optimal,1,9.2907335000,3,0.0000000000,8382.5964267959,7726.4722524574,84667.6805900635,61970.0493426110,67247.5044297012,-420.6146050868,1382.6405179319,0.0000000000,1382.6405179319,9,457.6308758783,1818.0524716808,63367.4872092049,18,34760.5356222356,7573.2879599431,1200.0000000000,10800.0000000000,5280.4551338000
2025-07-16,S2,SEQUENTIAL_PREVIOUS_COMMITMENT,Optimal,1,8.9383778000,3,0.0000000000,7726.4722524574,8481.2126903648,87465.6545305341,64870.4564138932,70595.7708629122,-602.0639599204,2171.4408216889,12.4133352194,2159.0274864695,5,608.0553000417,2669.1700059601,66937.5624599328,16,34127.1310140388,7644.5435237799,1200.0000000000,10800.0000000000,5280.4551338000
2025-07-17,S2,SEQUENTIAL_PREVIOUS_COMMITMENT,Optimal,1,9.1639656000,3,0.0000000000,8481.2126903648,8094.9609125162,85159.3506957979,62348.0908434511,68667.7918842858,-176.3104248759,811.3243759792,34.9891262091,776.3352497701,11,788.0130202354,3308.8028646692,65480.5832832445,27,40786.2640090454,7277.9157684090,1200.0000000000,10800.0000000000,5280.4551338000
2025-07-18,S2,SEQUENTIAL_PREVIOUS_COMMITMENT,Optimal,1,10.4225014000,3,0.0000000000,8094.9609125162,7724.8457589353,44591.0077399590,25228.1370172890,27145.1129850722,-17.8704063363,53.1266763583,0.0000000000,53.1266763583,4,232.8526065016,952.0979891454,26162.3646000980,18,37717.1248368047,5406.0954994331,1200.0000000000,10800.0000000000,5280.4551338000
2025-07-19,S2,SEQUENTIAL_PREVIOUS_COMMITMENT,Optimal,1,8.8679817000,3,0.0000000000,7724.8457589353,7721.2517175210,45415.7789328328,25533.0889643686,28199.6791914460,7.2709926937,9.4463412673,7.5338669854,1.9124742819,7,354.9270332488,1064.5827786530,26604.9427357153,19,38705.0486260262,5488.0875436893,1200.0000000000,10800.0000000000,5280.4551338000
2025-07-20,S2,SEQUENTIAL_PREVIOUS_COMMITMENT,Optimal,1,10.4420982000,3,0.0000000000,7721.2517175210,7520.9173904812,81734.4257849777,59661.8481371824,63638.0140287573,-255.3288923769,910.9845241893,19.6567057918,891.3278183975,3,801.8038443959,2984.9014988592,62391.4207436646,30,35936.0921877788,7145.5515060019,1200.0000000000,10800.0000000000,5280.4551338000
2025-07-21,S2,SEQUENTIAL_PREVIOUS_COMMITMENT,Optimal,1,7.5747720000,3,0.0000000000,7520.9173904812,8143.1267676074,86508.2720187033,64296.4431637784,70382.7651839280,108.1078097630,552.1851188259,164.9711246593,387.2139941666,15,274.2991890932,1138.0148580940,65542.5658316354,14,36211.2725574719,7443.8677849647,1200.0000000000,10800.0000000000,5280.4551338000
2025-07-22,S2,SEQUENTIAL_PREVIOUS_COMMITMENT,Optimal,1,12.5067058000,3,0.0000000000,8143.1267676074,7632.7642409272,83817.0179595275,61215.1951202330,66518.5461605551,602.3627362311,1923.4404797446,868.5477597642,1054.8927199804,16,683.3243484494,2678.1806743441,64495.7385308083,27,40912.9558395811,7268.8177807468,1200.0000000000,10800.0000000000,5280.4551338000
2025-07-23,S2,SEQUENTIAL_PREVIOUS_COMMITMENT,Optimal,1,9.5437506000,3,0.0000000000,7632.7642409272,7746.7070315413,86172.7934470153,62806.0337616735,67669.8922052555,-336.3615836060,1804.1551927512,99.3234696489,1704.8317231024,16,462.5437400258,1882.4604722271,64352.1326502946,16,37688.6446753564,7424.1457133173,1200.0000000000,10800.0000000000,5280.4551338000
2025-07-24,S2,SEQUENTIAL_PREVIOUS_COMMITMENT,Optimal,1,10.1790136000,3,0.0000000000,7746.7070315413,8376.0006252022,86166.1099226504,63097.5492592163,68309.7314085924,278.7302332750,2706.2489028514,599.9049218647,2106.3439809867,25,546.7015036551,2401.8511904633,65778.1306829545,21,34712.6925547554,7633.4667345022,1200.0000000000,10800.0000000000,5280.4551338000
2025-07-25,S2,SEQUENTIAL_PREVIOUS_COMMITMENT,Optimal,1,10.7996143000,3,0.0000000000,8376.0006252022,8476.9527370900,46126.2697006715,26541.9658133587,29992.2327111036,-7.2546441657,25.4703784579,0.0000000000,25.4703784579,2,121.8526921150,397.6894526252,26932.4006218181,10,35995.0236860070,5804.7038776037,1200.0000000000,10800.0000000000,5280.4551338000
2025-07-26,S2,SEQUENTIAL_PREVIOUS_COMMITMENT,Optimal,1,10.7065065000,3,0.0000000000,8476.9527370900,8037.7698916272,45175.4132277325,25882.2679609971,28742.3717645637,0.0000000000,0.0000000000,0.0000000000,0.0000000000,0,286.1427079240,743.1780068787,26625.4459678758,11,35710.0805455775,5932.8356667698,1200.0000000000,10800.0000000000,5280.4551338000
2025-07-27,S2,SEQUENTIAL_PREVIOUS_COMMITMENT,Optimal,1,9.2314522000,3,0.0000000000,8037.7698916272,7602.0792610434,83966.1850893552,61353.4084680918,66936.1152639377,-62.4358485846,291.0108584905,15.9941201278,275.0167383627,6,734.6461814345,2793.2338729872,64084.2064924945,27,39657.4022816270,7176.7573845395,1200.0000000000,10800.0000000000,5280.4551338000
2025-07-28,S2,SEQUENTIAL_PREVIOUS_COMMITMENT,Optimal,1,7.0433738000,3,0.0000000000,7602.0792610434,7693.8875484358,83858.1348729489,61755.1119306270,65943.0486292610,533.5741023090,535.6030304019,535.6030304019,0.0000000000,21,1777.2427765826,8064.5335961731,70353.2196291091,48,39534.4352113711,7309.4806282342,1200.0000000000,10800.0000000000,5280.4551338000
2025-07-29,S2,SEQUENTIAL_PREVIOUS_COMMITMENT,Optimal,1,9.9565963000,3,0.0000000000,7693.8875484358,8073.6035307757,86445.6169291565,63018.9754977807,68979.9303521614,537.8044718986,940.6923682644,632.8103328403,307.8820354241,16,639.3817110466,2552.1799137459,66108.9598834251,17,41050.7588871730,7202.1812532646,1200.0000000000,10800.0000000000,5280.4551338000
2025-07-30,S2,SEQUENTIAL_PREVIOUS_COMMITMENT,Optimal,1,8.7033524000,3,0.0000000000,8073.6035307757,9040.3971159527,88341.3723074507,65400.9041172831,71875.0319752028,289.6283882422,1403.3061188115,524.4088634678,878.8972553437,19,277.4694580932,1078.1635384039,66768.6960439291,13,37361.1834467268,7361.0509666216,1200.0000000000,10800.0000000000,5280.4551338000
2025-07-31,S2,SEQUENTIAL_PREVIOUS_COMMITMENT,Optimal,1,9.9322914000,3,0.0000000000,9040.3971159527,7681.7917734579,83855.0644074508,60952.3410162232,65466.3325032275,-15.6322102837,831.9824456281,129.3391186133,702.6433270148,5,675.7136977296,3134.9579651159,64071.6667710554,24,40201.5576905010,7613.3168315614,1200.0000000000,10800.0000000000,5280.4551338000
2025-08-01,S2,SEQUENTIAL_PREVIOUS_COMMITMENT,Optimal,1,7.8026835000,3,0.0000000000,7681.7917734579,8520.7773961950,46075.0074710945,26083.0764540758,28895.5910208767,-34.6613597378,109.1177638362,0.0000000000,109.1177638362,5,218.6208257730,525.1001794213,26573.5152737593,13,35789.4295538147,5880.6423325909,1200.0000000000,10800.0000000000,5280.4551338000
2025-08-02,S2,SEQUENTIAL_PREVIOUS_COMMITMENT,Optimal,1,8.7779579000,3,0.0000000000,8520.7773961950,7640.0369697896,43472.2626124234,24140.0685511583,26360.1176573889,0.0000000000,0.0000000000,0.0000000000,0.0000000000,0,240.9628080380,923.6349230008,25063.7034741591,18,37804.7068048997,5774.5213111482,1200.0000000000,10800.0000000000,5280.4551338000
2025-08-03,S2,SEQUENTIAL_PREVIOUS_COMMITMENT,Optimal,1,9.5783333000,3,0.0000000000,7640.0369697896,8216.5164779514,83635.3750315560,58889.2853736812,64634.7720844596,-1278.3306328324,5229.0385643160,0.0000000000,5229.0385643160,21,190.9248245247,913.0515575690,58524.0062984178,10,34636.1553424614,7622.5708493650,1200.0000000000,10800.0000000000,5280.4551338000
2025-08-04,S2,SEQUENTIAL_PREVIOUS_COMMITMENT,Optimal,1,9.8543677000,3,0.0000000000,8216.5164779514,8232.9454604588,82363.9374794302,58644.8602605295,63519.1284666291,-915.0521456538,3729.6928129371,0.0000000000,3729.6928129371,14,340.8955655328,1387.3939183566,59117.2020332323,12,36047.6776997283,7633.3289837320,1200.0000000000,10800.0000000000,5280.4551338000
2025-08-05,S2,SEQUENTIAL_PREVIOUS_COMMITMENT,Optimal,1,10.1728147000,3,0.0000000000,8232.9454604588,8578.6688278165,82449.3821566712,59011.3823070927,65050.3538446296,-459.3595893788,2057.9807386956,0.0000000000,2057.9807386956,6,203.4698564841,935.7469322712,59487.7696499852,10,36523.7639576320,7380.6489919387,1200.0000000000,10800.0000000000,5280.4551338000
2025-08-06,S2,SEQUENTIAL_PREVIOUS_COMMITMENT,Optimal,1,9.8591273000,3,0.0000000000,8578.6688278165,10262.9847172955,84641.7611058982,61535.8438326328,67499.5448553550,714.6828569687,2016.8587728052,791.0972160699,1225.7615567353,11,251.2155470292,1119.5189795395,63370.0456691410,10,37633.5946033828,7715.6766959577,1200.0000000000,10800.0000000000,5280.4551338000
2025-08-07,S2,SEQUENTIAL_PREVIOUS_COMMITMENT,Optimal,1,9.0734415000,3,0.0000000000,10262.9847172955,7693.4434909452,75793.1235227140,54728.0786314917,58938.5425149851,-398.6707789789,2397.0640492553,45.4589275436,2351.6051217117,19,500.1904278520,1522.0483609217,55851.4562134344,25,36412.8048611840,7306.8942372280,1200.0000000000,10800.0000000000,5280.4551338000
2025-08-08,S2,SEQUENTIAL_PREVIOUS_COMMITMENT,Optimal,1,8.5641595000,3,0.0000000000,7693.4434909452,5308.1974844336,41660.5358661582,23360.2229116896,26388.6625916946,0.0000000000,0.0000000000,0.0000000000,0.0000000000,0,228.3350699816,773.8219211203,24134.0448328099,13,35223.8382095227,5156.3967980546,1200.0000000000,10800.0000000000,5280.4551338000
2025-08-09,S2,SEQUENTIAL_PREVIOUS_COMMITMENT,Optimal,1,9.3007431000,3,0.0000000000,5308.1974844336,7214.7693237305,44863.2042430169,24709.5181187613,27395.7944494009,53.3492567143,48.3180588625,48.3180588625,0.0000000000,5,371.8699509195,1160.6402815165,25923.5076569921,18,36628.9552313370,5139.1217545519,1200.0000000000,10800.0000000000,5280.4551338000
2025-08-10,S2,SEQUENTIAL_PREVIOUS_COMMITMENT,Optimal,1,12.2856871000,3,0.0000000000,7214.7693237305,8191.6570374676,78944.3600210876,57879.0392785223,62507.9084242816,0.0508719360,10.1862968474,1.1898207458,8.9964761016,3,264.9169850497,998.4726222737,58877.5627727320,13,35081.2958210947,7353.7063186256,1200.0000000000,10800.0000000000,5280.4551338000
2025-08-11,S2,SEQUENTIAL_PREVIOUS_COMMITMENT,Optimal,1,8.9842631000,3,0.0000000000,8191.6570374676,7662.6895931282,76725.5098915968,54251.9690477882,57790.3876241779,24.8932613521,16.2201976234,16.2201976234,0.0000000000,5,613.9665164396,2599.7542254840,56876.6165346242,20,40725.6068248447,6970.1043750874,1200.0000000000,10800.0000000000,5280.4551338000
2025-08-12,S2,SEQUENTIAL_PREVIOUS_COMMITMENT,Optimal,1,9.8131439000,3,0.0000000000,7662.6895931282,7771.4019065166,76276.9142734189,55349.6139463250,59769.2348730431,361.5919136324,1013.7709563848,411.8170228036,601.9539335812,17,973.0355104147,4576.3622087331,60287.5680686905,41,33168.9852311697,7582.4340793116,1200.0000000000,10800.0000000000,5280.4551338000
2025-08-13,S2,SEQUENTIAL_PREVIOUS_COMMITMENT,Optimal,1,8.8045824000,3,0.0000000000,7771.4019065166,7652.8848115195,75972.5530515287,54570.1571693006,58322.1202463616,-4.9522391840,20.5999966056,0.0000000000,20.5999966056,1,765.4297721444,3157.5840689622,57722.7889990788,31,34384.0772294190,7328.9216400377,1200.0000000000,10800.0000000000,5280.4551338000
2025-08-14,S2,SEQUENTIAL_PREVIOUS_COMMITMENT,Optimal,1,12.6495138000,3,0.0000000000,7652.8848115195,8286.8648755016,77583.5313435253,55819.2501116022,60541.2397052483,1003.8364191704,1074.1609055591,1074.1609055591,0.0000000000,10,539.5749905526,2798.5565879155,59621.6431186881,26,37771.1084013302,7231.9533631921,1200.0000000000,10800.0000000000,5280.4551338000
2025-08-15,S2,SEQUENTIAL_PREVIOUS_COMMITMENT,Optimal,1,9.4834179000,3,0.0000000000,8286.8648755016,4993.1956420898,38562.4231428798,22340.1000846773,24938.6491753893,0.0000000000,0.0000000000,0.0000000000,0.0000000000,0,474.9469711063,1445.4523928087,23785.5524774860,23,29466.0349664834,5615.5432522840,1200.0000000000,10800.0000000000,5280.4551338000
2025-08-16,S2,SEQUENTIAL_PREVIOUS_COMMITMENT,Optimal,1,9.8685907999,3,0.0000000000,4993.1956420898,7797.0761509369,44911.2843171256,24659.2859918014,26480.3838562960,0.8341576181,0.7571205973,0.7571205973,0.0000000000,1,445.6822895960,1829.3302306654,26489.4503800848,23,34171.2202020890,5558.7090932209,1200.0000000000,10800.0000000000,5280.4551338000
2025-08-17,S2,SEQUENTIAL_PREVIOUS_COMMITMENT,Optimal,1,10.8186120000,3,0.0000000000,7797.0761509369,7779.5757180979,76404.1703724049,54564.8702089539,58682.5390449674,-251.9668710217,1139.7521920168,0.0000000000,1139.7521920168,3,532.9232919278,2511.3149311702,56824.2182691023,25,37260.9560187821,7031.7494729949,1200.0000000000,10800.0000000000,5280.4551338000
2025-08-18,S2,SEQUENTIAL_PREVIOUS_COMMITMENT,Optimal,1,13.7959930000,3,0.0000000000,7779.5757180979,7685.6081382418,76989.4140364968,55228.2656648481,59759.6927665760,-215.2962901435,1003.7175601066,0.0000000000,1003.7175601066,4,663.4519382230,3189.3329122631,58202.3022869677,26,37317.2520942426,7046.3943372714,1200.0000000000,10800.0000000000,5280.4551338000
2025-08-19,S2,SEQUENTIAL_PREVIOUS_COMMITMENT,Optimal,1,13.9955201000,3,0.0000000000,7685.6081382418,7866.3832179998,76752.5705462197,55695.6985672839,60598.6886384208,-80.6644067144,699.3770326292,67.5684620553,631.8085705739,6,543.0204633320,2522.0810309307,58137.1151915002,19,32997.0556565000,7402.2616122711,1200.0000000000,10800.0000000000,5280.4551338000
2025-08-20,S2,SEQUENTIAL_PREVIOUS_COMMITMENT,Optimal,1,11.7313467000,3,0.0000000000,7866.3832179998,7772.4690189826,76749.5078571900,55862.8830594990,60920.5560150693,1274.5460840554,1338.9328791288,1338.9328791288,0.0000000000,9,1222.3551360765,5621.4645035047,62758.8936470591,40,41070.3887694904,7064.3989011715,1200.0000000000,10800.0000000000,5280.4551338000
2025-08-21,S2,SEQUENTIAL_PREVIOUS_COMMITMENT,Optimal,1,11.2174008000,3,0.0000000000,7772.4690189826,7812.4139154884,77083.7599355605,55686.2825669843,60131.7118416398,-189.6614016622,1136.3515122417,81.7466461898,1054.6048660520,6,521.3168503255,2069.9952522893,57566.6164176114,14,33152.4538656482,7558.9003458497,1200.0000000000,10800.0000000000,5280.4551338000
2025-08-22,S2,SEQUENTIAL_PREVIOUS_COMMITMENT,Optimal,1,6.2222972000,3,0.0000000000,7812.4139154884,7658.2669497539,42306.5425915925,23522.7697507953,25542.8587414980,0.0000000000,0.0000000000,0.0000000000,0.0000000000,0,918.7086874328,3341.4930493669,26864.2628001622,36,36132.8956670621,5623.1967383529,1219.6477397280,10800.0000000000,5280.4551338000
2025-08-23,S2,SEQUENTIAL_PREVIOUS_COMMITMENT,Optimal,1,2.9305473000,3,0.0000000000,7658.2669497539,7678.1830163606,43156.7564700612,23491.9707914791,25304.5421214230,41.8293957361,40.6903582602,40.6903582602,0.0000000000,6,390.6865389119,1188.0189224482,24721.8191096635,18,38332.6198436567,5425.2935053131,1200.0000000000,10800.0000000000,5280.4551338000
2025-08-24,S2,SEQUENTIAL_PREVIOUS_COMMITMENT,Optimal,1,10.7016958000,3,0.0000000000,7678.1830163606,7715.4397199448,76606.6519475197,55319.9780713442,59505.9403424202,193.1250889795,1990.2082156728,403.3571287236,1586.8510869492,22,563.9346136567,2510.5060584994,58023.6092188232,29,37102.5889312668,7166.2859992262,1200.0000000000,10800.0000000000,5280.4551338000
2025-08-25,S2,SEQUENTIAL_PREVIOUS_COMMITMENT,Optimal,1,8.4649666000,3,0.0000000000,7715.4397199448,8254.1364235409,81789.6211222431,58787.1825534050,63733.5219347752,395.3923185812,690.5697825290,378.3364438165,312.2333387125,16,546.3329474223,2353.7681882653,61536.3430602516,19,38452.6374901171,7221.3430575231,1200.0000000000,10800.0000000000,5280.4551338000
2025-08-26,S2,SEQUENTIAL_PREVIOUS_COMMITMENT,Optimal,1,9.6121449000,3,0.0000000000,8254.1364235409,8034.4024665448,77410.9086006614,55065.2748111583,58636.0544378465,144.3589787591,904.2652156150,206.9951802753,697.2700353397,19,501.7407835477,2355.8818525917,57565.5156425091,19,40717.3000843147,7237.8168563446,1200.0000000000,10800.0000000000,5280.4551338000
2025-08-27,S2,SEQUENTIAL_PREVIOUS_COMMITMENT,Optimal,1,11.4366897000,3,0.0000000000,8034.4024665448,8152.5193650340,80768.0738632167,57506.4535751540,62643.6253799043,314.5029271363,1474.4797268427,577.0621614222,897.4175654205,15,315.3466451190,1403.3357388496,59224.2922411398,14,42344.0385752397,7281.7130756958,1200.0000000000,10800.0000000000,5280.4551338000
2025-08-28,S2,SEQUENTIAL_PREVIOUS_COMMITMENT,Optimal,1,11.1048691000,3,0.0000000000,8152.5193650340,8052.5319600157,78712.1066073947,56524.7759067047,61452.2323966129,271.5110035058,236.4174438405,236.4174438405,0.0000000000,15,2020.4534444944,10065.9051181127,66862.1920283231,36,37061.5114493319,7285.8713350651,1200.0000000000,10800.0000000000,5280.4551338000
2025-08-29,S2,SEQUENTIAL_PREVIOUS_COMMITMENT,Optimal,1,7.3057752000,3,0.0000000000,8052.5319600157,8132.5032036762,45506.8933184982,25648.5309132263,28636.2462423228,90.1732432085,105.3516086811,105.3516086811,0.0000000000,5,304.5740543444,1382.4817105339,27121.1858669687,10,35862.0238001823,5746.3110399803,1231.1314676717,10800.0000000000,5280.4551338000
2025-08-30,S2,SEQUENTIAL_PREVIOUS_COMMITMENT,Optimal,1,6.8414346000,3,0.0000000000,8132.5032036762,7848.9714271598,43453.5230354144,24567.2001918547,26946.6594852585,2.0904423152,1.7771336523,1.7771336523,0.0000000000,1,271.6000287217,978.3285554958,25547.6191896657,19,31845.2934937395,6088.1725508873,1212.0732631877,10800.0000000000,5280.4551338000
2025-08-31,S2,SEQUENTIAL_PREVIOUS_COMMITMENT,Optimal,1,7.9825486000,3,0.0000000000,7848.9714271598,7763.6942280105,78900.9018747978,56160.9970449867,61323.1683734779,-159.8053222447,688.4897561801,16.8191899796,671.6705662006,4,399.8353632364,1682.6423248298,57683.8340475718,19,38909.3828417669,7020.1033501220,1200.0000000000,10800.0000000000,5280.4551338000
2025-09-01,S2,SEQUENTIAL_PREVIOUS_COMMITMENT,Optimal,1,10.4954937000,3,0.0000000000,7763.6942280105,7843.1241220764,79386.1278745371,50587.4505850019,54647.3974011785,-511.0850350929,2339.3688532833,5.7013830376,2333.6674702458,12,0.0000000000,0.0000000000,50076.3655499091,0,32217.5461637581,7374.5698338657,1428.2192696151,10800.0000000000,5280.4551338000
2025-09-02,S2,SEQUENTIAL_PREVIOUS_COMMITMENT,Optimal,1,11.9672660000,3,0.0000000000,7843.1241220764,8193.1351720162,78538.4754914029,49870.3197819878,54340.0206886757,-220.4484900406,1373.0887355589,32.7620401235,1340.3266954354,6,52.6549473420,165.9756200999,49815.8469120472,3,36297.1240820741,7235.9727642514,1312.9927286637,10800.0000000000,5280.4551338000
2025-09-03,S2,SEQUENTIAL_PREVIOUS_COMMITMENT,Optimal,1,11.4649534000,3,0.0000000000,8193.1351720162,7844.9516259107,77642.6809291278,50765.4676822419,54515.8502457791,-239.6785092432,2106.2840579844,128.5818980940,1977.7021598904,12,0.0000000000,0.0000000000,50525.7891729987,0,34670.1107610152,7327.3462472861,1282.2470560668,10800.0000000000,5280.4551338000
2025-09-04,S2,SEQUENTIAL_PREVIOUS_COMMITMENT,Optimal,1,10.3322600000,3,0.0000000000,7844.9516259107,8062.1407892269,78808.3875911251,50495.2615327434,54243.7303990628,-46.4852120280,1678.0174540105,192.0878640294,1485.9295899811,19,6.3134549889,13.7443915107,50462.5207122261,1,38325.8813582403,7439.8063457880,1328.6042208968,10800.0000000000,5280.4551338000
2025-09-05,S2,SEQUENTIAL_PREVIOUS_COMMITMENT,Optimal,1,15.6455937000,3,0.0000000000,8062.1407892269,8545.9420827284,43402.5650377890,21049.3216238333,23202.4306841485,-1.6856649249,7.2052358405,0.0000000000,7.2052358405,1,0.0000000000,0.0000000000,21047.6359589084,0,31184.0858302026,6329.7668326170,1480.7960613755,10800.0000000000,5280.4551338000
2025-09-06,S2,SEQUENTIAL_PREVIOUS_COMMITMENT,Optimal,1,7.3487859000,3,0.0000000000,8545.9420827284,7864.4008736427,42737.3873564854,20625.4989592674,22377.2044598304,-13.1156225874,131.4764258278,8.4136353205,123.0627905073,3,76.0129373420,248.2396670418,20860.6230037217,3,34866.1327481644,6122.8446097455,1513.1264051258,10800.0000000000,5280.4551338000
2025-09-07,S2,SEQUENTIAL_PREVIOUS_COMMITMENT,Optimal,1,8.8957516000,3,0.0000000000,7864.4008736427,7862.8969031604,75168.2816633418,48419.5004382312,52230.5194329883,293.3122156055,537.4353374082,431.6837086974,105.7516287108,14,136.4858064727,574.8329674526,49287.6456212893,7,36378.5636762607,7455.7061302838,1471.9669912376,10800.0000000000,5280.4551338000
2025-09-08,S2,SEQUENTIAL_PREVIOUS_COMMITMENT,Optimal,1,12.3245672000,3,0.0000000000,7862.8969031604,7460.1431856718,63853.7280888341,40175.9565078541,43151.4352535497,1398.2907931810,1232.1063491428,1205.9241233747,26.1822257680,12,1290.4361302848,5633.0776803898,47207.3249814250,41,37429.1193778382,7067.0082171985,1200.0000000000,10800.0000000000,5280.4551338000
2025-09-09,S2,SEQUENTIAL_PREVIOUS_COMMITMENT,Optimal,1,12.1321805000,3,0.0000000000,7460.1431856718,7748.2925178398,66088.0599119788,41634.5672555837,45737.3058712659,49.6455898169,1494.4779552741,236.0479260498,1258.4300292242,9,592.2009465579,2649.5941190324,44333.8069644330,22,35878.5586960634,7227.7106345411,1200.0000000000,10800.0000000000,5280.4551338000
2025-09-10,S2,SEQUENTIAL_PREVIOUS_COMMITMENT,Optimal,1,11.1344198000,3,0.0000000000,7748.2925178398,7700.2724323911,67354.8323992954,42938.3458527161,47484.4614947771,1670.6763272580,1781.7301128833,1776.5179955544,5.2121173289,12,1069.4193903976,4332.3301057466,48941.3522857207,38,41428.7044360248,6909.1225678906,1200.0000000000,10800.0000000000,5280.4551338000
2025-09-11,S2,SEQUENTIAL_PREVIOUS_COMMITMENT,Optimal,1,10.0509790000,3,0.0000000000,7700.2724323911,8300.6465828829,68494.6046968668,42729.7923369681,46792.7662860485,-300.4616785347,1978.4416469615,21.4579183302,1956.9837286313,13,394.5734385202,1854.2384658217,44283.5691242551,15,38588.8997445206,6971.6780607845,1200.0000000000,10800.0000000000,5280.4551338000
2025-09-12,S2,SEQUENTIAL_PREVIOUS_COMMITMENT,Optimal,1,6.7176847000,3,0.0000000000,8300.6465828829,7652.4551073529,34291.9583706575,15600.3497682733,18164.1244752215,43.5494798930,46.8888010818,46.8888010818,0.0000000000,6,373.4679302515,1214.7076719531,16858.6069201194,17,34804.2067816889,5788.9483614539,1227.2430347222,10800.0000000000,5280.4551338000
2025-09-13,S2,SEQUENTIAL_PREVIOUS_COMMITMENT,Optimal,1,6.9256585000,3,0.0000000000,7652.4551073529,7885.6477340133,34913.5897706378,15795.9879687021,17683.5765802279,75.7569942239,89.3907988135,89.3907988135,0.0000000000,5,599.7469546162,1952.9541750119,17824.6991379379,19,35007.1141528635,5984.5328955495,1200.0000000000,10800.0000000000,5280.4551338000
2025-09-14,S2,SEQUENTIAL_PREVIOUS_COMMITMENT,Optimal,1,9.1702201000,3,0.0000000000,7885.6477340133,7764.0133564810,67583.6086154478,43094.5538235926,47498.7291403205,158.6058474934,251.5700435585,251.5700435585,0.0000000000,3,672.5710518392,2913.2624708501,46166.4221419361,31,37053.9927161047,7055.8269349390,1200.0000000000,10800.0000000000,5280.4551338000
2025-09-15,S2,SEQUENTIAL_PREVIOUS_COMMITMENT,Optimal,1,9.3940431000,3,0.0000000000,7764.0133564810,7685.8433327698,66545.1065441725,42332.7139248238,46142.0111316896,-94.3679224697,538.9837569186,3.7699709130,535.2137860056,5,467.4045616424,2023.2803443073,44261.6263466614,30,38214.3337638418,6783.8884179822,1200.0000000000,10800.0000000000,5280.4551338000
2025-09-16,S2,SEQUENTIAL_PREVIOUS_COMMITMENT,Optimal,1,10.3903794000,3,0.0000000000,7685.8433327698,7621.8866977274,68222.6769967639,43963.4932328971,47903.1791689517,5.8562451392,9.0927676456,9.0927676456,0.0000000000,2,790.4786676765,2701.1471368512,46670.4966148874,33,40037.0471931727,7164.1445060830,1200.0000000000,10800.0000000000,5280.4551338000
2025-09-17,S2,SEQUENTIAL_PREVIOUS_COMMITMENT,Optimal,1,9.0636421000,3,0.0000000000,7621.8866977274,8201.5401313554,69720.0272475293,44320.8612376723,48271.7723691876,164.0953487244,282.6022517759,161.0183710826,121.5838806933,7,517.2881616425,1746.4305318922,46231.3871182888,27,40291.2145609377,6915.8506426096,1200.0000000000,10800.0000000000,5280.4551338000
2025-09-18,S2,SEQUENTIAL_PREVIOUS_COMMITMENT,Optimal,1,9.5764639000,3,0.0000000000,8201.5401313554,7593.0102615978,66328.5530852518,42094.0663927517,45865.9812380553,874.0232286876,1241.0423655167,1241.0423655167,0.0000000000,14,423.3365356229,2061.9114031643,45030.0010246036,20,38865.0063549182,7309.4555309379,1200.0000000000,10800.0000000000,5280.4551338000
2025-09-19,S2,SEQUENTIAL_PREVIOUS_COMMITMENT,Optimal,1,8.8065766000,3,0.0000000000,7593.0102615978,8003.2733504419,35688.5074594224,16121.4541916618,18274.0094255837,59.8998249251,60.6371966866,60.6371966866,0.0000000000,6,488.9522617115,1340.9272463792,17522.2812629661,26,34955.7079271897,5811.8565031092,1200.0000000000,10800.0000000000,5280.4551338000
2025-09-20,S2,SEQUENTIAL_PREVIOUS_COMMITMENT,Optimal,1,9.7707237000,3,0.0000000000,8003.2733504419,7633.8569512634,34525.1384237057,15669.3195492725,16971.2030827591,5.2814682811,3.7890768765,3.7890768765,0.0000000000,3,639.5110633970,2277.8975744963,17952.4985920499,29,36089.7491626561,5547.5110517399,1200.0000000000,10800.0000000000,5280.4551338000
2025-09-21,S2,SEQUENTIAL_PREVIOUS_COMMITMENT,Optimal,1,9.8406895000,3,0.0000000000,7633.8569512634,8126.6487599366,70827.4957702279,45397.3070209190,49572.9131475439,-289.9759493820,1353.4541510037,24.7423920475,1328.7117589562,11,285.3215767082,1387.0488699215,46494.3799414585,21,35696.9484832529,7257.4300156620,1200.0000000000,10800.0000000000,5280.4551338000
2025-09-22,S2,SEQUENTIAL_PREVIOUS_COMMITMENT,Optimal,1,9.0184803000,3,0.0000000000,8126.6487599366,7619.9051405276,68675.0765824780,44709.9192481250,48511.4592866382,-18.9326960412,444.3863387055,51.1945056873,393.1918330182,9,840.0567789679,3695.3143205113,48386.3008725951,35,36370.9872358184,7191.7896222596,1200.0000000000,10800.0000000000,5280.4551338000
2025-09-23,S2,SEQUENTIAL_PREVIOUS_COMMITMENT,Optimal,1,9.1107656000,3,0.0000000000,7619.9051405276,7728.9127947802,71169.2980697269,45516.7947804320,48714.1847937035,355.5859034412,952.3974107171,417.0703181303,535.3270925868,11,682.4122701877,3349.2059944410,49221.5866783142,30,37674.3452995346,6839.2890810197,1200.0000000000,10800.0000000000,5280.4551338000
2025-09-24,S2,SEQUENTIAL_PREVIOUS_COMMITMENT,Optimal,1,8.9008580000,3,0.0000000000,7728.9127947802,8159.2538573597,71074.6959677115,45650.3663404630,50032.9891763162,29.4087854978,24.4001289745,24.4001289745,0.0000000000,4,449.3678176609,1873.1050221853,47552.8801481461,27,38595.1778188671,7207.3839422695,1200.0000000000,10800.0000000000,5280.4551338000
2025-09-25,S2,SEQUENTIAL_PREVIOUS_COMMITMENT,Optimal,1,8.6380986000,3,0.0000000000,8159.2538573597,8219.4975762657,71925.1933079293,46428.9692085004,51123.2215324029,-71.3409003997,664.3116354547,73.0088925433,591.3027429114,10,438.1204289962,1878.4204168827,48236.0487249834,23,37738.6325838846,7320.1543759433,1200.0000000000,10800.0000000000,5280.4551338000
2025-09-26,S2,SEQUENTIAL_PREVIOUS_COMMITMENT,Optimal,1,8.8555708000,3,0.0000000000,8219.4975762657,8124.7713320686,36587.7319813317,16771.1711344913,19191.9105001324,-4.7493285341,11.8754857896,0.0000000000,11.8754857896,2,177.2894388885,537.7976122964,17304.2194182536,9,37697.0109468364,6330.4938650364,1200.0000000000,10800.0000000000,5280.4551338000
2025-09-27,S2,SEQUENTIAL_PREVIOUS_COMMITMENT,Optimal,1,8.3894839000,3,0.0000000000,8124.7713320686,8039.4223605138,35863.9466837826,16638.8265776050,18401.0808153958,101.0792477011,105.7899920342,105.7899920342,0.0000000000,5,891.0190442135,3000.0599525292,19739.9657778353,31,35081.7390779128,6170.3974766184,1233.1729080584,10800.0000000000,5280.4551338000
2025-09-28,S2,SEQUENTIAL_PREVIOUS_COMMITMENT,Optimal,1,8.6324578000,3,0.0000000000,8039.4223605138,8143.8702253970,71647.2411369248,46832.4351468360,50828.1586617850,1091.4034592732,1150.3951882643,1150.3951882643,0.0000000000,17,506.6733107248,2008.2194836944,49932.0580898036,24,38076.6226740162,7325.5312949484,1200.0000000000,10800.0000000000,5280.4551338000
2025-09-29,S2,SEQUENTIAL_PREVIOUS_COMMITMENT,Optimal,1,8.6285427000,3,0.0000000000,8143.8702253970,8110.2433646331,73420.2825162735,47736.1381656969,52380.0002966877,-58.8338102857,253.6680572919,0.0000000000,253.6680572919,7,484.4161443494,2034.4371612839,49711.7415166952,24,37818.2760751113,7237.0411190065,1200.0000000000,10800.0000000000,5280.4551338000
2025-09-30,S2,SEQUENTIAL_PREVIOUS_COMMITMENT,Optimal,1,10.1446270000,3,0.0000000000,8110.2433646331,8005.3581383700,73438.0808192101,47557.4714036795,52353.8279115663,1398.5746929213,1285.4555907553,1285.4555907553,0.0000000000,10,605.7485832469,2735.7641182068,51691.8102148075,32,43622.6681306749,7239.9385146588,1200.0000000000,10800.0000000000,5280.4551338000
2025-10-01,S2,SEQUENTIAL_PREVIOUS_COMMITMENT,Optimal,1,9.3771386000,3,0.0000000000,8005.3581383700,8378.7312388690,73044.1059116626,44489.0469524120,48945.3456859676,-462.2539686748,2649.1268683326,0.0000000000,2649.1268683326,13,38.7127520612,98.9066092725,44125.6995930097,5,36970.9119981683,7579.3158637404,1228.8212678675,10800.0000000000,5280.4551338000
2025-10-02,S2,SEQUENTIAL_PREVIOUS_COMMITMENT,Optimal,1,8.5771822000,3,0.0000000000,8378.7312388690,8268.2185120644,72514.1938364406,44868.6468498756,48788.9176790572,-710.0626455380,3191.5476225651,0.0000000000,3191.5476225651,18,124.7762050029,326.0627034971,44484.6469078347,10,35869.3986365581,7489.7846155022,1296.8243127894,10800.0000000000,5280.4551338000
2025-10-03,S2,SEQUENTIAL_PREVIOUS_COMMITMENT,Optimal,1,7.2809562000,3,0.0000000000,8268.2185120644,8008.4413731219,35420.8763205618,15306.8101118151,16795.8945193960,-13.2526438425,41.5276266045,0.0000000000,41.5276266045,4,140.2490547015,306.4921180135,15600.0495859861,10,36276.6620797899,6632.2405551904,1284.5886273872,10800.0000000000,5280.4551338000
2025-10-04,S2,SEQUENTIAL_PREVIOUS_COMMITMENT,Optimal,1,7.5439869000,3,0.0000000000,8008.4413731219,7851.2565883888,36955.2638336623,16533.1675191993,18233.4358137688,-12.5570419897,30.8559647652,0.0000000000,30.8559647652,3,148.5567611282,521.4736664200,17042.0841436296,8,36408.5285562545,6571.7745990658,1209.3960730613,10800.0000000000,5280.4551338000
2025-10-05,S2,SEQUENTIAL_PREVIOUS_COMMITMENT,Optimal,1,8.9059688000,3,0.0000000000,7851.2565883888,7981.2044994518,72158.4646326490,44929.7535386317,49662.1993348548,-381.6724048951,2156.2014593009,10.2471810220,2145.9542782789,16,119.0535126103,345.5139887933,44893.5951225299,8,35468.2479312015,7479.5996872128,1200.0000000000,10800.0000000000,5280.4551338000
2025-10-06,S2,SEQUENTIAL_PREVIOUS_COMMITMENT,Optimal,1,10.7868029000,3,0.0000000000,7981.2044994518,7720.0349786940,68905.2287223599,44181.5465622299,48880.5644709765,0.0000000000,0.0000000000,0.0000000000,0.0000000000,0,244.1693721682,811.5617136128,44993.1082758427,16,36811.2391108708,7367.4079609201,1203.8903302951,10800.0000000000,5280.4551338000
2025-10-07,S2,SEQUENTIAL_PREVIOUS_COMMITMENT,Optimal,1,9.3729632000,3,0.0000000000,7720.0349786940,7684.8236181497,68843.0192796567,43084.8563218143,45852.0822998733,376.9631612314,302.3038193831,302.3038193831,0.0000000000,7,285.7758829387,1054.9350138559,44516.7544969016,21,39827.9389590034,7106.2660155889,1221.9261616030,10800.0000000000,5280.4551338000
2025-10-08,S2,SEQUENTIAL_PREVIOUS_COMMITMENT,Optimal,1,10.2459781000,3,0.0000000000,7684.8236181497,7667.1419443230,65140.6580205659,40258.2809152013,44631.8122314781,20.4148256446,17.7089149437,17.7089149437,0.0000000000,2,543.4239312910,2209.5559126773,42488.2516535232,28,37942.4096664378,7071.0598231963,1200.0000000000,10800.0000000000,5280.4551338000
2025-10-09,S2,SEQUENTIAL_PREVIOUS_COMMITMENT,Optimal,1,10.9496202000,3,0.0000000000,7667.1419443230,7685.2482633779,66562.4237579226,40640.0081618367,44741.0211446880,-152.1179442721,690.1778386541,0.0000000000,690.1778386541,6,352.5926629470,1665.8278640701,42153.7180816348,21,37683.3599569973,7108.8373911417,1200.0000000000,10800.0000000000,5280.4551338000
2025-10-10,S2,SEQUENTIAL_PREVIOUS_COMMITMENT,Optimal,1,6.9042733000,3,0.0000000000,7685.2482633779,7686.5360210432,32306.3185756577,13355.1446365713,14578.1690228184,0.0000000000,0.0000000000,0.0000000000,0.0000000000,0,706.6415345204,2050.7063921901,15405.8510287614,32,35136.3413890666,6114.1168059556,1200.0000000000,10800.0000000000,5280.4551338000
2025-10-11,S2,SEQUENTIAL_PREVIOUS_COMMITMENT,Optimal,1,9.4442212000,3,0.0000000000,7686.5360210432,8500.1925819960,35054.2265126696,15031.8444216452,17183.8413490189,0.0000000000,0.0000000000,0.0000000000,0.0000000000,0,196.8151155299,784.5931221132,15816.4375437584,15,35269.4031758249,6205.2106301594,1200.0000000000,10800.0000000000,5280.4551338000
2025-10-12,S2,SEQUENTIAL_PREVIOUS_COMMITMENT,Optimal,1,9.9014164000,3,0.0000000000,8500.1925819960,8526.2315144857,69664.6639134185,43089.7748870297,47916.9180451064,20.0271824028,31.6427378568,31.6427378568,0.0000000000,2,102.2173848525,422.8484798422,43532.6505492748,6,38197.2299434971,7396.6123210957,1200.0000000000,10800.0000000000,5280.4551338000
2025-10-13,S2,SEQUENTIAL_PREVIOUS_COMMITMENT,Optimal,1,11.3446173000,3,0.0000000000,8526.2315144857,7821.3546044327,68283.9379191143,42351.7800606263,46942.2461718404,-137.4386773739,628.6802435999,0.0000000000,628.6802435999,8,55.2499824332,220.4613590690,42434.8027423214,8,37003.8783339996,7243.7940483115,1200.0000000000,10800.0000000000,5280.4551338000
2025-10-14,S2,SEQUENTIAL_PREVIOUS_COMMITMENT,Optimal,1,10.4287420000,3,0.0000000000,7821.3546044327,7735.0460291144,67442.8900409439,41608.0468679921,44630.9219787995,457.1851157478,581.8085830884,476.7070523223,105.1015307661,16,831.0024885326,3469.5247214581,45534.7567051981,47,39108.2881704722,7073.5322772244,1200.0000000000,10800.0000000000,5280.4551338000
2025-10-15,S2,SEQUENTIAL_PREVIOUS_COMMITMENT,Optimal,1,10.2042505000,3,0.0000000000,7735.0460291144,7662.5919909743,67938.3288433164,41931.2199340713,45592.6552667356,729.1424693077,943.0514738650,902.1824856966,40.8689881684,10,699.8734020160,2685.4096822892,45345.7720856681,35,42965.5884115755,7121.9541891442,1200.0000000000,10800.0000000000,5280.4551338000
2025-10-16,S2,SEQUENTIAL_PREVIOUS_COMMITMENT,Optimal,1,10.2565238000,3,0.0000000000,7662.5919909743,8156.5952984042,68999.6445349517,43249.8707067411,47616.5564106613,1575.5396935624,1399.5123480545,1399.5123480545,0.0000000000,19,1053.0183850212,4679.2306437299,49504.6410440334,35,38974.8351879033,7164.4301694993,1238.2781406723,10800.0000000000,5280.4551338000
2025-10-17,S2,SEQUENTIAL_PREVIOUS_COMMITMENT,Optimal,1,8.3091447000,3,0.0000000000,8156.5952984042,8001.4024336527,34257.8640936116,14789.9705926374,16336.1960317112,8.4729091763,9.6244779648,9.6244779648,0.0000000000,1,153.5302164163,640.4159177580,15438.8594195717,11,34701.3239701086,6316.1700154748,1200.5004606037,10800.0000000000,5280.4551338000
2025-10-18,S2,SEQUENTIAL_PREVIOUS_COMMITMENT,Optimal,1,8.1052729000,3,0.0000000000,8001.4024336527,7694.0467956433,34367.4396144309,14773.3240664210,16402.2609323474,0.0000000000,0.0000000000,0.0000000000,0.0000000000,0,387.6913798992,1066.0953350451,15839.4194014661,18,38726.8888205632,6538.0046503953,1200.0000000000,10800.0000000000,5280.4551338000
2025-10-19,S2,SEQUENTIAL_PREVIOUS_COMMITMENT,Optimal,1,8.9571007000,3,0.0000000000,7694.0467956433,8320.7935836635,73578.7334901029,46699.4367195249,51989.2992993359,316.8437209205,735.1238644809,354.3019515063,380.8219129747,9,459.9344130538,1933.8436349462,48950.1240753916,23,39764.4318764845,7253.2045641033,1227.7978502288,10800.0000000000,5280.4551338000
2025-10-20,S2,SEQUENTIAL_PREVIOUS_COMMITMENT,Optimal,1,8.0254350000,3,0.0000000000,8320.7935836635,7939.3601365435,72276.3191304420,45998.9039572247,50092.7797618508,18.3122317716,23.3631351200,23.3631351200,0.0000000000,3,487.2069615699,2232.7428897871,48249.9590787833,26,38390.2787263080,7217.0347503634,1200.0000000000,10800.0000000000,5280.4551338000
2025-10-21,S2,SEQUENTIAL_PREVIOUS_COMMITMENT,Optimal,1,7.6280767000,3,0.0000000000,7939.3601365435,7753.1752108668,72730.6655678551,46449.4037591656,50016.8788511895,454.5573213001,519.5276001544,519.5276001544,0.0000000000,13,714.7116144245,2948.8499586821,49852.8110391478,38,39382.5162371601,7177.7941117913,1200.0000000000,10800.0000000000,5280.4551338000
2025-10-22,S2,SEQUENTIAL_PREVIOUS_COMMITMENT,Optimal,1,9.4751961000,3,0.0000000000,7753.1752108668,8163.0175468694,73569.6289361297,46871.5579284192,50846.9505678660,130.5161080971,93.2650927897,93.2650927897,0.0000000000,6,1093.8360324479,5298.3459556834,52300.4199921997,37,38872.1750913348,7201.9228498463,1200.0000000000,10800.0000000000,5280.4551338000
2025-10-23,S2,SEQUENTIAL_PREVIOUS_COMMITMENT,Optimal,1,8.1732325000,3,0.0000000000,8163.0175468694,7404.1977227799,74109.4208286642,46666.8611794486,50622.2558235274,-326.9509809610,1184.3423173921,0.0000000000,1184.3423173921,14,402.2507984142,1692.4014370524,48032.3116355400,17,39925.0051227617,7299.8161640729,1200.0000000000,10800.0000000000,5280.4551338000
2025-10-24,S2,SEQUENTIAL_PREVIOUS_COMMITMENT,Optimal,1,8.5387680000,3,0.0000000000,7404.1977227799,7513.2969306408,34597.8266011963,15246.6884543523,16895.3013227135,7.3638770216,6.5477320362,6.5477320362,0.0000000000,2,507.3628566033,1901.0004944282,17155.0528258021,28,33913.0278412564,5870.7450007456,1200.0000000000,10800.0000000000,5280.4551338000
2025-10-25,S2,SEQUENTIAL_PREVIOUS_COMMITMENT,Optimal,1,8.2380769000,3,0.0000000000,7513.2969306408,7667.3500175562,35219.8011732741,15268.2842460802,17235.6118726052,-1.4081648658,3.6742723178,0.0000000000,3.6742723178,1,455.9793990298,1565.1794541464,16832.0555353608,26,34596.5738742773,6304.6053158683,1200.0000000000,10800.0000000000,5280.4551338000
2025-10-26,S2,SEQUENTIAL_PREVIOUS_COMMITMENT,Optimal,1,9.1003515000,3,0.0000000000,7667.3500175562,8098.9617919427,77519.5054766689,49772.5586256969,55628.3531014757,-378.1532488812,1301.2831721031,0.0000000000,1301.2831721031,14,130.0886930506,535.0169080315,49929.4222848472,10,38794.6354987825,7420.7046682529,1200.0000000000,10800.0000000000,5280.4551338000
2025-10-27,S2,SEQUENTIAL_PREVIOUS_COMMITMENT,Optimal,1,8.8854604000,3,0.0000000000,8098.9617919427,7711.0742381875,74074.3712255814,46886.1582045058,50574.7253259428,297.9601279942,1422.3385853038,408.7581839995,1013.5804013043,16,300.2620590829,1309.0843694538,48493.2027019538,23,40497.3723662257,7242.6833624958,1200.0000000000,10800.0000000000,5280.4551338000
2025-10-28,S2,SEQUENTIAL_PREVIOUS_COMMITMENT,Optimal,1,9.0087741000,3,0.0000000000,7711.0742381875,8149.6092629788,76898.5352228161,49417.8913804809,53290.6863039312,-49.5061442147,151.5098319983,0.5788609379,150.9309710604,2,196.9689165553,703.7084423123,50072.0936785785,16,41459.7921287515,7547.4789645409,1200.0000000000,10800.0000000000,5280.4551338000
2025-10-29,S2,SEQUENTIAL_PREVIOUS_COMMITMENT,Optimal,1,9.2031729000,3,0.0000000000,8149.6092629788,8126.6109729126,75664.1160760252,49427.7431191836,54417.9390868396,462.7305084369,439.5485355808,439.5485355808,0.0000000000,15,865.1248948065,3138.4587422111,53028.9323698316,34,39742.5546917135,7395.0112716275,1214.9641841172,10800.0000000000,5280.4551338000
2025-10-30,S2,SEQUENTIAL_PREVIOUS_COMMITMENT,Optimal,1,9.2929175000,3,0.0000000000,8126.6109729126,7693.8430041906,74917.2402386172,48913.1042070192,53659.6440573678,-225.6541681481,999.3588438642,29.5092071495,969.8496367147,7,270.6893262866,1051.2268931616,49738.6769320328,20,37864.1723406524,7421.0671763028,1200.0000000000,10800.0000000000,5280.4551338000
2025-10-31,S2,SEQUENTIAL_PREVIOUS_COMMITMENT,Optimal,1,8.4545235000,3,0.0000000000,7693.8430041906,7653.3353623428,36494.5805035809,16093.3505087275,18186.7230673851,7.6377170232,8.9513414609,8.9513414609,0.0000000000,2,256.4278909321,924.8902878696,17025.8785136203,17,37004.3804204631,6592.9164678572,1217.5187305144,10800.0000000000,5280.4551338000
2025-11-01,S2,SEQUENTIAL_PREVIOUS_COMMITMENT,Optimal,1,7.7764497000,3,0.0000000000,7653.3353623428,7984.1215685322,37359.7243896390,16244.5447408042,18918.9245283883,0.0000000000,0.0000000000,0.0000000000,0.0000000000,0,280.1604884960,717.8321924568,16962.3769332610,15,35554.7565345006,6521.8983668685,1204.6457666034,10800.0000000000,5280.4551338000
2025-11-02,S2,SEQUENTIAL_PREVIOUS_COMMITMENT,Optimal,1,8.7345985000,3,0.0000000000,7984.1215685322,7606.4670340644,75501.2686846308,49489.3456663802,53480.5650783598,270.2547766629,307.8029722242,307.8029722242,0.0000000000,12,468.8578500858,2011.5297847911,51771.1302278342,26,39082.8778235766,7481.0568868887,1200.0000000000,10800.0000000000,5280.4551338000
2025-11-03,S2,SEQUENTIAL_PREVIOUS_COMMITMENT,Optimal,1,8.4573095000,3,0.0000000000,7606.4670340644,7689.5998224990,77512.5288267628,50706.0337708867,54491.3539132567,31.6968822621,23.4841277084,23.4841277084,0.0000000000,4,549.7847645542,1967.5074821642,52705.2381353129,27,39679.5086370291,7189.6140223532,1200.0000000000,10800.0000000000,5280.4551338000
2025-11-04,S2,SEQUENTIAL_PREVIOUS_COMMITMENT,Optimal,1,8.5634769000,3,0.0000000000,7689.5998224990,8140.7874663840,79625.1099654332,52163.9262218539,56049.5851691049,-442.6737365148,1673.9064305753,0.1092159959,1673.7972145795,8,391.9899308331,1680.8684884798,53402.1209738189,29,38486.9815864857,7704.9035339619,1200.0000000000,10800.0000000000,5280.4551338000
2025-11-05,S2,SEQUENTIAL_PREVIOUS_COMMITMENT,Optimal,1,9.8645380000,3,0.0000000000,8140.7874663840,8312.6130389427,80006.8409866245,53231.1908870895,58355.6729838889,-18.4188365198,67.2638673490,0.0000000000,67.2638673490,5,321.7766850260,1239.5565670174,54452.3286175871,17,40406.1993547957,7298.1225068609,1200.0000000000,10800.0000000000,5280.4551338000
2025-11-06,S2,SEQUENTIAL_PREVIOUS_COMMITMENT,Optimal,1,8.3211746000,3,0.0000000000,8312.6130389427,8097.3704891776,78974.5903217200,52785.2472570057,57100.2679832710,661.7130532054,597.6539931609,597.6539931609,0.0000000000,11,811.1469870517,3402.4272545073,56849.3875647183,39,41682.9023713080,7377.8633589400,1200.0000000000,10800.0000000000,5280.4551338000
2025-11-07,S2,SEQUENTIAL_PREVIOUS_COMMITMENT,Optimal,1,8.4299387000,3,0.0000000000,8097.3704891776,7788.4948716792,36020.9411671533,15899.1192755711,17603.6622455970,96.7520649414,100.8730049990,95.2223743840,5.6506306150,4,416.7513796183,1502.3409438793,17498.2122843918,25,34486.2044324534,6283.3858650602,1317.4848712968,10800.0000000000,5280.4551338000
2025-11-08,S2,SEQUENTIAL_PREVIOUS_COMMITMENT,Optimal,1,7.5566179000,3,0.0000000000,7788.4948716792,7651.6868116050,36127.9758328226,16106.3970960928,18207.5685665709,-0.1201559986,34.5937078275,8.6121496793,25.9815581483,4,298.2427314124,1073.2419825221,17179.5189226162,19,33466.7864617776,6348.4800678529,1200.0000000000,10800.0000000000,5280.4551338000
2025-11-09,S2,SEQUENTIAL_PREVIOUS_COMMITMENT,Optimal,1,9.3687461000,3,0.0000000000,7651.6868116050,8141.5366896858,80409.3555192446,53160.5240118177,56739.8040758038,462.6887313536,1104.1332514309,465.2253874970,638.9078639340,13,534.8153144960,2216.7140123301,55839.9267555014,33,41998.5856568607,7498.5567453329,1206.0040240768,10800.0000000000,5280.4551338000
2025-11-10,S2,SEQUENTIAL_PREVIOUS_COMMITMENT,Optimal,1,9.4535354000,3,0.0000000000,8141.5366896858,8337.9626231055,80606.0620265622,53819.9440896628,58436.0223953064,940.1699867035,811.9718439046,811.9718439046,0.0000000000,27,544.4267479988,2661.0124171300,57421.1264934963,35,44254.4738341531,7690.1761299344,1200.0000000000,10800.0000000000,5280.4551338000
2025-11-11,S2,SEQUENTIAL_PREVIOUS_COMMITMENT,Optimal,1,8.5029671000,3,0.0000000000,8337.9626231055,8200.9951317690,81359.9820946369,54504.3562714683,59624.8310411486,-49.9818987497,377.8809525459,45.6803613862,332.2005911597,4,186.9021390885,666.9116322158,55121.2860049344,19,40377.9241480471,7519.8756436921,1200.0000000000,10800.0000000000,5280.4551338000
2025-11-12,S2,SEQUENTIAL_PREVIOUS_COMMITMENT,Optimal,1,8.1530017000,3,0.0000000000,8200.9951317690,7942.3125804769,80761.6570299617,53721.3677297472,59369.6955910743,273.0031802835,418.2994387484,269.9793345988,148.3201041497,19,225.6459337793,1170.1755166802,55164.5464267109,15,40178.2370657632,7622.9393772780,1200.0000000000,10800.0000000000,5280.4551338000
2025-11-13,S2,SEQUENTIAL_PREVIOUS_COMMITMENT,Optimal,1,8.6994182000,3,0.0000000000,7942.3125804769,8223.8796859095,83067.6343133205,56561.8842414731,62862.0479857748,-470.4971979597,1766.9724342414,55.5745404343,1711.3978938071,7,311.0649572103,1477.0514326178,57568.4384761312,24,38297.1760992614,7665.6112827417,1250.8608429272,10800.0000000000,5280.4551338000
2025-11-14,S2,SEQUENTIAL_PREVIOUS_COMMITMENT,Optimal,1,8.9689493000,3,0.0000000000,8223.8796859095,8172.7419508820,37855.8945958185,17001.6180645672,19265.3649329966,31.0144405523,29.0112219903,29.0112219903,0.0000000000,4,104.3677887059,342.7233872416,17375.3558923611,11,33104.3508228105,6536.3068650352,1200.0000000000,10800.0000000000,5280.4551338000
2025-11-15,S2,SEQUENTIAL_PREVIOUS_COMMITMENT,Optimal,1,8.0336112000,3,0.0000000000,8172.7419508820,7986.4784754537,39134.1992653060,17568.2835784902,20121.1365726187,7.1941138368,111.0651241308,17.5354804641,93.5296436667,4,248.6551998745,787.6308942892,18363.1085866162,20,36355.0444105108,6829.9132004167,1207.3226682581,10800.0000000000,5280.4551338000
2025-11-16,S2,SEQUENTIAL_PREVIOUS_COMMITMENT,Optimal,1,8.7483294000,3,0.0000000000,7986.4784754537,8057.8324101947,83167.8124059837,56419.2763762237,60831.2858219681,-84.3735021157,422.9435812225,28.1587612043,394.7848200182,5,589.4988945784,2369.8796901152,58704.7825642232,25,40357.3530395143,7614.5134012875,1200.0000000000,10800.0000000000,5280.4551338000
2025-11-17,S2,SEQUENTIAL_PREVIOUS_COMMITMENT,Optimal,1,3.3729435000,3,0.0000000000,8057.8324101947,8468.5636784836,85150.8484747864,57520.9785842908,62362.4538300281,383.8632029425,974.7548695346,496.5377472559,478.2171222787,21,231.6724149045,841.0816264779,58745.9234137112,15,43223.2568400688,7719.6800444346,1200.0000000000,10800.0000000000,5280.4551338000
2025-11-18,S2,SEQUENTIAL_PREVIOUS_COMMITMENT,Optimal,1,6.4690175000,3,0.0000000000,8468.5636784836,8014.9099259564,82470.1007847988,56585.5478629124,61451.9721821082,354.2139950232,299.4064995407,256.6964457123,42.7100538284,7,447.1029533447,1796.4352497904,58736.1971077260,27,39556.0200374873,7299.1081653078,1200.0000000000,10800.0000000000,5280.4551338000
2025-11-19,S2,SEQUENTIAL_PREVIOUS_COMMITMENT,Optimal,1,6.4515658000,3,0.0000000000,8014.9099259564,7593.0755694763,82324.1392515309,56942.5901130639,62646.6156559935,1037.0853353316,850.0286124898,850.0286124898,0.0000000000,18,524.9144628479,2456.6793666625,60436.3548150579,21,40045.8052766246,7297.0226188190,1200.0000000000,10800.0000000000,5280.4551338000
2025-11-20,S2,SEQUENTIAL_PREVIOUS_COMMITMENT,Optimal,1,4.0175337000,3,0.0000000000,7593.0755694763,8527.8771959385,86041.7541220465,58481.2356877681,63284.0360863912,-51.9835451618,888.7145305266,146.7018892814,742.0126412453,9,244.4473515409,876.3843240448,59305.6364666512,20,41839.8865045263,7644.6365422823,1273.8134097599,10800.0000000000,5280.4551338000
2025-11-21,S2,SEQUENTIAL_PREVIOUS_COMMITMENT,Optimal,1,8.7583189000,3,0.0000000000,8527.8771959385,7724.1157717365,38860.6225259371,17341.3214721745,19985.7106692360,17.9758674604,87.9665125114,23.2109810262,64.7555314852,5,306.2226235527,693.1572092484,18052.4545488833,20,36590.2354053877,6837.4156024477,1207.3132492766,10800.0000000000,5280.4551338000
2025-11-22,S2,SEQUENTIAL_PREVIOUS_COMMITMENT,Optimal,1,8.0516961000,3,0.0000000000,7724.1157717365,8519.1281916163,43918.6134089822,19111.5801698249,22485.3090926720,-71.3153696346,822.8362236209,23.3321368681,799.5040867528,4,226.8087144556,798.2865013098,19838.5513015001,15,35485.0783756390,7153.5653678613,1236.1282317943,10800.0000000000,5280.4551338000
2025-11-23,S2,SEQUENTIAL_PREVIOUS_COMMITMENT,Optimal,1,10.3652853000,3,0.0000000000,8519.1281916163,8206.1850986919,85531.1965185705,59054.5317574900,64335.2017498831,-130.5851103274,736.7687920591,71.3093346422,665.4594574168,13,526.3224807697,2344.4533607857,61268.4000079484,21,40195.8692524697,7862.9517879690,1200.0000000000,10800.0000000000,5280.4551338000
2025-11-24,S2,SEQUENTIAL_PREVIOUS_COMMITMENT,Optimal,1,9.4339591000,3,0.0000000000,8206.1850986919,7644.9838957264,82725.1904994287,56379.7094313099,60599.9831897900,-236.7879923088,815.5299089384,19.3803149099,796.1495940285,9,527.6556697627,2263.5163003210,58406.4377393221,30,41037.9041616331,7615.5460425663,1200.0000000000,10800.0000000000,5280.4551338000
2025-11-25,S2,SEQUENTIAL_PREVIOUS_COMMITMENT,Optimal,1,9.2500976000,3,0.0000000000,7644.9838957264,8328.2907164984,87450.3654706333,59802.1766795928,64279.4796723932,-343.3416916495,1034.2544529274,0.0000000000,1034.2544529274,2,317.7232692248,1021.7109331314,60480.5459210747,20,39109.8254416314,7878.5249354572,1200.0000000000,10800.0000000000,5280.4551338000
2025-11-26,S2,SEQUENTIAL_PREVIOUS_COMMITMENT,Optimal,1,3.3039754000,3,0.0000000000,8328.2907164984,7797.6985383409,84948.1907834934,58805.9110848194,62626.0383244226,328.0079768185,594.1583190614,309.6581702295,284.5001488320,15,373.9589037852,1664.1864570335,60798.1055186714,19,40733.5245950210,7831.2016381212,1229.6041781302,10800.0000000000,5280.4551338000
2025-11-27,S2,SEQUENTIAL_PREVIOUS_COMMITMENT,Optimal,1,6.1825147000,3,0.0000000000,7797.6985383409,8131.5249042497,85701.9000073212,59329.1752764211,63781.1211655053,-249.1687612287,907.0176988974,29.6923128417,877.3253860557,10,276.7420621324,1192.5627084130,60272.5692236055,16,38467.1844673980,7729.0316838806,1200.0000000000,10800.0000000000,5280.4551338000
2025-11-28,S2,SEQUENTIAL_PREVIOUS_COMMITMENT,Optimal,1,8.6922527000,3,0.0000000000,8131.5249042497,8128.0763630590,41875.5344816409,18554.8855390350,22007.5709580884,-18.2401566535,292.1618229816,17.9970992348,274.1647237468,3,223.2926567888,722.5912990511,19259.2366814326,17,33286.6194699761,7481.1343608861,1200.0000000000,10800.0000000000,5280.4551338000
2025-11-29,S2,SEQUENTIAL_PREVIOUS_COMMITMENT,Optimal,1,8.4324202000,3,0.0000000000,8128.0763630590,8146.8221105309,43818.5236245576,19230.5651076064,22853.9396385986,248.9629225870,384.7322584178,384.7322584178,0.0000000000,5,163.1051237188,388.5640362295,19868.0920664229,12,37402.9447403755,7498.7746842648,1217.8974076293,10800.0000000000,5280.4551338000
2025-11-30,S2,SEQUENTIAL_PREVIOUS_COMMITMENT,Optimal,1,4.0056105000,3,0.0000000000,8146.8221105309,7880.4808523936,86690.7800674906,60583.5281404155,65329.4263848794,988.8310370824,667.2012307464,667.2012307464,0.0000000000,21,572.8716602194,2731.1704950730,64303.5296725709,33,41595.8535044837,7986.5850281253,1259.2218746371,10800.0000000000,5280.4551338000
2025-12-01,S2,SEQUENTIAL_PREVIOUS_COMMITMENT,Optimal,1,5.8128116000,3,0.0000000000,7880.4808523936,7954.2514069880,88324.4887154952,65028.4683417902,69205.3838324239,310.4961887271,192.8142185326,192.8142185326,0.0000000000,9,4091.5743370273,18541.9670403825,83880.9315708998,88,43645.6425741417,7727.1179869380,1269.0811776766,10800.0000000000,5280.4551338000
2025-12-02,S2,SEQUENTIAL_PREVIOUS_COMMITMENT,Optimal,1,5.2043287000,3,0.0000000000,7954.2514069880,8665.6015688899,91189.1316104745,67546.0044494847,74125.8898402219,227.9456178107,158.1857948961,158.1857948961,0.0000000000,13,4463.2566846300,22251.7638821590,90025.7139494544,90,46973.9521975234,7986.0198954039,1227.4124679281,10800.0000000000,5280.4551338000
2025-12-03,S2,SEQUENTIAL_PREVIOUS_COMMITMENT,Optimal,1,5.7120489000,3,0.0000000000,8665.6015688899,7699.0459825827,87218.9217621693,65078.4417103671,69667.3459558465,1328.2739359572,1003.2210430039,1003.2210430039,0.0000000000,23,3913.6862512759,16233.0568192241,82639.7724655483,94,44519.7932756233,7925.0026740935,1256.3910625234,10800.0000000000,5280.4551338000
2025-12-04,S2,SEQUENTIAL_PREVIOUS_COMMITMENT,Optimal,1,7.6480215999,3,0.0000000000,7699.0459825827,7599.4867738831,88877.9840168800,65593.6122386754,70058.3134651180,-1.5555076666,32.0921368388,3.6964354140,28.3957014248,4,4275.0780068640,18707.8581376095,84299.9148686183,82,44594.2970085779,7892.0554049242,1200.0000000000,10800.0000000000,5280.4551338000
2025-12-05,S2,SEQUENTIAL_PREVIOUS_COMMITMENT,Optimal,1,7.2887386000,3,0.0000000000,7599.4867738831,8099.6605905654,45836.3695428882,21372.6918217104,24200.0440872654,72.7666935312,84.7789810908,81.0450498097,3.7339312811,4,2417.6094628374,7353.9402110141,28799.3987262558,72,36449.3179972514,7393.0386145101,1202.5797567372,10800.0000000000,5280.4551338000
2025-12-06,S2,SEQUENTIAL_PREVIOUS_COMMITMENT,Optimal,1,8.0546022000,3,0.0000000000,8099.6605905654,8658.6347459762,47931.6639966572,23240.5205693195,26882.2998877334,8.8795245778,7.0510545815,7.0510545815,0.0000000000,2,3015.2962108987,8703.1216648183,31952.5217587157,72,37189.4877050809,7482.3362451191,1200.0000000000,10800.0000000000,5280.4551338000
2025-12-07,S2,SEQUENTIAL_PREVIOUS_COMMITMENT,Optimal,1,6.3129843000,3,0.0000000000,8658.6347459762,7824.4125489298,91166.2429814230,68188.3612524994,74657.9218249726,-75.4550930693,226.6020457956,0.0000000000,226.6020457956,8,2687.5579166696,11126.6628585046,79239.5690179348,75,44644.9002174725,7976.9541657108,1200.0000000000,10800.0000000000,5280.4551338000
2025-12-08,S2,SEQUENTIAL_PREVIOUS_COMMITMENT,Optimal,1,5.6344175000,3,0.0000000000,7824.4125489298,7868.5526319877,99179.9907235504,75011.9507437619,80129.6761387800,-53.5740474602,941.0448230621,211.7784878171,729.2663352451,10,207.2627185389,1073.5793558964,76031.9560521981,13,42206.2000990521,8028.7640321996,1200.0000000000,10800.0000000000,5280.4551338000
2025-12-09,S2,SEQUENTIAL_PREVIOUS_COMMITMENT,Optimal,1,5.2206844000,3,0.0000000000,7868.5526319877,7680.2089662594,98758.2945173152,73672.9532017668,78460.1332103951,-161.9482035294,422.5555548427,2.6308163303,419.9247385124,8,365.3738258363,1845.2723298558,75356.2773280932,20,43148.4678249121,7910.8912910139,1200.0000000000,10800.0000000000,5280.4551338000
2025-12-10,S2,SEQUENTIAL_PREVIOUS_COMMITMENT,Optimal,1,5.3998291000,3,0.0000000000,7680.2089662594,8479.7830273628,100590.5347660268,76167.0886161777,82781.5032680478,-143.3021026125,514.6306841674,42.6372267309,471.9934574365,5,210.0861289602,989.7398975666,77013.5264111318,13,42454.4026964385,8187.9824153398,1200.0000000000,10800.0000000000,5280.4551338000
2025-12-11,S2,SEQUENTIAL_PREVIOUS_COMMITMENT,Optimal,1,8.3833290000,3,0.0000000000,8479.7830273628,7686.8259525573,97957.4233077489,72917.1230550789,77622.9191346771,-532.5330485729,1139.7662708761,0.0000000000,1139.7662708761,12,131.6646224311,509.7980722702,72894.3880787763,9,40220.4292478811,8032.3960266682,1200.0000000000,10800.0000000000,5280.4551338000
2025-12-12,S2,SEQUENTIAL_PREVIOUS_COMMITMENT,Optimal,1,7.8206723000,3,0.0000000000,7686.8259525573,8404.0256205157,54720.8572047868,26203.9485190006,30162.5035325384,293.7207667446,330.1917342846,330.1917342846,0.0000000000,9,185.2348665086,639.6915118800,27137.3607976252,16,38442.7823626232,7239.1409877063,1200.0000000000,10800.0000000000,5280.4551338000
2025-12-13,S2,SEQUENTIAL_PREVIOUS_COMMITMENT,Optimal,1,7.9386822000,3,0.0000000000,8404.0256205157,8131.9687217127,54698.9113752197,26546.5532656427,30015.5106261571,-115.6835893123,548.5152596534,22.1596892644,526.3555703890,6,222.8875352230,1013.3204165089,27444.1900928393,14,37694.0300162548,7260.5227904906,1209.2929657160,10800.0000000000,5280.4551338000
2025-12-14,S2,SEQUENTIAL_PREVIOUS_COMMITMENT,Optimal,1,4.9605755000,3,0.0000000000,8131.9687217127,8573.9571428765,100518.9902222433,76556.7341366854,82093.9972774539,154.2725882258,141.9216891094,141.9216891094,0.0000000000,5,210.3284184412,1109.0782082088,77820.0849331201,15,46909.1248871584,7910.1420092147,1200.0000000000,10800.0000000000,5280.4551338000
2025-12-15,S2,SEQUENTIAL_PREVIOUS_COMMITMENT,Optimal,1,3.8942373000,3,0.0000000000,8573.9571428765,8204.0339782843,96480.8086483124,73500.5975619593,78377.8283637779,569.0270753022,440.4464868354,440.4464868354,0.0000000000,14,297.7540356053,1364.7819927405,75434.4066300020,20,42058.0431951498,8019.3001952729,1490.0077512736,10800.0000000000,5280.4551338000
2025-12-16,S2,SEQUENTIAL_PREVIOUS_COMMITMENT,Optimal,1,6.6151174000,3,0.0000000000,8204.0339782843,7628.5619894439,98266.5897038785,74582.3074093795,79370.4420703459,-18.7816430359,43.4283681284,0.0000000000,43.4283681284,2,199.6491548372,796.7357481055,75360.2615144490,23,44308.8974442517,7931.9047689591,1200.0000000000,10800.0000000000,5280.4551338000
2025-12-17,S2,SEQUENTIAL_PREVIOUS_COMMITMENT,Optimal,1,5.8360377000,3,0.0000000000,7628.5619894439,7947.4854663150,100303.9786872331,75856.7193910948,81435.0537986031,-416.2768251678,968.3548354109,0.0000000000,968.3548354109,8,410.6485559021,1906.3451007812,77346.7876667083,18,41661.9682795980,8165.4689557272,1200.0000000000,10800.0000000000,5280.4551338000
2025-12-18,S2,SEQUENTIAL_PREVIOUS_COMMITMENT,Optimal,1,6.8035880000,3,0.0000000000,7947.4854663150,8040.8091403480,98785.4568967699,73991.0971196408,78939.1319404323,-237.5453991301,612.1104755557,1.0510025118,611.0594730439,11,477.1282751435,1910.1274739577,75663.6791944684,21,44114.1148719667,8039.4014323277,1200.0000000000,10800.0000000000,5280.4551338000
2025-12-19,S2,SEQUENTIAL_PREVIOUS_COMMITMENT,Optimal,1,8.9130300000,3,0.0000000000,8040.8091403480,8719.7615992366,56393.3771405815,26769.1847774826,30823.6518091669,-327.4218813847,1392.9373643866,46.1854476396,1346.7519167470,6,70.1185857036,193.2239118827,26634.9868079806,5,38255.1877285591,7729.7887637336,1231.4974729884,10800.0000000000,5280.4551338000
2025-12-20,S2,SEQUENTIAL_PREVIOUS_COMMITMENT,Optimal,1,8.5941752000,3,0.0000000000,8719.7615992366,8507.9133032179,54254.9712039866,26374.7113013754,30174.7061344164,-84.2655873886,363.4149767410,8.4655771379,354.9493996031,2,196.7421174090,585.5919743899,26876.0376883766,18,38446.0760620796,7484.6048474104,1200.0000000000,10800.0000000000,5280.4551338000
2025-12-21,S2,SEQUENTIAL_PREVIOUS_COMMITMENT,Optimal,1,4.6593619000,3,0.0000000000,8507.9133032179,7887.9783325162,98736.4813503640,74960.8281006194,79023.9407432303,-34.5127992184,92.9593217014,0.0000000000,92.9593217014,5,607.4999242229,2343.2214738294,77269.5367752304,23,43093.0955531605,8107.9236319026,1200.0000000000,10800.0000000000,5280.4551338000
2025-12-22,S2,SEQUENTIAL_PREVIOUS_COMMITMENT,Optimal,1,6.0108132000,3,0.0000000000,7887.9783325162,8451.3822923533,100451.5877666136,76473.3934761556,82282.7774393548,-12.5617289494,127.3074982791,16.6254396593,110.6820586198,3,278.9417293928,916.5225846897,77377.3543318959,23,45096.1864389295,8091.7256848438,1200.0000000000,10800.0000000000,5280.4551338000
2025-12-23,S2,SEQUENTIAL_PREVIOUS_COMMITMENT,Optimal,1,6.7790705000,3,0.0000000000,8451.3822923533,8505.0575606232,100372.0324211283,75697.0364982467,80735.1893562299,-465.5125241686,1063.7663936641,0.0000000000,1063.7663936641,7,85.4800569085,258.4449231649,75489.9688972430,10,46314.2227198685,8137.6756908425,1200.0000000000,10800.0000000000,5280.4551338000
2025-12-24,S2,SEQUENTIAL_PREVIOUS_COMMITMENT,Optimal,1,5.7538955000,3,0.0000000000,8505.0575606232,8529.3857928197,99722.8751134067,75069.2176585996,80386.4094546081,-153.2026044906,384.0042804444,0.0000000000,384.0042804444,3,143.1414638654,582.8476063248,75498.8626604337,15,42626.7818464806,8145.0671944009,1200.0000000000,10800.0000000000,5280.4551338000
2025-12-25,S2,SEQUENTIAL_PREVIOUS_COMMITMENT,Optimal,1,6.3843652000,3,0.0000000000,8529.3857928197,8210.2143302468,98316.2376450611,74121.9229961411,78260.1001465350,-20.6510282512,52.1470525926,0.0000000000,52.1470525926,2,572.6096026221,2405.6695675926,76506.9415354825,27,45197.7791348147,8065.8926104309,1200.0000000000,10800.0000000000,5280.4551338000
2025-12-26,S2,SEQUENTIAL_PREVIOUS_COMMITMENT,Optimal,1,8.0627680000,3,0.0000000000,8210.2143302468,7909.9321122079,53215.7675517923,25574.9624380044,28580.6728821366,-26.5736627821,105.7918646512,2.6643401271,103.1275245241,3,277.7128529458,916.6697223886,26465.0584976109,18,39282.9909580813,7086.8632821523,1200.0000000000,10800.0000000000,5280.4551338000
2025-12-27,S2,SEQUENTIAL_PREVIOUS_COMMITMENT,Optimal,1,8.1724240000,3,0.0000000000,7909.9321122079,7747.3165493321,53224.8495113089,24558.4479672768,28123.9772995425,-63.0776317089,361.5075993663,15.1703040295,346.3372953367,3,278.2996461120,977.0702678292,25472.4406033972,22,42859.9627343353,7362.1130789426,1283.9895343463,10800.0000000000,5280.4551338000
2025-12-28,S2,SEQUENTIAL_PREVIOUS_COMMITMENT,Optimal,1,7.9584617000,3,0.0000000000,7747.3165493321,8392.6537242508,100737.0902150625,75524.6711652891,80882.7717095910,-510.2987723714,1009.2022902140,8.7901614739,1000.4121287401,11,347.8793661458,1376.3495901206,76390.7219830383,20,42919.2560404623,7986.3218597104,1200.0000000000,10800.0000000000,5280.4551338000
2025-12-29,S2,SEQUENTIAL_PREVIOUS_COMMITMENT,Optimal,1,6.3348754000,3,0.0000000000,8392.6537242508,7675.0339485945,97690.4569835204,73429.4030191943,79307.2409319165,47.7978703680,48.5984462300,48.5984462300,0.0000000000,4,220.0922940005,830.7228904938,74307.9237800561,15,41482.2698762912,8104.6592476058,1200.0000000000,10800.0000000000,5280.4551338000
2025-12-30,S2,SEQUENTIAL_PREVIOUS_COMMITMENT,Optimal,1,5.9747845000,3,0.0000000000,7675.0339485945,7995.2652183225,98648.5973048547,73016.0534174486,78228.7067476074,-489.9287018702,1100.9263953615,8.6785184835,1092.2478768780,17,236.4297195322,852.5168939161,73378.6416094945,18,43355.1298731778,7836.4299949525,1200.0000000000,10800.0000000000,5280.4551338000
2025-12-31,S2,SEQUENTIAL_PREVIOUS_COMMITMENT,Optimal,1,5.2413592000,3,0.0000000000,7995.2652183225,7769.0441825754,98709.3203363167,74461.8276390169,78843.4904698633,0.0000000000,0.0000000000,0.0000000000,0.0000000000,0,420.1447837703,1292.3641306678,75754.1917696848,24,42870.1979917563,8111.5329203531,1200.0000000000,10800.0000000000,5280.4551338000
2025-02-01,S3,SEQUENTIAL_PREVIOUS_COMMITMENT,Optimal,1,10.8997003000,4,0.0000000000,6000.0000000000,7135.6143196534,48715.0336355337,20721.6899724937,21894.3746814685,-212.2472472242,1245.0449754699,8.1258171579,1236.9191583120,13,141.8255025381,659.9441348075,21169.3868600770,10,36585.2998901319,7350.5568456132,1236.1167459491,10800.0000000000,5668.7569020000
2025-02-02,S3,SEQUENTIAL_PREVIOUS_COMMITMENT,Optimal,1,13.5310905000,4,0.0000000000,7135.6143196534,7015.6153838869,92914.5588125330,64886.5895627289,67273.6559079734,-682.3492261074,1750.4658630793,0.0000000000,1750.4658630793,15,72.9630995311,266.2343131642,64470.4746497857,5,39845.8714528648,7613.3033162305,1200.0000000000,10800.0000000000,5668.7569020000
2025-02-03,S3,SEQUENTIAL_PREVIOUS_COMMITMENT,Optimal,1,14.8441543000,4,0.0000000000,7015.6153838869,7019.9035007407,91800.6962294750,64802.3971819036,67086.2784068006,-263.9214196079,633.6626037128,0.0000000000,633.6626037128,10,203.2505347037,962.4136542235,65500.8894165192,12,41891.8666829490,7625.3596870364,1200.0000000000,10800.0000000000,5668.7569020000
2025-02-04,S3,SEQUENTIAL_PREVIOUS_COMMITMENT,Optimal,1,18.8422374000,4,0.0000000000,7019.9035007407,7020.2152007155,92426.0592005862,65264.7384872527,67732.6639338974,111.6767066525,155.7312488856,100.0867060573,55.6445428283,8,270.0203017427,1007.5665098625,66383.9817037676,11,44455.3500604290,7790.3463275944,1203.0314482060,10800.0000000000,5668.7569020000
2025-02-05,S3,SEQUENTIAL_PREVIOUS_COMMITMENT,Optimal,1,28.4007360000,4,0.0000000000,7020.2152007155,6837.7272167375,90383.2105324444,63551.7058599308,65958.5677830822,231.6509391875,205.3263980274,205.3263980274,0.0000000000,10,255.1360634398,1270.2654612549,65053.6222603732,22,43421.5364645407,7710.4912771118,1200.0000000000,10800.0000000000,5668.7569020000
2025-02-06,S3,SEQUENTIAL_PREVIOUS_COMMITMENT,Optimal,1,21.5668182000,4,0.0000000000,6837.7272167375,7055.1654844353,92767.0872757857,65409.0394338082,67737.5776955902,-453.0279322384,1337.8431731571,10.3546803538,1327.4884928033,9,104.4808847408,379.7734293102,65335.7849308800,6,42071.7343440616,7777.7570961772,1223.6639058160,10800.0000000000,5668.7569020000
2025-02-07,S3,SEQUENTIAL_PREVIOUS_COMMITMENT,Optimal,1,27.9875329000,4,0.0000000001,7055.1654844353,7010.9559503398,46809.6000630895,19691.8846499671,20894.7440323849,-301.9605704946,2111.8763952573,16.7919373737,2095.0844578836,9,107.9540392357,540.1937802912,19930.1178597637,7,38584.9065389321,7348.6442171247,1200.0000000000,10800.0000000000,5668.7569020000
2025-02-08,S3,SEQUENTIAL_PREVIOUS_COMMITMENT,Optimal,1,30.6248850000,4,0.0000000000,7010.9559503398,6939.0959246769,41151.6186662355,17285.8579347597,18568.7914473410,-44.8714743916,236.6438548050,0.0000000000,236.6438548050,8,241.2355765272,923.7609413739,18164.7474017420,20,37933.4725517728,6975.8241650303,1200.0000000000,10800.0000000000,5668.7569020000
2025-02-09,S3,SEQUENTIAL_PREVIOUS_COMMITMENT,Optimal,1,24.1616559000,4,0.0000000000,6939.0959246769,7024.8576090911,87003.2966777448,60454.8141148693,62856.8546643130,184.6986160096,230.7955455280,146.9594083395,83.8361371885,8,402.4096452329,1597.0677623447,62236.5804932236,28,40670.1535937976,8010.2934690673,1200.0000000000,10800.0000000000,5668.7569020000
2025-02-10,S3,SEQUENTIAL_PREVIOUS_COMMITMENT,Optimal,1,25.7969208000,4,0.0000000000,7024.8576090911,6828.4905470095,87173.8266846663,59126.1216258112,61390.7344954257,-1216.1848601049,3276.7094997793,0.0000000000,3276.7094997793,35,184.9328333206,666.1687658505,58576.1055315568,14,39754.6275633453,7824.7626199678,1205.0785269097,10800.0000000000,5668.7569020000
2025-02-11,S3,SEQUENTIAL_PREVIOUS_COMMITMENT,Optimal,1,29.9151347000,4,0.0000000000,6828.4905470095,6909.1252291125,85321.4576067917,58048.0994463836,60300.8315741046,-764.4721381157,1802.1830022432,0.0000000000,1802.1830022432,32,328.2675213724,1694.1794084171,58977.8067166851,27,40142.4285292340,7348.6407342748,1200.0000000000,10800.0000000000,5668.7569020000
2025-02-12,S3,SEQUENTIAL_PREVIOUS_COMMITMENT,Optimal,1,22.7886532001,4,0.0000000000,6909.1252291125,6966.4823761908,85553.3047868703,57769.6134168313,60104.3279490664,-705.2388477435,1937.4438285464,0.0000000000,1937.4438285464,25,335.3148638847,1552.6388389273,58617.0134080151,21,40708.9603530187,7531.5173440839,1200.0000000000,10800.0000000000,5668.7569020000
2025-02-13,S3,SEQUENTIAL_PREVIOUS_COMMITMENT,Optimal,1,17.8642004000,4,0.0000000000,6966.4823761908,7046.5719486556,84913.8625424383,56741.4673722323,58880.2348043535,-1050.2269261063,2651.2494290963,0.0000000000,2651.2494290963,34,361.3803544600,1597.0579918727,57288.2984379987,23,38394.0906676928,7679.4061511370,1200.0000000000,10800.0000000000,5668.7569020000
2025-02-14,S3,SEQUENTIAL_PREVIOUS_COMMITMENT,Optimal,1,29.0599869000,4,0.0000000000,7046.5719486556,7083.1891071432,38929.8686639026,16359.7128064438,17586.6808672556,-105.7210612855,667.8786648206,0.0000000000,667.8786648206,5,678.6671593604,2280.3747155128,18534.3664606711,32,37154.4840869149,6938.8163663878,1200.0000000000,10800.0000000000,5668.7569020000
2025-02-15,S3,SEQUENTIAL_PREVIOUS_COMMITMENT,Optimal,1,33.3864539000,4,0.0000000000,7083.1891071432,6968.9340429200,37772.0194470953,16355.4988703349,17611.8206785701,-10.6874309915,26.4192352275,0.0000000000,26.4192352275,4,644.4300759109,2198.4811894081,18543.2926287515,35,36445.3035325076,6866.3708944238,1200.0000000000,10800.0000000000,5668.7569020000
2025-02-16,S3,SEQUENTIAL_PREVIOUS_COMMITMENT,Optimal,1,29.7225981000,4,0.0000000000,6968.9340429200,6987.9408681391,83309.6445824497,56175.5931736918,58628.1329111079,-416.9931402992,1041.2884462408,0.0000000000,1041.2884462408,23,769.2844945087,3390.1215233125,59148.7215567050,43,41297.8851704354,7362.2227772581,1200.0000000000,10800.0000000000,5668.7569020000
2025-02-17,S3,SEQUENTIAL_PREVIOUS_COMMITMENT,Optimal,1,19.9575742000,4,0.0000000000,6987.9408681391,6906.1613615962,82504.0020354114,54938.7863421929,57313.2110643314,-1260.4850444829,3264.0014876043,0.0000000000,3264.0014876043,38,410.9616986917,1834.9948936539,55513.2961913639,30,41015.5388279421,7675.1611061268,1200.0000000000,10800.0000000000,5668.7569020000
2025-02-18,S3,SEQUENTIAL_PREVIOUS_COMMITMENT,Optimal,1,24.2472830000,4,0.0000000000,6906.1613615962,6935.9364146442,81031.3259364143,53386.7605402330,55657.0889446800,-332.0466926944,907.8073029103,0.0000000000,907.8073029103,11,328.2617072257,1408.6342348577,54463.3480823964,22,41191.8291519053,7543.7266260388,1200.0000000000,10800.0000000000,5668.7569020000
2025-02-19,S3,SEQUENTIAL_PREVIOUS_COMMITMENT,Optimal,1,27.5782159000,4,0.0000000000,6935.9364146442,6928.7841456686,80820.8165595630,52983.4062205277,55254.5152535182,-71.6915056454,276.6056956133,0.0000000000,276.6056956133,12,671.1432809750,2550.7669297788,55462.4816446611,38,44572.4661282575,7410.3058283053,1200.0000000000,10800.0000000000,5668.7569020000
2025-02-20,S3,SEQUENTIAL_PREVIOUS_COMMITMENT,Optimal,1,17.5116878000,4,0.0000000000,6928.7841456686,6995.4255848213,81010.3365479880,53607.4323648946,55894.7528613411,-511.2527882787,1374.4996444595,4.6220584021,1369.8775860574,20,528.0099475557,2629.8397692089,55726.0193458248,32,40675.0247027433,7462.2640981970,1200.0000000000,10800.0000000000,5668.7569020000
2025-02-21,S3,SEQUENTIAL_PREVIOUS_COMMITMENT,Optimal,1,25.1930357000,4,0.0000000000,6995.4255848213,6780.6768302179,36927.4618321035,15851.0509605884,16752.2338477648,-23.5179833870,69.5120077452,0.0000000000,69.5120077452,9,296.1329209987,897.5202660598,16725.0532432612,24,35613.6106628387,6573.1758465654,1200.0000000000,10800.0000000000,5668.7569020000
2025-02-22,S3,SEQUENTIAL_PREVIOUS_COMMITMENT,Optimal,1,34.0084750000,4,0.0000000000,6780.6768302179,6978.4973299990,36972.5221161251,16042.9254938829,17065.8823057577,-9.7294289324,64.6441017425,11.7623547461,52.8817469963,5,339.1536186281,1093.3576893815,17126.5537543320,24,34596.8477837552,6227.0808574948,1200.0000000000,10800.0000000000,5668.7569020000
2025-02-23,S3,SEQUENTIAL_PREVIOUS_COMMITMENT,Optimal,1,27.4199977000,4,0.0000000000,6978.4973299990,6921.8334487246,79472.7489930790,52384.7296299951,54350.6547561276,-282.8813768769,644.1538807337,0.0000000000,644.1538807337,19,653.8827756567,2601.0873665042,54702.9356196224,35,40330.5578840799,7283.5466847969,1200.0000000000,10800.0000000000,5668.7569020000
2025-02-24,S3,SEQUENTIAL_PREVIOUS_COMMITMENT,Optimal,1,32.6746286000,4,0.0000000000,6921.8334487246,6890.6527973535,78195.1209753219,51134.6873507130,53487.9222028672,-420.7701669884,1247.0735145153,0.0000000000,1247.0735145153,7,491.9119447680,2351.8518702547,53065.7690539792,29,38531.1096755135,7142.3223184737,1200.0000000000,10800.0000000000,5668.7569020000
2025-02-25,S3,SEQUENTIAL_PREVIOUS_COMMITMENT,Optimal,1,26.9948389000,4,0.0000000000,6890.6527973535,6959.1008939490,78646.4992418994,50797.5252875128,53025.8356689786,-1181.1829197255,3407.8516520042,0.0000000000,3407.8516520042,32,476.0280785397,1984.4912759911,51600.8336437785,29,38532.4487960398,7516.0223282235,1200.0000000000,10800.0000000000,5668.7569020000
2025-02-26,S3,SEQUENTIAL_PREVIOUS_COMMITMENT,Optimal,1,34.3019104000,4,0.0000000000,6959.1008939490,6968.4141337437,77820.6645492827,50663.2229511483,52788.1936110974,-240.7966249263,689.4865425058,0.0000000000,689.4865425058,12,543.9548510115,2439.1334871796,52861.5598134016,26,39196.8729258209,7432.1213234418,1200.0000000000,10800.0000000000,5668.7569020000
2025-02-27,S3,SEQUENTIAL_PREVIOUS_COMMITMENT,Optimal,1,28.4193980000,4,0.0000000000,6968.4141337437,6949.3493541869,77116.4827437127,48800.5893468953,50860.3021699255,-278.3558111188,1013.4022564933,0.0000000000,1013.4022564933,14,451.1011302430,2306.5063780977,50828.7399138741,19,42146.0254286904,7214.2461565535,1200.0000000000,10800.0000000000,5668.7569020000
2025-02-28,S3,SEQUENTIAL_PREVIOUS_COMMITMENT,Optimal,1,31.2417782000,4,0.0000000000,6949.3493541869,6947.9320151418,35743.9017813743,14725.3732704046,15613.6132710620,-22.9508890807,63.7822472049,0.0000000000,63.7822472049,5,349.0944150666,1159.0153379266,15861.4377192506,22,34540.7317555252,6289.1725764394,1200.0000000000,10800.0000000000,5668.7569020000
2025-03-01,S3,SEQUENTIAL_PREVIOUS_COMMITMENT,Optimal,1,30.2785506000,4,0.0000000000,6947.9320151418,6929.0157978577,36246.5261567759,15085.1924390909,15954.0204090493,0.0000000000,0.0000000000,0.0000000000,0.0000000000,0,422.1005320350,1502.8652481377,16588.0576872286,18,36564.4069254558,6404.2523427865,1213.2233520689,10800.0000000000,5668.7569020000
2025-03-02,S3,SEQUENTIAL_PREVIOUS_COMMITMENT,Optimal,1,26.3540384000,4,0.0000000000,6929.0157978577,6957.9610875498,77228.2115093206,49660.8575839683,52006.7627574636,2740.4492795394,2407.3851905320,2407.3851905320,0.0000000000,25,1229.3280276261,5525.0743164170,57926.3811799247,35,45611.7062749422,7241.8692132193,1200.0000000000,10800.0000000000,5668.7569020000
2025-03-03,S3,SEQUENTIAL_PREVIOUS_COMMITMENT,Optimal,1,20.6415935000,4,0.0000000000,6957.9610875498,6961.0718227447,77642.2931041434,50247.4868378221,52745.5461376379,690.7428502587,681.6379940089,605.8225676082,75.8154264008,17,1544.8893435142,7149.0388351772,58087.2685232580,48,42234.9649217048,7436.7368322426,1200.0000000000,10800.0000000000,5668.7569020000
2025-03-04,S3,SEQUENTIAL_PREVIOUS_COMMITMENT,Optimal,1,7.4353698000,4,0.0000000000,6961.0718227447,6913.9455984737,78188.8376149028,50629.5741162988,53328.3438249312,-117.3106905866,805.6466264295,116.3178048092,689.3288216203,11,487.3841293957,1638.4444303721,52150.7078560843,26,41463.5093173882,7392.9264090457,1200.0000000000,10800.0000000000,5668.7569020000
2025-03-05,S3,SEQUENTIAL_PREVIOUS_COMMITMENT,Optimal,1,16.3826601000,4,0.0000000000,6913.9455984737,7001.7163431311,79258.2458633288,50382.2161932109,52568.6026180909,-1043.8928969933,3191.1397787558,0.0000000000,3191.1397787558,27,190.8055357221,778.2486690623,50116.5719652799,14,37481.8222949656,7751.4195295016,1200.0000000000,10800.0000000000,5668.7569020000
2025-03-06,S3,SEQUENTIAL_PREVIOUS_COMMITMENT,Optimal,1,15.3820740000,4,0.0000000000,7001.7163431311,6981.4786741217,78011.5057538650,49899.9288672167,52347.3006463151,-816.3834270296,2861.7791768152,0.0000000000,2861.7791768152,22,279.5309795108,862.2956811021,49945.8411212892,18,37765.6037811198,7663.8327990774,1200.0000000000,10800.0000000000,5668.7569020000
2025-03-07,S3,SEQUENTIAL_PREVIOUS_COMMITMENT,Optimal,1,19.2788138000,4,0.0000000000,6981.4786741217,7038.8086086585,35192.4535368820,14533.1785378919,15515.7955852942,-15.7926187833,41.0318703391,0.0000000000,41.0318703391,6,197.8215629617,560.0072145078,15077.3931336164,14,31969.1409120971,6287.7343638333,1200.0000000000,10800.0000000000,5668.7569020000
2025-03-08,S3,SEQUENTIAL_PREVIOUS_COMMITMENT,Optimal,1,15.3987257000,4,0.0000000000,7038.8086086585,6941.4378789179,33477.7316151262,13827.7615578820,14714.8312279606,-17.3147283201,49.8894732215,0.0000000000,49.8894732215,5,346.8263897227,891.8350862637,14702.2819158257,23,36421.4391927243,6147.6405791497,1200.0000000000,10800.0000000000,5668.7569020000
2025-03-09,S3,SEQUENTIAL_PREVIOUS_COMMITMENT,Optimal,1,17.7792189000,4,0.0000000000,6941.4378789179,6865.0485373040,75274.9344915321,46955.4419735340,49353.7661868985,-929.6162189635,3471.8192966680,0.0000000000,3471.8192966680,36,273.3008187177,1166.8206823842,47192.6464369547,25,39734.4240342032,7204.2900099776,1200.0000000000,10800.0000000000,5668.7569020000
2025-03-10,S3,SEQUENTIAL_PREVIOUS_COMMITMENT,Optimal,1,15.6047673000,4,0.0000000000,6865.0485373040,6865.7795435166,73848.1388053652,47624.4539203374,49858.1772605354,59.5115609448,70.5196835464,70.5196835464,0.0000000000,1,1453.0100209830,5439.1561276569,53123.1216089391,51,40116.4052198375,7237.6299335438,1200.0000000000,10800.0000000000,5668.7569020000
2025-03-11,S3,SEQUENTIAL_PREVIOUS_COMMITMENT,Optimal,1,20.8439086000,4,0.0000000000,6865.7795435166,7029.5902844145,72548.7857598764,45394.4816514276,47621.6409135043,-204.0719778877,940.5881513699,77.0498305355,863.5383208344,12,628.6032370294,2751.8167045926,47942.2263781325,39,38614.2540142788,6893.1300485374,1208.1475434028,10800.0000000000,5668.7569020000
2025-03-12,S3,SEQUENTIAL_PREVIOUS_COMMITMENT,Optimal,1,16.1491167000,4,0.0000000000,7029.5902844145,6947.1057850910,73304.9326396582,45417.7785858953,47775.5387839889,-822.0230895397,2781.5835563956,9.0320553496,2772.5515010460,31,525.5810426218,2120.1199433077,46715.8754396633,31,38456.0071717683,7069.7418028074,1200.0000000000,10800.0000000000,5668.7569020000
2025-03-13,S3,SEQUENTIAL_PREVIOUS_COMMITMENT,Optimal,1,16.3513560001,4,0.0000000000,6947.1057850910,7020.5680610032,73297.2823482859,46487.4372051715,48709.6069145739,81.3857405789,166.2944735178,120.6160247527,45.6784487651,4,1403.6617300135,6756.6936637123,53325.5166094627,42,37787.1206105049,7319.5568261442,1200.0000000000,10800.0000000000,5668.7569020000
2025-03-14,S3,SEQUENTIAL_PREVIOUS_COMMITMENT,Optimal,1,19.2347486000,4,0.0000000000,7020.5680610032,6961.2039090803,32744.5012630611,13030.6069467169,13865.2550193057,-17.5534471975,58.7297520567,3.2667761789,55.4629758778,4,352.2895924505,1293.4726741517,14306.5261736710,26,37703.3874806070,6123.0576574024,1200.0000000000,10800.0000000000,5668.7569020000
2025-03-15,S3,SEQUENTIAL_PREVIOUS_COMMITMENT,Optimal,1,13.8382921000,4,0.0000000002,6961.2039090803,7044.5038217210,32822.7040826264,13616.7273141091,14458.8271134832,-16.2263133790,46.0271978175,0.0000465532,46.0271512643,5,390.7194873917,1425.3991366036,15025.9001373336,25,34336.0444594613,6188.2673384949,1200.0000000000,10800.0000000000,5668.7569020000
2025-03-16,S3,SEQUENTIAL_PREVIOUS_COMMITMENT,Optimal,1,21.1832277000,4,0.0000000000,7044.5038217210,6965.1172325327,71569.4722326381,44490.2090956101,46793.9192421466,-166.1842326753,746.6900666710,66.3932413846,680.2968252864,10,477.2677309803,2099.3035190612,46423.3283819960,33,38285.0228924573,6994.8900408673,1204.1546288339,10800.0000000000,5668.7569020000
2025-03-17,S3,SEQUENTIAL_PREVIOUS_COMMITMENT,Optimal,1,21.5728143000,4,0.0000000000,6965.1172325327,6996.6993793689,71915.6076220152,43413.2172274205,45955.9796685054,-1076.4636185275,3382.7408906282,0.0000000000,3382.7408906282,28,325.2898319009,1472.1629460710,43808.9165549640,20,38125.4700371511,6997.3504396350,1202.3279720775,10800.0000000000,5668.7569020000
2025-03-18,S3,SEQUENTIAL_PREVIOUS_COMMITMENT,Optimal,1,13.1713989000,4,0.0000000000,6996.6993793689,7054.0021220320,71608.1791880662,43956.6081593747,46133.7850469639,-422.5709747326,1409.4931212844,0.0000000000,1409.4931212844,19,522.1388687998,2268.6965655941,45802.7337502362,27,38852.3301046307,7095.7285985253,1200.0000000000,10800.0000000000,5668.7569020000
2025-03-19,S3,SEQUENTIAL_PREVIOUS_COMMITMENT,Optimal,1,16.1149372000,4,0.0000000000,7054.0021220320,6930.6694966796,69731.1254366676,42246.5270517639,44520.1491334738,-190.6277976017,805.3570659175,7.2879280916,798.0691378259,9,367.1229188252,1689.4387342676,43745.3379884297,21,40974.2119310210,7194.7546626060,1200.0000000000,10800.0000000000,5668.7569020000
2025-03-20,S3,SEQUENTIAL_PREVIOUS_COMMITMENT,Optimal,1,19.0949682000,4,0.0000000000,6930.6694966796,6947.3746494205,69551.6855215605,42818.8422940419,45260.6180133685,-231.0247287059,693.7499547931,0.0000000000,693.7499547931,13,887.3466260716,3586.5197398876,46174.3373052236,43,37920.7228129628,6788.2480911823,1200.0000000000,10800.0000000000,5668.7569020000
2025-03-21,S3,SEQUENTIAL_PREVIOUS_COMMITMENT,Optimal,1,13.5409275000,4,0.0000000000,6947.3746494205,6998.6420020071,31765.4334460649,12738.0218441153,13579.3436619394,-48.0262606406,162.8095866743,0.0000000000,162.8095866743,8,407.2122470660,995.9324335528,13685.9280170275,24,33585.8378007903,5887.2930294004,1200.0000000000,10800.0000000000,5668.7569020000
2025-03-22,S3,SEQUENTIAL_PREVIOUS_COMMITMENT,Optimal,1,19.2749030000,4,0.0000000000,6998.6420020071,7036.5104557249,32616.9972632506,13241.8359778250,14136.3302529271,-12.2333736016,32.8095116518,0.0000000000,32.8095116518,2,135.5783742684,266.0876732959,13495.6902775192,12,35089.6939278226,6018.5939886299,1220.9904059606,10800.0000000000,5668.7569020000
2025-03-23,S3,SEQUENTIAL_PREVIOUS_COMMITMENT,Optimal,1,15.6111291000,4,0.0000000000,7036.5104557249,6968.1967736728,68349.5719963615,41228.1034840882,43266.0875762674,-319.7532565004,982.1989709001,0.0000000000,982.1989709001,12,573.4800674003,2534.0613264191,43442.4115540070,31,38123.3200333326,6970.7405426095,1200.0000000000,10800.0000000000,5668.7569020000
2025-03-24,S3,SEQUENTIAL_PREVIOUS_COMMITMENT,Optimal,1,23.1362661000,4,0.0000000000,6968.1967736728,7007.4523516222,67534.4324987147,40903.7853164091,43662.5553301277,228.4550170116,758.7384735229,335.7714063586,422.9670671643,13,498.2633827998,1557.4633008627,42689.7036342834,35,38164.1859512891,7240.1218745410,1200.0000000000,10800.0000000000,5668.7569020000
2025-03-25,S3,SEQUENTIAL_PREVIOUS_COMMITMENT,Optimal,1,19.7420219000,4,0.0000000000,7007.4523516222,6973.2777696600,68438.2092329482,41457.9346644174,43794.3414915216,-286.5191418378,1086.2248049618,0.0000000000,1086.2248049618,12,1014.0855835001,3735.5746327351,44906.9901553147,45,39934.9421017529,6880.4633720383,1200.0000000000,10800.0000000000,5668.7569020000
2025-03-26,S3,SEQUENTIAL_PREVIOUS_COMMITMENT,Optimal,1,23.6271414000,4,0.0000000000,6973.2777696600,7047.7637202743,66320.0102552562,39659.5581429409,41827.4008597291,-246.5652800908,1060.0798753239,0.0000000000,1060.0798753239,8,384.7813962539,1282.9379482910,40695.9308111411,26,37445.8427785567,7096.2445270807,1200.0000000000,10800.0000000000,5668.7569020000
2025-03-27,S3,SEQUENTIAL_PREVIOUS_COMMITMENT,Optimal,1,22.0896518000,4,0.0000000000,7047.7637202743,7077.3352920584,67101.1731193879,40314.5816656831,42391.9501145681,-112.6608315325,796.8151197181,91.9373152574,704.8778044608,20,708.0765577000,2834.4586776180,43036.3795117687,37,37128.4005404478,7191.9133463473,1202.4245245949,10800.0000000000,5668.7569020000
2025-03-28,S3,SEQUENTIAL_PREVIOUS_COMMITMENT,Optimal,1,11.9972828000,4,0.0000000000,7077.3352920584,7152.6591157747,31444.6718570232,12601.7299527298,13434.7184779796,-7.7866292787,19.3874800680,0.0000000000,19.3874800680,2,202.4790883042,545.4137643656,13139.3570878167,15,33638.8316783200,5985.5018473144,1212.5429375000,10800.0000000000,5668.7569020000
2025-03-29,S3,SEQUENTIAL_PREVIOUS_COMMITMENT,Optimal,1,13.4186253000,4,0.0000000000,7152.6591157747,6953.8803058686,30782.1821574531,12329.1328400258,13124.6881861302,-10.1007821088,26.6859086204,0.0000000000,26.6859086204,2,329.6123502763,1098.8501913994,13417.8822493165,20,32962.6600262772,5674.2186435639,1200.0000000000,10800.0000000000,5668.7569020000
2025-03-30,S3,SEQUENTIAL_PREVIOUS_COMMITMENT,Optimal,1,16.2158134000,4,0.0000000000,6953.8803058686,6966.2960641925,66149.0959319425,38924.4999510748,41433.0095025214,-424.4407974853,1778.5986637203,0.0000000000,1778.5986637203,22,555.2731601960,2187.5169333886,40687.5760869781,27,38063.0424738063,7277.1766894362,1200.0000000000,10800.0000000000,5668.7569020000
2025-03-31,S3,SEQUENTIAL_PREVIOUS_COMMITMENT,Optimal,1,16.8078000000,4,0.0000000000,6966.2960641925,6941.7457823868,62989.5516944767,37695.7707126517,39646.1862881264,347.6211866508,388.6860256428,324.9054072977,63.7806183451,13,702.0575737246,2845.8196823199,40889.2115816225,38,35932.2339698743,7403.9890173259,1200.0000000000,10800.0000000000,5668.7569020000
2025-04-01,S3,SEQUENTIAL_PREVIOUS_COMMITMENT,Optimal,1,18.6916618000,4,0.0000000000,6941.7457823868,7008.5772151444,66288.6659476271,40566.3478543128,43093.4267680249,6.3573261748,5.3357893112,5.3357893112,0.0000000000,1,1179.4866701938,4001.8152074932,44574.5203879808,46,35470.3004141636,7536.1498931275,1200.0000000000,10800.0000000000,5668.7569020000
2025-04-02,S3,SEQUENTIAL_PREVIOUS_COMMITMENT,Optimal,1,24.6147111000,4,0.0000000000,7008.5772151444,6983.6496589209,65090.9116317001,39090.9751560929,41442.2293237701,391.5319903513,466.6009688011,452.3138809332,14.2870878679,12,1964.5635758413,8029.4291523665,47511.9362988107,55,38258.8362032715,7005.8665481993,1200.0000000000,10800.0000000000,5668.7569020000
2025-04-03,S3,SEQUENTIAL_PREVIOUS_COMMITMENT,Optimal,1,22.6024005000,4,0.0000000000,6983.6496589209,7012.5928642261,66184.3759405612,39585.2806503632,41837.4402789066,-174.6938683581,1114.9805918997,43.9495659127,1071.0310259870,6,385.7965722018,1291.2382758692,40701.8250578743,28,41407.4050891353,7271.7538274592,1200.0000000000,10800.0000000000,5668.7569020000
2025-04-04,S3,SEQUENTIAL_PREVIOUS_COMMITMENT,Optimal,1,11.4626666000,4,0.0000000000,7012.5928642261,7092.5248064643,30097.3520000411,11990.8693028988,12803.3684336428,-29.7020203748,74.4935433894,0.0000000000,74.4935433894,11,358.2328635125,1117.2679125781,13078.4351951020,22,30253.5813902650,5979.0954519110,1202.3036568287,10800.0000000000,5668.7569020000
2025-04-05,S3,SEQUENTIAL_PREVIOUS_COMMITMENT,Optimal,1,11.8647639000,4,0.0000000000,7092.5248064643,6936.8793356267,29828.3511704212,12121.3625122477,12912.1856038122,-8.8813946702,24.7973864695,0.0000000000,24.7973864695,3,415.9951535813,1205.9246058064,13318.4057233839,32,30530.5407866644,5713.1001987811,1200.0000000000,10800.0000000000,5668.7569020000
2025-04-06,S3,SEQUENTIAL_PREVIOUS_COMMITMENT,Optimal,1,16.6485642000,4,0.0000000000,6936.8793356267,7543.0443570243,66320.9042415022,39247.6512128157,41888.9925126661,-244.2436711936,1060.5415717015,8.4805504381,1052.0610212634,10,357.7360530393,1416.7342355158,40420.1417771380,25,37236.1878761154,7152.7859147454,1200.0000000000,10800.0000000000,5668.7569020000
2025-04-07,S3,SEQUENTIAL_PREVIOUS_COMMITMENT,Optimal,1,14.2189782000,4,0.0000000000,7543.0443570243,6959.9165060084,62750.5772402183,37211.5654149308,39229.5132700502,-126.4585271764,553.1763213087,8.1481798454,545.0281414634,11,388.4614501165,1102.4450474184,38187.5519351728,27,35554.4023935877,7490.4089723158,1200.0000000000,10800.0000000000,5668.7569020000
2025-04-08,S3,SEQUENTIAL_PREVIOUS_COMMITMENT,Optimal,1,12.9659843000,4,0.0000000000,6959.9165060084,7011.2289470675,64717.6568738346,38008.9153089427,40057.8704531683,-242.6243507489,1361.0647570550,40.1711847689,1320.8935722861,13,682.9584854238,3187.3667267427,40953.6576849365,32,37734.1338501864,7073.4595651525,1200.0000000000,10800.0000000000,5668.7569020000
2025-04-09,S3,SEQUENTIAL_PREVIOUS_COMMITMENT,Optimal,1,12.7146364000,4,0.0000000000,7011.2289470675,6912.7756161865,62873.4217106689,37420.1377895907,39706.7671799822,1126.1802340712,1381.0938841106,1375.6989080657,5.3949760449,15,1763.5675203139,6348.3081337069,44894.6261573687,51,38714.9481800590,6946.0217214768,1200.0000000000,10800.0000000000,5668.7569020000
2025-04-10,S3,SEQUENTIAL_PREVIOUS_COMMITMENT,Optimal,1,13.2634286000,4,0.0000000000,6912.7756161865,7046.0324837907,64181.0728175286,37662.7572771795,39695.7505501544,-24.1487597842,494.7615811756,52.5236175519,442.2379636237,11,564.6913328425,2544.4907265052,40183.0992439004,32,39757.5267003802,7013.3126202599,1200.0000000000,10800.0000000000,5668.7569020000
2025-04-11,S3,SEQUENTIAL_PREVIOUS_COMMITMENT,Optimal,1,8.2832261000,4,0.0000000000,7046.0324837907,6978.1604894952,29552.3904832439,11473.5914403971,12252.5514039331,-49.3543707329,110.7880809101,0.0000000000,110.7880809101,11,527.7378556684,1763.6004796770,13187.8375493412,30,34855.8002546530,5738.9184458008,1203.5111165365,10800.0000000000,5668.7569020000
2025-04-12,S3,SEQUENTIAL_PREVIOUS_COMMITMENT,Optimal,1,6.3925759000,4,0.0000000000,6978.1604894952,7099.2693396737,30541.8827177588,11853.5871864704,12576.0326736432,-25.1142195443,57.6935737966,0.0000000000,57.6935737966,6,153.3156059587,435.5312880456,12264.0042549718,15,34998.4097437644,6190.4521679101,1200.0000000000,10800.0000000000,5668.7569020000
2025-04-13,S3,SEQUENTIAL_PREVIOUS_COMMITMENT,Optimal,1,17.0849279000,4,0.0000000000,7099.2693396737,6971.9575291617,62556.5332695498,37074.0842983258,39606.9586908647,-89.7208278765,288.1277803700,0.0000000000,288.1277803700,8,540.6467959779,2328.5083468758,39312.8718173251,29,38771.5845438895,7188.3193622108,1207.9444661458,10800.0000000000,5668.7569020000
2025-04-14,S3,SEQUENTIAL_PREVIOUS_COMMITMENT,Optimal,1,16.3259023000,4,0.0000000000,6971.9575291617,7070.3633525410,62498.0097151132,36398.5945189859,38546.5633718402,-563.3343167583,2043.3570616129,0.0000000000,2043.3570616129,22,518.6819113019,2146.9264340657,37982.1866362932,34,37418.8838083754,7281.9020469320,1200.0000000000,10800.0000000000,5668.7569020000
2025-04-15,S3,SEQUENTIAL_PREVIOUS_COMMITMENT,Optimal,1,15.9257544000,4,0.0000000000,7070.3633525410,7064.6793119843,61619.1597834323,35637.5738126440,37386.8503322790,-194.1969382251,1184.7752432553,52.1148073431,1132.6604359123,15,306.2412461262,1245.3693451604,36688.7462195793,25,37868.6321571930,7114.3958191839,1204.9738841451,10800.0000000000,5668.7569020000
2025-04-16,S3,SEQUENTIAL_PREVIOUS_COMMITMENT,Optimal,1,11.3966862000,4,0.0000000000,7064.6793119843,6996.2411335054,61933.2678778912,36837.2183421082,38992.4686962943,43.3017986366,158.6140049643,61.9209440407,96.6930609235,9,1125.6549270125,4587.5819711251,41468.1021118698,43,35887.2036144356,7407.7803584743,1200.0000000000,10800.0000000000,5668.7569020000
2025-04-17,S3,SEQUENTIAL_PREVIOUS_COMMITMENT,Optimal,1,19.3044998001,4,0.0000000000,6996.2411335054,6959.3649173898,60118.9361893877,35176.6714776199,37105.3662464286,-32.6067553704,349.1947670325,49.0400634379,300.1547035946,8,449.8501604873,1750.8551698976,36894.9198921471,34,36512.8970510964,7057.6636620112,1200.0000000000,10800.0000000000,5668.7569020000
2025-04-18,S3,SEQUENTIAL_PREVIOUS_COMMITMENT,Optimal,1,10.1536404000,4,0.0000000000,6959.3649173898,7112.8685014708,29524.9456596166,11499.6111891288,12202.0225404835,-69.4218166949,161.4589165670,0.0000000000,161.4589165670,7,314.9266828205,997.6306987299,12427.8200711638,15,31410.1885389587,5887.5709015431,1215.7257190596,10800.0000000000,5668.7569020000
2025-04-19,S3,SEQUENTIAL_PREVIOUS_COMMITMENT,Optimal,1,11.7244422000,4,0.0000000000,7112.8685014708,7343.7936083445,28725.0536450369,11191.6101919783,11963.0054784457,-91.5364938476,220.0218161134,0.3799825580,219.6418335554,9,406.6275633552,1293.7994222953,12393.8731204260,18,30754.8584580678,5649.8005576731,1227.0541400637,10800.0000000000,5668.7569020000
2025-04-20,S3,SEQUENTIAL_PREVIOUS_COMMITMENT,Optimal,1,12.9594413000,4,0.0000000000,7343.7936083445,7004.4062942405,60484.0035312916,35618.6474961315,37625.0596981623,47.4633399267,538.4614032249,111.7329144490,426.7284887759,14,645.0707977529,2142.3900064848,37808.5008425430,35,35657.9574416822,7225.8535877106,1200.0000000000,10800.0000000000,5668.7569020000
2025-04-21,S3,SEQUENTIAL_PREVIOUS_COMMITMENT,Optimal,1,11.7825468000,4,0.0000000000,7004.4062942405,7021.9627281634,61095.4067350757,35189.5306499036,37311.0399850122,-684.1848808018,3403.6259522907,0.0000000000,3403.6259522907,24,632.2885240744,2312.5677054062,36817.9134745080,28,35904.0859626083,7198.5053860862,1200.0000000000,10800.0000000000,5668.7569020000
2025-04-22,S3,SEQUENTIAL_PREVIOUS_COMMITMENT,Optimal,1,13.3886913000,4,0.0000000000,7021.9627281634,7063.6692918928,59179.6465629051,35038.0713106191,36962.2472031073,-36.5025483127,273.8905211441,17.6232777762,256.2672433680,4,811.6088454166,2687.2939202743,37688.8626825807,35,35717.5100096855,7214.9924631468,1200.0000000000,10800.0000000000,5668.7569020000
2025-04-23,S3,SEQUENTIAL_PREVIOUS_COMMITMENT,Optimal,1,14.7531092000,4,0.0000000000,7063.6692918928,7078.5159610098,59909.1387964871,35159.7464362760,37219.5695207739,-15.7517477816,38.7432866243,0.0000000000,38.7432866243,3,523.7126944071,1958.7129528512,37102.7076413456,25,34960.5379296770,7152.1753118646,1200.0000000000,10800.0000000000,5668.7569020000
2025-04-24,S3,SEQUENTIAL_PREVIOUS_COMMITMENT,Optimal,1,12.0472804000,4,0.0000000000,7078.5159610098,6996.3786367246,59056.4617852473,34500.0838278558,36662.3234093268,-380.4328184136,1848.1348678500,15.5097829043,1832.6250849458,13,288.5076009381,1259.1784731167,35378.8294825588,19,34629.7756019165,6878.6973502205,1200.0000000000,10800.0000000000,5668.7569020000
2025-04-25,S3,SEQUENTIAL_PREVIOUS_COMMITMENT,Optimal,1,5.2856214000,4,0.0000000000,6996.3786367246,7449.1779036362,28444.8711577620,10531.1545404744,11236.4698735025,-49.2324561779,115.9484958174,1.2765460421,114.6719497753,8,199.7915588678,545.6969060797,11027.6189903762,17,33304.2760563084,5937.5728515978,1269.2515654986,10800.0000000000,5668.7569020000
2025-04-26,S3,SEQUENTIAL_PREVIOUS_COMMITMENT,Optimal,1,9.5320113000,4,0.0000000000,7449.1779036362,7189.1262955615,27849.6295886820,10614.3505572442,11304.9047091450,-7.3075043848,151.4702305373,37.2154438195,114.2547867178,9,515.2908631227,1546.3009001225,12153.3439529818,28,35056.9041812003,5996.7345627317,1241.4679803126,10800.0000000000,5668.7569020000
2025-04-27,S3,SEQUENTIAL_PREVIOUS_COMMITMENT,Optimal,1,15.1885091000,4,0.0000000000,7189.1262955615,7054.3241517349,56334.0340776638,32201.0055770275,33893.6066806492,309.8698494107,965.2003630110,520.4376422833,444.7627207277,16,1232.4668809574,5351.4109499709,37862.2863764091,38,37806.0931001599,6985.0718197471,1200.0000000000,10800.0000000000,5668.7569020000
2025-04-28,S3,SEQUENTIAL_PREVIOUS_COMMITMENT,Optimal,1,17.5989404000,4,0.0000000000,7054.3241517349,7071.8295524858,57520.3212661345,34028.8531427172,36088.2232890270,2305.5191628111,2748.9405191852,2748.9405191852,0.0000000000,18,2395.5555149754,9384.1422313110,45718.5145368392,53,34222.5202865097,7206.8777692604,1250.4977899650,10800.0000000000,5668.7569020000
2025-04-29,S3,SEQUENTIAL_PREVIOUS_COMMITMENT,Optimal,1,12.2685712000,4,0.0000000000,7071.8295524858,7287.5611175871,58636.7589946475,33437.7694992125,35530.3433472358,65.3337000011,1636.4809820497,280.0590242385,1356.4219578112,17,670.0783719958,2867.6261476202,36370.7293468339,23,35034.4014225693,7269.4636815098,1200.0000000000,10800.0000000000,5668.7569020000
2025-04-30,S3,SEQUENTIAL_PREVIOUS_COMMITMENT,Optimal,1,13.3645120000,4,0.0000000000,7287.5611175871,7015.7499909275,56403.1847800029,32686.9689923050,34619.5856633263,-192.9983935069,650.8270903481,0.0000000000,650.8270903481,22,999.9864983258,3680.2381429671,36174.2087417651,34,32793.9919300938,7311.3160650255,1200.0000000000,10800.0000000000,5668.7569020000
2025-05-01,S3,SEQUENTIAL_PREVIOUS_COMMITMENT,Optimal,1,12.6382473000,4,0.0000000000,7015.7499909275,7361.7552915258,58058.5438663098,34314.6193640615,36478.4799209753,55.6234794885,903.6880811663,237.4816092736,666.2064718928,11,2388.9838744476,11445.6638496131,45815.9066931631,58,40233.5976851254,7014.8034580504,1200.0000000000,10800.0000000000,5668.7569020000
2025-05-02,S3,SEQUENTIAL_PREVIOUS_COMMITMENT,Optimal,1,11.1459525000,4,0.0000000000,7361.7552915258,7388.8685162727,28083.3784685966,11397.2391705431,12293.4657449927,94.4124345660,98.0799152854,98.0799152854,0.0000000000,8,2380.5167456254,8989.4494360100,20481.1010411191,59,34669.4919993810,5457.8531336238,1200.0000000000,10800.0000000000,5668.7569020000
2025-05-03,S3,SEQUENTIAL_PREVIOUS_COMMITMENT,Optimal,1,9.1254273000,4,0.0000000000,7388.8685162727,7113.1787491725,27875.9760576232,11210.1562247423,11950.2941470609,-18.1844322989,31.3661253588,0.0000000000,31.3661253588,3,1801.4670414264,7804.9729118527,18996.9447042961,48,32302.5827220468,5805.9206890459,1200.0000000000,10800.0000000000,5668.7569020000
2025-05-04,S3,SEQUENTIAL_PREVIOUS_COMMITMENT,Optimal,1,13.0924865000,4,0.0000000000,7113.1787491725,7370.8174712281,59179.0585011936,35558.4246827304,37930.2557990009,-459.5528907248,1640.0468197046,0.0000000000,1640.0468197046,22,2394.5590738134,10934.8554152761,46033.7272072817,67,33422.5396711724,7201.4550936484,1200.0000000000,10800.0000000000,5668.7569020000
2025-05-05,S3,SEQUENTIAL_PREVIOUS_COMMITMENT,Optimal,1,18.4034770000,4,0.0000000000,7370.8174712281,7266.4812467630,60012.2719279540,35509.0430074763,37909.4210597495,184.7141037394,539.6986916793,368.8318336899,170.8668579895,11,2403.2261417894,11236.5408576284,46930.2979688441,62,38933.5857398786,7079.6593066007,1200.0000000000,10800.0000000000,5668.7569020000
2025-05-06,S3,SEQUENTIAL_PREVIOUS_COMMITMENT,Optimal,1,13.8537851000,4,0.0000000000,7266.4812467630,7440.9590911881,59037.0673200447,35339.4302681351,37852.0290606475,-48.8493014940,769.0486352709,124.7910278251,644.2576074458,10,2630.4547381888,11811.4171820774,47101.9981487185,69,37992.1535720026,6988.8879211423,1200.0000000000,10800.0000000000,5668.7569020000
2025-05-07,S3,SEQUENTIAL_PREVIOUS_COMMITMENT,Optimal,1,15.0761398000,4,0.0000000000,7440.9590911881,7692.7452608864,59567.3694628681,35546.1792725413,37997.2159920119,218.7633459655,224.5424092243,224.5424092243,0.0000000000,9,2776.8175415819,13173.5357432127,48938.4783617195,68,36357.8911307837,6946.5510064532,1200.0000000000,10800.0000000000,5668.7569020000
2025-05-08,S3,SEQUENTIAL_PREVIOUS_COMMITMENT,Optimal,1,16.1299120000,4,0.0000000000,7692.7452608864,7788.1398498248,64100.5402226865,39345.2039903706,42053.6323702717,32.7782425139,32.0225112485,32.0225112485,0.0000000000,1,751.9926236766,3369.5116038254,42747.4938367099,28,35049.6478258276,7520.8110096554,1312.3530313644,10800.0000000000,5668.7569020000
2025-05-09,S3,SEQUENTIAL_PREVIOUS_COMMITMENT,Optimal,1,8.0044462000,4,0.0000000000,7788.1398498248,6999.8704692522,29568.4112837233,12378.1282883533,13101.1605615051,-8.3080888216,20.6386506560,0.0000000000,20.6386506560,1,474.7602898714,1437.8450906296,13807.6652901614,25,32578.0068510368,5486.8445248876,1266.9480851319,10800.0000000000,5668.7569020000
2025-05-10,S3,SEQUENTIAL_PREVIOUS_COMMITMENT,Optimal,1,9.8698404000,4,0.0000000000,6999.8704692522,7155.6433741051,30769.4786402832,13129.5707176084,14019.6119023211,6.4297065542,7.2141790388,7.2141790388,0.0000000000,4,464.4590479141,1499.0136040175,14635.0140281800,25,33178.4511421213,5556.5184488684,1275.4203214775,10800.0000000000,5668.7569020000
2025-05-11,S3,SEQUENTIAL_PREVIOUS_COMMITMENT,Optimal,1,13.7822382000,4,0.0000000000,7155.6433741051,7060.5369158897,62824.7527600541,38475.5368237804,41095.6228348897,-227.4318106975,1216.6802933120,45.2884248555,1171.3918684565,7,863.3635096548,3384.1597604969,41632.2647735798,42,32857.5480493035,7575.0122440777,1200.0000000000,10800.0000000000,5668.7569020000
2025-05-12,S3,SEQUENTIAL_PREVIOUS_COMMITMENT,Optimal,1,14.8924086000,4,0.0000000000,7060.5369158897,7075.3651760919,61361.9053157620,37626.8269593661,40073.3108640582,-113.1493255791,524.5220454884,14.6196794494,509.9023660391,8,723.8879119819,2947.5862363701,40461.2638701570,36,29522.3945197145,7832.7248939527,1200.0000000000,10800.0000000000,5668.7569020000
2025-05-13,S3,SEQUENTIAL_PREVIOUS_COMMITMENT,Optimal,1,15.2254288000,4,0.0000000000,7075.3651760919,7387.0702472268,64832.6047888098,38790.0682932472,41518.7032782129,-227.8845684971,887.3852152256,0.0000000000,887.3852152256,5,243.3393237041,1176.7180497688,39738.9017745189,13,38283.1303282407,7645.2522114694,1208.6329214740,10800.0000000000,5668.7569020000
2025-05-14,S3,SEQUENTIAL_PREVIOUS_COMMITMENT,Optimal,1,12.6592061000,4,0.0000000000,7387.0702472268,7163.7353545316,63609.0268369261,38249.8442667025,40999.9334087543,-332.8349992866,1595.4371166640,65.9663794596,1529.4707372044,13,256.7435372882,894.6160568176,38811.6253242336,20,34754.3614235637,7343.2441037022,1231.6774913983,10800.0000000000,5668.7569020000
2025-05-15,S3,SEQUENTIAL_PREVIOUS_COMMITMENT,Optimal,1,17.8154912000,4,0.0000000000,7163.7353545316,7569.1208601460,63266.2691309217,38445.1983883196,40957.8171046632,288.8472598523,962.5705706588,386.3779445185,576.1926261403,17,736.4255391387,3095.3959046922,41829.4415528641,28,35756.4816530419,7530.2885763911,1295.4054370660,10800.0000000000,5668.7569020000
2025-05-16,S3,SEQUENTIAL_PREVIOUS_COMMITMENT,Optimal,1,11.7402213000,4,0.0000000000,7569.1208601460,7302.5527253913,29111.6076533343,12265.8482899385,13173.2429838044,-22.5408906524,57.9190236966,0.0000000000,57.9190236966,7,421.6990565444,1016.7202456397,13260.0276449259,19,32525.6901638525,5568.8561152790,1299.5964718630,10800.0000000000,5668.7569020000
2025-05-17,S3,SEQUENTIAL_PREVIOUS_COMMITMENT,Optimal,1,11.6142627000,4,0.0000000000,7302.5527253913,7460.2741768693,30184.1075089143,12787.7677123820,13770.3247804015,-4.4449008742,14.4573129752,0.0000000000,14.4573129752,1,652.8762985097,1949.0701492922,14732.3929607999,30,34854.2535733247,5342.9870435641,1223.7683081905,10800.0000000000,5668.7569020000
2025-05-18,S3,SEQUENTIAL_PREVIOUS_COMMITMENT,Optimal,1,12.8736089000,4,0.0000000000,7460.2741768693,7517.2189206047,62286.5609296209,37816.6609297373,40290.7630469362,2.0022115715,2.8376014335,2.8376014335,0.0000000000,1,740.6271806358,2593.9406861635,40412.6038274723,33,32799.9219082071,7547.4047529351,1250.9061793584,10800.0000000000,5668.7569020000
2025-05-19,S3,SEQUENTIAL_PREVIOUS_COMMITMENT,Optimal,1,13.9675344000,4,0.0000000000,7517.2189206047,8132.9844939922,63514.7747495132,37616.2920484927,40355.9060028951,-385.0164270982,2369.9420674365,0.0000000000,2369.9420674365,8,346.8969199664,1885.8270339734,39117.1026553680,17,33499.3670740157,7492.3998859233,1200.0000000000,10800.0000000000,5668.7569020000
2025-05-20,S3,SEQUENTIAL_PREVIOUS_COMMITMENT,Optimal,1,13.2551062000,4,0.0000000000,8132.9844939922,6946.5479088443,58228.0981044466,35032.2524716252,37491.2892831753,287.0302824299,356.4648063261,356.4648063261,0.0000000000,8,1427.0847981069,5317.3116577700,40636.5944118252,52,35642.0831062800,7706.8875717710,1200.0000000000,10800.0000000000,5668.7569020000
2025-05-21,S3,SEQUENTIAL_PREVIOUS_COMMITMENT,Optimal,1,16.3192995000,4,0.0000000000,6946.5479088443,7106.1844447849,60026.5523214139,36443.3838465355,38601.6780429376,-37.1260240352,2347.6510772848,316.3719015035,2031.2791757812,16,934.3129263083,3739.7831142159,40146.0409367162,28,31530.2792850467,7212.2309987589,1267.9794355454,10800.0000000000,5668.7569020000
2025-05-22,S3,SEQUENTIAL_PREVIOUS_COMMITMENT,Optimal,1,12.2822866000,4,0.0000000000,7106.1844447849,7439.9568631343,60072.9728882099,36144.5756867035,38650.8273216448,-32.9409175025,384.1179908041,29.4372254867,354.6807653174,6,474.3436789869,2358.6900574524,38470.3248266534,25,31923.5267163893,7477.2515984283,1200.0000000000,10800.0000000000,5668.7569020000
2025-05-23,S3,SEQUENTIAL_PREVIOUS_COMMITMENT,Optimal,1,17.2328557000,4,0.0000000000,7439.9568631343,7630.5750647056,29786.1572265376,12067.5747986196,13011.8080916209,67.8268490619,77.5608980584,77.5608980584,0.0000000000,3,403.8507308629,1367.8237227220,13503.2253704035,24,35852.1536991598,5393.3515344322,1292.2617540848,10800.0000000000,5668.7569020000
2025-05-24,S3,SEQUENTIAL_PREVIOUS_COMMITMENT,Optimal,1,8.7908653000,4,0.0000000000,7630.5750647056,7619.3326993298,29747.2344863906,12620.3377345010,13678.8913600160,-0.8713638421,2.6131070431,0.0000000000,2.6131070431,2,193.3959788822,692.3231556839,13311.7895263428,18,32812.3602960923,5322.4334158536,1405.2012181958,10800.0000000000,5668.7569020000
2025-05-25,S3,SEQUENTIAL_PREVIOUS_COMMITMENT,Optimal,1,15.5043409000,4,0.0000000000,7619.3326993298,7032.9028239149,59828.6136575449,35721.3059477099,38161.9398583041,-266.4921385014,1282.7960315686,0.0000000000,1282.7960315686,7,406.4611771643,2071.2430368331,37526.0568460416,21,33342.3667690758,7632.4559337070,1200.0000000000,10800.0000000000,5668.7569020000
2025-05-26,S3,SEQUENTIAL_PREVIOUS_COMMITMENT,Optimal,1,16.3941870000,4,0.0000000000,7032.9028239149,7036.1954912046,58918.1115237580,35378.5026619158,37875.7974561059,1236.4343226821,1716.9808366532,1716.9808366532,0.0000000000,7,1714.4044222909,6502.9299557749,43117.8669403728,41,34303.5892451995,7563.7595927677,1200.0000000000,10800.0000000000,5668.7569020000
2025-05-27,S3,SEQUENTIAL_PREVIOUS_COMMITMENT,Optimal,1,12.4282965999,4,0.0000000000,7036.1954912046,7650.9911972261,61565.2082181721,36705.7703386314,39379.1108264517,88.6025442150,236.9032704774,110.0358406073,126.8674298702,10,594.4702062928,2149.6046104402,38943.9774932867,29,35423.6245375190,7797.4764745031,1200.0000000000,10800.0000000000,5668.7569020000
2025-05-28,S3,SEQUENTIAL_PREVIOUS_COMMITMENT,Optimal,1,12.2801291000,4,0.0000000000,7650.9911972261,8218.3975275855,62736.7180156781,37902.0901203548,40975.4990679753,-165.8207473306,887.4698900178,58.9910864827,828.4788035351,8,952.8835807985,2817.6584329057,40553.9278059298,25,36378.3152565585,7272.5564327052,1200.0000000000,10800.0000000000,5668.7569020000
2025-05-29,S3,SEQUENTIAL_PREVIOUS_COMMITMENT,Optimal,1,9.9405356000,4,0.0000000000,8218.3975275855,7122.4826677837,58694.7996280615,35390.4529237249,38432.2061501019,733.5373538674,1486.9547942279,1027.3153904560,459.6394037719,10,1062.5902526443,4159.4388366070,40283.4291141993,53,33587.0109218804,7390.5831002356,1257.4242412055,10800.0000000000,5668.7569020000
2025-05-30,S3,SEQUENTIAL_PREVIOUS_COMMITMENT,Optimal,1,7.0621558000,4,0.0000000000,7122.4826677837,7565.8122114721,29357.7796752738,12365.8992005230,13291.2638489342,64.7352295186,66.1161998022,66.1161998022,0.0000000000,9,723.0057383721,2217.9832790150,14648.6177090566,19,32562.6270937295,5500.2856093157,1353.4296750161,10800.0000000000,5668.7569020000
2025-05-31,S3,SEQUENTIAL_PREVIOUS_COMMITMENT,Optimal,1,10.2487363000,4,0.0000000000,7565.8122114721,7596.7561374592,30095.5357361688,11804.9566121939,12825.0418058136,0.0000000000,0.0000000000,0.0000000000,0.0000000000,0,458.9615094802,1457.7179299983,13262.6745421921,24,38932.8759817496,5733.7907017393,1288.4941173257,10800.0000000000,5668.7569020000
2025-06-01,S3,SEQUENTIAL_PREVIOUS_COMMITMENT,Optimal,1,11.5239104000,4,0.0000000000,7596.7561374592,7433.7688429851,61612.9607187487,40834.3447970990,43575.4413204218,3847.0136031060,3952.1865969930,3952.1865969930,0.0000000000,22,9418.7745108649,41056.4782338993,85737.8366341043,110,30929.2579915636,7730.9079417574,1200.0000000000,10800.0000000000,5668.7569020000
2025-06-02,S3,SEQUENTIAL_PREVIOUS_COMMITMENT,Optimal,1,9.9328928000,4,0.0000000000,7433.7688429851,7343.8248033295,63919.8958765822,41151.9320097548,44730.4672880623,2512.4020732383,2795.7023095423,2384.9086587170,410.7936508253,31,8056.9602196191,35563.9851617516,79228.3192447446,113,38473.5457190420,6962.1693317683,1200.0000000000,10800.0000000000,5668.7569020000
2025-06-03,S3,SEQUENTIAL_PREVIOUS_COMMITMENT,Optimal,1,11.7430766000,4,0.0000000000,7343.8248033295,7313.3102082092,64700.0405339888,42019.7426307424,45133.9261980705,1618.0278370378,1729.8203308263,1729.8203308263,0.0000000000,25,6696.9236378495,29070.2301943548,72708.0006621350,103,38083.5911490022,6941.8275561307,1200.0000000000,10800.0000000000,5668.7569020000
2025-06-04,S3,SEQUENTIAL_PREVIOUS_COMMITMENT,Optimal,1,9.3652513000,4,0.0000000000,7313.3102082092,7545.7279373534,67220.7246575004,43813.4458227813,46936.2088015165,1007.2979503387,1143.4741268290,992.2839328936,151.1901939354,21,6293.4815135832,26703.5549896786,71524.2987627986,105,37879.7198579924,7249.1431785024,1200.0000000000,10800.0000000000,5668.7569020000
2025-06-05,S3,SEQUENTIAL_PREVIOUS_COMMITMENT,Optimal,1,9.8883424000,4,0.0000000000,7545.7279373534,8110.6925312108,69619.2431521893,45764.8828700637,50940.4299919994,1353.5595305015,1158.6143301071,1158.6143301071,0.0000000000,16,6231.1171308579,26280.9141268111,73399.3565273762,99,41596.9083618067,7201.4350384752,1200.0000000000,10800.0000000000,5668.7569020000
2025-06-06,S3,SEQUENTIAL_PREVIOUS_COMMITMENT,Optimal,1,10.9973391000,4,0.0000000002,8110.6925312108,7218.7760195936,29235.4259209192,13579.2338788202,15032.1901911601,222.6136132453,188.3841509790,188.3841509790,0.0000000000,13,7330.6189526030,26642.3322550757,40444.1797471411,88,35050.7151173178,5322.9127740117,1200.0000000000,10800.0000000000,5668.7569020000
2025-06-07,S3,SEQUENTIAL_PREVIOUS_COMMITMENT,Optimal,1,10.4340439000,4,0.0000000000,7218.7760195936,7340.4926374439,31403.3986128587,14582.6962860325,17397.4727138194,82.5858219247,79.0525658122,79.0525658122,0.0000000000,11,5588.6688252085,19944.0495994083,34609.3317073655,87,35708.6935388912,5225.3706744339,1200.0000000000,10800.0000000000,5668.7569020000
2025-06-08,S3,SEQUENTIAL_PREVIOUS_COMMITMENT,Optimal,1,7.8851216000,4,0.0000000000,7340.4926374439,8279.5957896954,82268.0063564259,55338.9509593944,59732.0370328000,-1174.1601031095,3759.4304355089,0.0000000000,3759.4304355089,18,27.7669987678,95.6299830731,54260.4208393580,6,33804.0199284142,7677.1856350789,1200.0000000000,10800.0000000000,5668.7569020000
2025-06-09,S3,SEQUENTIAL_PREVIOUS_COMMITMENT,Optimal,1,9.2313515000,4,0.0000000000,8279.5957896954,7437.1118142949,79588.0779641060,54388.8696500850,59030.2642448751,-325.3570922258,1606.1703729338,55.5474712185,1550.6229017153,16,997.7919894933,4226.7163528421,58290.2289107013,41,36700.0823245693,7565.1886382802,1200.0000000000,10800.0000000000,5668.7569020000
2025-06-10,S3,SEQUENTIAL_PREVIOUS_COMMITMENT,Optimal,1,5.6991580000,4,0.0000000000,7437.1118142949,7636.3159702201,80205.0077728353,54229.2009646459,58158.8547435748,246.5065839860,747.6336954121,279.9370032049,467.6966922072,17,633.9668766401,2304.5766927214,56780.2842413533,32,39431.9587434660,7373.0124959038,1200.0000000000,10800.0000000000,5668.7569020000
2025-06-11,S3,SEQUENTIAL_PREVIOUS_COMMITMENT,Optimal,1,6.3976126999,4,0.0000000000,7636.3159702201,7645.2569386811,81626.3907271568,54917.9734554677,58547.9941143399,2721.0619842542,2130.9555141938,2123.2008116515,7.7547025424,19,1484.3658170991,7596.3204729613,65235.3559126831,40,43788.1047896487,7190.5050285786,1200.0000000000,10800.0000000000,5668.7569020000
2025-06-12,S3,SEQUENTIAL_PREVIOUS_COMMITMENT,Optimal,1,11.9886295000,4,0.0000000000,7645.2569386811,8199.3788568350,83021.0386095771,56233.3558560355,59971.6844904355,-311.7624681933,1329.6949151227,44.0047430283,1285.6901720945,6,874.7598903411,4108.4898209437,60030.0832087860,26,40113.0435951619,7315.7197741159,1200.0000000000,10800.0000000000,5668.7569020000
2025-06-13,S3,SEQUENTIAL_PREVIOUS_COMMITMENT,Optimal,1,10.8030223000,4,0.0000000000,8199.3788568350,7812.0500855071,38636.1673061644,19353.3691919864,22299.2818496356,16.9842966079,11.6798325293,10.2093344115,1.4704981178,5,439.0109993095,1813.2373065558,21183.5907951500,21,31654.2606511884,6185.3888497768,1227.6977816204,10800.0000000000,5668.7569020000
2025-06-14,S3,SEQUENTIAL_PREVIOUS_COMMITMENT,Optimal,1,10.9379216000,4,0.0000000000,7812.0500855071,7719.1792932774,38556.3979740578,19761.5291602555,21736.4529795604,-32.2472189892,475.4799700776,17.6213732025,457.8585968751,7,205.1486777028,707.5970930259,20436.8790342922,13,31772.4776905379,5928.5577137094,1292.3149324050,10800.0000000000,5668.7569020000
2025-06-15,S3,SEQUENTIAL_PREVIOUS_COMMITMENT,Optimal,1,9.1715885000,4,0.0000000000,7719.1792932774,7666.0989286084,82159.7679439229,56060.4370057680,62145.0957201355,-137.9379204781,634.4803741465,31.1725243023,603.3078498441,5,292.2212735898,1365.3049323010,57287.8040175909,13,37973.6990682017,7454.8306934383,1209.9232118818,10800.0000000000,5668.7569020000
2025-06-16,S3,SEQUENTIAL_PREVIOUS_COMMITMENT,Optimal,1,8.6632238000,4,0.0000000000,7666.0989286084,7764.0770185378,82089.1442977992,56255.0555157539,61225.8926693077,87.7302567746,143.2601328963,105.9026038194,37.3575290770,9,732.1811184303,3141.7027649641,59484.4885374926,39,39806.3846424387,7189.8680658169,1200.0000000000,10800.0000000000,5668.7569020000
2025-06-17,S3,SEQUENTIAL_PREVIOUS_COMMITMENT,Optimal,1,9.3132197000,4,0.0000000000,7764.0770185378,8050.6182931146,82842.6645006430,56232.6362849358,61144.6940415150,1286.4420903408,2116.2504949979,1190.9832012388,925.2672937591,13,826.0451895235,4145.5361913882,61664.6145666648,36,40541.1610095412,7584.6841000977,1200.0000000000,10800.0000000000,5668.7569020000
2025-06-18,S3,SEQUENTIAL_PREVIOUS_COMMITMENT,Optimal,1,6.6491202000,4,0.0000000000,8050.6182931146,7603.8772414330,82512.3095836958,56731.2533888589,61207.4869441868,-435.5980724649,1837.6548560695,81.5791445937,1756.0757114759,12,347.3907224487,1538.3266958490,57833.9820122429,21,33526.4706408166,7744.4681644464,1200.0000000000,10800.0000000000,5668.7569020000
2025-06-19,S3,SEQUENTIAL_PREVIOUS_COMMITMENT,Optimal,1,10.0250153000,4,0.0000000000,7603.8772414330,7974.5296103958,82770.7397740795,55920.1482275073,59804.8851824577,-915.2249725468,3185.8062662141,14.2232735269,3171.5829926871,20,655.2946487631,2595.8730024135,57600.7962573741,27,35145.8864959008,7609.3621589062,1200.0000000000,10800.0000000000,5668.7569020000
2025-06-20,S3,SEQUENTIAL_PREVIOUS_COMMITMENT,Optimal,1,9.6821998000,4,0.0000000000,7974.5296103958,8218.7039151915,39334.8205676473,19549.0063849164,22817.5267671438,-18.0897562146,216.8528053229,5.7586265816,211.0941787413,3,188.4055948102,475.8098429225,20006.7264716243,13,33567.7726226359,5705.7326485605,1298.9990126740,10800.0000000000,5668.7569020000
2025-06-21,S3,SEQUENTIAL_PREVIOUS_COMMITMENT,Optimal,1,11.2614142000,4,0.0000000000,8218.7039151915,8039.2271044518,37432.9525651565,18339.5438750276,20245.1157041748,29.9565483871,17.1350543444,17.1350543444,0.0000000000,2,193.8481878624,507.8671199357,18877.3675433504,15,36914.6753411298,5406.7322560604,1476.5682156882,10800.0000000000,5668.7569020000
2025-06-22,S3,SEQUENTIAL_PREVIOUS_COMMITMENT,Optimal,1,10.1414060000,4,0.0000000000,8039.2271044518,7763.5619462246,79295.5396123966,53036.2155726373,57710.5255674487,-658.0198463854,2457.0316692092,57.9276314769,2399.1040377322,14,717.6981686633,3141.5532769116,55519.7490031635,29,39947.8581018630,7300.1799612916,1200.0000000000,10800.0000000000,5668.7569020000
2025-06-23,S3,SEQUENTIAL_PREVIOUS_COMMITMENT,Optimal,1,9.4310790999,4,0.0000000000,7763.5619462246,8238.0864579339,81137.8145744083,54320.8102448178,59569.4864583937,-648.3674262124,2316.3779340265,0.0000000000,2316.3779340265,6,402.7263841578,1470.2210986156,55142.6639172211,19,36752.2968789430,7889.7613540236,1200.0000000000,10800.0000000000,5668.7569020000
2025-06-24,S3,SEQUENTIAL_PREVIOUS_COMMITMENT,Optimal,1,9.0950217000,4,0.0000000000,8238.0864579339,7630.2027292336,79309.7486351820,54815.0278495903,58668.7672838190,1494.1648626829,1236.5743874207,1236.5743874207,0.0000000000,29,2695.8146791275,12186.3647347754,68495.5574470486,61,41320.0695104305,7671.9314783044,1200.0000000000,10800.0000000000,5668.7569020000
2025-06-25,S3,SEQUENTIAL_PREVIOUS_COMMITMENT,Optimal,1,9.3095009000,4,0.0000000000,7630.2027292336,7540.7316857301,79366.8835807078,53257.7141726789,57747.8417123226,-103.8294620588,365.4200182327,0.1426981595,365.2773200732,2,894.6652285621,4154.5182103018,57308.4029209219,30,36145.1866350420,7553.0437210719,1233.4508861400,10800.0000000000,5668.7569020000
2025-06-26,S3,SEQUENTIAL_PREVIOUS_COMMITMENT,Optimal,1,10.6248831000,4,0.0000000000,7540.7316857301,7465.5104067154,78881.0925977567,52230.0317757209,56485.4959598501,-206.8311022633,632.8692830474,0.0000000000,632.8692830474,10,521.1260463151,2008.2271171090,54031.4277905667,24,36908.1407423351,7348.6112127293,1200.0000000000,10800.0000000000,5668.7569020000
2025-06-27,S3,SEQUENTIAL_PREVIOUS_COMMITMENT,Optimal,1,9.9120391000,4,0.0000000000,7465.5104067154,8310.0363801936,37270.6412484508,17630.2522152220,19955.2778981819,18.7762929901,52.8690147103,17.1162807021,35.7527340082,6,199.6550589075,785.9851114708,18435.0136196829,12,35787.1622044364,5631.9227082404,1384.4510980700,10800.0000000000,5668.7569020000
2025-06-28,S3,SEQUENTIAL_PREVIOUS_COMMITMENT,Optimal,1,12.5648323000,4,0.0000000000,8310.0363801936,8288.8073661670,37220.2001717480,17764.2452820909,20440.8029028134,9.0140931854,227.5187034773,23.5127738227,204.0059296546,8,484.8256097588,1849.8964732749,19623.1558485513,17,36918.6634466124,5486.0364648178,1255.5223170954,10800.0000000000,5668.7569020000
2025-06-29,S3,SEQUENTIAL_PREVIOUS_COMMITMENT,Optimal,1,14.8921564000,4,0.0000000000,8288.8073661670,7641.5809519469,77740.2094211701,52535.3489104028,56525.4552741171,-78.1019233028,344.0226509311,14.6471203220,329.3755306091,3,937.3206186511,3592.4723479870,56049.7193350870,27,34923.7720398016,7718.9702145483,1200.0000000000,10800.0000000000,5668.7569020000
2025-06-30,S3,SEQUENTIAL_PREVIOUS_COMMITMENT,Optimal,1,12.5117852000,4,0.0000000000,7641.5809519469,7673.8081342172,79350.4688617782,53100.1309782609,58858.5758954422,-174.4630847114,592.4094397148,7.1672581550,585.2421815598,4,1030.7123266235,3986.8470085426,56912.5149020921,27,36947.7503469581,7599.3497592565,1200.0000000000,10800.0000000000,5668.7569020000
2025-07-01,S3,SEQUENTIAL_PREVIOUS_COMMITMENT,Optimal,1,8.4700185000,4,0.0000000000,7673.8081342172,7814.4228606047,81837.7287413593,59335.5392924543,65617.4039766702,-962.8489290279,3114.7828535735,0.0000000000,3114.7828535735,12,5922.3680832206,24936.3826618815,83309.0730253080,96,38540.3036655493,7432.0755588723,1200.0000000000,10800.0000000000,5668.7569020000
2025-07-02,S3,SEQUENTIAL_PREVIOUS_COMMITMENT,Optimal,1,11.3709100000,4,0.0000000000,7814.4228606047,7692.2896361551,76013.6215000275,54885.2834450923,58859.9464453554,-1505.9982216267,4893.0258019887,0.0000000000,4893.0258019887,17,7411.3504711161,31611.8587439497,84991.1439674154,98,33706.7188670815,7522.8820013153,1200.0000000000,10800.0000000000,5668.7569020000
2025-07-03,S3,SEQUENTIAL_PREVIOUS_COMMITMENT,Optimal,1,9.2840482000,4,0.0000000000,7692.2896361551,7190.9865249681,75180.1047550164,55833.1590745189,61564.1901983524,-139.6647359172,525.9125368216,4.8307005074,521.0818363141,3,8918.6733958529,38883.8616702594,94577.3560088611,113,34260.2590235919,7620.1270687496,1200.0000000000,10800.0000000000,5668.7569020000
2025-07-04,S3,SEQUENTIAL_PREVIOUS_COMMITMENT,Optimal,1,9.6312096000,4,0.0000000000,7190.9865249681,7772.1347810576,35381.6713029547,19628.5551974547,22539.3743002436,25.3605718996,20.7592671536,14.1741445409,6.5851226127,4,7678.9455945182,27679.7065219679,47333.6222913223,95,35327.1109490220,5181.6682271735,1200.0000000000,10800.0000000000,5668.7569020000
2025-07-05,S3,SEQUENTIAL_PREVIOUS_COMMITMENT,Optimal,1,9.6370915000,4,0.0000000000,7772.1347810576,7641.9512898586,35416.7683686937,18897.6815726066,20927.4111173313,40.1350444222,21.8528731794,21.8528731794,0.0000000000,3,7576.7213335106,27944.4196467576,46882.2362637864,94,36796.3278284764,5173.7705629527,1200.0000000000,10800.0000000000,5668.7569020000
2025-07-06,S3,SEQUENTIAL_PREVIOUS_COMMITMENT,Optimal,1,10.0394462000,4,0.0000000000,7641.9512898586,7960.5324758099,73494.4661360021,53812.0314136472,59554.1404229518,1650.2430003749,1356.9892745133,1347.4070170074,9.5822575059,24,9673.5815944913,44846.3772284608,100308.6516424829,125,38680.4323048213,7208.5950528456,1200.0000000000,10800.0000000000,5668.7569020000
2025-07-07,S3,SEQUENTIAL_PREVIOUS_COMMITMENT,Optimal,1,11.3049753000,4,0.0000000000,7960.5324758099,8130.5514535865,71808.3491557479,51708.7741306273,55816.9481307061,-230.8922774211,975.6454719037,31.7545178030,943.8909541007,15,8432.9842160397,36683.1923771742,88161.0742303804,102,33400.2984440658,7603.9467992122,1200.0000000000,10800.0000000000,5668.7569020000
2025-07-08,S3,SEQUENTIAL_PREVIOUS_COMMITMENT,Optimal,1,7.8664223000,4,0.0000000000,8130.5514535865,7394.7533219780,85165.5861192535,63045.5503201071,68376.9347538194,83.7372660759,1902.1479265993,325.5142934768,1576.6336331225,28,877.6345327078,4068.7461217780,67198.0337079610,37,39041.1190061770,7294.7853634764,1200.0000000000,10800.0000000000,5668.7569020000
2025-07-09,S3,SEQUENTIAL_PREVIOUS_COMMITMENT,Optimal,1,9.3965520000,4,0.0000000000,7394.7533219780,8144.4605805291,87792.5560534800,64630.8585580169,69598.8915274129,-312.4506961727,1195.9702995979,6.0460921471,1189.9242074508,8,500.0137084690,2297.1324426135,66615.5403044576,21,37499.6409555390,7258.0421503807,1200.0000000000,10800.0000000000,5668.7569020000
2025-07-10,S3,SEQUENTIAL_PREVIOUS_COMMITMENT,Optimal,1,8.1483596000,4,0.0000000000,8144.4605805291,8146.7258752688,87416.5081624455,64681.1817136633,69848.9657752366,-379.3866901525,1510.9232182012,7.0508995236,1503.8723186776,11,475.5873171411,1968.7052663883,66270.5002898991,19,37399.7615265741,7450.5104347050,1200.0000000000,10800.0000000000,5668.7569020000
2025-07-11,S3,SEQUENTIAL_PREVIOUS_COMMITMENT,Optimal,1,10.8618943000,4,0.0000000000,8146.7258752688,7637.6511277429,45424.5351411587,26925.3597610785,29617.8964691808,-5.4013080551,21.2358639002,0.0000000000,21.2358639002,3,379.5679374667,1057.3704609322,27977.3289139557,17,33974.8730642996,5769.0555410983,1200.0000000000,10800.0000000000,5668.7569020000
2025-07-12,S3,SEQUENTIAL_PREVIOUS_COMMITMENT,Optimal,1,11.4401571000,4,0.0000000000,7637.6511277429,7343.5821282890,44997.6953031016,25655.5544943181,26952.4072414853,104.8299491838,104.8133376613,104.8133376613,0.0000000000,8,536.3570034604,1688.7697319922,27449.1541754940,21,36626.7485326224,5258.6680768090,1200.0000000000,10800.0000000000,5668.7569020000
2025-07-13,S3,SEQUENTIAL_PREVIOUS_COMMITMENT,Optimal,1,7.6801747000,4,0.0000000000,7343.5821282890,8466.6976650417,89608.6510907236,64415.3266240181,71229.8036446164,-610.8968453680,2709.7344394521,0.0000000000,2709.7344394521,13,85.1883717057,421.6722318663,64226.1020105164,8,36021.1624379845,7291.3503481511,1200.0000000000,10800.0000000000,5668.7569020000
2025-07-14,S3,SEQUENTIAL_PREVIOUS_COMMITMENT,Optimal,1,9.7043151000,4,0.0000000000,8466.6976650417,8384.3094150772,86564.4432665976,62531.6938780330,67896.2843076698,-683.8912346554,2637.5835479257,5.3883347478,2632.1952131779,7,324.0294579793,1786.6931614234,63634.4958048010,15,39123.9774404534,7254.0939834639,1200.0000000000,10800.0000000000,5668.7569020000
2025-07-15,S3,SEQUENTIAL_PREVIOUS_COMMITMENT,Optimal,1,9.8262994000,4,0.0000000000,8384.3094150772,7708.3241721261,84665.7772697510,61969.1479301110,67246.6030172012,-420.6146050868,1382.6405179319,0.0000000000,1382.6405179319,9,457.6308758783,1818.0524716808,63366.5857967049,18,34739.3893820012,7571.2227831275,1200.0000000000,10800.0000000000,5668.7569020000
2025-07-16,S3,SEQUENTIAL_PREVIOUS_COMMITMENT,Optimal,1,10.3108298000,4,0.0000000000,7708.3241721261,8473.4512157555,87481.9878028322,64879.9542117346,70605.2686607536,-602.0639599204,2171.4408216889,12.4133352194,2159.0274864695,5,608.0553000417,2669.1700059601,66947.0602577742,16,34102.1738810635,7641.0974428443,1200.0000000000,10800.0000000000,5668.7569020000
2025-07-17,S3,SEQUENTIAL_PREVIOUS_COMMITMENT,Optimal,1,10.8728050000,4,0.0000000000,8473.4512157555,8097.9451654459,85166.3360229464,62352.1185830849,68671.8196239196,-176.3104248759,811.3243759792,34.9891262091,776.3352497701,11,781.6267683590,3264.8207479968,65440.6289062058,27,40782.5945184855,7275.2658001872,1200.0000000000,10800.0000000000,5668.7569020000
2025-07-18,S3,SEQUENTIAL_PREVIOUS_COMMITMENT,Optimal,1,10.8415223000,4,0.0000000000,8097.9451654459,7733.6572076249,44588.3219123223,25226.9947347951,27143.9707025783,-17.8704063363,53.1266763583,0.0000000000,53.1266763583,4,242.2960465036,989.9356901893,26199.0600186481,18,37729.8541260830,5404.7220710687,1200.0000000000,10800.0000000000,5668.7569020000
2025-07-19,S3,SEQUENTIAL_PREVIOUS_COMMITMENT,Optimal,1,8.6896444999,4,0.0000000000,7733.6572076249,7723.0697350991,45407.8486290121,25529.5948725052,28196.1850995826,7.2709926937,9.4463412673,7.5338669854,1.9124742819,7,346.9613844213,1018.2448169146,26555.1106821136,20,38714.9989493781,5486.0073240856,1200.0000000000,10800.0000000000,5668.7569020000
2025-07-20,S3,SEQUENTIAL_PREVIOUS_COMMITMENT,Optimal,1,10.5651297000,4,0.0000000000,7723.0697350991,7520.9173904812,81732.4057654464,59660.8793358152,63637.0452273901,-255.3288923769,910.9845241893,19.6567057918,891.3278183975,3,801.8452321989,2985.2481424038,62390.7985858420,30,35934.0721682475,7145.1737702885,1200.0000000000,10800.0000000000,5668.7569020000
2025-07-21,S3,SEQUENTIAL_PREVIOUS_COMMITMENT,Optimal,1,7.0158075000,4,0.0000000000,7520.9173904812,8122.2124175640,86508.2720187033,64296.4431637784,70382.7651839280,108.1078097630,552.1851188259,164.9711246593,387.2139941666,15,274.7888538067,1142.2546200162,65546.8055935576,14,36188.1069487479,7442.2550615460,1200.0000000000,10800.0000000000,5668.7569020000
2025-07-22,S3,SEQUENTIAL_PREVIOUS_COMMITMENT,Optimal,1,13.0051086000,4,0.0000000000,8122.2124175640,7632.7642409272,83840.2561262424,61226.1031156890,66529.4541560110,602.3627362311,1923.4404797446,868.5477597642,1054.8927199804,16,683.3243484494,2678.1806743441,64506.6465262642,27,40936.1940062960,7266.9261240577,1200.0000000000,10800.0000000000,5668.7569020000
2025-07-23,S3,SEQUENTIAL_PREVIOUS_COMMITMENT,Optimal,1,9.4578069001,4,0.0000000000,7632.7642409272,7749.5959385147,86172.7934470153,62806.0337616735,67669.8922052555,-336.3615836060,1804.1551927512,99.3234696489,1704.8317231024,16,462.5437400258,1882.4604722271,64352.1326502946,16,37686.0446590803,7423.4203911869,1200.0000000000,10800.0000000000,5668.7569020000
2025-07-24,S3,SEQUENTIAL_PREVIOUS_COMMITMENT,Optimal,1,10.6240732000,4,0.0000000000,7749.5959385147,8376.0006252022,86162.9000260133,63096.0097927891,68308.1919421652,278.7302332750,2706.2489028514,599.9049218647,2106.3439809867,25,546.7015036551,2401.8511904633,65776.5912165274,21,34709.4826581183,7633.4773642002,1200.0000000000,10800.0000000000,5668.7569020000
2025-07-25,S3,SEQUENTIAL_PREVIOUS_COMMITMENT,Optimal,1,10.5145617001,4,0.0000000000,8376.0006252022,8537.6549167232,46126.2697006715,26541.9658133587,29992.2327111036,-7.2546441657,25.4703784579,0.0000000000,25.4703784579,2,121.8526921150,397.6894526252,26932.4006218181,10,36041.9530072960,5805.9508597839,1200.0000000000,10800.0000000000,5668.7569020000
2025-07-26,S3,SEQUENTIAL_PREVIOUS_COMMITMENT,Optimal,1,9.4486336000,4,0.0000000000,8537.6549167232,8037.7698916272,45124.7950650792,25859.6264568422,28717.9413862690,0.0000000000,0.0000000000,0.0000000000,0.0000000000,0,286.1427079240,743.1780068787,26602.8044637210,11,35755.7434008029,5937.8692095240,1200.0000000000,10800.0000000000,5668.7569020000
2025-07-27,S3,SEQUENTIAL_PREVIOUS_COMMITMENT,Optimal,1,9.6774331000,4,0.0000000000,8037.7698916272,7602.1594657598,83966.1850893552,61353.4084680918,66936.1152639377,-62.4358485846,291.0108584905,15.9941201278,275.0167383627,6,731.8071859737,2773.5582149459,64064.5308344532,27,39657.3300973822,7176.2429514623,1200.0000000000,10800.0000000000,5668.7569020000
2025-07-28,S3,SEQUENTIAL_PREVIOUS_COMMITMENT,Optimal,1,7.4930620000,4,0.0000000000,7602.1594657598,7679.5160396467,83858.0457565973,61755.0702776443,65943.0069762782,533.5741023090,535.6030304019,535.6030304019,0.0000000000,21,1769.8562968087,8016.5942530427,70305.2386329960,48,39519.3657151918,7307.4392212402,1200.0000000000,10800.0000000000,5668.7569020000
2025-07-29,S3,SEQUENTIAL_PREVIOUS_COMMITMENT,Optimal,1,10.3280176000,4,0.0000000000,7679.5160396467,8058.3958891741,86461.5852722554,63026.5923974389,68987.5472518196,537.8044718986,940.6923682644,632.8103328403,307.8820354241,16,640.3597070989,2558.8425118527,66123.2393811902,17,41049.7160772417,7199.6895183316,1200.0000000000,10800.0000000000,5668.7569020000
2025-07-30,S3,SEQUENTIAL_PREVIOUS_COMMITMENT,Optimal,1,9.5779435000,4,0.0000000000,8058.3958891741,9040.3971159527,88355.0591848921,65408.8726173295,71883.0004752492,289.6283882422,1403.3061188115,524.4088634678,878.8972553437,19,277.4694580932,1078.1635384039,66776.6645439755,13,37347.4965692854,7360.4701191994,1200.0000000000,10800.0000000000,5668.7569020000
2025-07-31,S3,SEQUENTIAL_PREVIOUS_COMMITMENT,Optimal,1,11.0044645001,4,0.0000000000,9040.3971159527,7669.8584111894,83855.0644074508,60952.3410162232,65466.3325032275,-15.6322102837,831.9824456281,129.3391186133,702.6433270148,5,670.2241409173,3123.2970290212,64060.0058349607,24,40200.5651865364,7612.6773161763,1200.0000000000,10800.0000000000,5668.7569020000
2025-08-01,S3,SEQUENTIAL_PREVIOUS_COMMITMENT,Optimal,1,10.2720592000,4,0.0000000000,7669.8584111894,8563.6286150897,46085.7474971362,26087.7419213883,28900.2564881892,-34.6613597378,109.1177638362,0.0000000000,109.1177638362,5,223.4761317626,537.6608560163,26590.7414176668,13,35774.2700941792,5879.7603092890,1200.0000000000,10800.0000000000,5668.7569020000
2025-08-02,S3,SEQUENTIAL_PREVIOUS_COMMITMENT,Optimal,1,10.6796604000,4,0.0000000000,8563.6286150897,7640.0369697896,43433.6965154182,24123.3887142035,26343.4378204342,0.0000000000,0.0000000000,0.0000000000,0.0000000000,0,238.0355659813,905.1177488729,25028.5064630764,18,37843.2729019049,5774.6305478612,1200.0000000000,10800.0000000000,5668.7569020000
2025-08-03,S3,SEQUENTIAL_PREVIOUS_COMMITMENT,Optimal,1,10.3320757000,4,0.0000000000,7640.0369697896,8224.5082151475,83635.3750315560,58889.2853736812,64634.7720844596,-1278.3306328324,5229.0385643160,0.0000000000,5229.0385643160,21,190.9248245247,913.0515575690,58524.0062984178,10,34639.0844814992,7622.9350486130,1200.0000000000,10800.0000000000,5668.7569020000
2025-08-04,S3,SEQUENTIAL_PREVIOUS_COMMITMENT,Optimal,1,9.8389169000,4,0.0000000000,8224.5082151475,8232.9454604588,82355.0577714345,58640.8182174499,63515.0864235494,-915.0521456538,3729.6928129371,0.0000000000,3729.6928129371,14,340.8955655328,1387.3939183566,59113.1599901526,12,36044.8039269643,7634.9064517366,1200.0000000000,10800.0000000000,5668.7569020000
2025-08-05,S3,SEQUENTIAL_PREVIOUS_COMMITMENT,Optimal,1,11.1413230000,4,0.0000000000,8232.9454604588,8578.6688278165,82449.3821566712,59011.3823070927,65050.3538446296,-459.3595893788,2057.9807386956,0.0000000000,2057.9807386956,6,203.4698564841,935.7469322712,59487.7696499852,10,36529.2059777981,7380.5934511614,1200.0000000000,10800.0000000000,5668.7569020000
2025-08-06,S3,SEQUENTIAL_PREVIOUS_COMMITMENT,Optimal,1,10.4240882000,4,0.0000000000,8578.6688278165,10275.0551762798,84641.7611058982,61535.8438326328,67499.5448553550,714.6828569687,2016.8587728052,791.0972160699,1225.7615567353,11,251.2155470292,1119.5189795395,63370.0456691410,10,37647.0062244766,7716.7244788557,1200.0000000000,10800.0000000000,5668.7569020000
2025-08-07,S3,SEQUENTIAL_PREVIOUS_COMMITMENT,Optimal,1,10.4473236000,4,0.0000000000,10275.0551762798,7695.9693210233,75782.2601096280,54721.8299962847,58932.2938797781,-398.6707789789,2397.0640492553,45.4589275436,2351.6051217117,19,500.1541838111,1521.8040760858,55844.9632933916,25,36436.7190581128,7308.1032032641,1200.0000000000,10800.0000000000,5668.7569020000
2025-08-08,S3,SEQUENTIAL_PREVIOUS_COMMITMENT,Optimal,1,9.0319582000,4,0.0000000000,7695.9693210233,6381.1018997230,41658.2626190879,23359.2924716638,26387.7321516688,774.5772196908,1123.2959486289,1123.2959486289,0.0000000000,2,240.6043531380,790.1609307158,24924.0306220703,14,36419.8474810416,5212.2128359984,1200.0000000000,10800.0000000000,5668.7569020000
2025-08-09,S3,SEQUENTIAL_PREVIOUS_COMMITMENT,Optimal,1,8.3316732000,4,0.0000000000,6381.1018997230,7092.2452781395,43739.2569359231,24283.7307176256,26970.0070482652,53.3492567143,48.3180588625,48.3180588625,0.0000000000,5,353.2634242268,1118.1059444803,25455.1859188202,18,36085.4144830542,5203.9183550026,1200.0000000000,10800.0000000000,5668.7569020000
2025-08-10,S3,SEQUENTIAL_PREVIOUS_COMMITMENT,Optimal,1,13.8621613999,4,0.0000000000,7092.2452781395,8192.5672913738,79080.4978495220,57943.2691059777,62572.1382517369,0.0508719360,10.1862968474,1.1898207458,8.9964761016,3,264.9169850497,998.4726222737,58941.7926001874,13,35218.4450427583,7336.2673173364,1200.0000000000,10800.0000000000,5668.7569020000
2025-08-11,S3,SEQUENTIAL_PREVIOUS_COMMITMENT,Optimal,1,10.0196371000,4,0.0000000000,8192.5672913738,7663.6497982064,76724.6906630812,54251.5231417072,57789.9417180969,24.8932613521,16.2201976234,16.2201976234,0.0000000000,5,613.9665164396,2599.7542254840,56876.1706285432,20,40735.4906832941,6970.1079886996,1200.0000000000,10800.0000000000,5668.7569020000
2025-08-12,S3,SEQUENTIAL_PREVIOUS_COMMITMENT,Optimal,1,11.8081703000,4,0.0000000000,7663.6497982064,7771.4019065166,76275.8473788877,55349.1177336785,59768.7386603966,361.5919136324,1013.7709563848,411.8170228036,601.9539335812,17,987.7968563582,4680.2208592929,60390.9305066038,41,33196.3871341055,7582.9449953922,1200.0000000000,10800.0000000000,5668.7569020000
2025-08-13,S3,SEQUENTIAL_PREVIOUS_COMMITMENT,Optimal,1,8.8820861000,4,0.0000000000,7771.4019065166,7653.0989716757,75972.5530515287,54570.1571693006,58322.1202463616,-4.9522391840,20.5999966056,0.0000000000,20.5999966056,1,765.4297721444,3157.5840689622,57722.7889990788,31,34397.6168470309,7328.8813397320,1200.0000000000,10800.0000000000,5668.7569020000
2025-08-14,S3,SEQUENTIAL_PREVIOUS_COMMITMENT,Optimal,1,11.2281170000,4,0.0000000000,7653.0989716757,8299.9468823376,77583.2933877961,55819.1402474420,60541.1298410881,1003.8364191704,1074.1609055591,1074.1609055591,0.0000000000,10,539.5749905526,2798.5565879155,59621.5332545279,26,37798.4063180432,7233.1859688673,1200.0000000000,10800.0000000000,5668.7569020000
2025-08-15,S3,SEQUENTIAL_PREVIOUS_COMMITMENT,Optimal,1,7.2164023000,4,0.0000000000,8299.9468823376,6253.5577304356,38550.6493367275,22335.0738468309,24933.6229375429,923.0350450095,1346.0122650456,1346.0122650456,0.0000000000,2,491.0370183068,1465.0999938219,24723.2088856623,23,30878.2110930199,5693.6183240137,1200.0000000000,10800.0000000000,5668.7569020000
2025-08-16,S3,SEQUENTIAL_PREVIOUS_COMMITMENT,Optimal,1,10.6677538000,4,0.0000000000,6253.5577304356,7804.7533540799,43621.0981267420,24166.1440030911,25986.1696145071,0.8341576181,0.7571205973,0.7571205973,0.0000000000,1,455.4563826160,1885.4710526528,26052.4492133619,24,33793.8098212920,5633.3964900093,1200.0000000000,10800.0000000000,5668.7569020000
2025-08-17,S3,SEQUENTIAL_PREVIOUS_COMMITMENT,Optimal,1,10.6844570000,4,0.0000000000,7804.7533540799,7779.5757180979,76395.6401466904,54560.9932213666,58678.6620573801,-251.9668710217,1139.7521920168,0.0000000000,1139.7521920168,3,541.7634392881,2573.9963970582,56883.0227474030,25,37271.1080125388,7033.0151879322,1200.0000000000,10800.0000000000,5668.7569020000
2025-08-18,S3,SEQUENTIAL_PREVIOUS_COMMITMENT,Optimal,1,15.1978786000,4,0.0000000000,7779.5757180979,7685.6081382418,76989.4140364968,55228.2656648481,59759.6927665760,-215.2962901435,1003.7175601066,0.0000000000,1003.7175601066,4,663.4519382230,3189.3329122631,58202.3022869677,26,37324.9134900778,7046.3590765220,1200.0000000000,10800.0000000000,5668.7569020000
2025-08-19,S3,SEQUENTIAL_PREVIOUS_COMMITMENT,Optimal,1,25.1861011000,4,0.0000000000,7685.6081382418,7876.8547710959,76752.5705462197,55695.6985672839,60598.6886384208,-80.6644067144,699.3770326292,67.5684620553,631.8085705739,6,543.0204633320,2522.0810309307,58137.1151915002,19,33017.5812639271,7402.8331239755,1200.0000000000,10800.0000000000,5668.7569020000
2025-08-20,S3,SEQUENTIAL_PREVIOUS_COMMITMENT,Optimal,1,11.6277050000,4,0.0000000000,7876.8547710959,7772.4690189826,76740.0834594036,55857.5045556823,60915.1775112526,1274.5460840554,1338.9328791288,1338.9328791288,0.0000000000,9,1222.3551360765,5621.4645035047,62753.5151432424,40,41097.9522751657,7064.7518953499,1200.0000000000,10800.0000000000,5668.7569020000
2025-08-21,S3,SEQUENTIAL_PREVIOUS_COMMITMENT,Optimal,1,12.7858564000,4,0.0000000000,7772.4690189826,7812.4139154884,77083.7599355605,55686.2825669843,60131.7118416398,-189.6614016622,1136.3515122417,81.7466461898,1054.6048660520,6,509.2400916973,1984.1828406755,57480.8040059976,14,33185.0659484799,7558.6750090932,1200.0000000000,10800.0000000000,5668.7569020000
2025-08-22,S3,SEQUENTIAL_PREVIOUS_COMMITMENT,Optimal,1,8.2182260000,4,0.0000000000,7812.4139154884,7658.2669497539,42306.5425915925,23522.7697507953,25542.8587414980,0.0000000000,0.0000000000,0.0000000000,0.0000000000,0,927.5075957436,3402.8743569442,26925.6441077394,35,36132.8956670621,5626.5965089296,1219.6477397280,10800.0000000000,5668.7569020000
2025-08-23,S3,SEQUENTIAL_PREVIOUS_COMMITMENT,Optimal,1,3.1270742000,4,0.0000000000,7658.2669497539,7679.2679108376,43156.7564700612,23491.9707914791,25304.5421214230,40.4721635260,42.9603569390,40.6903582602,2.2699986788,7,385.5345206827,1163.6627562698,24696.1057112750,18,38331.7445588259,5427.1568249638,1200.0000000000,10800.0000000000,5668.7569020000
2025-08-24,S3,SEQUENTIAL_PREVIOUS_COMMITMENT,Optimal,1,11.8959129000,4,0.0000000000,7679.2679108376,7722.1541974838,76605.4465092119,55319.4300790895,59505.3923501654,193.1250889795,1990.2082156728,403.3571287236,1586.8510869492,22,565.3756323158,2492.0763587388,58004.6315268079,29,37127.1266859420,7166.6585701173,1200.0000000000,10800.0000000000,5668.7569020000
2025-08-25,S3,SEQUENTIAL_PREVIOUS_COMMITMENT,Optimal,1,9.3951520000,4,0.0000000000,7722.1541974838,8254.6539528378,81783.5780924580,58783.7537383049,63730.0931196751,395.3923185812,690.5697825290,378.3364438165,312.2333387125,16,546.3329474223,2353.7681882653,61532.9142451515,19,38481.4558876935,7221.9098986675,1200.0000000000,10800.0000000000,5668.7569020000
2025-08-26,S3,SEQUENTIAL_PREVIOUS_COMMITMENT,Optimal,1,9.4269349000,4,0.0000000000,8254.6539528378,8034.4024665448,77410.4428242942,55065.0210096158,58635.8006363040,135.9882895488,916.1462404796,206.9951802753,709.1510602044,21,501.7407835477,2355.8818525917,57556.8911517563,19,40724.1459462512,7237.7378142794,1200.0000000000,10800.0000000000,5668.7569020000
2025-08-27,S3,SEQUENTIAL_PREVIOUS_COMMITMENT,Optimal,1,9.5934371000,4,0.0000000000,8034.4024665448,8152.5193650340,80768.0738632167,57506.4535751540,62643.6253799043,314.5029271363,1474.4797268427,577.0621614222,897.4175654205,15,315.8120349363,1404.4368060571,59225.3933083474,14,42368.8943747074,7282.3263214341,1200.0000000000,10800.0000000000,5668.7569020000
2025-08-28,S3,SEQUENTIAL_PREVIOUS_COMMITMENT,Optimal,1,9.8407720000,4,0.0000000000,8152.5193650340,8050.5287129454,78712.1066073947,56524.7759067047,61452.2323966129,271.5110035058,236.4174438405,236.4174438405,0.0000000000,15,2029.9264390131,10133.8880632758,66930.1749734862,36,37079.7944937209,7285.9793185891,1200.0000000000,10800.0000000000,5668.7569020000
2025-08-29,S3,SEQUENTIAL_PREVIOUS_COMMITMENT,Optimal,1,7.8969631000,4,0.0000000000,8050.5287129454,8168.9160594637,45508.6962408615,25649.2926479248,28637.0079770213,90.1732432085,105.3516086811,105.3516086811,0.0000000000,5,306.1659803137,1392.3619990617,27131.8278901950,11,35905.1086406189,5747.6267620661,1235.3894650608,10800.0000000000,5668.7569020000
2025-08-30,S3,SEQUENTIAL_PREVIOUS_COMMITMENT,Optimal,1,7.5515974000,4,0.0000000000,8168.9160594637,7877.3800570566,43413.0643067617,24553.0355909533,26932.4948843571,2.0904423152,1.7771336523,1.7771336523,0.0000000000,1,276.6068708097,985.6251995120,25540.7512327806,19,31830.6558236896,6096.6312347612,1212.8609114583,10800.0000000000,5668.7569020000
2025-08-31,S3,SEQUENTIAL_PREVIOUS_COMMITMENT,Optimal,1,10.5850510000,4,0.0000000000,7877.3800570566,7753.6831928542,78875.3341078907,56147.2594838275,61309.4308123187,-159.8053222447,688.4897561801,16.8191899796,671.6705662006,4,399.8287217864,1682.5891234944,57670.0432850771,19,38940.1940420815,7020.2499690697,1200.0000000000,10800.0000000000,5668.7569020000
2025-09-01,S3,SEQUENTIAL_PREVIOUS_COMMITMENT,Optimal,1,15.3339321000,4,0.0000000000,7753.6831928542,7827.7053900778,79397.2512469329,50591.9566631595,54651.9034793360,-511.0850350929,2339.3688532833,5.7013830376,2333.6674702458,12,0.0000000000,0.0000000000,50080.8716280666,0,32268.2989641736,7371.9422554875,1418.2731757819,10800.0000000000,5668.7569020000
2025-09-02,S3,SEQUENTIAL_PREVIOUS_COMMITMENT,Optimal,1,9.9943327000,4,0.0000000000,7827.7053900778,8193.0132993266,78555.6074158459,49877.4243910543,54347.1252977422,-220.4484900406,1373.0887355589,32.7620401235,1340.3266954354,6,52.6549473420,165.9756200999,49822.9515211137,3,36346.6135522376,7233.9196295344,1309.9600649584,10800.0000000000,5668.7569020000
2025-09-03,S3,SEQUENTIAL_PREVIOUS_COMMITMENT,Optimal,1,10.3342521000,4,0.0000000000,8193.0132993266,7838.9730318359,77642.8163432274,50765.5226197421,54515.9051832793,-239.6785092432,2106.2840579844,128.5818980940,1977.7021598904,12,0.0000000000,0.0000000000,50525.8441104989,0,34675.6269097822,7326.5535924002,1276.2684619919,10800.0000000000,5668.7569020000
2025-09-04,S3,SEQUENTIAL_PREVIOUS_COMMITMENT,Optimal,1,9.1101072000,4,0.0000000000,7838.9730318359,8062.9037780715,78815.0304734305,50497.8150567016,54246.2839230210,-46.4852120280,1678.0174540105,192.0878640294,1485.9295899811,19,6.3134549889,13.7443915107,50465.0742361843,1,38364.6167070942,7441.0799970592,1333.1816994874,10800.0000000000,5668.7569020000
2025-09-05,S3,SEQUENTIAL_PREVIOUS_COMMITMENT,Optimal,1,6.7600141000,4,0.0000000000,8062.9037780715,8510.8728625892,43401.8783478289,21049.0703639769,23202.1794242921,-1.6856649249,7.2052358405,0.0000000000,7.2052358405,1,0.0000000000,0.0000000000,21047.3846990520,0,31258.7985996194,6320.9606811086,1424.6122538339,10800.0000000000,5668.7569020000
2025-09-06,S3,SEQUENTIAL_PREVIOUS_COMMITMENT,Optimal,1,7.7178596000,4,0.0000000000,8510.8728625892,7883.4692574317,42768.9496546107,20636.7540747789,22388.4595753419,-13.1156225874,131.4764258278,8.4136353205,123.0627905073,3,76.0129373420,248.2396670418,20871.8781192332,3,34855.7575431381,6123.1749403440,1513.1264051258,10800.0000000000,5668.7569020000
2025-09-07,S3,SEQUENTIAL_PREVIOUS_COMMITMENT,Optimal,1,9.1850015000,4,0.0000000000,7883.4692574317,7779.7665437949,75151.1201179316,48411.3864595613,52222.4054543184,293.3122156055,537.4353374082,431.6837086974,105.7516287108,14,136.4858064727,574.8329674526,49279.5316426194,7,36446.1906880062,7449.0665683162,1411.1382721354,10800.0000000000,5668.7569020000
2025-09-08,S3,SEQUENTIAL_PREVIOUS_COMMITMENT,Optimal,1,9.5916646000,4,0.0000000000,7779.7665437949,7460.1431856718,63946.0951547957,40212.8848608256,43188.3636065212,1398.2907931810,1232.1063491428,1205.9241233747,26.1822257680,12,1301.3752019882,5705.9953261750,47317.1709801816,43,37521.4864437998,7062.1394917669,1200.0000000000,10800.0000000000,5668.7569020000
2025-09-09,S3,SEQUENTIAL_PREVIOUS_COMMITMENT,Optimal,1,9.3812379000,4,0.0000000000,7460.1431856718,7757.4487728131,66088.0599119788,41634.5672555837,45737.3058712659,49.6455898169,1494.4779552741,236.0479260498,1258.4300292242,9,605.5431039813,2740.9823460302,44425.1951914308,23,35883.7289027692,7228.8507396546,1200.0000000000,10800.0000000000,5668.7569020000
2025-09-10,S3,SEQUENTIAL_PREVIOUS_COMMITMENT,Optimal,1,9.5235492000,4,0.0000000000,7757.4487728131,7663.7992670627,67344.6587826585,42934.2021386599,47480.3177807208,1670.6763272580,1781.7301128833,1776.5179955544,5.2121173289,12,1064.5595714988,4301.1762366959,48906.0547026137,38,41407.3122328968,6908.7805583652,1200.0000000000,10800.0000000000,5668.7569020000
2025-09-11,S3,SEQUENTIAL_PREVIOUS_COMMITMENT,Optimal,1,8.7538693000,4,0.0000000000,7663.7992670627,8302.1874886446,68535.1304361206,42745.9621069303,46808.9360560108,-300.4616785347,1978.4416469615,21.4579183302,1956.9837286313,13,409.3620133373,1950.4683655936,44395.9687939893,15,38631.1376012874,6965.5759438055,1200.0000000000,10800.0000000000,5668.7569020000
2025-09-12,S3,SEQUENTIAL_PREVIOUS_COMMITMENT,Optimal,1,6.3758342999,4,0.0000000000,8302.1874886446,7656.6868329750,34290.2462531445,15599.8669511346,18163.6416580829,43.5494798930,46.8888010818,46.8888010818,0.0000000000,6,375.3584752846,1213.3693467371,16856.7857777647,18,34798.6861111159,5789.8612845789,1227.2430347222,10800.0000000000,5668.7569020000
2025-09-13,S3,SEQUENTIAL_PREVIOUS_COMMITMENT,Optimal,1,7.0308121000,4,0.0000000000,7656.6868329750,7885.6477340133,34909.7812175779,15794.5997511118,17682.1883626375,75.7569942239,89.3907988135,89.3907988135,0.0000000000,5,599.7469546162,1952.9541750119,17823.3109203475,19,35010.9227059234,5986.6510388235,1200.0000000000,10800.0000000000,5668.7569020000
2025-09-14,S3,SEQUENTIAL_PREVIOUS_COMMITMENT,Optimal,1,8.5494432000,4,0.0000000000,7885.6477340133,7733.7507285333,67583.6086154478,43094.5538235926,47498.7291403205,158.6058474934,251.5700435585,251.5700435585,0.0000000000,3,674.1932414806,2947.3133486335,46200.4730197195,30,37030.9333085526,7055.3619177511,1200.0000000000,10800.0000000000,5668.7569020000
2025-09-15,S3,SEQUENTIAL_PREVIOUS_COMMITMENT,Optimal,1,9.7237461000,4,0.0000000000,7733.7507285333,7685.9168313049,66578.7316863367,42346.8331220185,46156.1303288843,-94.3679224697,538.9837569186,3.7699709130,535.2137860056,5,467.2507681027,2021.5724852569,44274.0376848058,29,38248.0405710451,6777.8577012476,1200.0000000000,10800.0000000000,5668.7569020000
2025-09-16,S3,SEQUENTIAL_PREVIOUS_COMMITMENT,Optimal,1,10.4389592000,4,0.0000000000,7685.9168313049,7620.8909701884,68222.5953317248,43963.4600442252,47903.1459802799,5.8562451392,9.0927676456,9.0927676456,0.0000000000,2,788.0165274790,2684.6060228595,46653.9223122239,33,40035.8591642014,7164.2352664410,1200.0000000000,10800.0000000000,5668.7569020000
2025-09-17,S3,SEQUENTIAL_PREVIOUS_COMMITMENT,Optimal,1,9.7978408000,4,0.0000000000,7620.8909701884,8201.5401313554,69721.1336114616,44321.3054427911,48272.2165743064,164.0953487244,282.6022517759,161.0183710826,121.5838806933,7,517.9612140532,1751.0915527699,46236.4923442854,27,40292.3209248700,6915.9028447283,1200.0000000000,10800.0000000000,5668.7569020000
2025-09-18,S3,SEQUENTIAL_PREVIOUS_COMMITMENT,Optimal,1,8.4195004000,4,0.0000000000,8201.5401313554,7578.0928367389,66328.5530852518,42094.0663927517,45865.9812380553,874.0232286876,1241.0423655167,1241.0423655167,0.0000000000,14,421.0084027783,2048.0870128439,45016.1766342832,20,38877.6293388367,7308.7069504214,1200.0000000000,10800.0000000000,5668.7569020000
2025-09-19,S3,SEQUENTIAL_PREVIOUS_COMMITMENT,Optimal,1,8.3470752000,4,0.0000000000,7578.0928367389,8026.2836454904,35701.9331417954,16126.3223440902,18278.8775780122,59.8998249251,60.6371966866,60.6371966866,0.0000000000,6,490.1160281773,1343.4590696853,17529.6812387007,26,34933.9173766526,5810.2805822744,1200.0000000000,10800.0000000000,5668.7569020000
2025-09-20,S3,SEQUENTIAL_PREVIOUS_COMMITMENT,Optimal,1,6.8690133000,4,0.0000000000,8026.2836454904,7635.2834527282,34499.5714292074,15662.3653267690,16964.2488602556,5.2814682811,3.7890768765,3.7890768765,0.0000000000,3,639.5110633970,2277.8975744963,17945.5443695463,29,36065.7671697854,5551.7931176173,1200.0000000000,10800.0000000000,5668.7569020000
2025-09-21,S3,SEQUENTIAL_PREVIOUS_COMMITMENT,Optimal,1,11.2538857000,4,0.0000000000,7635.2834527282,8108.1119679444,70825.9107686003,45396.6559022504,49572.2620288753,-289.9759493820,1353.4541510037,24.7423920475,1328.7117589562,11,285.3034547449,1386.9243539119,46493.6043067802,21,35678.6999074065,7256.7984569493,1200.0000000000,10800.0000000000,5668.7569020000
2025-09-22,S3,SEQUENTIAL_PREVIOUS_COMMITMENT,Optimal,1,10.3122607000,4,0.0000000000,8108.1119679444,7619.9051405276,68691.7596952709,44718.4443187622,48519.9843572754,-18.9326960412,444.3863387055,51.1945056873,393.1918330182,9,840.0567789679,3695.3143205113,48394.8259432323,35,36354.3041230254,7189.9197617529,1200.0000000000,10800.0000000000,5668.7569020000
2025-09-23,S3,SEQUENTIAL_PREVIOUS_COMMITMENT,Optimal,1,10.9352059000,4,0.0000000000,7619.9051405276,7728.9127947802,71169.2980697269,45516.7947804320,48714.1847937035,355.5859034412,952.3974107171,417.0703181303,535.3270925868,11,681.9626973222,3346.1176536410,49218.4983375142,30,37674.3452995346,6839.2769783560,1200.0000000000,10800.0000000000,5668.7569020000
2025-09-24,S3,SEQUENTIAL_PREVIOUS_COMMITMENT,Optimal,1,10.5972349000,4,0.0000000000,7728.9127947802,8145.6738036488,71074.6959677115,45650.3663404630,50032.9891763162,29.4087854978,24.4001289745,24.4001289745,0.0000000000,4,449.4049256971,1873.3559281725,47553.1310541333,27,38580.0888702994,7206.4833249931,1200.0000000000,10800.0000000000,5668.7569020000
2025-09-25,S3,SEQUENTIAL_PREVIOUS_COMMITMENT,Optimal,1,9.6199389000,4,0.0000000000,8145.6738036488,8213.7318780235,71940.2822564970,46435.1466240441,51129.3989479465,-71.3409003997,664.3116354547,73.0088925433,591.3027429114,10,438.1204289962,1878.4204168827,48242.2261405271,23,37747.3152010721,7317.6858436354,1200.0000000000,10800.0000000000,5668.7569020000
2025-09-26,S3,SEQUENTIAL_PREVIOUS_COMMITMENT,Optimal,1,9.4114839000,4,0.0000000000,8213.7318780235,8124.8657778694,36594.1383127119,16772.9668291772,19193.7061948183,-4.7493285341,11.8754857896,0.0000000000,11.8754857896,2,177.2894388885,537.7976122964,17306.0151129395,9,37703.5222179952,6330.1164405420,1200.0000000000,10800.0000000000,5668.7569020000
2025-09-27,S3,SEQUENTIAL_PREVIOUS_COMMITMENT,Optimal,1,8.6441505000,4,0.0000000000,8124.8657778694,8042.3384982091,35863.8616825619,16638.7957051616,18401.0499429524,101.0792477011,105.7899920342,105.7899920342,0.0000000000,5,894.2591972083,3005.6330156803,19745.5079685430,31,35085.0642321283,6170.4968043416,1233.1729080584,10800.0000000000,5668.7569020000
2025-09-28,S3,SEQUENTIAL_PREVIOUS_COMMITMENT,Optimal,1,9.6079455000,4,0.0000000000,8042.3384982091,8136.7003645572,71644.0009839300,46831.1177006283,50826.8412155773,1091.4034592732,1150.3951882643,1150.3951882643,0.0000000000,17,506.6733107248,2008.2194836944,49930.7406435959,24,38065.4160089771,7325.3096513981,1200.0000000000,10800.0000000000,5668.7569020000
2025-09-29,S3,SEQUENTIAL_PREVIOUS_COMMITMENT,Optimal,1,8.8402546000,4,0.0000000000,8136.7003645572,8087.4359626511,73428.2490283178,47739.4060289375,52383.2681599283,-58.8338102857,253.6680572919,0.0000000000,253.6680572919,7,484.4161443494,2034.4371612839,49715.0093799357,24,37819.0842619603,7235.4148992123,1200.0000000000,10800.0000000000,5668.7569020000
2025-09-30,S3,SEQUENTIAL_PREVIOUS_COMMITMENT,Optimal,1,9.0475767000,4,0.0000000000,8087.4359626511,8005.3581383700,73458.6074809940,47567.1086713870,52363.4651792739,1398.5746929213,1285.4555907553,1285.4555907553,0.0000000000,10,605.7485832469,2735.7641182068,51701.4474825151,32,43602.1414688910,7239.5429118785,1200.0000000000,10800.0000000000,5668.7569020000
2025-10-01,S3,SEQUENTIAL_PREVIOUS_COMMITMENT,Optimal,1,9.8046523000,4,0.0000000000,8005.3581383700,8380.2514537128,73044.1059116626,44489.0469524120,48945.3456859676,-462.2539686748,2649.1268683326,0.0000000000,2649.1268683326,13,38.7127520612,98.9066092725,44125.6995930097,5,36972.6011257725,7579.4365265587,1228.8212678675,10800.0000000000,5668.7569020000
2025-10-02,S3,SEQUENTIAL_PREVIOUS_COMMITMENT,Optimal,1,8.5124314000,4,0.0000000000,8380.2514537128,8266.1689759316,72512.5047088365,44867.9782931699,48788.2491223515,-710.0626455380,3191.5476225651,0.0000000000,3191.5476225651,18,124.7762050029,326.0627034971,44483.9783511289,10,35865.4322465841,7489.8524919365,1296.8243127894,10800.0000000000,5668.7569020000
2025-10-03,S3,SEQUENTIAL_PREVIOUS_COMMITMENT,Optimal,1,7.3890602000,4,0.0000000000,8266.1689759316,8019.6969029070,35422.7209030813,15307.4601426950,16796.5445502759,-13.2526438425,41.5276266045,0.0000000000,41.5276266045,4,140.2490547015,306.4921180135,15600.6996168660,10,36287.3236414761,6633.0114557896,1284.5886273872,10800.0000000000,5668.7569020000
2025-10-04,S3,SEQUENTIAL_PREVIOUS_COMMITMENT,Optimal,1,7.4102828000,4,0.0000000000,8019.6969029070,7851.2565883888,36942.7576894565,16529.5494916806,18229.8177862501,-12.5570419897,30.8559647652,0.0000000000,30.8559647652,3,148.5567611282,521.4736664200,17038.4661161109,8,36396.0224120488,6572.1263343716,1209.3960730613,10800.0000000000,5668.7569020000
2025-10-05,S3,SEQUENTIAL_PREVIOUS_COMMITMENT,Optimal,1,9.7560692000,4,0.0000000000,7851.2565883888,7981.2044994518,72158.4646326490,44929.7535386317,49662.1993348548,-381.6724048951,2156.2014593009,10.2471810220,2145.9542782789,16,119.0535126103,345.5139887933,44893.5951225299,8,35468.2479312015,7479.5996872128,1200.0000000000,10800.0000000000,5668.7569020000
2025-10-06,S3,SEQUENTIAL_PREVIOUS_COMMITMENT,Optimal,1,11.1361802000,4,0.0000000000,7981.2044994518,7673.2749775185,68905.2287223599,44181.5465622299,48880.5644709765,0.0000000000,0.0000000000,0.0000000000,0.0000000000,0,244.1693721682,811.5617136128,44993.1082758427,16,36794.2225906885,7365.3626799607,1203.8903302951,10800.0000000000,5668.7569020000
2025-10-07,S3,SEQUENTIAL_PREVIOUS_COMMITMENT,Optimal,1,9.3627808000,4,0.0000000000,7673.2749775185,7684.6923315286,68894.9748365184,43105.9243001217,45873.1502781807,376.9631612314,302.3038193831,302.3038193831,0.0000000000,7,285.7758829387,1054.9350138559,44537.8224752090,21,39879.7486418416,7099.9303919302,1221.9261616030,10800.0000000000,5668.7569020000
2025-10-08,S3,SEQUENTIAL_PREVIOUS_COMMITMENT,Optimal,1,10.5322041000,4,0.0000000000,7684.6923315286,7653.8304688094,65140.8038945894,40258.3417446691,44631.8730609459,20.4148256446,17.7089149437,17.7089149437,0.0000000000,2,543.4239312910,2209.5559126773,42488.3124829909,28,37948.7740056305,7070.0307127941,1200.0000000000,10800.0000000000,5668.7569020000
2025-10-09,S3,SEQUENTIAL_PREVIOUS_COMMITMENT,Optimal,1,13.2384627000,4,0.0000000000,7653.8304688094,7685.2482633779,66577.2142862711,40646.1861655278,44747.1991483791,-152.1179442721,690.1778386541,0.0000000000,690.1778386541,6,352.5926629470,1665.8278640701,42159.8960853259,21,37698.1504853458,7108.0516443232,1200.0000000000,10800.0000000000,5668.7569020000
2025-10-10,S3,SEQUENTIAL_PREVIOUS_COMMITMENT,Optimal,1,6.8643931000,4,0.0000000000,7685.2482633779,7686.5360210432,32306.3185756577,13355.1446365713,14578.1690228184,0.0000000000,0.0000000000,0.0000000000,0.0000000000,0,706.6415345204,2050.7063921901,15405.8510287614,32,35136.3413890666,6114.1168059556,1200.0000000000,10800.0000000000,5668.7569020000
2025-10-11,S3,SEQUENTIAL_PREVIOUS_COMMITMENT,Optimal,1,8.1252907000,4,0.0000000000,7686.5360210432,8500.1925819960,35054.2265126696,15031.8444216452,17183.8413490189,0.0000000000,0.0000000000,0.0000000000,0.0000000000,0,196.8151155299,784.5931221132,15816.4375437584,15,35269.4031758249,6205.2106301594,1200.0000000000,10800.0000000000,5668.7569020000
2025-10-12,S3,SEQUENTIAL_PREVIOUS_COMMITMENT,Optimal,1,9.3872838000,4,0.0000000000,8500.1925819960,8451.2314407914,69664.6639134185,43089.7748870297,47916.9180451064,20.0271824028,31.6427378568,31.6427378568,0.0000000000,2,102.2173848525,422.8484798422,43532.6505492748,6,38215.1551143956,7395.6828132091,1200.0000000000,10800.0000000000,5668.7569020000
2025-10-13,S3,SEQUENTIAL_PREVIOUS_COMMITMENT,Optimal,1,9.3200529000,4,0.0000000000,8451.2314407914,7790.3826335849,68367.2713343302,42385.3550936168,46975.8212048309,-137.4386773739,628.6802435999,0.0000000000,628.6802435999,8,55.2499824332,220.4613590690,42468.3777753118,8,37082.5981424447,7231.2638017574,1200.0000000000,10800.0000000000,5668.7569020000
2025-10-14,S3,SEQUENTIAL_PREVIOUS_COMMITMENT,Optimal,1,10.1355253000,4,0.0000000000,7790.3826335849,7719.8617825143,67477.3033418859,41621.8775736407,44644.7526844480,457.1851157478,581.8085830884,476.7070523223,105.1015307661,16,826.1613006236,3459.1730127307,45538.2357021193,47,39136.6437728465,7070.2601863519,1200.0000000000,10800.0000000000,5668.7569020000
2025-10-15,S3,SEQUENTIAL_PREVIOUS_COMMITMENT,Optimal,1,10.8755902000,4,0.0000000000,7719.8617825143,7659.6579821852,67951.9946652565,41938.2509994595,45599.6863321237,729.1424693077,943.0514738650,902.1824856966,40.8689881684,10,699.8734020160,2685.4096822892,45352.8031510563,35,42948.6625798698,7120.5199055274,1200.0000000000,10800.0000000000,5668.7569020000
2025-10-16,S3,SEQUENTIAL_PREVIOUS_COMMITMENT,Optimal,1,11.1354570000,4,0.0000000000,7659.6579821852,8101.8475699679,69002.9045447173,43251.1743846464,47617.8600885665,1575.5396935624,1399.5123480545,1399.5123480545,0.0000000000,19,1048.9687059848,4653.4303765114,49480.1444547203,34,39003.2073488182,7155.9261938230,1200.0000000000,10800.0000000000,5668.7569020000
2025-10-17,S3,SEQUENTIAL_PREVIOUS_COMMITMENT,Optimal,1,8.4269618000,4,0.0000000000,8101.8475699679,8036.0492309881,34318.6949029853,14807.3317056327,16353.5571447064,8.4729091763,9.6244779648,9.6244779648,0.0000000000,1,153.5302164163,640.4159177580,15456.2205325670,11,34784.9744567210,6316.5336624044,1200.0000000000,10800.0000000000,5668.7569020000
2025-10-18,S3,SEQUENTIAL_PREVIOUS_COMMITMENT,Optimal,1,8.9032377000,4,0.0000000000,8036.0492309881,7700.3005590258,34336.2574968290,14762.3635520840,16391.3004180103,0.0000000000,0.0000000000,0.0000000000,0.0000000000,0,387.6913798992,1066.0953350451,15828.4588871291,18,38760.9051259906,6543.2720589796,1200.0000000000,10800.0000000000,5668.7569020000
2025-10-19,S3,SEQUENTIAL_PREVIOUS_COMMITMENT,Optimal,1,9.9894303000,4,0.0000000000,7700.3005590258,8276.8584653683,73571.7848641223,46696.7003506138,51986.5629304247,316.8437209205,735.1238644809,354.3019515063,380.8219129747,9,458.3215008498,1923.4855127721,48937.0295843064,23,39764.5710178583,7247.9087655677,1200.0000000000,10800.0000000000,5668.7569020000
2025-10-20,S3,SEQUENTIAL_PREVIOUS_COMMITMENT,Optimal,1,10.0713064000,4,0.0000000000,8276.8584653683,7936.7459031451,72325.1359285477,46019.0750582020,50112.9508628281,18.3122317716,23.3631351200,23.3631351200,0.0000000000,3,487.2069615699,2232.7428897871,48270.1301797606,26,38436.1908206377,7207.2151676524,1200.0000000000,10800.0000000000,5668.7569020000
2025-10-21,S3,SEQUENTIAL_PREVIOUS_COMMITMENT,Optimal,1,8.5451198000,4,0.0000000000,7936.7459031451,7737.6552193666,72733.5702716312,46450.5717405540,50018.0468325779,454.5573213001,519.5276001544,519.5276001544,0.0000000000,13,713.4236505573,2946.0402655058,49851.1693273599,38,39392.5986346210,7176.9445212417,1200.0000000000,10800.0000000000,5668.7569020000
2025-10-22,S3,SEQUENTIAL_PREVIOUS_COMMITMENT,Optimal,1,11.1871580000,4,0.0000000000,7737.6552193666,8136.3923131273,73586.8733711300,46878.5643423598,50853.9569818066,130.5161080971,93.2650927897,93.2650927897,0.0000000000,6,1093.8360324479,5298.3459556834,52307.4264061403,37,38865.9745393560,7198.7547554233,1200.0000000000,10800.0000000000,5668.7569020000
2025-10-23,S3,SEQUENTIAL_PREVIOUS_COMMITMENT,Optimal,1,9.3108781000,4,0.0000000000,8136.3923131273,7371.9142520044,74139.0044217109,46678.1887372262,50633.5833813050,-326.9509809610,1184.3423173921,0.0000000000,1184.3423173921,14,393.9963540753,1674.2200802588,48025.4578365240,16,39954.7135937381,7295.5303424739,1200.0000000000,10800.0000000000,5668.7569020000
2025-10-24,S3,SEQUENTIAL_PREVIOUS_COMMITMENT,Optimal,1,8.3602720000,4,0.0000000000,7371.9142520044,7513.2969306408,34633.6971242802,15257.4424371728,16906.0553055340,7.3638770216,6.5477320362,6.5477320362,0.0000000000,2,507.3628566033,1901.0004944282,17165.8068086226,28,33948.8983643402,5866.1490899755,1200.0000000000,10800.0000000000,5668.7569020000
2025-10-25,S3,SEQUENTIAL_PREVIOUS_COMMITMENT,Optimal,1,8.4174607000,4,0.0000000000,7513.2969306408,7667.8630058375,35219.8011732741,15268.2842460802,17235.6118726052,-1.4081648658,3.6742723178,0.0000000000,3.6742723178,1,455.9793990298,1565.1794541464,16832.0555353608,26,34597.1438612564,6304.6391588452,1200.0000000000,10800.0000000000,5668.7569020000
2025-10-26,S3,SEQUENTIAL_PREVIOUS_COMMITMENT,Optimal,1,9.1843979000,4,0.0000000000,7667.8630058375,8077.9818277500,77518.9354896898,49772.3261850068,55628.1206607856,-378.1532488812,1301.2831721031,0.0000000000,1301.2831721031,14,130.0886930506,535.0169080315,49929.1898441571,10,38780.4605720247,7419.8365931153,1200.0000000000,10800.0000000000,5668.7569020000
2025-10-27,S3,SEQUENTIAL_PREVIOUS_COMMITMENT,Optimal,1,8.7327651000,4,0.0000000000,8077.9818277500,7711.0742381875,74097.6822969066,46895.4430042146,50584.0101256516,297.9601279942,1422.3385853038,408.7581839995,1013.5804013043,16,300.2620590829,1309.0843694538,48502.4875016626,23,40520.6834375509,7238.5310244937,1200.0000000000,10800.0000000000,5668.7569020000
2025-10-28,S3,SEQUENTIAL_PREVIOUS_COMMITMENT,Optimal,1,9.2710886000,4,0.0000000000,7711.0742381875,8137.6576028225,76898.5352228161,49417.8913804809,53290.6863039312,-49.5061442147,151.5098319983,0.5788609379,150.9309710604,2,196.9689165553,703.7084423123,50072.0936785785,16,41446.5125063557,7547.0005633568,1200.0000000000,10800.0000000000,5668.7569020000
2025-10-29,S3,SEQUENTIAL_PREVIOUS_COMMITMENT,Optimal,1,10.2890292001,4,0.0000000000,8137.6576028225,8105.1554069595,75677.3956984211,49433.0948070091,54423.2907746651,462.7305084369,439.5485355808,439.5485355808,0.0000000000,15,865.1248948065,3138.4587422111,53034.2840576571,34,39762.0894333305,7389.0802002864,1200.0000000000,10800.0000000000,5668.7569020000
2025-10-30,S3,SEQUENTIAL_PREVIOUS_COMMITMENT,Optimal,1,8.6952995000,4,0.0000000000,8105.1554069595,7646.3351528089,74941.0797563429,48922.8593376726,53669.3991880212,-225.6541681481,999.3588438642,29.5092071495,969.8496367147,7,270.6893262866,1051.2268931616,49748.4320626861,20,37847.7085136515,7415.6580134614,1200.0000000000,10800.0000000000,5668.7569020000
2025-10-31,S3,SEQUENTIAL_PREVIOUS_COMMITMENT,Optimal,1,8.7134321000,4,0.0000000000,7646.3351528089,7635.8166318284,36547.3670051161,16108.6638728229,18202.0364314805,7.6377170232,8.9513414609,8.9513414609,0.0000000000,2,256.4278909321,924.8902878696,17041.1918777157,17,37072.9337794612,6590.2059820834,1200.0000000000,10800.0000000000,5668.7569020000
2025-11-01,S3,SEQUENTIAL_PREVIOUS_COMMITMENT,Optimal,1,8.3578681000,4,0.0000000000,7635.8166318284,7977.2911502361,37375.4912471019,16250.2523432058,18924.6321307899,0.0000000000,0.0000000000,0.0000000000,0.0000000000,0,280.1604884960,717.8321924568,16968.0845356626,15,35545.1370535042,6519.1571369532,1200.0000000000,10800.0000000000,5668.7569020000
2025-11-02,S3,SEQUENTIAL_PREVIOUS_COMMITMENT,Optimal,1,8.7564293000,4,0.0000000000,7977.2911502361,7606.4670340644,75508.8580382932,49492.5104268575,53483.7298388370,270.2547766629,307.8029722242,307.8029722242,0.0000000000,12,468.8578500858,2011.5297847911,51774.2949883114,26,39090.4671772390,7479.4678659656,1200.0000000000,10800.0000000000,5668.7569020000
2025-11-03,S3,SEQUENTIAL_PREVIOUS_COMMITMENT,Optimal,1,8.8522897000,4,0.0000000000,7606.4670340644,7674.2884997994,77512.5288267628,50706.0337708867,54491.3539132567,31.6968822621,23.4841277084,23.4841277084,0.0000000000,4,548.0574696324,1963.6495689561,52701.3802221049,27,39673.7559107921,7188.9461866749,1200.0000000000,10800.0000000000,5668.7569020000
2025-11-04,S3,SEQUENTIAL_PREVIOUS_COMMITMENT,Optimal,1,9.3944052000,4,0.0000000000,7674.2884997994,8134.9386016379,79638.8901558629,52170.7460380975,56056.4049853486,-442.6737365148,1673.9064305753,0.1092159959,1673.7972145795,8,391.9899308331,1680.8684884798,53408.9407900626,29,38466.7026574493,7701.8568787120,1200.0000000000,10800.0000000000,5668.7569020000
2025-11-05,S3,SEQUENTIAL_PREVIOUS_COMMITMENT,Optimal,1,9.9675950000,4,0.0000000000,8134.9386016379,8302.9150598846,80013.3397252312,53233.7669870733,58358.2490838726,-18.4188365198,67.2638673490,0.0000000000,67.2638673490,5,321.7766850260,1239.5565670174,54454.9047175709,17,40411.6428769311,7296.8546071381,1200.0000000000,10800.0000000000,5668.7569020000
2025-11-06,S3,SEQUENTIAL_PREVIOUS_COMMITMENT,Optimal,1,9.4363932000,4,0.0000000000,8302.9150598846,8078.5454873692,78985.3658540069,52789.6102700286,57104.6309962940,661.7130532054,597.6539931609,597.6539931609,0.0000000000,11,808.8526781976,3396.8635555359,56848.1868787699,38,41694.4078840636,7376.3321885023,1200.0000000000,10800.0000000000,5668.7569020000
2025-11-07,S3,SEQUENTIAL_PREVIOUS_COMMITMENT,Optimal,1,9.1807113000,4,0.0000000000,8078.5454873692,7671.0100003824,36041.8578358293,15905.5344178540,17610.0773878799,96.7520649414,100.8730049990,95.2223743840,5.6506306150,4,416.7513796183,1502.3409438793,17504.6274266748,25,34612.8574852966,6269.6389598901,1200.0000000000,10800.0000000000,5668.7569020000
2025-11-08,S3,SEQUENTIAL_PREVIOUS_COMMITMENT,Optimal,1,8.5484448000,4,0.0000000000,7671.0100003824,7641.4627149254,36257.3133803875,16144.7855382618,18245.9570087400,-0.1201559986,34.5937078275,8.6121496793,25.9815581483,4,298.2427314124,1073.2419825221,17217.9073647853,19,33574.5221057149,6340.1691277667,1200.0000000000,10800.0000000000,5668.7569020000
2025-11-09,S3,SEQUENTIAL_PREVIOUS_COMMITMENT,Optimal,1,10.3234737000,4,0.0000000000,7641.4627149254,8118.7528442837,80420.7156266664,53164.9374135511,56744.2174775372,462.6887313536,1104.1332514309,465.2253874970,638.9078639340,13,534.8041145385,2216.6411118068,55844.2672567115,33,42000.9488732565,7494.4464483740,1200.0000000000,10800.0000000000,5668.7569020000
2025-11-10,S3,SEQUENTIAL_PREVIOUS_COMMITMENT,Optimal,1,9.1211470000,4,0.0000000000,8118.7528442837,8324.4165804442,80631.3774103423,53829.9310085640,58446.0093142076,940.1699867035,811.9718439046,811.9718439046,0.0000000000,27,544.4074652684,2660.8897025139,57430.9906977814,35,44265.1164884410,7689.1988008514,1200.0000000000,10800.0000000000,5668.7569020000
2025-11-11,S3,SEQUENTIAL_PREVIOUS_COMMITMENT,Optimal,1,8.4848229000,4,0.0000000000,8324.4165804442,8174.9357924859,81372.1735330321,54510.3081316928,59630.7829013732,-49.9818987497,377.8809525459,45.6803613862,332.2005911597,4,185.8345121353,664.4160542128,55124.7422871560,19,40360.7303903160,7516.9945171156,1200.0000000000,10800.0000000000,5668.7569020000
2025-11-12,S3,SEQUENTIAL_PREVIOUS_COMMITMENT,Optimal,1,9.0885129000,4,0.0000000000,8174.9357924859,7930.0163158285,80790.6118513874,53733.0162544067,59381.3441157338,273.0031802835,418.2994387484,269.9793345988,148.3201041497,19,225.6459337793,1170.1755166802,55176.1949513704,15,40193.5293709129,7620.8258429692,1200.0000000000,10800.0000000000,5668.7569020000
2025-11-13,S3,SEQUENTIAL_PREVIOUS_COMMITMENT,Optimal,1,9.3608787000,4,0.0000000000,7930.0163158285,8116.6516911991,83078.7009515041,56567.5127336533,62867.6764779550,-470.4971979597,1766.9724342414,55.5745404343,1711.3978938071,7,304.4061480585,1434.2306969887,57531.2462326823,22,38289.8064202332,7653.2403174251,1200.0000000000,10800.0000000000,5668.7569020000
2025-11-14,S3,SEQUENTIAL_PREVIOUS_COMMITMENT,Optimal,1,9.4570677000,4,0.0000000000,8116.6516911991,8136.3114794193,37952.3997910578,17037.9142809484,19301.6611493778,31.0144405523,29.0112219903,29.0112219903,0.0000000000,4,104.3677887059,342.7233872416,17411.6521087423,11,33019.4402320633,6512.8343824811,1200.0000000000,10800.0000000000,5668.7569020000
2025-11-15,S3,SEQUENTIAL_PREVIOUS_COMMITMENT,Optimal,1,11.8521185000,4,0.0000000000,8136.3114794193,7975.2389981136,39174.6775669312,17580.7589910511,20133.6119851796,7.1941138368,111.0651241308,17.5354804641,93.5296436667,4,248.6551998745,787.6308942892,18375.5839991771,20,36397.7611034771,6825.7000109320,1200.0000000000,10800.0000000000,5668.7569020000
2025-11-16,S3,SEQUENTIAL_PREVIOUS_COMMITMENT,Optimal,1,9.8939533001,4,0.0000000000,7975.2389981136,8012.7785767348,83180.3007141394,56424.2404787156,60836.2499244600,-84.3735021157,422.9435812225,28.1587612043,394.7848200182,5,589.4988945784,2369.8796901152,58709.7466667151,25,40344.6512841935,7610.7673324960,1200.0000000000,10800.0000000000,5668.7569020000
2025-11-17,S3,SEQUENTIAL_PREVIOUS_COMMITMENT,Optimal,1,3.8978720000,4,0.0000000000,8012.7785767348,8459.5041316809,85200.9082897418,57540.8923786801,62382.3676244173,383.8632029425,974.7548695346,496.5377472559,478.2171222787,21,228.5068468707,834.4133574146,58759.1689390371,15,43263.3652390086,7712.6587300962,1200.0000000000,10800.0000000000,5668.7569020000
2025-11-18,S3,SEQUENTIAL_PREVIOUS_COMMITMENT,Optimal,1,7.4507245000,4,0.0000000000,8459.5041316809,7994.7937552568,82478.2543769212,56589.6107978670,61456.0351170628,354.2139950232,299.4064995407,256.6964457123,42.7100538284,7,434.5147371988,1768.8509336283,58712.6757265185,27,39526.5782373571,7296.8325547030,1200.0000000000,10800.0000000000,5668.7569020000
2025-11-19,S3,SEQUENTIAL_PREVIOUS_COMMITMENT,Optimal,1,7.4367045000,4,0.0000000000,7994.7937552568,7576.4791827575,82342.2438051605,56951.7184290039,62655.7439719335,1037.0853353316,850.0286124898,850.0286124898,0.0000000000,18,524.9144628479,2456.6793666625,60445.4831309980,21,40009.2602933075,7293.0929146490,1200.0000000000,10800.0000000000,5668.7569020000
2025-11-20,S3,SEQUENTIAL_PREVIOUS_COMMITMENT,Optimal,1,4.4106613000,4,0.0000000000,7576.4791827575,8442.8884932098,86056.6908700933,58488.8579102965,63291.6583089195,-51.9835451618,888.7145305266,146.7018892814,742.0126412453,9,239.9144741045,859.7804840990,59296.6548492337,20,41878.9648330758,7628.1802969755,1200.0000000000,10800.0000000000,5668.7569020000
2025-11-21,S3,SEQUENTIAL_PREVIOUS_COMMITMENT,Optimal,1,8.8871189000,4,0.0000000000,8442.8884932098,7704.4376683113,38955.0544178579,17369.7454716426,20014.1346687041,17.9758674604,87.9665125114,23.2109810262,64.7555314852,5,297.0558753870,671.6815472019,18059.4028863049,19,36692.6662952251,6833.8347106810,1200.0000000000,10800.0000000000,5668.7569020000
2025-11-22,S3,SEQUENTIAL_PREVIOUS_COMMITMENT,Optimal,1,8.8290530000,4,0.0000000000,7704.4376683113,8481.0174402908,43936.3237020648,19118.2374689947,22491.9663918418,-71.3153696346,822.8362236209,23.3321368681,799.5040867528,4,226.8087144556,798.2865013098,19845.2086006699,15,35497.6806916920,7146.9595624181,1200.0000000000,10800.0000000000,5668.7569020000
2025-11-23,S3,SEQUENTIAL_PREVIOUS_COMMITMENT,Optimal,1,11.3902035000,4,0.0000000000,8481.0174402908,8175.7448824014,85573.5417978211,59071.3258952408,64351.9958876339,-130.5851103274,736.7687920591,71.3093346422,665.4594574168,13,526.3224807697,2344.4533607857,61285.1941456991,21,40206.8720431135,7859.9481139591,1200.0000000000,10800.0000000000,5668.7569020000
2025-11-24,S3,SEQUENTIAL_PREVIOUS_COMMITMENT,Optimal,1,9.6939731000,4,0.0000000000,8175.7448824014,7619.2502531482,82759.0129619737,56393.5800231996,60613.8537816797,-236.7879923088,815.5299089384,19.3803149099,796.1495940285,9,521.5237116300,2250.5162592972,58407.3082901880,30,41043.1336879802,7611.8133597264,1200.0000000000,10800.0000000000,5668.7569020000
2025-11-25,S3,SEQUENTIAL_PREVIOUS_COMMITMENT,Optimal,1,10.4526315000,4,0.0000000000,7619.2502531482,8317.2500173519,87478.9584068313,59813.8311603871,64291.1341531875,-343.3416916495,1034.2544529274,0.0000000000,1034.2544529274,2,317.2006862170,1020.7799515029,60491.2694202405,20,39130.9988628554,7876.3531105475,1200.0000000000,10800.0000000000,5668.7569020000
2025-11-26,S3,SEQUENTIAL_PREVIOUS_COMMITMENT,Optimal,1,3.4898020000,4,0.0000000000,8317.2500173519,7740.1142224069,84958.1274127252,58810.7700965137,62630.8973361170,328.0079768185,594.1583190614,309.6581702295,284.5001488320,15,373.8240402496,1663.5265813062,60802.3046546384,19,40728.7609822912,7821.2002042633,1200.0000000000,10800.0000000000,5668.7569020000
2025-11-27,S3,SEQUENTIAL_PREVIOUS_COMMITMENT,Optimal,1,10.2319315000,4,0.0000000000,7740.1142224069,8110.4303069913,85766.3684447092,59353.7586451998,63805.7045342840,-249.1687612287,907.0176988974,29.6923128417,877.3253860557,10,276.7420621324,1192.5627084130,60297.1525923842,16,38516.7295771136,7728.1494344533,1200.0000000000,10800.0000000000,5668.7569020000
2025-11-28,S3,SEQUENTIAL_PREVIOUS_COMMITMENT,Optimal,1,9.2331665000,4,0.0000000000,8110.4303069913,8105.3139494124,41898.9729230391,18562.0014498435,22014.6868688969,-18.2401566535,292.1618229816,17.9970992348,274.1647237468,3,223.2926567888,722.5912990511,19266.3525922411,17,33285.8054292780,7478.1011250034,1200.0000000000,10800.0000000000,5668.7569020000
2025-11-29,S3,SEQUENTIAL_PREVIOUS_COMMITMENT,Optimal,1,9.6519232000,4,0.0000000000,8105.3139494124,8100.1196491906,43843.8151952760,19238.2056911204,22861.5802221126,248.9629225870,384.7322584178,384.7322584178,0.0000000000,5,159.8704231980,383.1928160147,19870.3614297221,12,37412.3383627259,7492.2854267064,1200.0000000000,10800.0000000000,5668.7569020000
2025-11-30,S3,SEQUENTIAL_PREVIOUS_COMMITMENT,Optimal,1,4.9049189000,4,0.0000000000,8100.1196491906,7797.9429616794,86732.8122826968,60604.4980125819,65350.3962570458,988.8310370824,667.2012307464,667.2012307464,0.0000000000,21,553.1968192596,2610.1928582678,64203.5219079321,32,41599.5931037295,7973.6163808931,1200.0000000000,10800.0000000000,5668.7569020000
2025-12-01,S3,SEQUENTIAL_PREVIOUS_COMMITMENT,Optimal,1,6.5349402000,4,0.0000000000,7797.9429616794,7869.8996007849,88398.7728171379,65070.9281027090,69247.8435933427,310.4961887271,192.8142185326,192.8142185326,0.0000000000,9,4085.1560193710,18499.7411379423,83881.1654293784,87,43635.3893487145,7695.2173521725,1200.0000000000,10800.0000000000,5668.7569020000
2025-12-02,S3,SEQUENTIAL_PREVIOUS_COMMITMENT,Optimal,1,6.5446283000,4,0.0000000000,7869.8996007849,8628.5832497248,91282.8558395891,67585.9965780479,74165.8819687851,227.9456178107,158.1857948961,158.1857948961,0.0000000000,13,4459.5385502714,22224.8890417447,90038.8312376033,90,47084.7808346222,7977.4248476955,1200.0000000000,10800.0000000000,5668.7569020000
2025-12-03,S3,SEQUENTIAL_PREVIOUS_COMMITMENT,Optimal,1,6.1724249000,4,0.0000000000,8628.5832497248,7636.7510332501,87252.2382494178,65095.5030834871,69684.4073289665,1328.2739359572,1003.2210430039,1003.2210430039,0.0000000000,23,3907.4724563088,16203.3810861707,82627.1581056149,93,44523.6521727623,7912.1558040000,1200.0000000000,10800.0000000000,5668.7569020000
2025-12-04,S3,SEQUENTIAL_PREVIOUS_COMMITMENT,Optimal,1,8.6558316000,4,0.0000000000,7636.7510332501,7589.8974658861,88947.2006272495,65624.8427732741,70089.5439997167,-1.5555076666,32.0921368388,3.6964354140,28.3957014248,4,4274.0579873327,18705.5488133907,84328.8360789983,82,44662.5611449891,7886.5873368178,1200.0000000000,10800.0000000000,5668.7569020000
2025-12-05,S3,SEQUENTIAL_PREVIOUS_COMMITMENT,Optimal,1,8.0512459000,4,0.0000000000,7589.8974658861,8075.7541402156,45847.0243295515,21376.3719850239,24203.7242505789,72.7666935312,84.7789810908,81.0450498097,3.7339312811,4,2394.3514024770,7308.3971337860,28757.5358123412,72,36447.3512056032,7392.3484231390,1200.0000000000,10800.0000000000,5668.7569020000
2025-12-06,S3,SEQUENTIAL_PREVIOUS_COMMITMENT,Optimal,1,9.7716990000,4,0.0000000000,8075.7541402156,8629.2325120895,47958.2267192681,23249.5598638240,26891.3391822379,8.8795245778,7.0510545815,7.0510545815,0.0000000000,2,3011.7450634378,8697.7860657583,31956.2254541601,72,37183.3812789288,7479.7384035940,1200.0000000000,10800.0000000000,5668.7569020000
2025-12-07,S3,SEQUENTIAL_PREVIOUS_COMMITMENT,Optimal,1,7.0090703000,4,0.0000000000,8629.2325120895,7818.1112671915,91198.9121301860,68201.8274756195,74671.3880480927,-75.4550930693,226.6020457956,0.0000000000,226.6020457956,8,2687.5558528210,11126.6489873895,79253.0213699398,75,44670.5679420819,7976.7864231620,1200.0000000000,10800.0000000000,5668.7569020000
2025-12-08,S3,SEQUENTIAL_PREVIOUS_COMMITMENT,Optimal,1,6.1837886000,4,0.0000000000,7818.1112671915,7859.9182936088,99186.9921477040,75015.0845812131,80132.8099762312,-53.5740474602,941.0448230621,211.7784878171,729.2663352451,10,207.2627185389,1073.5793558964,76035.0898896492,13,42203.6078138958,8027.6488949159,1200.0000000000,10800.0000000000,5668.7569020000
2025-12-09,S3,SEQUENTIAL_PREVIOUS_COMMITMENT,Optimal,1,9.2232570000,4,0.0000000000,7859.9182936088,7662.4604229652,98767.8882266251,73677.0516343840,78464.2316430123,-161.9482035294,422.5555548427,2.6308163303,419.9247385124,8,365.3738258363,1845.2723298558,75360.3757607104,20,43148.7148138443,7909.4100485884,1200.0000000000,10800.0000000000,5668.7569020000
2025-12-10,S3,SEQUENTIAL_PREVIOUS_COMMITMENT,Optimal,1,6.3967418000,4,0.0000000000,7662.4604229652,8463.5299633980,100606.5084549917,76175.6696818896,82790.0843337597,-143.3021026125,514.6306841674,42.6372267309,471.9934574365,5,210.0861289602,989.7398975666,77022.1074768437,13,42420.3700475127,8183.1606110530,1200.0000000000,10800.0000000000,5668.7569020000
2025-12-11,S3,SEQUENTIAL_PREVIOUS_COMMITMENT,Optimal,1,8.7610832000,4,0.0000000000,8463.5299633980,7643.3825108978,97975.4822677098,72924.5922409188,77630.3883205169,-532.5330485729,1139.7662708761,0.0000000000,1139.7662708761,12,130.8829655301,508.0616214646,72900.1208138104,9,40206.9370603811,8028.8648827593,1200.0000000000,10800.0000000000,5668.7569020000
2025-12-12,S3,SEQUENTIAL_PREVIOUS_COMMITMENT,Optimal,1,10.2308439000,4,0.0000000000,7643.3825108978,8368.3664634338,54769.1276955195,26219.6557366850,30178.2107502228,293.7207667446,330.1917342846,330.1917342846,0.0000000000,9,180.2032235399,630.2873912092,27143.6638946389,15,38477.5462615590,7235.8814404516,1200.0000000000,10800.0000000000,5668.7569020000
2025-12-13,S3,SEQUENTIAL_PREVIOUS_COMMITMENT,Optimal,1,9.3155352999,4,0.0000000000,8368.3664634338,8112.7146435293,54738.5326608662,26560.2741168621,30029.2314773765,-115.6835893123,548.5152596534,22.1596892644,526.3555703890,6,217.2990456396,990.8010029974,27435.3915305472,13,37744.2538219572,7254.6891069481,1200.0000000000,10800.0000000000,5668.7569020000
2025-12-14,S3,SEQUENTIAL_PREVIOUS_COMMITMENT,Optimal,1,5.7173017000,4,0.0000000000,8112.7146435293,8523.7003792769,100540.3836424471,76565.7236518551,82102.9867926236,154.2725882258,141.9216891094,141.9216891094,0.0000000000,5,210.3284184412,1109.0782082088,77829.0744482897,15,46903.7043832086,7905.3084302329,1200.0000000000,10800.0000000000,5668.7569020000
2025-12-15,S3,SEQUENTIAL_PREVIOUS_COMMITMENT,Optimal,1,9.2967131000,4,0.0000000000,8523.7003792769,7891.7921834091,96638.6385350274,73529.6975860051,78396.1233506618,564.7314235092,425.4428772489,425.4428772489,0.0000000000,14,309.1229468540,1438.4015892170,75532.8305987313,20,42427.9754487415,7934.6512233560,1200.0000000000,10800.0000000000,5668.7569020000
2025-12-16,S3,SEQUENTIAL_PREVIOUS_COMMITMENT,Optimal,1,7.8673173000,4,0.0000000000,7891.7921834091,7619.0683899973,98613.5250315177,74733.2589704353,79521.3936314017,-18.7816430359,43.4283681284,0.0000000000,43.4283681284,2,197.5387625846,792.2712132951,75506.7485406945,23,44650.3186524247,7908.6267123992,1200.0000000000,10800.0000000000,5668.7569020000
2025-12-17,S3,SEQUENTIAL_PREVIOUS_COMMITMENT,Optimal,1,8.3384316000,4,0.0000000000,7619.0683899973,7939.7716357486,100314.5271310627,75861.3997356220,81439.7341431303,-416.2768251678,968.3548354109,0.0000000000,968.3548354109,8,410.6485559021,1906.3451007812,77351.4680112354,18,41663.9458005761,8164.0228696395,1200.0000000000,10800.0000000000,5668.7569020000
2025-12-18,S3,SEQUENTIAL_PREVIOUS_COMMITMENT,Optimal,1,8.5064764000,4,0.0000000000,7939.7716357486,8002.0291146680,98794.0278196214,73994.7054781613,78942.7402989528,-237.5453991301,612.1104755557,1.0510025118,611.0594730439,11,476.9599223441,1909.8098764014,75666.9699554327,20,44096.3300412375,8037.5565019270,1200.0000000000,10800.0000000000,5668.7569020000
2025-12-19,S3,SEQUENTIAL_PREVIOUS_COMMITMENT,Optimal,1,10.7692634000,4,0.0000000000,8002.0291146680,8671.9654192892,56436.4660580037,26783.4773713916,30837.9444030759,-327.4218813847,1392.9373643866,46.1854476396,1346.7519167470,6,65.5223129172,184.4337765881,26640.4892665950,5,38315.9657282790,7719.7053360443,1200.0000000000,10800.0000000000,5668.7569020000
2025-12-20,S3,SEQUENTIAL_PREVIOUS_COMMITMENT,Optimal,1,8.8435051000,4,0.0000000000,8671.9654192892,8479.2061824497,54308.0780705948,26392.3746452092,30192.3694782503,-84.2655873886,363.4149767410,8.4655771379,354.9493996031,2,179.6401073178,560.4471486859,26868.5562065065,18,38469.9947776461,7482.2046823854,1200.0000000000,10800.0000000000,5668.7569020000
2025-12-21,S3,SEQUENTIAL_PREVIOUS_COMMITMENT,Optimal,1,5.3400703000,4,0.0000000000,8479.2061824497,7872.4914835579,98768.3781512176,74974.6649328297,79037.7775754406,-34.5127992184,92.9593217014,0.0000000000,92.9593217014,5,607.4999242229,2343.2214738294,77283.3736074407,23,43126.9646033630,8100.3615089485,1200.0000000000,10800.0000000000,5668.7569020000
2025-12-22,S3,SEQUENTIAL_PREVIOUS_COMMITMENT,Optimal,1,6.3013421000,4,0.0000000000,7872.4914835579,8437.0127244822,100468.7953765673,76480.8047937626,82290.1887569619,-12.5617289494,127.3074982791,16.6254396593,110.6820586198,3,278.9417293928,916.5225846897,77384.7656495030,23,45097.4278623598,8091.3690190467,1200.0000000000,10800.0000000000,5668.7569020000
2025-12-23,S3,SEQUENTIAL_PREVIOUS_COMMITMENT,Optimal,1,7.8722088000,4,0.0000000000,8437.0127244822,8486.6517622833,100387.9986076517,75704.0073352828,80742.1601932661,-465.5125241686,1063.7663936641,0.0000000000,1063.7663936641,7,85.4800569085,258.4449231649,75496.9397342791,10,46309.7380193476,8134.4851996112,1200.0000000000,10800.0000000000,5668.7569020000
2025-12-24,S3,SEQUENTIAL_PREVIOUS_COMMITMENT,Optimal,1,6.1145508000,4,0.0000000000,8486.6517622833,8504.3969419083,99743.3260004510,75077.5268540057,80394.7186500142,-153.2026044906,384.0042804444,0.0000000000,384.0042804444,3,134.0714768862,563.1364970515,75487.4607465665,15,42622.8936628869,8143.6523482067,1200.0000000000,10800.0000000000,5668.7569020000
2025-12-25,S3,SEQUENTIAL_PREVIOUS_COMMITMENT,Optimal,1,7.5276003000,4,0.0000000000,8504.3969419083,8200.5755670451,98344.0030349627,74133.6483202966,78271.8254706905,-20.6510282512,52.1470525926,0.0000000000,52.1470525926,2,568.0733477393,2397.5020406761,76510.4993327215,27,45220.5691422293,8065.4561379498,1200.0000000000,10800.0000000000,5668.7569020000
2025-12-26,S3,SEQUENTIAL_PREVIOUS_COMMITMENT,Optimal,1,8.9035397000,4,0.0000000000,8200.5755670451,7871.1448617739,53224.4424386738,25578.6848319653,28584.3952760974,-26.5736627821,105.7918646512,2.6643401271,103.1275245241,3,269.5866322427,903.5824439462,26455.6936131294,18,39261.1588446373,7083.4251373648,1200.0000000000,10800.0000000000,5668.7569020000
2025-12-27,S3,SEQUENTIAL_PREVIOUS_COMMITMENT,Optimal,1,9.8277010000,4,0.0000000000,7871.1448617739,7638.8007969954,53267.9464562356,24571.4201476998,28136.9494799654,-63.0776317089,361.5075993663,15.1703040295,346.3372953367,3,273.0963583516,969.5697285225,25477.9122445135,22,42958.2731845715,7349.0320021008,1200.0000000000,10800.0000000000,5668.7569020000
2025-12-28,S3,SEQUENTIAL_PREVIOUS_COMMITMENT,Optimal,1,8.9782948000,4,0.0000000000,7638.8007969954,8375.7059594938,100834.7543921656,75576.6170206963,80934.7175649982,-510.2987723714,1009.2022902140,8.7901614739,1000.4121287401,11,345.4340943359,1372.0556928224,76438.3739411473,20,42811.3752292446,7962.1000618967,1200.0000000000,10800.0000000000,5668.7569020000
2025-12-29,S3,SEQUENTIAL_PREVIOUS_COMMITMENT,Optimal,1,7.7882202000,4,0.0000000000,8375.7059594938,7652.5065713882,97709.2878332504,73437.2536004467,79315.0915131689,47.7978703680,48.5984462300,48.5984462300,0.0000000000,4,220.0922940005,830.7228904938,74315.7743613085,15,41497.9819109170,8103.4491382813,1200.0000000000,10800.0000000000,5668.7569020000
2025-12-30,S3,SEQUENTIAL_PREVIOUS_COMMITMENT,Optimal,1,7.8632155000,4,0.0000000000,7652.5065713882,7991.9292564084,98673.6277239728,73026.7439094540,78239.3972396127,-489.9287018702,1100.9263953615,8.6785184835,1092.2478768780,17,236.4297195322,852.5168939161,73389.3321014999,18,43376.4536679469,7833.1668900953,1200.0000000000,10800.0000000000,5668.7569020000
2025-12-31,S3,SEQUENTIAL_PREVIOUS_COMMITMENT,Optimal,1,6.6525354000,4,0.0000000000,7991.9292564084,7761.9847329769,98713.0269606657,74463.3343818148,78844.9972126612,0.0000000000,0.0000000000,0.0000000000,0.0000000000,0,412.3947837703,1276.0271754676,75739.3615572824,24,42866.9546649334,8110.8988487440,1200.0000000000,10800.0000000000,5668.7569020000
