slot,interval_start,interval_end,price_yuan_per_kwh,load_kw,pv_forecast_kw,grid_purchase_kw,charge_kw,discharge_kw,spill_kw,storage_start_kwh,storage_end_kwh,grid_purchase_kwh,charge_kwh,discharge_kwh,spill_kwh,case_id
1,00:00,00:10,0.4248,3439.8466,0,8439.8466,5000,0,0,6000,6666.6667,1406.6411,833.3333333,0,0,efficiency_0.8
2,00:10,00:20,0.4245,3437.9792,0,8437.9792,5000,0,0,6666.6667,7333.3333,1406.329867,833.3333333,0,0,efficiency_0.8
3,00:20,00:30,0.4269,3444.3031,0,8444.3031,5000,0,0,7333.3333,8000,1407.38385,833.3333333,0,0,efficiency_0.8
4,00:30,00:40,0.4272,3454.4437,0,8454.4437,5000,0,0,8000,8666.6667,1409.07395,833.3333333,0,0,efficiency_0.8
5,00:40,00:50,0.4271,3458.8273,0,8458.8273,5000,0,0,8666.6667,9333.3333,1409.80455,833.3333333,0,0,efficiency_0.8
6,00:50,01:00,0.4285,3459.8401,0,4459.8401,1000,0,0,9333.3333,9466.6667,743.3066833,166.6666667,0,0,efficiency_0.8
7,01:00,01:10,0.4311,3467.1582,0,3467.1582,0,0,0,9466.6667,9466.6667,577.8597,0,0,0,efficiency_0.8
8,01:10,01:20,0.4302,3467.9632,0,3467.9632,0,0,0,9466.6667,9466.6667,577.9938667,0,0,0,efficiency_0.8
9,01:20,01:30,0.4279,3466.9683,0,8466.9683,5000,0,0,9466.6667,10133.333,1411.161383,833.3333333,0,0,efficiency_0.8
10,01:30,01:40,0.4312,3482.4927,0,3482.4927,0,0,0,10133.333,10133.333,580.41545,0,0,0,efficiency_0.8
11,01:40,01:50,0.4333,3495.0841,0,3495.0841,0,0,0,10133.333,10133.333,582.5140167,0,0,0,efficiency_0.8
12,01:50,02:00,0.4311,3498.4443,0,3498.4443,0,0,0,10133.333,10133.333,583.07405,0,0,0,efficiency_0.8
13,02:00,02:10,0.4293,3505.2295,0,3505.2295,0,0,0,10133.333,10133.333,584.2049167,0,0,0,efficiency_0.8
14,02:10,02:20,0.4324,3512.6387,0,3512.6387,0,0,0,10133.333,10133.333,585.4397833,0,0,0,efficiency_0.8
15,02:20,02:30,0.4367,3516.8685,0,3516.8685,0,0,0,10133.333,10133.333,586.14475,0,0,0,efficiency_0.8
16,02:30,02:40,0.4348,3517.9246,0,3517.9246,0,0,0,10133.333,10133.333,586.3207667,0,0,0,efficiency_0.8
17,02:40,02:50,0.4335,3518.5518,0,3518.5518,0,0,0,10133.333,10133.333,586.4253,0,0,0,efficiency_0.8
18,02:50,03:00,0.4357,3521.0976,0,3521.0976,0,0,0,10133.333,10133.333,586.8496,0,0,0,efficiency_0.8
19,03:00,03:10,0.4374,3526.9261,0,3526.9261,0,0,0,10133.333,10133.333,587.8210167,0,0,0,efficiency_0.8
20,03:10,03:20,0.4371,3537.2854,0,3537.2854,0,0,0,10133.333,10133.333,589.5475667,0,0,0,efficiency_0.8
21,03:20,03:30,0.4356,3544.8808,0,3544.8808,0,0,0,10133.333,10133.333,590.8134667,0,0,0,efficiency_0.8
22,03:30,03:40,0.4353,3541.2787,0,3541.2787,0,0,0,10133.333,10133.333,590.2131167,0,0,0,efficiency_0.8
23,03:40,03:50,0.436,3546.3976,0,3546.3976,0,0,0,10133.333,10133.333,591.0662667,0,0,0,efficiency_0.8
24,03:50,04:00,0.4378,3560.207,0,3560.207,0,0,0,10133.333,10133.333,593.3678333,0,0,0,efficiency_0.8
25,04:00,04:10,0.4401,3561.9581,0,3561.9581,0,0,0,10133.333,10133.333,593.6596833,0,0,0,efficiency_0.8
26,04:10,04:20,0.4389,3556.7183,0,3556.7183,0,0,0,10133.333,10133.333,592.7863833,0,0,0,efficiency_0.8
27,04:20,04:30,0.4364,3560.0272,0,3560.0272,0,0,0,10133.333,10133.333,593.3378667,0,0,0,efficiency_0.8
28,04:30,04:40,0.4393,3580.654,0.5994,3580.0546,0,0,0,10133.333,10133.333,596.6757667,0,0,0,efficiency_0.8
29,04:40,04:50,0.4422,3586.916,0.2345,3586.6815,0,0,0,10133.333,10133.333,597.78025,0,0,0,efficiency_0.8
30,04:50,05:00,0.4395,3571.2635,0.2885,3570.975,0,0,0,10133.333,10133.333,595.1625,0,0,0,efficiency_0.8
31,05:00,05:10,0.4333,3562.3171,18.6781,3543.639,0,0,0,10133.333,10133.333,590.6065,0,0,0,efficiency_0.8
32,05:10,05:20,0.4439,3591.3809,54.4698,3536.9111,0,0,0,10133.333,10133.333,589.4851833,0,0,0,efficiency_0.8
33,05:20,05:30,0.4301,3579.7045,108.9718,3470.7327,0,0,0,10133.333,10133.333,578.45545,0,0,0,efficiency_0.8
34,05:30,05:40,0.3713,3486.119,184.1603,8301.9587,5000,0,0,10133.333,10800,1383.659783,833.3333333,0,0,efficiency_0.8
35,05:40,05:50,0.5708,3823.8994,277.0582,3546.8412,0,0,0,10800,10800,591.1402,0,0,0,efficiency_0.8
36,05:50,06:00,0.9099,4398.0727,388.5494,0,0,4009.5233,0,10800,9964.6826,0,0,668.2538833,0,efficiency_0.8
37,06:00,06:10,0.9368,4454.0123,521.2803,0,0,3932.732,0,9964.6826,9145.3635,0,0,655.4553333,0,efficiency_0.8
38,06:10,06:20,0.8758,4371.7919,672.7677,0,0,3699.0242,0,9145.3635,8374.7334,0,0,616.5040333,0,efficiency_0.8
39,06:20,06:30,0.8759,4392.953,844.2261,0,0,3548.7269,0,8374.7334,7635.4153,0,0,591.4544833,0,efficiency_0.8
40,06:30,06:40,0.8601,4384.5956,1039.6744,0,0,3344.9212,0,7635.4153,6938.5568,0,0,557.4868667,0,efficiency_0.8
41,06:40,06:50,0.8442,4434.7757,1259.3375,0,0,3175.4382,0,6938.5568,6277.0071,0,0,529.2397,0,efficiency_0.8
42,06:50,07:00,0.8334,4523.4561,1508.6318,0,0,3014.8243,0,6277.0071,5648.9187,0,0,502.4707167,0,efficiency_0.8
43,07:00,07:10,0.8092,4524.0721,1791.4107,0,0,2732.6614,0,5648.9187,5079.6143,0,0,455.4435667,0,efficiency_0.8
44,07:10,07:20,0.7972,4545.8867,2085.4865,0,0,2460.4002,0,5079.6143,4567.0309,0,0,410.0667,0,efficiency_0.8
45,07:20,07:30,0.7644,4523.2418,2381.2611,2141.9807,0,0,0,4567.0309,4567.0309,356.9967833,0,0,0,efficiency_0.8
46,07:30,07:40,0.6899,4383.3566,2683.1752,1700.1814,0,0,0,4567.0309,4567.0309,283.3635667,0,0,0,efficiency_0.8
47,07:40,07:50,0.86,4910.4599,2986.3552,0,0,1924.1047,0,4567.0309,4166.1758,0,0,320.6841167,0,efficiency_0.8
48,07:50,08:00,1.1617,5799.7327,3289.204,0,0,2510.5287,0,4166.1758,3643.1489,0,0,418.42145,0,efficiency_0.8
49,08:00,08:10,1.1683,5884.826,3593.3613,0,0,2291.4647,0,3643.1489,3165.7605,0,0,381.9107833,0,efficiency_0.8
50,08:10,08:20,1.0956,5748.0713,3890.7332,0,0,1857.3381,0,3165.7605,2778.815,0,0,309.55635,0,efficiency_0.8
51,08:20,08:30,1.0849,5769.0581,4181.3417,0,0,1587.7164,0,2778.815,2448.0408,0,0,264.6194,0,efficiency_0.8
52,08:30,08:40,1.061,5754.2105,4471.7657,0,0,1282.4448,0,2448.0408,2180.8648,0,0,213.7408,0,efficiency_0.8
53,08:40,08:50,1.043,5824.1807,4752.8272,0,0,1071.3535,0,2180.8648,1957.6661,0,0,178.5589167,0,efficiency_0.8
54,08:50,09:00,1.036,5954.2601,5021.9074,0,0,932.3527,0,1957.6661,1763.426,0,0,155.3921167,0,efficiency_0.8
55,09:00,09:10,1.0147,5958.9696,5285.4126,0,0,673.557,0,1763.426,1623.1016,0,0,112.2595,0,efficiency_0.8
56,09:10,09:20,0.9922,5929.5554,5543.1742,0,0,386.3812,0,1623.1016,1542.6055,0,0,64.39686667,0,efficiency_0.8
57,09:20,09:30,0.97,5923.7828,5788.4093,0,0,135.3735,0,1542.6055,1514.4027,0,0,22.56225,0,efficiency_0.8
58,09:30,09:40,0.9422,5907.586,6012.1304,0,104.5444,0,0,1514.4027,1528.342,0,17.42406667,0,0,efficiency_0.8
59,09:40,09:50,0.9569,5899.1262,6216.1528,0,317.0266,0,0,1528.342,1570.6122,0,52.83776667,0,0,efficiency_0.8
60,09:50,10:00,0.9977,5902.2196,6409.5941,0,507.3745,0,0,1570.6122,1638.2621,0,84.56241667,0,0,efficiency_0.8
61,10:00,10:10,0.9919,5897.4793,6599.3808,0,701.9015,0,0,1638.2621,1731.849,0,116.9835833,0,0,efficiency_0.8
62,10:10,10:20,0.9588,5886.7568,6766.7204,0,879.9636,0,0,1731.849,1849.1775,0,146.6606,0,0,efficiency_0.8
63,10:20,10:30,0.9549,5873.4708,6914.5923,0,1041.1215,0,0,1849.1775,1987.9937,0,173.52025,0,0,efficiency_0.8
64,10:30,10:40,0.9839,5858.0308,7064.2053,0,1206.1745,0,0,1987.9937,2148.8169,0,201.0290833,0,0,efficiency_0.8
65,10:40,10:50,0.799,5844.9948,7197.4315,0,1352.4367,0,0,2148.8169,2329.1418,0,225.4061167,0,0,efficiency_0.8
66,10:50,11:00,0.5025,5839.0587,7303.1142,1025.9949,2490.0504,0,0,2329.1418,2661.1485,170.99915,415.0084,0,0,efficiency_0.8
67,11:00,11:10,0.4662,5838.7103,7387.6848,3451.0255,5000,0,0,2661.1485,3327.8152,575.1709167,833.3333333,0,0,efficiency_0.8
68,11:10,11:20,0.5007,5823.4378,7459.227,3364.2108,5000,0,0,3327.8152,3994.4819,560.7018,833.3333333,0,0,efficiency_0.8
69,11:20,11:30,0.4827,5814.7932,7520.7191,3294.0741,5000,0,0,3994.4819,4661.1485,549.01235,833.3333333,0,0,efficiency_0.8
70,11:30,11:40,0.4785,5832.3951,7568.2039,3264.1912,5000,0,0,4661.1485,5327.8152,544.0318667,833.3333333,0,0,efficiency_0.8
71,11:40,11:50,0.4662,5712.901,7592.1539,3120.7471,5000,0,0,5327.8152,5994.4819,520.1245167,833.3333333,0,0,efficiency_0.8
72,11:50,12:00,0.4432,5519.4607,7601.0433,2918.4174,5000,0,0,5994.4819,6661.1485,486.4029,833.3333333,0,0,efficiency_0.8
73,12:00,12:10,0.4411,5494.7907,7612.316,2882.4747,5000,0,0,6661.1485,7327.8152,480.41245,833.3333333,0,0,efficiency_0.8
74,12:10,12:20,0.4551,5514.4524,7602.6524,2911.8,5000,0,0,7327.8152,7994.4819,485.3,833.3333333,0,0,efficiency_0.8
75,12:20,12:30,0.4463,5485.829,7554.1872,2931.6418,5000,0,0,7994.4819,8661.1485,488.6069667,833.3333333,0,0,efficiency_0.8
76,12:30,12:40,0.4113,5462.3628,7472.7384,2989.6244,5000,0,0,8661.1485,9327.8152,498.2707333,833.3333333,0,0,efficiency_0.8
77,12:40,12:50,0.5682,5566.1066,7393.4172,0,1827.3106,0,0,9327.8152,9571.4566,0,304.5517667,0,0,efficiency_0.8
78,12:50,13:00,0.8279,5725.7548,7312.7979,0,1587.0431,0,0,9571.4566,9783.0624,0,264.5071833,0,0,efficiency_0.8
79,13:00,13:10,0.8636,5739.4957,7194.541,0,1455.0453,0,0,9783.0624,9977.0684,0,242.50755,0,0,efficiency_0.8
80,13:10,13:20,0.8416,5714.6836,7053.1371,0,1338.4535,0,0,9977.0684,10155.529,0,223.0755833,0,0,efficiency_0.8
81,13:20,13:30,0.8618,5717.8505,6910.4064,0,1192.5559,0,0,10155.529,10314.536,0,198.7593167,0,0,efficiency_0.8
82,13:30,13:40,0.8623,5708.2486,6772.4075,0,1064.1589,0,0,10314.536,10456.424,0,177.3598167,0,0,efficiency_0.8
83,13:40,13:50,0.9026,5696.9182,6607.36,0,910.4418,0,0,10456.424,10577.816,0,151.7403,0,0,efficiency_0.8
84,13:50,14:00,0.9754,5692.2983,6412.5085,0,720.2102,0,0,10577.816,10673.844,0,120.0350333,0,0,efficiency_0.8
85,14:00,14:10,1.0002,5687.1291,6214.0158,0,526.8867,0,0,10673.844,10744.096,0,87.81445,0,0,efficiency_0.8
86,14:10,14:20,0.9978,5678.962,6000.7112,0,321.7492,0,0,10744.096,10786.996,0,53.62486667,0,0,efficiency_0.8
87,14:20,14:30,1.0271,5669.4508,5766.9816,0,97.5308,0,0,10786.996,10800,0,16.25513333,0,0,efficiency_0.8
88,14:30,14:40,1.0906,5664.1948,5521.5066,0,0,142.6882,0,10800,10770.273,0,0,23.78136667,0,efficiency_0.8
89,14:40,14:50,0.9376,5672.7011,5268.781,403.9201,0,0,0,10770.273,10770.273,67.32001667,0,0,0,efficiency_0.8
90,14:50,15:00,0.6694,5682.2544,5009.7152,672.5392,0,0,0,10770.273,10770.273,112.0898667,0,0,0,efficiency_0.8
91,15:00,15:10,0.66,5669.0195,4743.4484,1148.5214,222.95031,0,0,10770.273,10800,191.4202333,37.158385,0,0,efficiency_0.8
92,15:10,15:20,0.7217,5656.3651,4471.224,1185.1411,0,0,0,10800,10800,197.5235167,0,0,0,efficiency_0.8
93,15:20,15:30,0.7308,5657.0867,4188.2025,1468.8842,0,0,0,10800,10800,244.8140333,0,0,0,efficiency_0.8
94,15:30,15:40,0.7534,5662.6008,3889.3931,1773.2077,0,0,0,10800,10800,295.5346167,0,0,0,efficiency_0.8
95,15:40,15:50,0.7823,5669.2596,3594.5946,2074.665,0,0,0,10800,10800,345.7775,0,0,0,efficiency_0.8
96,15:50,16:00,0.8055,5673.4767,3303.8878,2369.5889,0,0,0,10800,10800,394.9314833,0,0,0,efficiency_0.8
97,16:00,16:10,0.8271,5671.0146,2998.4247,2672.5899,0,0,0,10800,10800,445.43165,0,0,0,efficiency_0.8
98,16:10,16:20,0.8519,5661.5926,2687.4131,2974.1795,0,0,0,10800,10800,495.6965833,0,0,0,efficiency_0.8
99,16:20,16:30,0.8791,5665.8922,2383.1779,3282.7143,0,0,0,10800,10800,547.11905,0,0,0,efficiency_0.8
100,16:30,16:40,0.9024,5689.0372,2089.1246,3599.9126,0,0,0,10800,10800,599.9854333,0,0,0,efficiency_0.8
101,16:40,16:50,0.9163,5603.6614,1791.0829,3812.5785,0,0,0,10800,10800,635.42975,0,0,0,efficiency_0.8
102,16:50,17:00,0.9264,5466.7124,1501.7283,3964.9841,0,0,0,10800,10800,660.8306833,0,0,0,efficiency_0.8
103,17:00,17:10,0.9462,5467.3939,1255.1723,4212.2216,0,0,0,10800,10800,702.0369333,0,0,0,efficiency_0.8
104,17:10,17:20,0.9742,5464.727,1036.3323,4428.3947,0,0,0,10800,10800,738.0657833,0,0,0,efficiency_0.8
105,17:20,17:30,0.9862,5492.4458,836.7775,4655.6683,0,0,0,10800,10800,775.9447167,0,0,0,efficiency_0.8
106,17:30,17:40,0.976,5621.7308,665.2313,4956.4995,0,0,0,10800,10800,826.08325,0,0,0,efficiency_0.8
107,17:40,17:50,1.0742,5091.2126,516.6758,4574.5368,0,0,0,10800,10800,762.4228,0,0,0,efficiency_0.8
108,17:50,18:00,1.2313,4208.5688,386.6731,3821.8957,0,0,0,10800,10800,636.9826167,0,0,0,efficiency_0.8
109,18:00,18:10,1.2561,4122.7611,275.7933,3846.9678,0,0,0,10800,10800,641.1613,0,0,0,efficiency_0.8
110,18:10,18:20,1.2447,4255.9358,182.9526,4072.9832,0,0,0,10800,10800,678.8305333,0,0,0,efficiency_0.8
111,18:20,18:30,1.2545,4225.9524,108.3414,4117.611,0,0,0,10800,10800,686.2685,0,0,0,efficiency_0.8
112,18:30,18:40,1.2522,4233.3384,54.3121,4179.0263,0,0,0,10800,10800,696.5043833,0,0,0,efficiency_0.8
113,18:40,18:50,1.2881,4246.4625,18.6569,4227.8056,0,0,0,10800,10800,704.6342667,0,0,0,efficiency_0.8
114,18:50,19:00,1.3466,4239.1795,0.2753,0,0,4238.9042,0,10800,9916.895,0,0,706.4840333,0,efficiency_0.8
115,19:00,19:10,1.3523,4244.6684,0.2296,0,0,4244.4388,0,9916.895,9032.6369,0,0,707.4064667,0,efficiency_0.8
116,19:10,19:20,1.3445,4251.9187,0.6007,0,0,4251.318,0,9032.6369,8146.9456,0,0,708.553,0,efficiency_0.8
117,19:20,19:30,1.3483,4256.6813,0,0,0,4256.6813,0,8146.9456,7260.137,0,0,709.4468833,0,efficiency_0.8
118,19:30,19:40,1.349,4267.3947,0,0,0,4267.3947,0,7260.137,6371.0965,0,0,711.23245,0,efficiency_0.8
119,19:40,19:50,1.3473,4269.975,0,0,0,4269.975,0,6371.0965,5481.5183,0,0,711.6625,0,efficiency_0.8
120,19:50,20:00,1.3482,4268.6702,0,0,0,4268.6702,0,5481.5183,4592.212,0,0,711.4450333,0,efficiency_0.8
121,20:00,20:10,1.3513,4282.2245,0,0,0,4282.2245,0,4592.212,3700.0819,0,0,713.7040833,0,efficiency_0.8
122,20:10,20:20,1.34,4291.7049,0,876.5909,0,3415.114,0,3700.0819,2988.5999,146.0984833,0,569.1856667,0,efficiency_0.8
123,20:20,20:30,1.3489,4291.3611,0,0,0,4291.3611,0,2988.5999,2094.5663,0,0,715.22685,0,efficiency_0.8
124,20:30,20:40,1.3952,4293.9182,0,0,0,4293.9182,0,2094.5663,1200,0,0,715.6530333,0,efficiency_0.8
125,20:40,20:50,1.2226,4295.2135,0,4295.2135,0,0,0,1200,1200,715.8689167,0,0,0,efficiency_0.8
126,20:50,21:00,0.9332,4302.0307,0,4302.0307,0,0,0,1200,1200,717.0051167,0,0,0,efficiency_0.8
127,21:00,21:10,0.9068,4320.9618,0,4320.9618,0,0,0,1200,1200,720.1603,0,0,0,efficiency_0.8
128,21:10,21:20,0.9371,4302.3292,0,4302.3292,0,0,0,1200,1200,717.0548667,0,0,0,efficiency_0.8
129,21:20,21:30,0.9371,4322.6758,0,4322.6758,0,0,0,1200,1200,720.4459667,0,0,0,efficiency_0.8
130,21:30,21:40,0.9871,4428.8083,0,4428.8083,0,0,0,1200,1200,738.1347167,0,0,0,efficiency_0.8
131,21:40,21:50,0.7764,4030.1614,0,4030.1614,0,0,0,1200,1200,671.6935667,0,0,0,efficiency_0.8
132,21:50,22:00,0.4209,3362.7419,0,8362.7419,5000,0,0,1200,1866.6667,1393.790317,833.3333333,0,0,efficiency_0.8
133,22:00,22:10,0.3859,3309.3934,0,8309.3934,5000,0,0,1866.6667,2533.3333,1384.8989,833.3333333,0,0,efficiency_0.8
134,22:10,22:20,0.4368,3412.9563,0,3412.9563,0,0,0,2533.3333,2533.3333,568.82605,0,0,0,efficiency_0.8
135,22:20,22:30,0.4198,3381.9313,0,8381.9313,5000,0,0,2533.3333,3200,1396.98855,833.3333333,0,0,efficiency_0.8
136,22:30,22:40,0.4186,3386.5592,0,8386.5592,5000,0,0,3200,3866.6667,1397.759867,833.3333333,0,0,efficiency_0.8
137,22:40,22:50,0.4241,3400.4846,0,3400.4846,0,0,0,3866.6667,3866.6667,566.7474333,0,0,0,efficiency_0.8
138,22:50,23:00,0.4237,3399.2426,0,8399.2426,5000,0,0,3866.6667,4533.3333,1399.873767,833.3333333,0,0,efficiency_0.8
139,23:00,23:10,0.4248,3406.9809,0,3406.9809,0,0,0,4533.3333,4533.3333,567.83015,0,0,0,efficiency_0.8
140,23:10,23:20,0.424,3416.1518,0,8416.1518,5000,0,0,4533.3333,5200,1402.691967,833.3333333,0,0,efficiency_0.8
141,23:20,23:30,0.422,3421.9811,0,8421.9811,5000,0,0,5200,5866.6667,1403.663517,833.3333333,0,0,efficiency_0.8
142,23:30,23:40,0.424,3429.6923,0,4429.6923,1000,0,0,5866.6667,6000,738.28205,166.6666667,0,0,efficiency_0.8
143,23:40,23:50,0.4271,3439.061,0,3439.061,0,0,0,6000,6000,573.1768333,0,0,0,efficiency_0.8
144,23:50,24:00,0.4276,3444.7259,0,3444.7259,0,0,0,6000,6000,574.1209833,0,0,0,efficiency_0.8
1,00:00,00:10,0.4248,3439.8466,0,8439.8466,5000,0,0,6000,6708.3333,1406.6411,833.3333333,0,0,efficiency_0.85
2,00:10,00:20,0.4245,3437.9792,0,8437.9792,5000,0,0,6708.3333,7416.6667,1406.329867,833.3333333,0,0,efficiency_0.85
3,00:20,00:30,0.4269,3444.3031,0,8444.3031,5000,0,0,7416.6667,8125,1407.38385,833.3333333,0,0,efficiency_0.85
4,00:30,00:40,0.4272,3454.4437,0,8454.4437,5000,0,0,8125,8833.3333,1409.07395,833.3333333,0,0,efficiency_0.85
5,00:40,00:50,0.4271,3458.8273,0,8458.8273,5000,0,0,8833.3333,9541.6667,1409.80455,833.3333333,0,0,efficiency_0.85
6,00:50,01:00,0.4285,3459.8401,0,3459.8401,0,0,0,9541.6667,9541.6667,576.6400167,0,0,0,efficiency_0.85
7,01:00,01:10,0.4311,3467.1582,0,3467.1582,0,0,0,9541.6667,9541.6667,577.8597,0,0,0,efficiency_0.85
8,01:10,01:20,0.4302,3467.9632,0,3467.9632,0,0,0,9541.6667,9541.6667,577.9938667,0,0,0,efficiency_0.85
9,01:20,01:30,0.4279,3466.9683,0,7349.3212,3882.3529,0,0,9541.6667,10091.667,1224.886867,647.0588167,0,0,efficiency_0.85
10,01:30,01:40,0.4312,3482.4927,0,3482.4927,0,0,0,10091.667,10091.667,580.41545,0,0,0,efficiency_0.85
11,01:40,01:50,0.4333,3495.0841,0,3495.0841,0,0,0,10091.667,10091.667,582.5140167,0,0,0,efficiency_0.85
12,01:50,02:00,0.4311,3498.4443,0,3498.4443,0,0,0,10091.667,10091.667,583.07405,0,0,0,efficiency_0.85
13,02:00,02:10,0.4293,3505.2295,0,3505.2295,0,0,0,10091.667,10091.667,584.2049167,0,0,0,efficiency_0.85
14,02:10,02:20,0.4324,3512.6387,0,3512.6387,0,0,0,10091.667,10091.667,585.4397833,0,0,0,efficiency_0.85
15,02:20,02:30,0.4367,3516.8685,0,3516.8685,0,0,0,10091.667,10091.667,586.14475,0,0,0,efficiency_0.85
16,02:30,02:40,0.4348,3517.9246,0,3517.9246,0,0,0,10091.667,10091.667,586.3207667,0,0,0,efficiency_0.85
17,02:40,02:50,0.4335,3518.5518,0,3518.5518,0,0,0,10091.667,10091.667,586.4253,0,0,0,efficiency_0.85
18,02:50,03:00,0.4357,3521.0976,0,3521.0976,0,0,0,10091.667,10091.667,586.8496,0,0,0,efficiency_0.85
19,03:00,03:10,0.4374,3526.9261,0,3526.9261,0,0,0,10091.667,10091.667,587.8210167,0,0,0,efficiency_0.85
20,03:10,03:20,0.4371,3537.2854,0,3537.2854,0,0,0,10091.667,10091.667,589.5475667,0,0,0,efficiency_0.85
21,03:20,03:30,0.4356,3544.8808,0,3544.8808,0,0,0,10091.667,10091.667,590.8134667,0,0,0,efficiency_0.85
22,03:30,03:40,0.4353,3541.2787,0,3541.2787,0,0,0,10091.667,10091.667,590.2131167,0,0,0,efficiency_0.85
23,03:40,03:50,0.436,3546.3976,0,3546.3976,0,0,0,10091.667,10091.667,591.0662667,0,0,0,efficiency_0.85
24,03:50,04:00,0.4378,3560.207,0,3560.207,0,0,0,10091.667,10091.667,593.3678333,0,0,0,efficiency_0.85
25,04:00,04:10,0.4401,3561.9581,0,3561.9581,0,0,0,10091.667,10091.667,593.6596833,0,0,0,efficiency_0.85
26,04:10,04:20,0.4389,3556.7183,0,3556.7183,0,0,0,10091.667,10091.667,592.7863833,0,0,0,efficiency_0.85
27,04:20,04:30,0.4364,3560.0272,0,3560.0272,0,0,0,10091.667,10091.667,593.3378667,0,0,0,efficiency_0.85
28,04:30,04:40,0.4393,3580.654,0.5994,3580.0546,0,0,0,10091.667,10091.667,596.6757667,0,0,0,efficiency_0.85
29,04:40,04:50,0.4422,3586.916,0.2345,3586.6815,0,0,0,10091.667,10091.667,597.78025,0,0,0,efficiency_0.85
30,04:50,05:00,0.4395,3571.2635,0.2885,3570.975,0,0,0,10091.667,10091.667,595.1625,0,0,0,efficiency_0.85
31,05:00,05:10,0.4333,3562.3171,18.6781,3543.639,0,0,0,10091.667,10091.667,590.6065,0,0,0,efficiency_0.85
32,05:10,05:20,0.4439,3591.3809,54.4698,3536.9111,0,0,0,10091.667,10091.667,589.4851833,0,0,0,efficiency_0.85
33,05:20,05:30,0.4301,3579.7045,108.9718,3470.7327,0,0,0,10091.667,10091.667,578.45545,0,0,0,efficiency_0.85
34,05:30,05:40,0.3713,3486.119,184.1603,8301.9587,5000,0,0,10091.667,10800,1383.659783,833.3333333,0,0,efficiency_0.85
35,05:40,05:50,0.5708,3823.8994,277.0582,3546.8412,0,0,0,10800,10800,591.1402,0,0,0,efficiency_0.85
36,05:50,06:00,0.9099,4398.0727,388.5494,0,0,4009.5233,0,10800,10013.819,0,0,668.2538833,0,efficiency_0.85
37,06:00,06:10,0.9368,4454.0123,521.2803,0,0,3932.732,0,10013.819,9242.695,0,0,655.4553333,0,efficiency_0.85
38,06:10,06:20,0.8758,4371.7919,672.7677,0,0,3699.0242,0,9242.695,8517.3962,0,0,616.5040333,0,efficiency_0.85
39,06:20,06:30,0.8759,4392.953,844.2261,0,0,3548.7269,0,8517.3962,7821.5674,0,0,591.4544833,0,efficiency_0.85
40,06:30,06:40,0.8601,4384.5956,1039.6744,0,0,3344.9212,0,7821.5674,7165.7005,0,0,557.4868667,0,efficiency_0.85
41,06:40,06:50,0.8442,4434.7757,1259.3375,0,0,3175.4382,0,7165.7005,6543.0655,0,0,529.2397,0,efficiency_0.85
42,06:50,07:00,0.8334,4523.4561,1508.6318,0,0,3014.8243,0,6543.0655,5951.9235,0,0,502.4707167,0,efficiency_0.85
43,07:00,07:10,0.8092,4524.0721,1791.4107,0,0,2732.6614,0,5951.9235,5416.1075,0,0,455.4435667,0,efficiency_0.85
44,07:10,07:20,0.7972,4545.8867,2085.4865,0,0,2460.4002,0,5416.1075,4933.6761,0,0,410.0667,0,efficiency_0.85
45,07:20,07:30,0.7644,4523.2418,2381.2611,0,0,2141.9807,0,4933.6761,4513.6799,0,0,356.9967833,0,efficiency_0.85
46,07:30,07:40,0.6899,4383.3566,2683.1752,1268.6224,0,431.55902,0,4513.6799,4429.0605,211.4370667,0,71.92650333,0,efficiency_0.85
47,07:40,07:50,0.86,4910.4599,2986.3552,0,0,1924.1047,0,4429.0605,4051.7851,0,0,320.6841167,0,efficiency_0.85
48,07:50,08:00,1.1617,5799.7327,3289.204,0,0,2510.5287,0,4051.7851,3559.5245,0,0,418.42145,0,efficiency_0.85
49,08:00,08:10,1.1683,5884.826,3593.3613,0,0,2291.4647,0,3559.5245,3110.2177,0,0,381.9107833,0,efficiency_0.85
50,08:10,08:20,1.0956,5748.0713,3890.7332,0,0,1857.3381,0,3110.2177,2746.0338,0,0,309.55635,0,efficiency_0.85
51,08:20,08:30,1.0849,5769.0581,4181.3417,0,0,1587.7164,0,2746.0338,2434.7169,0,0,264.6194,0,efficiency_0.85
52,08:30,08:40,1.061,5754.2105,4471.7657,0,0,1282.4448,0,2434.7169,2183.2571,0,0,213.7408,0,efficiency_0.85
53,08:40,08:50,1.043,5824.1807,4752.8272,0,0,1071.3535,0,2183.2571,1973.1878,0,0,178.5589167,0,efficiency_0.85
54,08:50,09:00,1.036,5954.2601,5021.9074,0,0,932.3527,0,1973.1878,1790.3735,0,0,155.3921167,0,efficiency_0.85
55,09:00,09:10,1.0147,5958.9696,5285.4126,0,0,673.557,0,1790.3735,1658.3035,0,0,112.2595,0,efficiency_0.85
56,09:10,09:20,0.9922,5929.5554,5543.1742,0,0,386.3812,0,1658.3035,1582.5425,0,0,64.39686667,0,efficiency_0.85
57,09:20,09:30,0.97,5923.7828,5788.4093,0,0,135.3735,0,1582.5425,1555.9987,0,0,22.56225,0,efficiency_0.85
58,09:30,09:40,0.9422,5907.586,6012.1304,0,104.5444,0,0,1555.9987,1570.8091,0,17.42406667,0,0,efficiency_0.85
59,09:40,09:50,0.9569,5899.1262,6216.1528,0,317.0266,0,0,1570.8091,1615.7212,0,52.83776667,0,0,efficiency_0.85
60,09:50,10:00,0.9977,5902.2196,6409.5941,0,507.3745,0,0,1615.7212,1687.5993,0,84.56241667,0,0,efficiency_0.85
61,10:00,10:10,0.9919,5897.4793,6599.3808,0,701.9015,0,0,1687.5993,1787.0353,0,116.9835833,0,0,efficiency_0.85
62,10:10,10:20,0.9588,5886.7568,6766.7204,0,879.9636,0,0,1787.0353,1911.6969,0,146.6606,0,0,efficiency_0.85
63,10:20,10:30,0.9549,5873.4708,6914.5923,0,1041.1215,0,0,1911.6969,2059.1891,0,173.52025,0,0,efficiency_0.85
64,10:30,10:40,0.9839,5858.0308,7064.2053,0,1206.1745,0,0,2059.1891,2230.0638,0,201.0290833,0,0,efficiency_0.85
65,10:40,10:50,0.799,5844.9948,7197.4315,0,1352.4367,0,0,2230.0638,2421.659,0,225.4061167,0,0,efficiency_0.85
66,10:50,11:00,0.5025,5839.0587,7303.1142,0,1464.0555,0,0,2421.659,2629.0668,0,244.00925,0,0,efficiency_0.85
67,11:00,11:10,0.4662,5838.7103,7387.6848,3451.0255,5000,0,0,2629.0668,3337.4002,575.1709167,833.3333333,0,0,efficiency_0.85
68,11:10,11:20,0.5007,5823.4378,7459.227,0,1635.7892,0,0,3337.4002,3569.137,0,272.6315333,0,0,efficiency_0.85
69,11:20,11:30,0.4827,5814.7932,7520.7191,3294.0741,5000,0,0,3569.137,4277.4703,549.01235,833.3333333,0,0,efficiency_0.85
70,11:30,11:40,0.4785,5832.3951,7568.2039,3264.1912,5000,0,0,4277.4703,4985.8036,544.0318667,833.3333333,0,0,efficiency_0.85
71,11:40,11:50,0.4662,5712.901,7592.1539,3120.7471,5000,0,0,4985.8036,5694.137,520.1245167,833.3333333,0,0,efficiency_0.85
72,11:50,12:00,0.4432,5519.4607,7601.0433,2918.4174,5000,0,0,5694.137,6402.4703,486.4029,833.3333333,0,0,efficiency_0.85
73,12:00,12:10,0.4411,5494.7907,7612.316,2882.4747,5000,0,0,6402.4703,7110.8036,480.41245,833.3333333,0,0,efficiency_0.85
74,12:10,12:20,0.4551,5514.4524,7602.6524,2911.8,5000,0,0,7110.8036,7819.137,485.3,833.3333333,0,0,efficiency_0.85
75,12:20,12:30,0.4463,5485.829,7554.1872,2931.6418,5000,0,0,7819.137,8527.4703,488.6069667,833.3333333,0,0,efficiency_0.85
76,12:30,12:40,0.4113,5462.3628,7472.7384,2989.6244,5000,0,0,8527.4703,9235.8036,498.2707333,833.3333333,0,0,efficiency_0.85
77,12:40,12:50,0.5682,5566.1066,7393.4172,0,1827.3106,0,0,9235.8036,9494.6727,0,304.5517667,0,0,efficiency_0.85
78,12:50,13:00,0.8279,5725.7548,7312.7979,0,1587.0431,0,0,9494.6727,9719.5038,0,264.5071833,0,0,efficiency_0.85
79,13:00,13:10,0.8636,5739.4957,7194.541,0,1455.0453,0,0,9719.5038,9925.6352,0,242.50755,0,0,efficiency_0.85
80,13:10,13:20,0.8416,5714.6836,7053.1371,0,1338.4535,0,0,9925.6352,10115.249,0,223.0755833,0,0,efficiency_0.85
81,13:20,13:30,0.8618,5717.8505,6910.4064,0,1192.5559,0,0,10115.249,10284.195,0,198.7593167,0,0,efficiency_0.85
82,13:30,13:40,0.8623,5708.2486,6772.4075,0,1064.1589,0,0,10284.195,10434.951,0,177.3598167,0,0,efficiency_0.85
83,13:40,13:50,0.9026,5696.9182,6607.36,0,910.4418,0,0,10434.951,10563.93,0,151.7403,0,0,efficiency_0.85
84,13:50,14:00,0.9754,5692.2983,6412.5085,0,720.2102,0,0,10563.93,10665.96,0,120.0350333,0,0,efficiency_0.85
85,14:00,14:10,1.0002,5687.1291,6214.0158,0,526.8867,0,0,10665.96,10740.602,0,87.81445,0,0,efficiency_0.85
86,14:10,14:20,0.9978,5678.962,6000.7112,0,321.7492,0,0,10740.602,10786.183,0,53.62486667,0,0,efficiency_0.85
87,14:20,14:30,1.0271,5669.4508,5766.9816,0,97.5308,0,0,10786.183,10800,0,16.25513333,0,0,efficiency_0.85
88,14:30,14:40,1.0906,5664.1948,5521.5066,0,0,142.6882,0,10800,10772.022,0,0,23.78136667,0,efficiency_0.85
89,14:40,14:50,0.9376,5672.7011,5268.781,0,0,403.9201,0,10772.022,10692.822,0,0,67.32001667,0,efficiency_0.85
90,14:50,15:00,0.6694,5682.2544,5009.7152,672.5392,0,0,0,10692.822,10692.822,112.0898667,0,0,0,efficiency_0.85
91,15:00,15:10,0.66,5669.0195,4743.4484,1682.1224,756.55128,0,0,10692.822,10800,280.3537333,126.09188,0,0,efficiency_0.85
92,15:10,15:20,0.7217,5656.3651,4471.224,1185.1411,0,0,0,10800,10800,197.5235167,0,0,0,efficiency_0.85
93,15:20,15:30,0.7308,5657.0867,4188.2025,1468.8842,0,0,0,10800,10800,244.8140333,0,0,0,efficiency_0.85
94,15:30,15:40,0.7534,5662.6008,3889.3931,1773.2077,0,0,0,10800,10800,295.5346167,0,0,0,efficiency_0.85
95,15:40,15:50,0.7823,5669.2596,3594.5946,2074.665,0,0,0,10800,10800,345.7775,0,0,0,efficiency_0.85
96,15:50,16:00,0.8055,5673.4767,3303.8878,2369.5889,0,0,0,10800,10800,394.9314833,0,0,0,efficiency_0.85
97,16:00,16:10,0.8271,5671.0146,2998.4247,2672.5899,0,0,0,10800,10800,445.43165,0,0,0,efficiency_0.85
98,16:10,16:20,0.8519,5661.5926,2687.4131,2974.1795,0,0,0,10800,10800,495.6965833,0,0,0,efficiency_0.85
99,16:20,16:30,0.8791,5665.8922,2383.1779,3282.7143,0,0,0,10800,10800,547.11905,0,0,0,efficiency_0.85
100,16:30,16:40,0.9024,5689.0372,2089.1246,3599.9126,0,0,0,10800,10800,599.9854333,0,0,0,efficiency_0.85
101,16:40,16:50,0.9163,5603.6614,1791.0829,3812.5785,0,0,0,10800,10800,635.42975,0,0,0,efficiency_0.85
102,16:50,17:00,0.9264,5466.7124,1501.7283,3964.9841,0,0,0,10800,10800,660.8306833,0,0,0,efficiency_0.85
103,17:00,17:10,0.9462,5467.3939,1255.1723,4212.2216,0,0,0,10800,10800,702.0369333,0,0,0,efficiency_0.85
104,17:10,17:20,0.9742,5464.727,1036.3323,4428.3947,0,0,0,10800,10800,738.0657833,0,0,0,efficiency_0.85
105,17:20,17:30,0.9862,5492.4458,836.7775,4655.6683,0,0,0,10800,10800,775.9447167,0,0,0,efficiency_0.85
106,17:30,17:40,0.976,5621.7308,665.2313,4956.4995,0,0,0,10800,10800,826.08325,0,0,0,efficiency_0.85
107,17:40,17:50,1.0742,5091.2126,516.6758,4574.5368,0,0,0,10800,10800,762.4228,0,0,0,efficiency_0.85
108,17:50,18:00,1.2313,4208.5688,386.6731,3821.8957,0,0,0,10800,10800,636.9826167,0,0,0,efficiency_0.85
109,18:00,18:10,1.2561,4122.7611,275.7933,3846.9678,0,0,0,10800,10800,641.1613,0,0,0,efficiency_0.85
110,18:10,18:20,1.2447,4255.9358,182.9526,4072.9832,0,0,0,10800,10800,678.8305333,0,0,0,efficiency_0.85
111,18:20,18:30,1.2545,4225.9524,108.3414,4117.611,0,0,0,10800,10800,686.2685,0,0,0,efficiency_0.85
112,18:30,18:40,1.2522,4233.3384,54.3121,4179.0263,0,0,0,10800,10800,696.5043833,0,0,0,efficiency_0.85
113,18:40,18:50,1.2881,4246.4625,18.6569,2224.3965,0,2003.4091,0,10800,10407.175,370.73275,0,333.9015167,0,efficiency_0.85
114,18:50,19:00,1.3466,4239.1795,0.2753,0,0,4238.9042,0,10407.175,9576.017,0,0,706.4840333,0,efficiency_0.85
115,19:00,19:10,1.3523,4244.6684,0.2296,0,0,4244.4388,0,9576.017,8743.7741,0,0,707.4064667,0,efficiency_0.85
116,19:10,19:20,1.3445,4251.9187,0.6007,0,0,4251.318,0,8743.7741,7910.1823,0,0,708.553,0,efficiency_0.85
117,19:20,19:30,1.3483,4256.6813,0,0,0,4256.6813,0,7910.1823,7075.5389,0,0,709.4468833,0,efficiency_0.85
118,19:30,19:40,1.349,4267.3947,0,0,0,4267.3947,0,7075.5389,6238.7949,0,0,711.23245,0,efficiency_0.85
119,19:40,19:50,1.3473,4269.975,0,0,0,4269.975,0,6238.7949,5401.5449,0,0,711.6625,0,efficiency_0.85
120,19:50,20:00,1.3482,4268.6702,0,0,0,4268.6702,0,5401.5449,4564.5507,0,0,711.4450333,0,efficiency_0.85
121,20:00,20:10,1.3513,4282.2245,0,0,0,4282.2245,0,4564.5507,3724.8989,0,0,713.7040833,0,efficiency_0.85
122,20:10,20:20,1.34,4291.7049,0,0,0,4291.7049,0,3724.8989,2883.3881,0,0,715.28415,0,efficiency_0.85
123,20:20,20:30,1.3489,4291.3611,0,0,0,4291.3611,0,2883.3881,2041.9447,0,0,715.22685,0,efficiency_0.85
124,20:30,20:40,1.3952,4293.9182,0,0,0,4293.9182,0,2041.9447,1200,0,0,715.6530333,0,efficiency_0.85
125,20:40,20:50,1.2226,4295.2135,0,4295.2135,0,0,0,1200,1200,715.8689167,0,0,0,efficiency_0.85
126,20:50,21:00,0.9332,4302.0307,0,4302.0307,0,0,0,1200,1200,717.0051167,0,0,0,efficiency_0.85
127,21:00,21:10,0.9068,4320.9618,0,4320.9618,0,0,0,1200,1200,720.1603,0,0,0,efficiency_0.85
128,21:10,21:20,0.9371,4302.3292,0,4302.3292,0,0,0,1200,1200,717.0548667,0,0,0,efficiency_0.85
129,21:20,21:30,0.9371,4322.6758,0,4322.6758,0,0,0,1200,1200,720.4459667,0,0,0,efficiency_0.85
130,21:30,21:40,0.9871,4428.8083,0,4428.8083,0,0,0,1200,1200,738.1347167,0,0,0,efficiency_0.85
131,21:40,21:50,0.7764,4030.1614,0,4030.1614,0,0,0,1200,1200,671.6935667,0,0,0,efficiency_0.85
132,21:50,22:00,0.4209,3362.7419,0,8362.7419,5000,0,0,1200,1908.3333,1393.790317,833.3333333,0,0,efficiency_0.85
133,22:00,22:10,0.3859,3309.3934,0,8309.3934,5000,0,0,1908.3333,2616.6667,1384.8989,833.3333333,0,0,efficiency_0.85
134,22:10,22:20,0.4368,3412.9563,0,3412.9563,0,0,0,2616.6667,2616.6667,568.82605,0,0,0,efficiency_0.85
135,22:20,22:30,0.4198,3381.9313,0,8381.9313,5000,0,0,2616.6667,3325,1396.98855,833.3333333,0,0,efficiency_0.85
136,22:30,22:40,0.4186,3386.5592,0,8386.5592,5000,0,0,3325,4033.3333,1397.759867,833.3333333,0,0,efficiency_0.85
137,22:40,22:50,0.4241,3400.4846,0,3400.4846,0,0,0,4033.3333,4033.3333,566.7474333,0,0,0,efficiency_0.85
138,22:50,23:00,0.4237,3399.2426,0,8399.2426,5000,0,0,4033.3333,4741.6667,1399.873767,833.3333333,0,0,efficiency_0.85
139,23:00,23:10,0.4248,3406.9809,0,3406.9809,0,0,0,4741.6667,4741.6667,567.83015,0,0,0,efficiency_0.85
140,23:10,23:20,0.424,3416.1518,0,7298.5047,3882.3529,0,0,4741.6667,5291.6667,1216.41745,647.0588167,0,0,efficiency_0.85
141,23:20,23:30,0.422,3421.9811,0,8421.9811,5000,0,0,5291.6667,6000,1403.663517,833.3333333,0,0,efficiency_0.85
142,23:30,23:40,0.424,3429.6923,0,3429.6923,0,0,0,6000,6000,571.6153833,0,0,0,efficiency_0.85
143,23:40,23:50,0.4271,3439.061,0,3439.061,0,0,0,6000,6000,573.1768333,0,0,0,efficiency_0.85
144,23:50,24:00,0.4276,3444.7259,0,3444.7259,0,0,0,6000,6000,574.1209833,0,0,0,efficiency_0.85
1,00:00,00:10,0.4248,3439.8466,0,8439.8466,5000,0,0,6000,6750,1406.6411,833.3333333,0,0,efficiency_0.9
2,00:10,00:20,0.4245,3437.9792,0,8437.9792,5000,0,0,6750,7500,1406.329867,833.3333333,0,0,efficiency_0.9
3,00:20,00:30,0.4269,3444.3031,0,8444.3031,5000,0,0,7500,8250,1407.38385,833.3333333,0,0,efficiency_0.9
4,00:30,00:40,0.4272,3454.4437,0,8454.4437,5000,0,0,8250,9000,1409.07395,833.3333333,0,0,efficiency_0.9
5,00:40,00:50,0.4271,3458.8273,0,8458.8273,5000,0,0,9000,9750,1409.80455,833.3333333,0,0,efficiency_0.9
6,00:50,01:00,0.4285,3459.8401,0,3459.8401,0,0,0,9750,9750,576.6400167,0,0,0,efficiency_0.9
7,01:00,01:10,0.4311,3467.1582,0,3467.1582,0,0,0,9750,9750,577.8597,0,0,0,efficiency_0.9
8,01:10,01:20,0.4302,3467.9632,0,3467.9632,0,0,0,9750,9750,577.9938667,0,0,0,efficiency_0.9
9,01:20,01:30,0.4279,3466.9683,0,5466.9683,2000,0,0,9750,10050,911.1613833,333.3333333,0,0,efficiency_0.9
10,01:30,01:40,0.4312,3482.4927,0,3482.4927,0,0,0,10050,10050,580.41545,0,0,0,efficiency_0.9
11,01:40,01:50,0.4333,3495.0841,0,3495.0841,0,0,0,10050,10050,582.5140167,0,0,0,efficiency_0.9
12,01:50,02:00,0.4311,3498.4443,0,3498.4443,0,0,0,10050,10050,583.07405,0,0,0,efficiency_0.9
13,02:00,02:10,0.4293,3505.2295,0,3505.2295,0,0,0,10050,10050,584.2049167,0,0,0,efficiency_0.9
14,02:10,02:20,0.4324,3512.6387,0,3512.6387,0,0,0,10050,10050,585.4397833,0,0,0,efficiency_0.9
15,02:20,02:30,0.4367,3516.8685,0,3516.8685,0,0,0,10050,10050,586.14475,0,0,0,efficiency_0.9
16,02:30,02:40,0.4348,3517.9246,0,3517.9246,0,0,0,10050,10050,586.3207667,0,0,0,efficiency_0.9
17,02:40,02:50,0.4335,3518.5518,0,3518.5518,0,0,0,10050,10050,586.4253,0,0,0,efficiency_0.9
18,02:50,03:00,0.4357,3521.0976,0,3521.0976,0,0,0,10050,10050,586.8496,0,0,0,efficiency_0.9
19,03:00,03:10,0.4374,3526.9261,0,3526.9261,0,0,0,10050,10050,587.8210167,0,0,0,efficiency_0.9
20,03:10,03:20,0.4371,3537.2854,0,3537.2854,0,0,0,10050,10050,589.5475667,0,0,0,efficiency_0.9
21,03:20,03:30,0.4356,3544.8808,0,3544.8808,0,0,0,10050,10050,590.8134667,0,0,0,efficiency_0.9
22,03:30,03:40,0.4353,3541.2787,0,3541.2787,0,0,0,10050,10050,590.2131167,0,0,0,efficiency_0.9
23,03:40,03:50,0.436,3546.3976,0,3546.3976,0,0,0,10050,10050,591.0662667,0,0,0,efficiency_0.9
24,03:50,04:00,0.4378,3560.207,0,3560.207,0,0,0,10050,10050,593.3678333,0,0,0,efficiency_0.9
25,04:00,04:10,0.4401,3561.9581,0,3561.9581,0,0,0,10050,10050,593.6596833,0,0,0,efficiency_0.9
26,04:10,04:20,0.4389,3556.7183,0,3556.7183,0,0,0,10050,10050,592.7863833,0,0,0,efficiency_0.9
27,04:20,04:30,0.4364,3560.0272,0,3560.0272,0,0,0,10050,10050,593.3378667,0,0,0,efficiency_0.9
28,04:30,04:40,0.4393,3580.654,0.5994,3580.0546,0,0,0,10050,10050,596.6757667,0,0,0,efficiency_0.9
29,04:40,04:50,0.4422,3586.916,0.2345,3586.6815,0,0,0,10050,10050,597.78025,0,0,0,efficiency_0.9
30,04:50,05:00,0.4395,3571.2635,0.2885,3570.975,0,0,0,10050,10050,595.1625,0,0,0,efficiency_0.9
31,05:00,05:10,0.4333,3562.3171,18.6781,3543.639,0,0,0,10050,10050,590.6065,0,0,0,efficiency_0.9
32,05:10,05:20,0.4439,3591.3809,54.4698,3536.9111,0,0,0,10050,10050,589.4851833,0,0,0,efficiency_0.9
33,05:20,05:30,0.4301,3579.7045,108.9718,3470.7327,0,0,0,10050,10050,578.45545,0,0,0,efficiency_0.9
34,05:30,05:40,0.3713,3486.119,184.1603,8301.9587,5000,0,0,10050,10800,1383.659783,833.3333333,0,0,efficiency_0.9
35,05:40,05:50,0.5708,3823.8994,277.0582,3546.8412,0,0,0,10800,10800,591.1402,0,0,0,efficiency_0.9
36,05:50,06:00,0.9099,4398.0727,388.5494,0,0,4009.5233,0,10800,10057.496,0,0,668.2538833,0,efficiency_0.9
37,06:00,06:10,0.9368,4454.0123,521.2803,0,0,3932.732,0,10057.496,9329.212,0,0,655.4553333,0,efficiency_0.9
38,06:10,06:20,0.8758,4371.7919,672.7677,0,0,3699.0242,0,9329.212,8644.2075,0,0,616.5040333,0,efficiency_0.9
39,06:20,06:30,0.8759,4392.953,844.2261,0,0,3548.7269,0,8644.2075,7987.0359,0,0,591.4544833,0,efficiency_0.9
40,06:30,06:40,0.8601,4384.5956,1039.6744,0,0,3344.9212,0,7987.0359,7367.606,0,0,557.4868667,0,efficiency_0.9
41,06:40,06:50,0.8442,4434.7757,1259.3375,0,0,3175.4382,0,7367.606,6779.5619,0,0,529.2397,0,efficiency_0.9
42,06:50,07:00,0.8334,4523.4561,1508.6318,0,0,3014.8243,0,6779.5619,6221.2611,0,0,502.4707167,0,efficiency_0.9
43,07:00,07:10,0.8092,4524.0721,1791.4107,0,0,2732.6614,0,6221.2611,5715.2127,0,0,455.4435667,0,efficiency_0.9
44,07:10,07:20,0.7972,4545.8867,2085.4865,0,0,2460.4002,0,5715.2127,5259.583,0,0,410.0667,0,efficiency_0.9
45,07:20,07:30,0.7644,4523.2418,2381.2611,0,0,2141.9807,0,5259.583,4862.9199,0,0,356.9967833,0,efficiency_0.9
46,07:30,07:40,0.6899,4383.3566,2683.1752,0,0,1700.1814,0,4862.9199,4548.0715,0,0,283.3635667,0,efficiency_0.9
47,07:40,07:50,0.86,4910.4599,2986.3552,0,0,1924.1047,0,4548.0715,4191.7558,0,0,320.6841167,0,efficiency_0.9
48,07:50,08:00,1.1617,5799.7327,3289.204,0,0,2510.5287,0,4191.7558,3726.8431,0,0,418.42145,0,efficiency_0.9
49,08:00,08:10,1.1683,5884.826,3593.3613,0,0,2291.4647,0,3726.8431,3302.4978,0,0,381.9107833,0,efficiency_0.9
50,08:10,08:20,1.0956,5748.0713,3890.7332,0,0,1857.3381,0,3302.4978,2958.5463,0,0,309.55635,0,efficiency_0.9
51,08:20,08:30,1.0849,5769.0581,4181.3417,0,0,1587.7164,0,2958.5463,2664.5247,0,0,264.6194,0,efficiency_0.9
52,08:30,08:40,1.061,5754.2105,4471.7657,0,0,1282.4448,0,2664.5247,2427.035,0,0,213.7408,0,efficiency_0.9
53,08:40,08:50,1.043,5824.1807,4752.8272,0,0,1071.3535,0,2427.035,2228.6362,0,0,178.5589167,0,efficiency_0.9
54,08:50,09:00,1.036,5954.2601,5021.9074,0,0,932.3527,0,2228.6362,2055.9783,0,0,155.3921167,0,efficiency_0.9
55,09:00,09:10,1.0147,5958.9696,5285.4126,0,0,673.557,0,2055.9783,1931.2455,0,0,112.2595,0,efficiency_0.9
56,09:10,09:20,0.9922,5929.5554,5543.1742,0,0,386.3812,0,1931.2455,1859.6934,0,0,64.39686667,0,efficiency_0.9
57,09:20,09:30,0.97,5923.7828,5788.4093,0,0,135.3735,0,1859.6934,1834.6242,0,0,22.56225,0,efficiency_0.9
58,09:30,09:40,0.9422,5907.586,6012.1304,0,104.5444,0,0,1834.6242,1850.3059,0,17.42406667,0,0,efficiency_0.9
59,09:40,09:50,0.9569,5899.1262,6216.1528,0,317.0266,0,0,1850.3059,1897.8599,0,52.83776667,0,0,efficiency_0.9
60,09:50,10:00,0.9977,5902.2196,6409.5941,0,507.3745,0,0,1897.8599,1973.9661,0,84.56241667,0,0,efficiency_0.9
61,10:00,10:10,0.9919,5897.4793,6599.3808,0,701.9015,0,0,1973.9661,2079.2513,0,116.9835833,0,0,efficiency_0.9
62,10:10,10:20,0.9588,5886.7568,6766.7204,0,879.9636,0,0,2079.2513,2211.2458,0,146.6606,0,0,efficiency_0.9
63,10:20,10:30,0.9549,5873.4708,6914.5923,0,1041.1215,0,0,2211.2458,2367.4141,0,173.52025,0,0,efficiency_0.9
64,10:30,10:40,0.9839,5858.0308,7064.2053,0,1206.1745,0,0,2367.4141,2548.3402,0,201.0290833,0,0,efficiency_0.9
65,10:40,10:50,0.799,5844.9948,7197.4315,0,1352.4367,0,0,2548.3402,2751.2057,0,225.4061167,0,0,efficiency_0.9
66,10:50,11:00,0.5025,5839.0587,7303.1142,0,1464.0555,0,0,2751.2057,2970.8141,0,244.00925,0,0,efficiency_0.9
67,11:00,11:10,0.4662,5838.7103,7387.6848,3451.0255,5000,0,0,2970.8141,3720.8141,575.1709167,833.3333333,0,0,efficiency_0.9
68,11:10,11:20,0.5007,5823.4378,7459.227,0,1635.7892,0,0,3720.8141,3966.1824,0,272.6315333,0,0,efficiency_0.9
69,11:20,11:30,0.4827,5814.7932,7520.7191,0,1705.9259,0,0,3966.1824,4222.0713,0,284.3209833,0,0,efficiency_0.9
70,11:30,11:40,0.4785,5832.3951,7568.2039,1075.663,2811.4718,0,0,4222.0713,4643.7921,179.2771667,468.5786333,0,0,efficiency_0.9
71,11:40,11:50,0.4662,5712.901,7592.1539,3120.7471,5000,0,0,4643.7921,5393.7921,520.1245167,833.3333333,0,0,efficiency_0.9
72,11:50,12:00,0.4432,5519.4607,7601.0433,2918.4174,5000,0,0,5393.7921,6143.7921,486.4029,833.3333333,0,0,efficiency_0.9
73,12:00,12:10,0.4411,5494.7907,7612.316,2882.4747,5000,0,0,6143.7921,6893.7921,480.41245,833.3333333,0,0,efficiency_0.9
74,12:10,12:20,0.4551,5514.4524,7602.6524,2911.8,5000,0,0,6893.7921,7643.7921,485.3,833.3333333,0,0,efficiency_0.9
75,12:20,12:30,0.4463,5485.829,7554.1872,2931.6418,5000,0,0,7643.7921,8393.7921,488.6069667,833.3333333,0,0,efficiency_0.9
76,12:30,12:40,0.4113,5462.3628,7472.7384,2989.6244,5000,0,0,8393.7921,9143.7921,498.2707333,833.3333333,0,0,efficiency_0.9
77,12:40,12:50,0.5682,5566.1066,7393.4172,0,1827.3106,0,0,9143.7921,9417.8887,0,304.5517667,0,0,efficiency_0.9
78,12:50,13:00,0.8279,5725.7548,7312.7979,0,1587.0431,0,0,9417.8887,9655.9452,0,264.5071833,0,0,efficiency_0.9
79,13:00,13:10,0.8636,5739.4957,7194.541,0,1455.0453,0,0,9655.9452,9874.202,0,242.50755,0,0,efficiency_0.9
80,13:10,13:20,0.8416,5714.6836,7053.1371,0,1338.4535,0,0,9874.202,10074.97,0,223.0755833,0,0,efficiency_0.9
81,13:20,13:30,0.8618,5717.8505,6910.4064,0,1192.5559,0,0,10074.97,10253.853,0,198.7593167,0,0,efficiency_0.9
82,13:30,13:40,0.8623,5708.2486,6772.4075,0,1064.1589,0,0,10253.853,10413.477,0,177.3598167,0,0,efficiency_0.9
83,13:40,13:50,0.9026,5696.9182,6607.36,0,910.4418,0,0,10413.477,10550.043,0,151.7403,0,0,efficiency_0.9
84,13:50,14:00,0.9754,5692.2983,6412.5085,0,720.2102,0,0,10550.043,10658.075,0,120.0350333,0,0,efficiency_0.9
85,14:00,14:10,1.0002,5687.1291,6214.0158,0,526.8867,0,0,10658.075,10737.108,0,87.81445,0,0,efficiency_0.9
86,14:10,14:20,0.9978,5678.962,6000.7112,0,321.7492,0,0,10737.108,10785.37,0,53.62486667,0,0,efficiency_0.9
87,14:20,14:30,1.0271,5669.4508,5766.9816,0,97.5308,0,0,10785.37,10800,0,16.25513333,0,0,efficiency_0.9
88,14:30,14:40,1.0906,5664.1948,5521.5066,0,0,142.6882,0,10800,10773.576,0,0,23.78136667,0,efficiency_0.9
89,14:40,14:50,0.9376,5672.7011,5268.781,0,0,403.9201,0,10773.576,10698.776,0,0,67.32001667,0,efficiency_0.9
90,14:50,15:00,0.6694,5682.2544,5009.7152,672.5392,0,0,0,10698.776,10698.776,112.0898667,0,0,0,efficiency_0.9
91,15:00,15:10,0.66,5669.0195,4743.4484,1600.3962,674.82506,0,0,10698.776,10800,266.7327,112.4708433,0,0,efficiency_0.9
92,15:10,15:20,0.7217,5656.3651,4471.224,1185.1411,0,0,0,10800,10800,197.5235167,0,0,0,efficiency_0.9
93,15:20,15:30,0.7308,5657.0867,4188.2025,1468.8842,0,0,0,10800,10800,244.8140333,0,0,0,efficiency_0.9
94,15:30,15:40,0.7534,5662.6008,3889.3931,1773.2077,0,0,0,10800,10800,295.5346167,0,0,0,efficiency_0.9
95,15:40,15:50,0.7823,5669.2596,3594.5946,2074.665,0,0,0,10800,10800,345.7775,0,0,0,efficiency_0.9
96,15:50,16:00,0.8055,5673.4767,3303.8878,2369.5889,0,0,0,10800,10800,394.9314833,0,0,0,efficiency_0.9
97,16:00,16:10,0.8271,5671.0146,2998.4247,2672.5899,0,0,0,10800,10800,445.43165,0,0,0,efficiency_0.9
98,16:10,16:20,0.8519,5661.5926,2687.4131,2974.1795,0,0,0,10800,10800,495.6965833,0,0,0,efficiency_0.9
99,16:20,16:30,0.8791,5665.8922,2383.1779,3282.7143,0,0,0,10800,10800,547.11905,0,0,0,efficiency_0.9
100,16:30,16:40,0.9024,5689.0372,2089.1246,3599.9126,0,0,0,10800,10800,599.9854333,0,0,0,efficiency_0.9
101,16:40,16:50,0.9163,5603.6614,1791.0829,3812.5785,0,0,0,10800,10800,635.42975,0,0,0,efficiency_0.9
102,16:50,17:00,0.9264,5466.7124,1501.7283,3964.9841,0,0,0,10800,10800,660.8306833,0,0,0,efficiency_0.9
103,17:00,17:10,0.9462,5467.3939,1255.1723,4212.2216,0,0,0,10800,10800,702.0369333,0,0,0,efficiency_0.9
104,17:10,17:20,0.9742,5464.727,1036.3323,4428.3947,0,0,0,10800,10800,738.0657833,0,0,0,efficiency_0.9
105,17:20,17:30,0.9862,5492.4458,836.7775,4655.6683,0,0,0,10800,10800,775.9447167,0,0,0,efficiency_0.9
106,17:30,17:40,0.976,5621.7308,665.2313,4956.4995,0,0,0,10800,10800,826.08325,0,0,0,efficiency_0.9
107,17:40,17:50,1.0742,5091.2126,516.6758,4574.5368,0,0,0,10800,10800,762.4228,0,0,0,efficiency_0.9
108,17:50,18:00,1.2313,4208.5688,386.6731,3821.8957,0,0,0,10800,10800,636.9826167,0,0,0,efficiency_0.9
109,18:00,18:10,1.2561,4122.7611,275.7933,3191.3643,0,655.6035,0,10800,10678.592,531.89405,0,109.26725,0,efficiency_0.9
110,18:10,18:20,1.2447,4255.9358,182.9526,4072.9832,0,0,0,10678.592,10678.592,678.8305333,0,0,0,efficiency_0.9
111,18:20,18:30,1.2545,4225.9524,108.3414,4117.611,0,0,0,10678.592,10678.592,686.2685,0,0,0,efficiency_0.9
112,18:30,18:40,1.2522,4233.3384,54.3121,4179.0263,0,0,0,10678.592,10678.592,696.5043833,0,0,0,efficiency_0.9
113,18:40,18:50,1.2881,4246.4625,18.6569,0,0,4227.8056,0,10678.592,9895.665,0,0,704.6342667,0,efficiency_0.9
114,18:50,19:00,1.3466,4239.1795,0.2753,0,0,4238.9042,0,9895.665,9110.6827,0,0,706.4840333,0,efficiency_0.9
115,19:00,19:10,1.3523,4244.6684,0.2296,0,0,4244.4388,0,9110.6827,8324.6755,0,0,707.4064667,0,efficiency_0.9
116,19:10,19:20,1.3445,4251.9187,0.6007,0,0,4251.318,0,8324.6755,7537.3944,0,0,708.553,0,efficiency_0.9
117,19:20,19:30,1.3483,4256.6813,0,0,0,4256.6813,0,7537.3944,6749.1201,0,0,709.4468833,0,efficiency_0.9
118,19:30,19:40,1.349,4267.3947,0,0,0,4267.3947,0,6749.1201,5958.8618,0,0,711.23245,0,efficiency_0.9
119,19:40,19:50,1.3473,4269.975,0,0,0,4269.975,0,5958.8618,5168.1257,0,0,711.6625,0,efficiency_0.9
120,19:50,20:00,1.3482,4268.6702,0,0,0,4268.6702,0,5168.1257,4377.6312,0,0,711.4450333,0,efficiency_0.9
121,20:00,20:10,1.3513,4282.2245,0,0,0,4282.2245,0,4377.6312,3584.6267,0,0,713.7040833,0,efficiency_0.9
122,20:10,20:20,1.34,4291.7049,0,0,0,4291.7049,0,3584.6267,2789.8665,0,0,715.28415,0,efficiency_0.9
123,20:20,20:30,1.3489,4291.3611,0,0,0,4291.3611,0,2789.8665,1995.17,0,0,715.22685,0,efficiency_0.9
124,20:30,20:40,1.3952,4293.9182,0,0,0,4293.9182,0,1995.17,1200,0,0,715.6530333,0,efficiency_0.9
125,20:40,20:50,1.2226,4295.2135,0,4295.2135,0,0,0,1200,1200,715.8689167,0,0,0,efficiency_0.9
126,20:50,21:00,0.9332,4302.0307,0,4302.0307,0,0,0,1200,1200,717.0051167,0,0,0,efficiency_0.9
127,21:00,21:10,0.9068,4320.9618,0,4320.9618,0,0,0,1200,1200,720.1603,0,0,0,efficiency_0.9
128,21:10,21:20,0.9371,4302.3292,0,4302.3292,0,0,0,1200,1200,717.0548667,0,0,0,efficiency_0.9
129,21:20,21:30,0.9371,4322.6758,0,4322.6758,0,0,0,1200,1200,720.4459667,0,0,0,efficiency_0.9
130,21:30,21:40,0.9871,4428.8083,0,4428.8083,0,0,0,1200,1200,738.1347167,0,0,0,efficiency_0.9
131,21:40,21:50,0.7764,4030.1614,0,4030.1614,0,0,0,1200,1200,671.6935667,0,0,0,efficiency_0.9
132,21:50,22:00,0.4209,3362.7419,0,8362.7419,5000,0,0,1200,1950,1393.790317,833.3333333,0,0,efficiency_0.9
133,22:00,22:10,0.3859,3309.3934,0,8309.3934,5000,0,0,1950,2700,1384.8989,833.3333333,0,0,efficiency_0.9
134,22:10,22:20,0.4368,3412.9563,0,3412.9563,0,0,0,2700,2700,568.82605,0,0,0,efficiency_0.9
135,22:20,22:30,0.4198,3381.9313,0,8381.9313,5000,0,0,2700,3450,1396.98855,833.3333333,0,0,efficiency_0.9
136,22:30,22:40,0.4186,3386.5592,0,8386.5592,5000,0,0,3450,4200,1397.759867,833.3333333,0,0,efficiency_0.9
137,22:40,22:50,0.4241,3400.4846,0,3400.4846,0,0,0,4200,4200,566.7474333,0,0,0,efficiency_0.9
138,22:50,23:00,0.4237,3399.2426,0,8399.2426,5000,0,0,4200,4950,1399.873767,833.3333333,0,0,efficiency_0.9
139,23:00,23:10,0.4248,3406.9809,0,3406.9809,0,0,0,4950,4950,567.83015,0,0,0,efficiency_0.9
140,23:10,23:20,0.424,3416.1518,0,5416.1518,2000,0,0,4950,5250,902.6919667,333.3333333,0,0,efficiency_0.9
141,23:20,23:30,0.422,3421.9811,0,8421.9811,5000,0,0,5250,6000,1403.663517,833.3333333,0,0,efficiency_0.9
142,23:30,23:40,0.424,3429.6923,0,3429.6923,0,0,0,6000,6000,571.6153833,0,0,0,efficiency_0.9
143,23:40,23:50,0.4271,3439.061,0,3439.061,0,0,0,6000,6000,573.1768333,0,0,0,efficiency_0.9
144,23:50,24:00,0.4276,3444.7259,0,3444.7259,0,0,0,6000,6000,574.1209833,0,0,0,efficiency_0.9
1,00:00,00:10,0.4248,3439.8466,0,8439.8466,5000,0,0,6000,6791.6667,1406.6411,833.3333333,0,0,efficiency_0.95
2,00:10,00:20,0.4245,3437.9792,0,8437.9792,5000,0,0,6791.6667,7583.3333,1406.329867,833.3333333,0,0,efficiency_0.95
3,00:20,00:30,0.4269,3444.3031,0,8444.3031,5000,0,0,7583.3333,8375,1407.38385,833.3333333,0,0,efficiency_0.95
4,00:30,00:40,0.4272,3454.4437,0,8454.4437,5000,0,0,8375,9166.6667,1409.07395,833.3333333,0,0,efficiency_0.95
5,00:40,00:50,0.4271,3458.8273,0,8458.8273,5000,0,0,9166.6667,9958.3333,1409.80455,833.3333333,0,0,efficiency_0.95
6,00:50,01:00,0.4285,3459.8401,0,3459.8401,0,0,0,9958.3333,9958.3333,576.6400167,0,0,0,efficiency_0.95
7,01:00,01:10,0.4311,3467.1582,0,3467.1582,0,0,0,9958.3333,9958.3333,577.8597,0,0,0,efficiency_0.95
8,01:10,01:20,0.4302,3467.9632,0,3467.9632,0,0,0,9958.3333,9958.3333,577.9938667,0,0,0,efficiency_0.95
9,01:20,01:30,0.4279,3466.9683,0,3782.7578,315.78947,0,0,9958.3333,10008.333,630.4596333,52.63157833,0,0,efficiency_0.95
10,01:30,01:40,0.4312,3482.4927,0,3482.4927,0,0,0,10008.333,10008.333,580.41545,0,0,0,efficiency_0.95
11,01:40,01:50,0.4333,3495.0841,0,3495.0841,0,0,0,10008.333,10008.333,582.5140167,0,0,0,efficiency_0.95
12,01:50,02:00,0.4311,3498.4443,0,3498.4443,0,0,0,10008.333,10008.333,583.07405,0,0,0,efficiency_0.95
13,02:00,02:10,0.4293,3505.2295,0,3505.2295,0,0,0,10008.333,10008.333,584.2049167,0,0,0,efficiency_0.95
14,02:10,02:20,0.4324,3512.6387,0,3512.6387,0,0,0,10008.333,10008.333,585.4397833,0,0,0,efficiency_0.95
15,02:20,02:30,0.4367,3516.8685,0,3516.8685,0,0,0,10008.333,10008.333,586.14475,0,0,0,efficiency_0.95
16,02:30,02:40,0.4348,3517.9246,0,3517.9246,0,0,0,10008.333,10008.333,586.3207667,0,0,0,efficiency_0.95
17,02:40,02:50,0.4335,3518.5518,0,3518.5518,0,0,0,10008.333,10008.333,586.4253,0,0,0,efficiency_0.95
18,02:50,03:00,0.4357,3521.0976,0,3521.0976,0,0,0,10008.333,10008.333,586.8496,0,0,0,efficiency_0.95
19,03:00,03:10,0.4374,3526.9261,0,3526.9261,0,0,0,10008.333,10008.333,587.8210167,0,0,0,efficiency_0.95
20,03:10,03:20,0.4371,3537.2854,0,3537.2854,0,0,0,10008.333,10008.333,589.5475667,0,0,0,efficiency_0.95
21,03:20,03:30,0.4356,3544.8808,0,3544.8808,0,0,0,10008.333,10008.333,590.8134667,0,0,0,efficiency_0.95
22,03:30,03:40,0.4353,3541.2787,0,3541.2787,0,0,0,10008.333,10008.333,590.2131167,0,0,0,efficiency_0.95
23,03:40,03:50,0.436,3546.3976,0,3546.3976,0,0,0,10008.333,10008.333,591.0662667,0,0,0,efficiency_0.95
24,03:50,04:00,0.4378,3560.207,0,3560.207,0,0,0,10008.333,10008.333,593.3678333,0,0,0,efficiency_0.95
25,04:00,04:10,0.4401,3561.9581,0,3561.9581,0,0,0,10008.333,10008.333,593.6596833,0,0,0,efficiency_0.95
26,04:10,04:20,0.4389,3556.7183,0,3556.7183,0,0,0,10008.333,10008.333,592.7863833,0,0,0,efficiency_0.95
27,04:20,04:30,0.4364,3560.0272,0,3560.0272,0,0,0,10008.333,10008.333,593.3378667,0,0,0,efficiency_0.95
28,04:30,04:40,0.4393,3580.654,0.5994,3580.0546,0,0,0,10008.333,10008.333,596.6757667,0,0,0,efficiency_0.95
29,04:40,04:50,0.4422,3586.916,0.2345,3586.6815,0,0,0,10008.333,10008.333,597.78025,0,0,0,efficiency_0.95
30,04:50,05:00,0.4395,3571.2635,0.2885,3570.975,0,0,0,10008.333,10008.333,595.1625,0,0,0,efficiency_0.95
31,05:00,05:10,0.4333,3562.3171,18.6781,3543.639,0,0,0,10008.333,10008.333,590.6065,0,0,0,efficiency_0.95
32,05:10,05:20,0.4439,3591.3809,54.4698,3536.9111,0,0,0,10008.333,10008.333,589.4851833,0,0,0,efficiency_0.95
33,05:20,05:30,0.4301,3579.7045,108.9718,3470.7327,0,0,0,10008.333,10008.333,578.45545,0,0,0,efficiency_0.95
34,05:30,05:40,0.3713,3486.119,184.1603,8301.9587,5000,0,0,10008.333,10800,1383.659783,833.3333333,0,0,efficiency_0.95
35,05:40,05:50,0.5708,3823.8994,277.0582,0,0,3546.8412,0,10800,10177.747,0,0,591.1402,0,efficiency_0.95
36,05:50,06:00,0.9099,4398.0727,388.5494,0,0,4009.5233,0,10177.747,9474.322,0,0,668.2538833,0,efficiency_0.95
37,06:00,06:10,0.9368,4454.0123,521.2803,0,0,3932.732,0,9474.322,8784.369,0,0,655.4553333,0,efficiency_0.95
38,06:10,06:20,0.8758,4371.7919,672.7677,0,0,3699.0242,0,8784.369,8135.4174,0,0,616.5040333,0,efficiency_0.95
39,06:20,06:30,0.8759,4392.953,844.2261,0,0,3548.7269,0,8135.4174,7512.8338,0,0,591.4544833,0,efficiency_0.95
40,06:30,06:40,0.8601,4384.5956,1039.6744,0,0,3344.9212,0,7512.8338,6926.0055,0,0,557.4868667,0,efficiency_0.95
41,06:40,06:50,0.8442,4434.7757,1259.3375,0,0,3175.4382,0,6926.0055,6368.9111,0,0,529.2397,0,efficiency_0.95
42,06:50,07:00,0.8334,4523.4561,1508.6318,0,0,3014.8243,0,6368.9111,5839.9945,0,0,502.4707167,0,efficiency_0.95
43,07:00,07:10,0.8092,4524.0721,1791.4107,0,0,2732.6614,0,5839.9945,5360.5802,0,0,455.4435667,0,efficiency_0.95
44,07:10,07:20,0.7972,4545.8867,2085.4865,0,0,2460.4002,0,5360.5802,4928.9311,0,0,410.0667,0,efficiency_0.95
45,07:20,07:30,0.7644,4523.2418,2381.2611,0,0,2141.9807,0,4928.9311,4553.145,0,0,356.9967833,0,efficiency_0.95
46,07:30,07:40,0.6899,4383.3566,2683.1752,0,0,1700.1814,0,4553.145,4254.8675,0,0,283.3635667,0,efficiency_0.95
47,07:40,07:50,0.86,4910.4599,2986.3552,0,0,1924.1047,0,4254.8675,3917.3053,0,0,320.6841167,0,efficiency_0.95
48,07:50,08:00,1.1617,5799.7327,3289.204,0,0,2510.5287,0,3917.3053,3476.8617,0,0,418.42145,0,efficiency_0.95
49,08:00,08:10,1.1683,5884.826,3593.3613,0,0,2291.4647,0,3476.8617,3074.8503,0,0,381.9107833,0,efficiency_0.95
50,08:10,08:20,1.0956,5748.0713,3890.7332,0,0,1857.3381,0,3074.8503,2749.0015,0,0,309.55635,0,efficiency_0.95
51,08:20,08:30,1.0849,5769.0581,4181.3417,0,0,1587.7164,0,2749.0015,2470.4548,0,0,264.6194,0,efficiency_0.95
52,08:30,08:40,1.061,5754.2105,4471.7657,0,0,1282.4448,0,2470.4548,2245.4645,0,0,213.7408,0,efficiency_0.95
53,08:40,08:50,1.043,5824.1807,4752.8272,0,0,1071.3535,0,2245.4645,2057.5077,0,0,178.5589167,0,efficiency_0.95
54,08:50,09:00,1.036,5954.2601,5021.9074,0,0,932.3527,0,2057.5077,1893.9371,0,0,155.3921167,0,efficiency_0.95
55,09:00,09:10,1.0147,5958.9696,5285.4126,0,0,673.557,0,1893.9371,1775.7692,0,0,112.2595,0,efficiency_0.95
56,09:10,09:20,0.9922,5929.5554,5543.1742,0,0,386.3812,0,1775.7692,1707.983,0,0,64.39686667,0,efficiency_0.95
57,09:20,09:30,0.97,5923.7828,5788.4093,0,0,135.3735,0,1707.983,1684.2333,0,0,22.56225,0,efficiency_0.95
58,09:30,09:40,0.9422,5907.586,6012.1304,0,104.5444,0,0,1684.2333,1700.7861,0,17.42406667,0,0,efficiency_0.95
59,09:40,09:50,0.9569,5899.1262,6216.1528,0,317.0266,0,0,1700.7861,1750.982,0,52.83776667,0,0,efficiency_0.95
60,09:50,10:00,0.9977,5902.2196,6409.5941,0,507.3745,0,0,1750.982,1831.3163,0,84.56241667,0,0,efficiency_0.95
61,10:00,10:10,0.9919,5897.4793,6599.3808,0,701.9015,0,0,1831.3163,1942.4507,0,116.9835833,0,0,efficiency_0.95
62,10:10,10:20,0.9588,5886.7568,6766.7204,0,879.9636,0,0,1942.4507,2081.7783,0,146.6606,0,0,efficiency_0.95
63,10:20,10:30,0.9549,5873.4708,6914.5923,0,1041.1215,0,0,2081.7783,2246.6225,0,173.52025,0,0,efficiency_0.95
64,10:30,10:40,0.9839,5858.0308,7064.2053,0,1206.1745,0,0,2246.6225,2437.6002,0,201.0290833,0,0,efficiency_0.95
65,10:40,10:50,0.799,5844.9948,7197.4315,0,1352.4367,0,0,2437.6002,2651.736,0,225.4061167,0,0,efficiency_0.95
66,10:50,11:00,0.5025,5839.0587,7303.1142,0,1464.0555,0,0,2651.736,2883.5448,0,244.00925,0,0,efficiency_0.95
67,11:00,11:10,0.4662,5838.7103,7387.6848,2330.7803,3879.7548,0,0,2883.5448,3497.8393,388.4633833,646.6258,0,0,efficiency_0.95
68,11:10,11:20,0.5007,5823.4378,7459.227,0,1635.7892,0,0,3497.8393,3756.8392,0,272.6315333,0,0,efficiency_0.95
69,11:20,11:30,0.4827,5814.7932,7520.7191,0,1705.9259,0,0,3756.8392,4026.9442,0,284.3209833,0,0,efficiency_0.95
70,11:30,11:40,0.4785,5832.3951,7568.2039,0,1735.8088,0,0,4026.9442,4301.7806,0,289.3014667,0,0,efficiency_0.95
71,11:40,11:50,0.4662,5712.901,7592.1539,3120.7471,5000,0,0,4301.7806,5093.4472,520.1245167,833.3333333,0,0,efficiency_0.95
72,11:50,12:00,0.4432,5519.4607,7601.0433,2918.4174,5000,0,0,5093.4472,5885.1139,486.4029,833.3333333,0,0,efficiency_0.95
73,12:00,12:10,0.4411,5494.7907,7612.316,2882.4747,5000,0,0,5885.1139,6676.7806,480.41245,833.3333333,0,0,efficiency_0.95
74,12:10,12:20,0.4551,5514.4524,7602.6524,2911.8,5000,0,0,6676.7806,7468.4472,485.3,833.3333333,0,0,efficiency_0.95
75,12:20,12:30,0.4463,5485.829,7554.1872,2931.6418,5000,0,0,7468.4472,8260.1139,488.6069667,833.3333333,0,0,efficiency_0.95
76,12:30,12:40,0.4113,5462.3628,7472.7384,2989.6244,5000,0,0,8260.1139,9051.7806,498.2707333,833.3333333,0,0,efficiency_0.95
77,12:40,12:50,0.5682,5566.1066,7393.4172,0,1827.3106,0,0,9051.7806,9341.1047,0,304.5517667,0,0,efficiency_0.95
78,12:50,13:00,0.8279,5725.7548,7312.7979,0,1587.0431,0,0,9341.1047,9592.3866,0,264.5071833,0,0,efficiency_0.95
79,13:00,13:10,0.8636,5739.4957,7194.541,0,1455.0453,0,0,9592.3866,9822.7687,0,242.50755,0,0,efficiency_0.95
80,13:10,13:20,0.8416,5714.6836,7053.1371,0,1338.4535,0,0,9822.7687,10034.691,0,223.0755833,0,0,efficiency_0.95
81,13:20,13:30,0.8618,5717.8505,6910.4064,0,1192.5559,0,0,10034.691,10223.512,0,198.7593167,0,0,efficiency_0.95
82,13:30,13:40,0.8623,5708.2486,6772.4075,0,1064.1589,0,0,10223.512,10392.004,0,177.3598167,0,0,efficiency_0.95
83,13:40,13:50,0.9026,5696.9182,6607.36,0,910.4418,0,0,10392.004,10536.157,0,151.7403,0,0,efficiency_0.95
84,13:50,14:00,0.9754,5692.2983,6412.5085,0,720.2102,0,0,10536.157,10650.19,0,120.0350333,0,0,efficiency_0.95
85,14:00,14:10,1.0002,5687.1291,6214.0158,0,526.8867,0,0,10650.19,10733.614,0,87.81445,0,0,efficiency_0.95
86,14:10,14:20,0.9978,5678.962,6000.7112,0,321.7492,0,0,10733.614,10784.558,0,53.62486667,0,0,efficiency_0.95
87,14:20,14:30,1.0271,5669.4508,5766.9816,0,97.5308,0,0,10784.558,10800,0,16.25513333,0,0,efficiency_0.95
88,14:30,14:40,1.0906,5664.1948,5521.5066,0,0,142.6882,0,10800,10774.967,0,0,23.78136667,0,efficiency_0.95
89,14:40,14:50,0.9376,5672.7011,5268.781,0,0,403.9201,0,10774.967,10704.104,0,0,67.32001667,0,efficiency_0.95
90,14:50,15:00,0.6694,5682.2544,5009.7152,672.5392,0,0,0,10704.104,10704.104,112.0898667,0,0,0,efficiency_0.95
91,15:00,15:10,0.66,5669.0195,4743.4484,1531.2313,605.66017,0,0,10704.104,10800,255.2052167,100.9433617,0,0,efficiency_0.95
92,15:10,15:20,0.7217,5656.3651,4471.224,1185.1411,0,0,0,10800,10800,197.5235167,0,0,0,efficiency_0.95
93,15:20,15:30,0.7308,5657.0867,4188.2025,1468.8842,0,0,0,10800,10800,244.8140333,0,0,0,efficiency_0.95
94,15:30,15:40,0.7534,5662.6008,3889.3931,1773.2077,0,0,0,10800,10800,295.5346167,0,0,0,efficiency_0.95
95,15:40,15:50,0.7823,5669.2596,3594.5946,2074.665,0,0,0,10800,10800,345.7775,0,0,0,efficiency_0.95
96,15:50,16:00,0.8055,5673.4767,3303.8878,2369.5889,0,0,0,10800,10800,394.9314833,0,0,0,efficiency_0.95
97,16:00,16:10,0.8271,5671.0146,2998.4247,2672.5899,0,0,0,10800,10800,445.43165,0,0,0,efficiency_0.95
98,16:10,16:20,0.8519,5661.5926,2687.4131,2974.1795,0,0,0,10800,10800,495.6965833,0,0,0,efficiency_0.95
99,16:20,16:30,0.8791,5665.8922,2383.1779,3282.7143,0,0,0,10800,10800,547.11905,0,0,0,efficiency_0.95
100,16:30,16:40,0.9024,5689.0372,2089.1246,3599.9126,0,0,0,10800,10800,599.9854333,0,0,0,efficiency_0.95
101,16:40,16:50,0.9163,5603.6614,1791.0829,3812.5785,0,0,0,10800,10800,635.42975,0,0,0,efficiency_0.95
102,16:50,17:00,0.9264,5466.7124,1501.7283,3964.9841,0,0,0,10800,10800,660.8306833,0,0,0,efficiency_0.95
103,17:00,17:10,0.9462,5467.3939,1255.1723,4212.2216,0,0,0,10800,10800,702.0369333,0,0,0,efficiency_0.95
104,17:10,17:20,0.9742,5464.727,1036.3323,4428.3947,0,0,0,10800,10800,738.0657833,0,0,0,efficiency_0.95
105,17:20,17:30,0.9862,5492.4458,836.7775,4655.6683,0,0,0,10800,10800,775.9447167,0,0,0,efficiency_0.95
106,17:30,17:40,0.976,5621.7308,665.2313,4956.4995,0,0,0,10800,10800,826.08325,0,0,0,efficiency_0.95
107,17:40,17:50,1.0742,5091.2126,516.6758,4574.5368,0,0,0,10800,10800,762.4228,0,0,0,efficiency_0.95
108,17:50,18:00,1.2313,4208.5688,386.6731,3821.8957,0,0,0,10800,10800,636.9826167,0,0,0,efficiency_0.95
109,18:00,18:10,1.2561,4122.7611,275.7933,311.3643,0,3535.6035,0,10800,10179.719,51.89405,0,589.26725,0,efficiency_0.95
110,18:10,18:20,1.2447,4255.9358,182.9526,4072.9832,0,0,0,10179.719,10179.719,678.8305333,0,0,0,efficiency_0.95
111,18:20,18:30,1.2545,4225.9524,108.3414,4117.611,0,0,0,10179.719,10179.719,686.2685,0,0,0,efficiency_0.95
112,18:30,18:40,1.2522,4233.3384,54.3121,4179.0263,0,0,0,10179.719,10179.719,696.5043833,0,0,0,efficiency_0.95
113,18:40,18:50,1.2881,4246.4625,18.6569,0,0,4227.8056,0,10179.719,9437.9984,0,0,704.6342667,0,efficiency_0.95
114,18:50,19:00,1.3466,4239.1795,0.2753,0,0,4238.9042,0,9437.9984,8694.331,0,0,706.4840333,0,efficiency_0.95
115,19:00,19:10,1.3523,4244.6684,0.2296,0,0,4244.4388,0,8694.331,7949.6926,0,0,707.4064667,0,efficiency_0.95
116,19:10,19:20,1.3445,4251.9187,0.6007,0,0,4251.318,0,7949.6926,7203.8474,0,0,708.553,0,efficiency_0.95
117,19:20,19:30,1.3483,4256.6813,0,0,0,4256.6813,0,7203.8474,6457.0612,0,0,709.4468833,0,efficiency_0.95
118,19:30,19:40,1.349,4267.3947,0,0,0,4267.3947,0,6457.0612,5708.3954,0,0,711.23245,0,efficiency_0.95
119,19:40,19:50,1.3473,4269.975,0,0,0,4269.975,0,5708.3954,4959.277,0,0,711.6625,0,efficiency_0.95
120,19:50,20:00,1.3482,4268.6702,0,0,0,4268.6702,0,4959.277,4210.3875,0,0,711.4450333,0,efficiency_0.95
121,20:00,20:10,1.3513,4282.2245,0,0,0,4282.2245,0,4210.3875,3459.12,0,0,713.7040833,0,efficiency_0.95
122,20:10,20:20,1.34,4291.7049,0,0,0,4291.7049,0,3459.12,2706.1894,0,0,715.28415,0,efficiency_0.95
123,20:20,20:30,1.3489,4291.3611,0,0,0,4291.3611,0,2706.1894,1953.319,0,0,715.22685,0,efficiency_0.95
124,20:30,20:40,1.3952,4293.9182,0,0,0,4293.9182,0,1953.319,1200,0,0,715.6530333,0,efficiency_0.95
125,20:40,20:50,1.2226,4295.2135,0,4295.2135,0,0,0,1200,1200,715.8689167,0,0,0,efficiency_0.95
126,20:50,21:00,0.9332,4302.0307,0,4302.0307,0,0,0,1200,1200,717.0051167,0,0,0,efficiency_0.95
127,21:00,21:10,0.9068,4320.9618,0,4320.9618,0,0,0,1200,1200,720.1603,0,0,0,efficiency_0.95
128,21:10,21:20,0.9371,4302.3292,0,4302.3292,0,0,0,1200,1200,717.0548667,0,0,0,efficiency_0.95
129,21:20,21:30,0.9371,4322.6758,0,4322.6758,0,0,0,1200,1200,720.4459667,0,0,0,efficiency_0.95
130,21:30,21:40,0.9871,4428.8083,0,4428.8083,0,0,0,1200,1200,738.1347167,0,0,0,efficiency_0.95
131,21:40,21:50,0.7764,4030.1614,0,4030.1614,0,0,0,1200,1200,671.6935667,0,0,0,efficiency_0.95
132,21:50,22:00,0.4209,3362.7419,0,8362.7419,5000,0,0,1200,1991.6667,1393.790317,833.3333333,0,0,efficiency_0.95
133,22:00,22:10,0.3859,3309.3934,0,8309.3934,5000,0,0,1991.6667,2783.3333,1384.8989,833.3333333,0,0,efficiency_0.95
134,22:10,22:20,0.4368,3412.9563,0,3412.9563,0,0,0,2783.3333,2783.3333,568.82605,0,0,0,efficiency_0.95
135,22:20,22:30,0.4198,3381.9313,0,8381.9313,5000,0,0,2783.3333,3575,1396.98855,833.3333333,0,0,efficiency_0.95
136,22:30,22:40,0.4186,3386.5592,0,8386.5592,5000,0,0,3575,4366.6667,1397.759867,833.3333333,0,0,efficiency_0.95
137,22:40,22:50,0.4241,3400.4846,0,3400.4846,0,0,0,4366.6667,4366.6667,566.7474333,0,0,0,efficiency_0.95
138,22:50,23:00,0.4237,3399.2426,0,8399.2426,5000,0,0,4366.6667,5158.3333,1399.873767,833.3333333,0,0,efficiency_0.95
139,23:00,23:10,0.4248,3406.9809,0,3406.9809,0,0,0,5158.3333,5158.3333,567.83015,0,0,0,efficiency_0.95
140,23:10,23:20,0.424,3416.1518,0,3416.1518,0,0,0,5158.3333,5158.3333,569.3586333,0,0,0,efficiency_0.95
141,23:20,23:30,0.422,3421.9811,0,8421.9811,5000,0,0,5158.3333,5950,1403.663517,833.3333333,0,0,efficiency_0.95
142,23:30,23:40,0.424,3429.6923,0,3745.4818,315.78947,0,0,5950,6000,624.2469667,52.63157833,0,0,efficiency_0.95
143,23:40,23:50,0.4271,3439.061,0,3439.061,0,0,0,6000,6000,573.1768333,0,0,0,efficiency_0.95
144,23:50,24:00,0.4276,3444.7259,0,3444.7259,0,0,0,6000,6000,574.1209833,0,0,0,efficiency_0.95
1,00:00,00:10,0.4248,3439.8466,0,8439.8466,5000,0,0,3000,3750,1406.6411,833.3333333,0,0,capacity_0.5
2,00:10,00:20,0.4245,3437.9792,0,8437.9792,5000,0,0,3750,4500,1406.329867,833.3333333,0,0,capacity_0.5
3,00:20,00:30,0.4269,3444.3031,0,4444.3031,1000,0,0,4500,4650,740.7171833,166.6666667,0,0,capacity_0.5
4,00:30,00:40,0.4272,3454.4437,0,3454.4437,0,0,0,4650,4650,575.7406167,0,0,0,capacity_0.5
5,00:40,00:50,0.4271,3458.8273,0,3458.8273,0,0,0,4650,4650,576.4712167,0,0,0,capacity_0.5
6,00:50,01:00,0.4285,3459.8401,0,3459.8401,0,0,0,4650,4650,576.6400167,0,0,0,capacity_0.5
7,01:00,01:10,0.4311,3467.1582,0,3467.1582,0,0,0,4650,4650,577.8597,0,0,0,capacity_0.5
8,01:10,01:20,0.4302,3467.9632,0,3467.9632,0,0,0,4650,4650,577.9938667,0,0,0,capacity_0.5
9,01:20,01:30,0.4279,3466.9683,0,3466.9683,0,0,0,4650,4650,577.82805,0,0,0,capacity_0.5
10,01:30,01:40,0.4312,3482.4927,0,3482.4927,0,0,0,4650,4650,580.41545,0,0,0,capacity_0.5
11,01:40,01:50,0.4333,3495.0841,0,3495.0841,0,0,0,4650,4650,582.5140167,0,0,0,capacity_0.5
12,01:50,02:00,0.4311,3498.4443,0,3498.4443,0,0,0,4650,4650,583.07405,0,0,0,capacity_0.5
13,02:00,02:10,0.4293,3505.2295,0,3505.2295,0,0,0,4650,4650,584.2049167,0,0,0,capacity_0.5
14,02:10,02:20,0.4324,3512.6387,0,3512.6387,0,0,0,4650,4650,585.4397833,0,0,0,capacity_0.5
15,02:20,02:30,0.4367,3516.8685,0,3516.8685,0,0,0,4650,4650,586.14475,0,0,0,capacity_0.5
16,02:30,02:40,0.4348,3517.9246,0,3517.9246,0,0,0,4650,4650,586.3207667,0,0,0,capacity_0.5
17,02:40,02:50,0.4335,3518.5518,0,3518.5518,0,0,0,4650,4650,586.4253,0,0,0,capacity_0.5
18,02:50,03:00,0.4357,3521.0976,0,3521.0976,0,0,0,4650,4650,586.8496,0,0,0,capacity_0.5
19,03:00,03:10,0.4374,3526.9261,0,3526.9261,0,0,0,4650,4650,587.8210167,0,0,0,capacity_0.5
20,03:10,03:20,0.4371,3537.2854,0,3537.2854,0,0,0,4650,4650,589.5475667,0,0,0,capacity_0.5
21,03:20,03:30,0.4356,3544.8808,0,3544.8808,0,0,0,4650,4650,590.8134667,0,0,0,capacity_0.5
22,03:30,03:40,0.4353,3541.2787,0,3541.2787,0,0,0,4650,4650,590.2131167,0,0,0,capacity_0.5
23,03:40,03:50,0.436,3546.3976,0,3546.3976,0,0,0,4650,4650,591.0662667,0,0,0,capacity_0.5
24,03:50,04:00,0.4378,3560.207,0,3560.207,0,0,0,4650,4650,593.3678333,0,0,0,capacity_0.5
25,04:00,04:10,0.4401,3561.9581,0,3561.9581,0,0,0,4650,4650,593.6596833,0,0,0,capacity_0.5
26,04:10,04:20,0.4389,3556.7183,0,3556.7183,0,0,0,4650,4650,592.7863833,0,0,0,capacity_0.5
27,04:20,04:30,0.4364,3560.0272,0,3560.0272,0,0,0,4650,4650,593.3378667,0,0,0,capacity_0.5
28,04:30,04:40,0.4393,3580.654,0.5994,3580.0546,0,0,0,4650,4650,596.6757667,0,0,0,capacity_0.5
29,04:40,04:50,0.4422,3586.916,0.2345,3586.6815,0,0,0,4650,4650,597.78025,0,0,0,capacity_0.5
30,04:50,05:00,0.4395,3571.2635,0.2885,3570.975,0,0,0,4650,4650,595.1625,0,0,0,capacity_0.5
31,05:00,05:10,0.4333,3562.3171,18.6781,3543.639,0,0,0,4650,4650,590.6065,0,0,0,capacity_0.5
32,05:10,05:20,0.4439,3591.3809,54.4698,3536.9111,0,0,0,4650,4650,589.4851833,0,0,0,capacity_0.5
33,05:20,05:30,0.4301,3579.7045,108.9718,3470.7327,0,0,0,4650,4650,578.45545,0,0,0,capacity_0.5
34,05:30,05:40,0.3713,3486.119,184.1603,8301.9587,5000,0,0,4650,5400,1383.659783,833.3333333,0,0,capacity_0.5
35,05:40,05:50,0.5708,3823.8994,277.0582,3546.8412,0,0,0,5400,5400,591.1402,0,0,0,capacity_0.5
36,05:50,06:00,0.9099,4398.0727,388.5494,0,0,4009.5233,0,5400,4657.4957,0,0,668.2538833,0,capacity_0.5
37,06:00,06:10,0.9368,4454.0123,521.2803,0,0,3932.732,0,4657.4957,3929.212,0,0,655.4553333,0,capacity_0.5
38,06:10,06:20,0.8758,4371.7919,672.7677,0,0,3699.0242,0,3929.212,3244.2075,0,0,616.5040333,0,capacity_0.5
39,06:20,06:30,0.8759,4392.953,844.2261,0,0,3548.7269,0,3244.2075,2587.0359,0,0,591.4544833,0,capacity_0.5
40,06:30,06:40,0.8601,4384.5956,1039.6744,1293.4382,0,2051.483,0,2587.0359,2207.1316,215.5730333,0,341.9138333,0,capacity_0.5
41,06:40,06:50,0.8442,4434.7757,1259.3375,3175.4382,0,0,0,2207.1316,2207.1316,529.2397,0,0,0,capacity_0.5
42,06:50,07:00,0.8334,4523.4561,1508.6318,3014.8243,0,0,0,2207.1316,2207.1316,502.4707167,0,0,0,capacity_0.5
43,07:00,07:10,0.8092,4524.0721,1791.4107,2732.6614,0,0,0,2207.1316,2207.1316,455.4435667,0,0,0,capacity_0.5
44,07:10,07:20,0.7972,4545.8867,2085.4865,2460.4002,0,0,0,2207.1316,2207.1316,410.0667,0,0,0,capacity_0.5
45,07:20,07:30,0.7644,4523.2418,2381.2611,2141.9807,0,0,0,2207.1316,2207.1316,356.9967833,0,0,0,capacity_0.5
46,07:30,07:40,0.6899,4383.3566,2683.1752,6700.1814,5000,0,0,2207.1316,2957.1316,1116.6969,833.3333333,0,0,capacity_0.5
47,07:40,07:50,0.86,4910.4599,2986.3552,1924.1047,0,0,0,2957.1316,2957.1316,320.6841167,0,0,0,capacity_0.5
48,07:50,08:00,1.1617,5799.7327,3289.204,0,0,2510.5287,0,2957.1316,2492.2189,0,0,418.42145,0,capacity_0.5
49,08:00,08:10,1.1683,5884.826,3593.3613,0,0,2291.4647,0,2492.2189,2067.8736,0,0,381.9107833,0,capacity_0.5
50,08:10,08:20,1.0956,5748.0713,3890.7332,0,0,1857.3381,0,2067.8736,1723.9221,0,0,309.55635,0,capacity_0.5
51,08:20,08:30,1.0849,5769.0581,4181.3417,0,0,1587.7164,0,1723.9221,1429.9005,0,0,264.6194,0,capacity_0.5
52,08:30,08:40,1.061,5754.2105,4471.7657,0,0,1282.4448,0,1429.9005,1192.4107,0,0,213.7408,0,capacity_0.5
53,08:40,08:50,1.043,5824.1807,4752.8272,0,0,1071.3535,0,1192.4107,994.01193,0,0,178.5589167,0,capacity_0.5
54,08:50,09:00,1.036,5954.2601,5021.9074,0,0,932.3527,0,994.01193,821.35402,0,0,155.3921167,0,capacity_0.5
55,09:00,09:10,1.0147,5958.9696,5285.4126,0,0,673.557,0,821.35402,696.62124,0,0,112.2595,0,capacity_0.5
56,09:10,09:20,0.9922,5929.5554,5543.1742,0,0,386.3812,0,696.62124,625.06917,0,0,64.39686667,0,capacity_0.5
57,09:20,09:30,0.97,5923.7828,5788.4093,0,0,135.3735,0,625.06917,600,0,0,22.56225,0,capacity_0.5
58,09:30,09:40,0.9422,5907.586,6012.1304,0,0,0,104.5444,600,600,0,0,0,17.42406667,capacity_0.5
59,09:40,09:50,0.9569,5899.1262,6216.1528,0,0,0,317.0266,600,600,0,0,0,52.83776667,capacity_0.5
60,09:50,10:00,0.9977,5902.2196,6409.5941,0,0,0,507.3745,600,600,0,0,0,84.56241667,capacity_0.5
61,10:00,10:10,0.9919,5897.4793,6599.3808,0,0,0,701.9015,600,600,0,0,0,116.9835833,capacity_0.5
62,10:10,10:20,0.9588,5886.7568,6766.7204,0,0,0,879.9636,600,600,0,0,0,146.6606,capacity_0.5
63,10:20,10:30,0.9549,5873.4708,6914.5923,0,0,0,1041.1215,600,600,0,0,0,173.52025,capacity_0.5
64,10:30,10:40,0.9839,5858.0308,7064.2053,0,0,0,1206.1745,600,600,0,0,0,201.0290833,capacity_0.5
65,10:40,10:50,0.799,5844.9948,7197.4315,0,1352.4367,0,0,600,802.8655,0,225.4061167,0,0,capacity_0.5
66,10:50,11:00,0.5025,5839.0587,7303.1142,0,1464.0555,0,0,802.8655,1022.4738,0,244.00925,0,0,capacity_0.5
67,11:00,11:10,0.4662,5838.7103,7387.6848,0,1548.9745,0,0,1022.4738,1254.82,0,258.1624167,0,0,capacity_0.5
68,11:10,11:20,0.5007,5823.4378,7459.227,0,1635.7892,0,0,1254.82,1500.1884,0,272.6315333,0,0,capacity_0.5
69,11:20,11:30,0.4827,5814.7932,7520.7191,0,1705.9259,0,0,1500.1884,1756.0773,0,284.3209833,0,0,capacity_0.5
70,11:30,11:40,0.4785,5832.3951,7568.2039,0,1735.8088,0,0,1756.0773,2016.4486,0,289.3014667,0,0,capacity_0.5
71,11:40,11:50,0.4662,5712.901,7592.1539,0,1879.2529,0,0,2016.4486,2298.3365,0,313.2088167,0,0,capacity_0.5
72,11:50,12:00,0.4432,5519.4607,7601.0433,0,2081.5826,0,0,2298.3365,2610.5739,0,346.9304333,0,0,capacity_0.5
73,12:00,12:10,0.4411,5494.7907,7612.316,0,2117.5253,0,0,2610.5739,2928.2027,0,352.9208833,0,0,capacity_0.5
74,12:10,12:20,0.4551,5514.4524,7602.6524,0,2088.2,0,0,2928.2027,3241.4327,0,348.0333333,0,0,capacity_0.5
75,12:20,12:30,0.4463,5485.829,7554.1872,0,2068.3582,0,0,3241.4327,3551.6864,0,344.7263667,0,0,capacity_0.5
76,12:30,12:40,0.4113,5462.3628,7472.7384,0,2010.3756,0,0,3551.6864,3853.2428,0,335.0626,0,0,capacity_0.5
77,12:40,12:50,0.5682,5566.1066,7393.4172,0,1827.3106,0,0,3853.2428,4127.3394,0,304.5517667,0,0,capacity_0.5
78,12:50,13:00,0.8279,5725.7548,7312.7979,0,1587.0431,0,0,4127.3394,4365.3958,0,264.5071833,0,0,capacity_0.5
79,13:00,13:10,0.8636,5739.4957,7194.541,0,1455.0453,0,0,4365.3958,4583.6526,0,242.50755,0,0,capacity_0.5
80,13:10,13:20,0.8416,5714.6836,7053.1371,0,1338.4535,0,0,4583.6526,4784.4207,0,223.0755833,0,0,capacity_0.5
81,13:20,13:30,0.8618,5717.8505,6910.4064,0,1192.5559,0,0,4784.4207,4963.304,0,198.7593167,0,0,capacity_0.5
82,13:30,13:40,0.8623,5708.2486,6772.4075,0,1064.1589,0,0,4963.304,5122.9279,0,177.3598167,0,0,capacity_0.5
83,13:40,13:50,0.9026,5696.9182,6607.36,0,910.4418,0,0,5122.9279,5259.4941,0,151.7403,0,0,capacity_0.5
84,13:50,14:00,0.9754,5692.2983,6412.5085,0,0,0,720.2102,5259.4941,5259.4941,0,0,0,120.0350333,capacity_0.5
85,14:00,14:10,1.0002,5687.1291,6214.0158,0,526.8867,0,0,5259.4941,5338.5272,0,87.81445,0,0,capacity_0.5
86,14:10,14:20,0.9978,5678.962,6000.7112,0,321.7492,0,0,5338.5272,5386.7895,0,53.62486667,0,0,capacity_0.5
87,14:20,14:30,1.0271,5669.4508,5766.9816,0,88.0698,0,9.461,5386.7895,5400,0,14.6783,0,1.576833333,capacity_0.5
88,14:30,14:40,1.0906,5664.1948,5521.5066,0,0,142.6882,0,5400,5373.5763,0,0,23.78136667,0,capacity_0.5
89,14:40,14:50,0.9376,5672.7011,5268.781,0,0,403.9201,0,5373.5763,5298.7762,0,0,67.32001667,0,capacity_0.5
90,14:50,15:00,0.6694,5682.2544,5009.7152,672.5392,0,0,0,5298.7762,5298.7762,112.0898667,0,0,0,capacity_0.5
91,15:00,15:10,0.66,5669.0195,4743.4484,1600.3962,674.82506,0,0,5298.7762,5400,266.7327,112.4708433,0,0,capacity_0.5
92,15:10,15:20,0.7217,5656.3651,4471.224,1185.1411,0,0,0,5400,5400,197.5235167,0,0,0,capacity_0.5
93,15:20,15:30,0.7308,5657.0867,4188.2025,1468.8842,0,0,0,5400,5400,244.8140333,0,0,0,capacity_0.5
94,15:30,15:40,0.7534,5662.6008,3889.3931,1773.2077,0,0,0,5400,5400,295.5346167,0,0,0,capacity_0.5
95,15:40,15:50,0.7823,5669.2596,3594.5946,2074.665,0,0,0,5400,5400,345.7775,0,0,0,capacity_0.5
96,15:50,16:00,0.8055,5673.4767,3303.8878,2369.5889,0,0,0,5400,5400,394.9314833,0,0,0,capacity_0.5
97,16:00,16:10,0.8271,5671.0146,2998.4247,2672.5899,0,0,0,5400,5400,445.43165,0,0,0,capacity_0.5
98,16:10,16:20,0.8519,5661.5926,2687.4131,2974.1795,0,0,0,5400,5400,495.6965833,0,0,0,capacity_0.5
99,16:20,16:30,0.8791,5665.8922,2383.1779,3282.7143,0,0,0,5400,5400,547.11905,0,0,0,capacity_0.5
100,16:30,16:40,0.9024,5689.0372,2089.1246,3599.9126,0,0,0,5400,5400,599.9854333,0,0,0,capacity_0.5
101,16:40,16:50,0.9163,5603.6614,1791.0829,3812.5785,0,0,0,5400,5400,635.42975,0,0,0,capacity_0.5
102,16:50,17:00,0.9264,5466.7124,1501.7283,3964.9841,0,0,0,5400,5400,660.8306833,0,0,0,capacity_0.5
103,17:00,17:10,0.9462,5467.3939,1255.1723,4212.2216,0,0,0,5400,5400,702.0369333,0,0,0,capacity_0.5
104,17:10,17:20,0.9742,5464.727,1036.3323,4428.3947,0,0,0,5400,5400,738.0657833,0,0,0,capacity_0.5
105,17:20,17:30,0.9862,5492.4458,836.7775,4655.6683,0,0,0,5400,5400,775.9447167,0,0,0,capacity_0.5
106,17:30,17:40,0.976,5621.7308,665.2313,4956.4995,0,0,0,5400,5400,826.08325,0,0,0,capacity_0.5
107,17:40,17:50,1.0742,5091.2126,516.6758,4574.5368,0,0,0,5400,5400,762.4228,0,0,0,capacity_0.5
108,17:50,18:00,1.2313,4208.5688,386.6731,3821.8957,0,0,0,5400,5400,636.9826167,0,0,0,capacity_0.5
109,18:00,18:10,1.2561,4122.7611,275.7933,3846.9678,0,0,0,5400,5400,641.1613,0,0,0,capacity_0.5
110,18:10,18:20,1.2447,4255.9358,182.9526,4072.9832,0,0,0,5400,5400,678.8305333,0,0,0,capacity_0.5
111,18:20,18:30,1.2545,4225.9524,108.3414,4117.611,0,0,0,5400,5400,686.2685,0,0,0,capacity_0.5
112,18:30,18:40,1.2522,4233.3384,54.3121,4179.0263,0,0,0,5400,5400,696.5043833,0,0,0,capacity_0.5
113,18:40,18:50,1.2881,4246.4625,18.6569,4227.8056,0,0,0,5400,5400,704.6342667,0,0,0,capacity_0.5
114,18:50,19:00,1.3466,4239.1795,0.2753,4238.9042,0,0,0,5400,5400,706.4840333,0,0,0,capacity_0.5
115,19:00,19:10,1.3523,4244.6684,0.2296,0,0,4244.4388,0,5400,4613.9928,0,0,707.4064667,0,capacity_0.5
116,19:10,19:20,1.3445,4251.9187,0.6007,4251.318,0,0,0,4613.9928,4613.9928,708.553,0,0,0,capacity_0.5
117,19:20,19:30,1.3483,4256.6813,0,0,0,4256.6813,0,4613.9928,3825.7185,0,0,709.4468833,0,capacity_0.5
118,19:30,19:40,1.349,4267.3947,0,0,0,4267.3947,0,3825.7185,3035.4602,0,0,711.23245,0,capacity_0.5
119,19:40,19:50,1.3473,4269.975,0,4269.975,0,0,0,3035.4602,3035.4602,711.6625,0,0,0,capacity_0.5
120,19:50,20:00,1.3482,4268.6702,0,3984.6888,0,283.9814,0,3035.4602,2982.8711,664.1148,0,47.33023333,0,capacity_0.5
121,20:00,20:10,1.3513,4282.2245,0,0,0,4282.2245,0,2982.8711,2189.8665,0,0,713.7040833,0,capacity_0.5
122,20:10,20:20,1.34,4291.7049,0,4291.7049,0,0,0,2189.8665,2189.8665,715.28415,0,0,0,capacity_0.5
123,20:20,20:30,1.3489,4291.3611,0,0,0,4291.3611,0,2189.8665,1395.17,0,0,715.22685,0,capacity_0.5
124,20:30,20:40,1.3952,4293.9182,0,0,0,4293.9182,0,1395.17,600,0,0,715.6530333,0,capacity_0.5
125,20:40,20:50,1.2226,4295.2135,0,4295.2135,0,0,0,600,600,715.8689167,0,0,0,capacity_0.5
126,20:50,21:00,0.9332,4302.0307,0,4302.0307,0,0,0,600,600,717.0051167,0,0,0,capacity_0.5
127,21:00,21:10,0.9068,4320.9618,0,4320.9618,0,0,0,600,600,720.1603,0,0,0,capacity_0.5
128,21:10,21:20,0.9371,4302.3292,0,4302.3292,0,0,0,600,600,717.0548667,0,0,0,capacity_0.5
129,21:20,21:30,0.9371,4322.6758,0,4322.6758,0,0,0,600,600,720.4459667,0,0,0,capacity_0.5
130,21:30,21:40,0.9871,4428.8083,0,4428.8083,0,0,0,600,600,738.1347167,0,0,0,capacity_0.5
131,21:40,21:50,0.7764,4030.1614,0,4030.1614,0,0,0,600,600,671.6935667,0,0,0,capacity_0.5
132,21:50,22:00,0.4209,3362.7419,0,4362.7419,1000,0,0,600,750,727.12365,166.6666667,0,0,capacity_0.5
133,22:00,22:10,0.3859,3309.3934,0,8309.3934,5000,0,0,750,1500,1384.8989,833.3333333,0,0,capacity_0.5
134,22:10,22:20,0.4368,3412.9563,0,3412.9563,0,0,0,1500,1500,568.82605,0,0,0,capacity_0.5
135,22:20,22:30,0.4198,3381.9313,0,8381.9313,5000,0,0,1500,2250,1396.98855,833.3333333,0,0,capacity_0.5
136,22:30,22:40,0.4186,3386.5592,0,8386.5592,5000,0,0,2250,3000,1397.759867,833.3333333,0,0,capacity_0.5
137,22:40,22:50,0.4241,3400.4846,0,3400.4846,0,0,0,3000,3000,566.7474333,0,0,0,capacity_0.5
138,22:50,23:00,0.4237,3399.2426,0,3399.2426,0,0,0,3000,3000,566.5404333,0,0,0,capacity_0.5
139,23:00,23:10,0.4248,3406.9809,0,3406.9809,0,0,0,3000,3000,567.83015,0,0,0,capacity_0.5
140,23:10,23:20,0.424,3416.1518,0,3416.1518,0,0,0,3000,3000,569.3586333,0,0,0,capacity_0.5
141,23:20,23:30,0.422,3421.9811,0,3421.9811,0,0,0,3000,3000,570.3301833,0,0,0,capacity_0.5
142,23:30,23:40,0.424,3429.6923,0,3429.6923,0,0,0,3000,3000,571.6153833,0,0,0,capacity_0.5
143,23:40,23:50,0.4271,3439.061,0,3439.061,0,0,0,3000,3000,573.1768333,0,0,0,capacity_0.5
144,23:50,24:00,0.4276,3444.7259,0,3444.7259,0,0,0,3000,3000,574.1209833,0,0,0,capacity_0.5
1,00:00,00:10,0.4248,3439.8466,0,8439.8466,5000,0,0,4500,5250,1406.6411,833.3333333,0,0,capacity_0.75
2,00:10,00:20,0.4245,3437.9792,0,8437.9792,5000,0,0,5250,6000,1406.329867,833.3333333,0,0,capacity_0.75
3,00:20,00:30,0.4269,3444.3031,0,8444.3031,5000,0,0,6000,6750,1407.38385,833.3333333,0,0,capacity_0.75
4,00:30,00:40,0.4272,3454.4437,0,3454.4437,0,0,0,6750,6750,575.7406167,0,0,0,capacity_0.75
5,00:40,00:50,0.4271,3458.8273,0,7458.8273,4000,0,0,6750,7350,1243.137883,666.6666667,0,0,capacity_0.75
6,00:50,01:00,0.4285,3459.8401,0,3459.8401,0,0,0,7350,7350,576.6400167,0,0,0,capacity_0.75
7,01:00,01:10,0.4311,3467.1582,0,3467.1582,0,0,0,7350,7350,577.8597,0,0,0,capacity_0.75
8,01:10,01:20,0.4302,3467.9632,0,3467.9632,0,0,0,7350,7350,577.9938667,0,0,0,capacity_0.75
9,01:20,01:30,0.4279,3466.9683,0,3466.9683,0,0,0,7350,7350,577.82805,0,0,0,capacity_0.75
10,01:30,01:40,0.4312,3482.4927,0,3482.4927,0,0,0,7350,7350,580.41545,0,0,0,capacity_0.75
11,01:40,01:50,0.4333,3495.0841,0,3495.0841,0,0,0,7350,7350,582.5140167,0,0,0,capacity_0.75
12,01:50,02:00,0.4311,3498.4443,0,3498.4443,0,0,0,7350,7350,583.07405,0,0,0,capacity_0.75
13,02:00,02:10,0.4293,3505.2295,0,3505.2295,0,0,0,7350,7350,584.2049167,0,0,0,capacity_0.75
14,02:10,02:20,0.4324,3512.6387,0,3512.6387,0,0,0,7350,7350,585.4397833,0,0,0,capacity_0.75
15,02:20,02:30,0.4367,3516.8685,0,3516.8685,0,0,0,7350,7350,586.14475,0,0,0,capacity_0.75
16,02:30,02:40,0.4348,3517.9246,0,3517.9246,0,0,0,7350,7350,586.3207667,0,0,0,capacity_0.75
17,02:40,02:50,0.4335,3518.5518,0,3518.5518,0,0,0,7350,7350,586.4253,0,0,0,capacity_0.75
18,02:50,03:00,0.4357,3521.0976,0,3521.0976,0,0,0,7350,7350,586.8496,0,0,0,capacity_0.75
19,03:00,03:10,0.4374,3526.9261,0,3526.9261,0,0,0,7350,7350,587.8210167,0,0,0,capacity_0.75
20,03:10,03:20,0.4371,3537.2854,0,3537.2854,0,0,0,7350,7350,589.5475667,0,0,0,capacity_0.75
21,03:20,03:30,0.4356,3544.8808,0,3544.8808,0,0,0,7350,7350,590.8134667,0,0,0,capacity_0.75
22,03:30,03:40,0.4353,3541.2787,0,3541.2787,0,0,0,7350,7350,590.2131167,0,0,0,capacity_0.75
23,03:40,03:50,0.436,3546.3976,0,3546.3976,0,0,0,7350,7350,591.0662667,0,0,0,capacity_0.75
24,03:50,04:00,0.4378,3560.207,0,3560.207,0,0,0,7350,7350,593.3678333,0,0,0,capacity_0.75
25,04:00,04:10,0.4401,3561.9581,0,3561.9581,0,0,0,7350,7350,593.6596833,0,0,0,capacity_0.75
26,04:10,04:20,0.4389,3556.7183,0,3556.7183,0,0,0,7350,7350,592.7863833,0,0,0,capacity_0.75
27,04:20,04:30,0.4364,3560.0272,0,3560.0272,0,0,0,7350,7350,593.3378667,0,0,0,capacity_0.75
28,04:30,04:40,0.4393,3580.654,0.5994,3580.0546,0,0,0,7350,7350,596.6757667,0,0,0,capacity_0.75
29,04:40,04:50,0.4422,3586.916,0.2345,3586.6815,0,0,0,7350,7350,597.78025,0,0,0,capacity_0.75
30,04:50,05:00,0.4395,3571.2635,0.2885,3570.975,0,0,0,7350,7350,595.1625,0,0,0,capacity_0.75
31,05:00,05:10,0.4333,3562.3171,18.6781,3543.639,0,0,0,7350,7350,590.6065,0,0,0,capacity_0.75
32,05:10,05:20,0.4439,3591.3809,54.4698,3536.9111,0,0,0,7350,7350,589.4851833,0,0,0,capacity_0.75
33,05:20,05:30,0.4301,3579.7045,108.9718,3470.7327,0,0,0,7350,7350,578.45545,0,0,0,capacity_0.75
34,05:30,05:40,0.3713,3486.119,184.1603,8301.9587,5000,0,0,7350,8100,1383.659783,833.3333333,0,0,capacity_0.75
35,05:40,05:50,0.5708,3823.8994,277.0582,3546.8412,0,0,0,8100,8100,591.1402,0,0,0,capacity_0.75
36,05:50,06:00,0.9099,4398.0727,388.5494,0,0,4009.5233,0,8100,7357.4957,0,0,668.2538833,0,capacity_0.75
37,06:00,06:10,0.9368,4454.0123,521.2803,0,0,3932.732,0,7357.4957,6629.212,0,0,655.4553333,0,capacity_0.75
38,06:10,06:20,0.8758,4371.7919,672.7677,0,0,3699.0242,0,6629.212,5944.2075,0,0,616.5040333,0,capacity_0.75
39,06:20,06:30,0.8759,4392.953,844.2261,0,0,3548.7269,0,5944.2075,5287.0359,0,0,591.4544833,0,capacity_0.75
40,06:30,06:40,0.8601,4384.5956,1039.6744,0,0,3344.9212,0,5287.0359,4667.606,0,0,557.4868667,0,capacity_0.75
41,06:40,06:50,0.8442,4434.7757,1259.3375,0,0,3175.4382,0,4667.606,4079.5619,0,0,529.2397,0,capacity_0.75
42,06:50,07:00,0.8334,4523.4561,1508.6318,497.8054,0,2517.0189,0,4079.5619,3613.4473,82.96756667,0,419.50315,0,capacity_0.75
43,07:00,07:10,0.8092,4524.0721,1791.4107,2732.6614,0,0,0,3613.4473,3613.4473,455.4435667,0,0,0,capacity_0.75
44,07:10,07:20,0.7972,4545.8867,2085.4865,2460.4002,0,0,0,3613.4473,3613.4473,410.0667,0,0,0,capacity_0.75
45,07:20,07:30,0.7644,4523.2418,2381.2611,2141.9807,0,0,0,3613.4473,3613.4473,356.9967833,0,0,0,capacity_0.75
46,07:30,07:40,0.6899,4383.3566,2683.1752,1700.1814,0,0,0,3613.4473,3613.4473,283.3635667,0,0,0,capacity_0.75
47,07:40,07:50,0.86,4910.4599,2986.3552,0,0,1924.1047,0,3613.4473,3257.1316,0,0,320.6841167,0,capacity_0.75
48,07:50,08:00,1.1617,5799.7327,3289.204,0,0,2510.5287,0,3257.1316,2792.2189,0,0,418.42145,0,capacity_0.75
49,08:00,08:10,1.1683,5884.826,3593.3613,0,0,2291.4647,0,2792.2189,2367.8736,0,0,381.9107833,0,capacity_0.75
50,08:10,08:20,1.0956,5748.0713,3890.7332,0,0,1857.3381,0,2367.8736,2023.9221,0,0,309.55635,0,capacity_0.75
51,08:20,08:30,1.0849,5769.0581,4181.3417,0,0,1587.7164,0,2023.9221,1729.9005,0,0,264.6194,0,capacity_0.75
52,08:30,08:40,1.061,5754.2105,4471.7657,0,0,1282.4448,0,1729.9005,1492.4107,0,0,213.7408,0,capacity_0.75
53,08:40,08:50,1.043,5824.1807,4752.8272,0,0,1071.3535,0,1492.4107,1294.0119,0,0,178.5589167,0,capacity_0.75
54,08:50,09:00,1.036,5954.2601,5021.9074,0,0,932.3527,0,1294.0119,1121.354,0,0,155.3921167,0,capacity_0.75
55,09:00,09:10,1.0147,5958.9696,5285.4126,0,0,673.557,0,1121.354,996.62124,0,0,112.2595,0,capacity_0.75
56,09:10,09:20,0.9922,5929.5554,5543.1742,0,0,386.3812,0,996.62124,925.06917,0,0,64.39686667,0,capacity_0.75
57,09:20,09:30,0.97,5923.7828,5788.4093,0,0,135.3735,0,925.06917,900,0,0,22.56225,0,capacity_0.75
58,09:30,09:40,0.9422,5907.586,6012.1304,0,104.5444,0,0,900,915.68166,0,17.42406667,0,0,capacity_0.75
59,09:40,09:50,0.9569,5899.1262,6216.1528,0,317.0266,0,0,915.68166,963.23565,0,52.83776667,0,0,capacity_0.75
60,09:50,10:00,0.9977,5902.2196,6409.5941,0,507.3745,0,0,963.23565,1039.3418,0,84.56241667,0,0,capacity_0.75
61,10:00,10:10,0.9919,5897.4793,6599.3808,0,701.9015,0,0,1039.3418,1144.627,0,116.9835833,0,0,capacity_0.75
62,10:10,10:20,0.9588,5886.7568,6766.7204,0,879.9636,0,0,1144.627,1276.6216,0,146.6606,0,0,capacity_0.75
63,10:20,10:30,0.9549,5873.4708,6914.5923,0,1041.1215,0,0,1276.6216,1432.7898,0,173.52025,0,0,capacity_0.75
64,10:30,10:40,0.9839,5858.0308,7064.2053,0,1206.1745,0,0,1432.7898,1613.716,0,201.0290833,0,0,capacity_0.75
65,10:40,10:50,0.799,5844.9948,7197.4315,0,1352.4367,0,0,1613.716,1816.5815,0,225.4061167,0,0,capacity_0.75
66,10:50,11:00,0.5025,5839.0587,7303.1142,0,1464.0555,0,0,1816.5815,2036.1898,0,244.00925,0,0,capacity_0.75
67,11:00,11:10,0.4662,5838.7103,7387.6848,0,1548.9745,0,0,2036.1898,2268.536,0,258.1624167,0,0,capacity_0.75
68,11:10,11:20,0.5007,5823.4378,7459.227,0,1635.7892,0,0,2268.536,2513.9044,0,272.6315333,0,0,capacity_0.75
69,11:20,11:30,0.4827,5814.7932,7520.7191,0,1705.9259,0,0,2513.9044,2769.7933,0,284.3209833,0,0,capacity_0.75
70,11:30,11:40,0.4785,5832.3951,7568.2039,0,1735.8088,0,0,2769.7933,3030.1646,0,289.3014667,0,0,capacity_0.75
71,11:40,11:50,0.4662,5712.901,7592.1539,0,1879.2529,0,0,3030.1646,3312.0525,0,313.2088167,0,0,capacity_0.75
72,11:50,12:00,0.4432,5519.4607,7601.0433,2918.4174,5000,0,0,3312.0525,4062.0525,486.4029,833.3333333,0,0,capacity_0.75
73,12:00,12:10,0.4411,5494.7907,7612.316,2882.4747,5000,0,0,4062.0525,4812.0525,480.41245,833.3333333,0,0,capacity_0.75
74,12:10,12:20,0.4551,5514.4524,7602.6524,0,2088.2,0,0,4812.0525,5125.2825,0,348.0333333,0,0,capacity_0.75
75,12:20,12:30,0.4463,5485.829,7554.1872,1721.7057,3790.0639,0,0,5125.2825,5693.7921,286.95095,631.6773167,0,0,capacity_0.75
76,12:30,12:40,0.4113,5462.3628,7472.7384,2989.6244,5000,0,0,5693.7921,6443.7921,498.2707333,833.3333333,0,0,capacity_0.75
77,12:40,12:50,0.5682,5566.1066,7393.4172,0,1827.3106,0,0,6443.7921,6717.8887,0,304.5517667,0,0,capacity_0.75
78,12:50,13:00,0.8279,5725.7548,7312.7979,0,1587.0431,0,0,6717.8887,6955.9452,0,264.5071833,0,0,capacity_0.75
79,13:00,13:10,0.8636,5739.4957,7194.541,0,1455.0453,0,0,6955.9452,7174.2019,0,242.50755,0,0,capacity_0.75
80,13:10,13:20,0.8416,5714.6836,7053.1371,0,1338.4535,0,0,7174.2019,7374.97,0,223.0755833,0,0,capacity_0.75
81,13:20,13:30,0.8618,5717.8505,6910.4064,0,1192.5559,0,0,7374.97,7553.8534,0,198.7593167,0,0,capacity_0.75
82,13:30,13:40,0.8623,5708.2486,6772.4075,0,1064.1589,0,0,7553.8534,7713.4772,0,177.3598167,0,0,capacity_0.75
83,13:40,13:50,0.9026,5696.9182,6607.36,0,910.4418,0,0,7713.4772,7850.0435,0,151.7403,0,0,capacity_0.75
84,13:50,14:00,0.9754,5692.2983,6412.5085,0,720.2102,0,0,7850.0435,7958.075,0,120.0350333,0,0,capacity_0.75
85,14:00,14:10,1.0002,5687.1291,6214.0158,0,526.8867,0,0,7958.075,8037.108,0,87.81445,0,0,capacity_0.75
86,14:10,14:20,0.9978,5678.962,6000.7112,0,321.7492,0,0,8037.108,8085.3704,0,53.62486667,0,0,capacity_0.75
87,14:20,14:30,1.0271,5669.4508,5766.9816,0,97.5308,0,0,8085.3704,8100,0,16.25513333,0,0,capacity_0.75
88,14:30,14:40,1.0906,5664.1948,5521.5066,0,0,142.6882,0,8100,8073.5763,0,0,23.78136667,0,capacity_0.75
89,14:40,14:50,0.9376,5672.7011,5268.781,0,0,403.9201,0,8073.5763,7998.7762,0,0,67.32001667,0,capacity_0.75
90,14:50,15:00,0.6694,5682.2544,5009.7152,672.5392,0,0,0,7998.7762,7998.7762,112.0898667,0,0,0,capacity_0.75
91,15:00,15:10,0.66,5669.0195,4743.4484,1600.3962,674.82506,0,0,7998.7762,8100,266.7327,112.4708433,0,0,capacity_0.75
92,15:10,15:20,0.7217,5656.3651,4471.224,1185.1411,0,0,0,8100,8100,197.5235167,0,0,0,capacity_0.75
93,15:20,15:30,0.7308,5657.0867,4188.2025,1468.8842,0,0,0,8100,8100,244.8140333,0,0,0,capacity_0.75
94,15:30,15:40,0.7534,5662.6008,3889.3931,1773.2077,0,0,0,8100,8100,295.5346167,0,0,0,capacity_0.75
95,15:40,15:50,0.7823,5669.2596,3594.5946,2074.665,0,0,0,8100,8100,345.7775,0,0,0,capacity_0.75
96,15:50,16:00,0.8055,5673.4767,3303.8878,2369.5889,0,0,0,8100,8100,394.9314833,0,0,0,capacity_0.75
97,16:00,16:10,0.8271,5671.0146,2998.4247,2672.5899,0,0,0,8100,8100,445.43165,0,0,0,capacity_0.75
98,16:10,16:20,0.8519,5661.5926,2687.4131,2974.1795,0,0,0,8100,8100,495.6965833,0,0,0,capacity_0.75
99,16:20,16:30,0.8791,5665.8922,2383.1779,3282.7143,0,0,0,8100,8100,547.11905,0,0,0,capacity_0.75
100,16:30,16:40,0.9024,5689.0372,2089.1246,3599.9126,0,0,0,8100,8100,599.9854333,0,0,0,capacity_0.75
101,16:40,16:50,0.9163,5603.6614,1791.0829,3812.5785,0,0,0,8100,8100,635.42975,0,0,0,capacity_0.75
102,16:50,17:00,0.9264,5466.7124,1501.7283,3964.9841,0,0,0,8100,8100,660.8306833,0,0,0,capacity_0.75
103,17:00,17:10,0.9462,5467.3939,1255.1723,4212.2216,0,0,0,8100,8100,702.0369333,0,0,0,capacity_0.75
104,17:10,17:20,0.9742,5464.727,1036.3323,4428.3947,0,0,0,8100,8100,738.0657833,0,0,0,capacity_0.75
105,17:20,17:30,0.9862,5492.4458,836.7775,4655.6683,0,0,0,8100,8100,775.9447167,0,0,0,capacity_0.75
106,17:30,17:40,0.976,5621.7308,665.2313,4956.4995,0,0,0,8100,8100,826.08325,0,0,0,capacity_0.75
107,17:40,17:50,1.0742,5091.2126,516.6758,4574.5368,0,0,0,8100,8100,762.4228,0,0,0,capacity_0.75
108,17:50,18:00,1.2313,4208.5688,386.6731,3821.8957,0,0,0,8100,8100,636.9826167,0,0,0,capacity_0.75
109,18:00,18:10,1.2561,4122.7611,275.7933,3846.9678,0,0,0,8100,8100,641.1613,0,0,0,capacity_0.75
110,18:10,18:20,1.2447,4255.9358,182.9526,4072.9832,0,0,0,8100,8100,678.8305333,0,0,0,capacity_0.75
111,18:20,18:30,1.2545,4225.9524,108.3414,4117.611,0,0,0,8100,8100,686.2685,0,0,0,capacity_0.75
112,18:30,18:40,1.2522,4233.3384,54.3121,4179.0263,0,0,0,8100,8100,696.5043833,0,0,0,capacity_0.75
113,18:40,18:50,1.2881,4246.4625,18.6569,4227.8056,0,0,0,8100,8100,704.6342667,0,0,0,capacity_0.75
114,18:50,19:00,1.3466,4239.1795,0.2753,0,0,4238.9042,0,8100,7315.0177,0,0,706.4840333,0,capacity_0.75
115,19:00,19:10,1.3523,4244.6684,0.2296,0,0,4244.4388,0,7315.0177,6529.0106,0,0,707.4064667,0,capacity_0.75
116,19:10,19:20,1.3445,4251.9187,0.6007,3784.886,0,466.432,0,6529.0106,6442.6343,630.8143333,0,77.73866667,0,capacity_0.75
117,19:20,19:30,1.3483,4256.6813,0,0,0,4256.6813,0,6442.6343,5654.3599,0,0,709.4468833,0,capacity_0.75
118,19:30,19:40,1.349,4267.3947,0,0,0,4267.3947,0,5654.3599,4864.1017,0,0,711.23245,0,capacity_0.75
119,19:40,19:50,1.3473,4269.975,0,0,0,4269.975,0,4864.1017,4073.3656,0,0,711.6625,0,capacity_0.75
120,19:50,20:00,1.3482,4268.6702,0,0,0,4268.6702,0,4073.3656,3282.8711,0,0,711.4450333,0,capacity_0.75
121,20:00,20:10,1.3513,4282.2245,0,0,0,4282.2245,0,3282.8711,2489.8665,0,0,713.7040833,0,capacity_0.75
122,20:10,20:20,1.34,4291.7049,0,4291.7049,0,0,0,2489.8665,2489.8665,715.28415,0,0,0,capacity_0.75
123,20:20,20:30,1.3489,4291.3611,0,0,0,4291.3611,0,2489.8665,1695.17,0,0,715.22685,0,capacity_0.75
124,20:30,20:40,1.3952,4293.9182,0,0,0,4293.9182,0,1695.17,900,0,0,715.6530333,0,capacity_0.75
125,20:40,20:50,1.2226,4295.2135,0,4295.2135,0,0,0,900,900,715.8689167,0,0,0,capacity_0.75
126,20:50,21:00,0.9332,4302.0307,0,4302.0307,0,0,0,900,900,717.0051167,0,0,0,capacity_0.75
127,21:00,21:10,0.9068,4320.9618,0,4320.9618,0,0,0,900,900,720.1603,0,0,0,capacity_0.75
128,21:10,21:20,0.9371,4302.3292,0,4302.3292,0,0,0,900,900,717.0548667,0,0,0,capacity_0.75
129,21:20,21:30,0.9371,4322.6758,0,4322.6758,0,0,0,900,900,720.4459667,0,0,0,capacity_0.75
130,21:30,21:40,0.9871,4428.8083,0,4428.8083,0,0,0,900,900,738.1347167,0,0,0,capacity_0.75
131,21:40,21:50,0.7764,4030.1614,0,4030.1614,0,0,0,900,900,671.6935667,0,0,0,capacity_0.75
132,21:50,22:00,0.4209,3362.7419,0,8362.7419,5000,0,0,900,1650,1393.790317,833.3333333,0,0,capacity_0.75
133,22:00,22:10,0.3859,3309.3934,0,8309.3934,5000,0,0,1650,2400,1384.8989,833.3333333,0,0,capacity_0.75
134,22:10,22:20,0.4368,3412.9563,0,3412.9563,0,0,0,2400,2400,568.82605,0,0,0,capacity_0.75
135,22:20,22:30,0.4198,3381.9313,0,8381.9313,5000,0,0,2400,3150,1396.98855,833.3333333,0,0,capacity_0.75
136,22:30,22:40,0.4186,3386.5592,0,8386.5592,5000,0,0,3150,3900,1397.759867,833.3333333,0,0,capacity_0.75
137,22:40,22:50,0.4241,3400.4846,0,3400.4846,0,0,0,3900,3900,566.7474333,0,0,0,capacity_0.75
138,22:50,23:00,0.4237,3399.2426,0,3399.2426,0,0,0,3900,3900,566.5404333,0,0,0,capacity_0.75
139,23:00,23:10,0.4248,3406.9809,0,3406.9809,0,0,0,3900,3900,567.83015,0,0,0,capacity_0.75
140,23:10,23:20,0.424,3416.1518,0,3416.1518,0,0,0,3900,3900,569.3586333,0,0,0,capacity_0.75
141,23:20,23:30,0.422,3421.9811,0,7421.9811,4000,0,0,3900,4500,1236.99685,666.6666667,0,0,capacity_0.75
142,23:30,23:40,0.424,3429.6923,0,3429.6923,0,0,0,4500,4500,571.6153833,0,0,0,capacity_0.75
143,23:40,23:50,0.4271,3439.061,0,3439.061,0,0,0,4500,4500,573.1768333,0,0,0,capacity_0.75
144,23:50,24:00,0.4276,3444.7259,0,3444.7259,0,0,0,4500,4500,574.1209833,0,0,0,capacity_0.75
1,00:00,00:10,0.4248,3439.8466,0,8439.8466,5000,0,0,7500,8250,1406.6411,833.3333333,0,0,capacity_1.25
2,00:10,00:20,0.4245,3437.9792,0,8437.9792,5000,0,0,8250,9000,1406.329867,833.3333333,0,0,capacity_1.25
3,00:20,00:30,0.4269,3444.3031,0,8444.3031,5000,0,0,9000,9750,1407.38385,833.3333333,0,0,capacity_1.25
4,00:30,00:40,0.4272,3454.4437,0,8454.4437,5000,0,0,9750,10500,1409.07395,833.3333333,0,0,capacity_1.25
5,00:40,00:50,0.4271,3458.8273,0,8458.8273,5000,0,0,10500,11250,1409.80455,833.3333333,0,0,capacity_1.25
6,00:50,01:00,0.4285,3459.8401,0,8459.8401,5000,0,0,11250,12000,1409.97335,833.3333333,0,0,capacity_1.25
7,01:00,01:10,0.4311,3467.1582,0,3467.1582,0,0,0,12000,12000,577.8597,0,0,0,capacity_1.25
8,01:10,01:20,0.4302,3467.9632,0,3467.9632,0,0,0,12000,12000,577.9938667,0,0,0,capacity_1.25
9,01:20,01:30,0.4279,3466.9683,0,8466.9683,5000,0,0,12000,12750,1411.161383,833.3333333,0,0,capacity_1.25
10,01:30,01:40,0.4312,3482.4927,0,3482.4927,0,0,0,12750,12750,580.41545,0,0,0,capacity_1.25
11,01:40,01:50,0.4333,3495.0841,0,3495.0841,0,0,0,12750,12750,582.5140167,0,0,0,capacity_1.25
12,01:50,02:00,0.4311,3498.4443,0,3498.4443,0,0,0,12750,12750,583.07405,0,0,0,capacity_1.25
13,02:00,02:10,0.4293,3505.2295,0,3505.2295,0,0,0,12750,12750,584.2049167,0,0,0,capacity_1.25
14,02:10,02:20,0.4324,3512.6387,0,3512.6387,0,0,0,12750,12750,585.4397833,0,0,0,capacity_1.25
15,02:20,02:30,0.4367,3516.8685,0,3516.8685,0,0,0,12750,12750,586.14475,0,0,0,capacity_1.25
16,02:30,02:40,0.4348,3517.9246,0,3517.9246,0,0,0,12750,12750,586.3207667,0,0,0,capacity_1.25
17,02:40,02:50,0.4335,3518.5518,0,3518.5518,0,0,0,12750,12750,586.4253,0,0,0,capacity_1.25
18,02:50,03:00,0.4357,3521.0976,0,3521.0976,0,0,0,12750,12750,586.8496,0,0,0,capacity_1.25
19,03:00,03:10,0.4374,3526.9261,0,3526.9261,0,0,0,12750,12750,587.8210167,0,0,0,capacity_1.25
20,03:10,03:20,0.4371,3537.2854,0,3537.2854,0,0,0,12750,12750,589.5475667,0,0,0,capacity_1.25
21,03:20,03:30,0.4356,3544.8808,0,3544.8808,0,0,0,12750,12750,590.8134667,0,0,0,capacity_1.25
22,03:30,03:40,0.4353,3541.2787,0,3541.2787,0,0,0,12750,12750,590.2131167,0,0,0,capacity_1.25
23,03:40,03:50,0.436,3546.3976,0,3546.3976,0,0,0,12750,12750,591.0662667,0,0,0,capacity_1.25
24,03:50,04:00,0.4378,3560.207,0,3560.207,0,0,0,12750,12750,593.3678333,0,0,0,capacity_1.25
25,04:00,04:10,0.4401,3561.9581,0,3561.9581,0,0,0,12750,12750,593.6596833,0,0,0,capacity_1.25
26,04:10,04:20,0.4389,3556.7183,0,3556.7183,0,0,0,12750,12750,592.7863833,0,0,0,capacity_1.25
27,04:20,04:30,0.4364,3560.0272,0,3560.0272,0,0,0,12750,12750,593.3378667,0,0,0,capacity_1.25
28,04:30,04:40,0.4393,3580.654,0.5994,3580.0546,0,0,0,12750,12750,596.6757667,0,0,0,capacity_1.25
29,04:40,04:50,0.4422,3586.916,0.2345,3586.6815,0,0,0,12750,12750,597.78025,0,0,0,capacity_1.25
30,04:50,05:00,0.4395,3571.2635,0.2885,3570.975,0,0,0,12750,12750,595.1625,0,0,0,capacity_1.25
31,05:00,05:10,0.4333,3562.3171,18.6781,3543.639,0,0,0,12750,12750,590.6065,0,0,0,capacity_1.25
32,05:10,05:20,0.4439,3591.3809,54.4698,3536.9111,0,0,0,12750,12750,589.4851833,0,0,0,capacity_1.25
33,05:20,05:30,0.4301,3579.7045,108.9718,3470.7327,0,0,0,12750,12750,578.45545,0,0,0,capacity_1.25
34,05:30,05:40,0.3713,3486.119,184.1603,8301.9587,5000,0,0,12750,13500,1383.659783,833.3333333,0,0,capacity_1.25
35,05:40,05:50,0.5708,3823.8994,277.0582,3546.8412,0,0,0,13500,13500,591.1402,0,0,0,capacity_1.25
36,05:50,06:00,0.9099,4398.0727,388.5494,0,0,4009.5233,0,13500,12757.496,0,0,668.2538833,0,capacity_1.25
37,06:00,06:10,0.9368,4454.0123,521.2803,0,0,3932.732,0,12757.496,12029.212,0,0,655.4553333,0,capacity_1.25
38,06:10,06:20,0.8758,4371.7919,672.7677,0,0,3699.0242,0,12029.212,11344.207,0,0,616.5040333,0,capacity_1.25
39,06:20,06:30,0.8759,4392.953,844.2261,0,0,3548.7269,0,11344.207,10687.036,0,0,591.4544833,0,capacity_1.25
40,06:30,06:40,0.8601,4384.5956,1039.6744,0,0,3344.9212,0,10687.036,10067.606,0,0,557.4868667,0,capacity_1.25
41,06:40,06:50,0.8442,4434.7757,1259.3375,0,0,3175.4382,0,10067.606,9479.5619,0,0,529.2397,0,capacity_1.25
42,06:50,07:00,0.8334,4523.4561,1508.6318,0,0,3014.8243,0,9479.5619,8921.2611,0,0,502.4707167,0,capacity_1.25
43,07:00,07:10,0.8092,4524.0721,1791.4107,0,0,2732.6614,0,8921.2611,8415.2127,0,0,455.4435667,0,capacity_1.25
44,07:10,07:20,0.7972,4545.8867,2085.4865,0,0,2460.4002,0,8415.2127,7959.583,0,0,410.0667,0,capacity_1.25
45,07:20,07:30,0.7644,4523.2418,2381.2611,0,0,2141.9807,0,7959.583,7562.9199,0,0,356.9967833,0,capacity_1.25
46,07:30,07:40,0.6899,4383.3566,2683.1752,0,0,1700.1814,0,7562.9199,7248.0715,0,0,283.3635667,0,capacity_1.25
47,07:40,07:50,0.86,4910.4599,2986.3552,0,0,1924.1047,0,7248.0715,6891.7558,0,0,320.6841167,0,capacity_1.25
48,07:50,08:00,1.1617,5799.7327,3289.204,0,0,2510.5287,0,6891.7558,6426.8431,0,0,418.42145,0,capacity_1.25
49,08:00,08:10,1.1683,5884.826,3593.3613,0,0,2291.4647,0,6426.8431,6002.4978,0,0,381.9107833,0,capacity_1.25
50,08:10,08:20,1.0956,5748.0713,3890.7332,0,0,1857.3381,0,6002.4978,5658.5463,0,0,309.55635,0,capacity_1.25
51,08:20,08:30,1.0849,5769.0581,4181.3417,0,0,1587.7164,0,5658.5463,5364.5247,0,0,264.6194,0,capacity_1.25
52,08:30,08:40,1.061,5754.2105,4471.7657,0,0,1282.4448,0,5364.5247,5127.035,0,0,213.7408,0,capacity_1.25
53,08:40,08:50,1.043,5824.1807,4752.8272,0,0,1071.3535,0,5127.035,4928.6362,0,0,178.5589167,0,capacity_1.25
54,08:50,09:00,1.036,5954.2601,5021.9074,0,0,932.3527,0,4928.6362,4755.9783,0,0,155.3921167,0,capacity_1.25
55,09:00,09:10,1.0147,5958.9696,5285.4126,0,0,673.557,0,4755.9783,4631.2455,0,0,112.2595,0,capacity_1.25
56,09:10,09:20,0.9922,5929.5554,5543.1742,0,0,386.3812,0,4631.2455,4559.6934,0,0,64.39686667,0,capacity_1.25
57,09:20,09:30,0.97,5923.7828,5788.4093,0,0,135.3735,0,4559.6934,4534.6242,0,0,22.56225,0,capacity_1.25
58,09:30,09:40,0.9422,5907.586,6012.1304,0,104.5444,0,0,4534.6242,4550.3059,0,17.42406667,0,0,capacity_1.25
59,09:40,09:50,0.9569,5899.1262,6216.1528,0,317.0266,0,0,4550.3059,4597.8599,0,52.83776667,0,0,capacity_1.25
60,09:50,10:00,0.9977,5902.2196,6409.5941,0,507.3745,0,0,4597.8599,4673.9661,0,84.56241667,0,0,capacity_1.25
61,10:00,10:10,0.9919,5897.4793,6599.3808,0,701.9015,0,0,4673.9661,4779.2513,0,116.9835833,0,0,capacity_1.25
62,10:10,10:20,0.9588,5886.7568,6766.7204,0,879.9636,0,0,4779.2513,4911.2458,0,146.6606,0,0,capacity_1.25
63,10:20,10:30,0.9549,5873.4708,6914.5923,0,1041.1215,0,0,4911.2458,5067.4141,0,173.52025,0,0,capacity_1.25
64,10:30,10:40,0.9839,5858.0308,7064.2053,0,1206.1745,0,0,5067.4141,5248.3402,0,201.0290833,0,0,capacity_1.25
65,10:40,10:50,0.799,5844.9948,7197.4315,0,1352.4367,0,0,5248.3402,5451.2057,0,225.4061167,0,0,capacity_1.25
66,10:50,11:00,0.5025,5839.0587,7303.1142,0,1464.0555,0,0,5451.2057,5670.8141,0,244.00925,0,0,capacity_1.25
67,11:00,11:10,0.4662,5838.7103,7387.6848,3451.0255,5000,0,0,5670.8141,6420.8141,575.1709167,833.3333333,0,0,capacity_1.25
68,11:10,11:20,0.5007,5823.4378,7459.227,0,1635.7892,0,0,6420.8141,6666.1824,0,272.6315333,0,0,capacity_1.25
69,11:20,11:30,0.4827,5814.7932,7520.7191,0,1705.9259,0,0,6666.1824,6922.0713,0,284.3209833,0,0,capacity_1.25
70,11:30,11:40,0.4785,5832.3951,7568.2039,1075.663,2811.4718,0,0,6922.0713,7343.7921,179.2771667,468.5786333,0,0,capacity_1.25
71,11:40,11:50,0.4662,5712.901,7592.1539,3120.7471,5000,0,0,7343.7921,8093.7921,520.1245167,833.3333333,0,0,capacity_1.25
72,11:50,12:00,0.4432,5519.4607,7601.0433,2918.4174,5000,0,0,8093.7921,8843.7921,486.4029,833.3333333,0,0,capacity_1.25
73,12:00,12:10,0.4411,5494.7907,7612.316,2882.4747,5000,0,0,8843.7921,9593.7921,480.41245,833.3333333,0,0,capacity_1.25
74,12:10,12:20,0.4551,5514.4524,7602.6524,2911.8,5000,0,0,9593.7921,10343.792,485.3,833.3333333,0,0,capacity_1.25
75,12:20,12:30,0.4463,5485.829,7554.1872,2931.6418,5000,0,0,10343.792,11093.792,488.6069667,833.3333333,0,0,capacity_1.25
76,12:30,12:40,0.4113,5462.3628,7472.7384,2989.6244,5000,0,0,11093.792,11843.792,498.2707333,833.3333333,0,0,capacity_1.25
77,12:40,12:50,0.5682,5566.1066,7393.4172,0,1827.3106,0,0,11843.792,12117.889,0,304.5517667,0,0,capacity_1.25
78,12:50,13:00,0.8279,5725.7548,7312.7979,0,1587.0431,0,0,12117.889,12355.945,0,264.5071833,0,0,capacity_1.25
79,13:00,13:10,0.8636,5739.4957,7194.541,0,1455.0453,0,0,12355.945,12574.202,0,242.50755,0,0,capacity_1.25
80,13:10,13:20,0.8416,5714.6836,7053.1371,0,1338.4535,0,0,12574.202,12774.97,0,223.0755833,0,0,capacity_1.25
81,13:20,13:30,0.8618,5717.8505,6910.4064,0,1192.5559,0,0,12774.97,12953.853,0,198.7593167,0,0,capacity_1.25
82,13:30,13:40,0.8623,5708.2486,6772.4075,0,1064.1589,0,0,12953.853,13113.477,0,177.3598167,0,0,capacity_1.25
83,13:40,13:50,0.9026,5696.9182,6607.36,0,910.4418,0,0,13113.477,13250.043,0,151.7403,0,0,capacity_1.25
84,13:50,14:00,0.9754,5692.2983,6412.5085,0,720.2102,0,0,13250.043,13358.075,0,120.0350333,0,0,capacity_1.25
85,14:00,14:10,1.0002,5687.1291,6214.0158,0,526.8867,0,0,13358.075,13437.108,0,87.81445,0,0,capacity_1.25
86,14:10,14:20,0.9978,5678.962,6000.7112,0,321.7492,0,0,13437.108,13485.37,0,53.62486667,0,0,capacity_1.25
87,14:20,14:30,1.0271,5669.4508,5766.9816,0,97.5308,0,0,13485.37,13500,0,16.25513333,0,0,capacity_1.25
88,14:30,14:40,1.0906,5664.1948,5521.5066,0,0,142.6882,0,13500,13473.576,0,0,23.78136667,0,capacity_1.25
89,14:40,14:50,0.9376,5672.7011,5268.781,0,0,403.9201,0,13473.576,13398.776,0,0,67.32001667,0,capacity_1.25
90,14:50,15:00,0.6694,5682.2544,5009.7152,672.5392,0,0,0,13398.776,13398.776,112.0898667,0,0,0,capacity_1.25
91,15:00,15:10,0.66,5669.0195,4743.4484,1600.3962,674.82506,0,0,13398.776,13500,266.7327,112.4708433,0,0,capacity_1.25
92,15:10,15:20,0.7217,5656.3651,4471.224,1185.1411,0,0,0,13500,13500,197.5235167,0,0,0,capacity_1.25
93,15:20,15:30,0.7308,5657.0867,4188.2025,1468.8842,0,0,0,13500,13500,244.8140333,0,0,0,capacity_1.25
94,15:30,15:40,0.7534,5662.6008,3889.3931,1773.2077,0,0,0,13500,13500,295.5346167,0,0,0,capacity_1.25
95,15:40,15:50,0.7823,5669.2596,3594.5946,2074.665,0,0,0,13500,13500,345.7775,0,0,0,capacity_1.25
96,15:50,16:00,0.8055,5673.4767,3303.8878,2369.5889,0,0,0,13500,13500,394.9314833,0,0,0,capacity_1.25
97,16:00,16:10,0.8271,5671.0146,2998.4247,2672.5899,0,0,0,13500,13500,445.43165,0,0,0,capacity_1.25
98,16:10,16:20,0.8519,5661.5926,2687.4131,2974.1795,0,0,0,13500,13500,495.6965833,0,0,0,capacity_1.25
99,16:20,16:30,0.8791,5665.8922,2383.1779,3282.7143,0,0,0,13500,13500,547.11905,0,0,0,capacity_1.25
100,16:30,16:40,0.9024,5689.0372,2089.1246,3599.9126,0,0,0,13500,13500,599.9854333,0,0,0,capacity_1.25
101,16:40,16:50,0.9163,5603.6614,1791.0829,3812.5785,0,0,0,13500,13500,635.42975,0,0,0,capacity_1.25
102,16:50,17:00,0.9264,5466.7124,1501.7283,3964.9841,0,0,0,13500,13500,660.8306833,0,0,0,capacity_1.25
103,17:00,17:10,0.9462,5467.3939,1255.1723,4212.2216,0,0,0,13500,13500,702.0369333,0,0,0,capacity_1.25
104,17:10,17:20,0.9742,5464.727,1036.3323,4428.3947,0,0,0,13500,13500,738.0657833,0,0,0,capacity_1.25
105,17:20,17:30,0.9862,5492.4458,836.7775,4655.6683,0,0,0,13500,13500,775.9447167,0,0,0,capacity_1.25
106,17:30,17:40,0.976,5621.7308,665.2313,4956.4995,0,0,0,13500,13500,826.08325,0,0,0,capacity_1.25
107,17:40,17:50,1.0742,5091.2126,516.6758,4574.5368,0,0,0,13500,13500,762.4228,0,0,0,capacity_1.25
108,17:50,18:00,1.2313,4208.5688,386.6731,3821.8957,0,0,0,13500,13500,636.9826167,0,0,0,capacity_1.25
109,18:00,18:10,1.2561,4122.7611,275.7933,0,0,3846.9678,0,13500,12787.599,0,0,641.1613,0,capacity_1.25
110,18:10,18:20,1.2447,4255.9358,182.9526,2600.9848,0,1471.9984,0,12787.599,12515.006,433.4974667,0,245.3330667,0,capacity_1.25
111,18:20,18:30,1.2545,4225.9524,108.3414,0,0,4117.611,0,12515.006,11752.486,0,0,686.2685,0,capacity_1.25
112,18:30,18:40,1.2522,4233.3384,54.3121,0,0,4179.0263,0,11752.486,10978.592,0,0,696.5043833,0,capacity_1.25
113,18:40,18:50,1.2881,4246.4625,18.6569,0,0,4227.8056,0,10978.592,10195.665,0,0,704.6342667,0,capacity_1.25
114,18:50,19:00,1.3466,4239.1795,0.2753,0,0,4238.9042,0,10195.665,9410.6827,0,0,706.4840333,0,capacity_1.25
115,19:00,19:10,1.3523,4244.6684,0.2296,0,0,4244.4388,0,9410.6827,8624.6755,0,0,707.4064667,0,capacity_1.25
116,19:10,19:20,1.3445,4251.9187,0.6007,0,0,4251.318,0,8624.6755,7837.3944,0,0,708.553,0,capacity_1.25
117,19:20,19:30,1.3483,4256.6813,0,0,0,4256.6813,0,7837.3944,7049.1201,0,0,709.4468833,0,capacity_1.25
118,19:30,19:40,1.349,4267.3947,0,0,0,4267.3947,0,7049.1201,6258.8618,0,0,711.23245,0,capacity_1.25
119,19:40,19:50,1.3473,4269.975,0,0,0,4269.975,0,6258.8618,5468.1257,0,0,711.6625,0,capacity_1.25
120,19:50,20:00,1.3482,4268.6702,0,0,0,4268.6702,0,5468.1257,4677.6312,0,0,711.4450333,0,capacity_1.25
121,20:00,20:10,1.3513,4282.2245,0,0,0,4282.2245,0,4677.6312,3884.6267,0,0,713.7040833,0,capacity_1.25
122,20:10,20:20,1.34,4291.7049,0,0,0,4291.7049,0,3884.6267,3089.8665,0,0,715.28415,0,capacity_1.25
123,20:20,20:30,1.3489,4291.3611,0,0,0,4291.3611,0,3089.8665,2295.17,0,0,715.22685,0,capacity_1.25
124,20:30,20:40,1.3952,4293.9182,0,0,0,4293.9182,0,2295.17,1500,0,0,715.6530333,0,capacity_1.25
125,20:40,20:50,1.2226,4295.2135,0,4295.2135,0,0,0,1500,1500,715.8689167,0,0,0,capacity_1.25
126,20:50,21:00,0.9332,4302.0307,0,4302.0307,0,0,0,1500,1500,717.0051167,0,0,0,capacity_1.25
127,21:00,21:10,0.9068,4320.9618,0,4320.9618,0,0,0,1500,1500,720.1603,0,0,0,capacity_1.25
128,21:10,21:20,0.9371,4302.3292,0,4302.3292,0,0,0,1500,1500,717.0548667,0,0,0,capacity_1.25
129,21:20,21:30,0.9371,4322.6758,0,4322.6758,0,0,0,1500,1500,720.4459667,0,0,0,capacity_1.25
130,21:30,21:40,0.9871,4428.8083,0,4428.8083,0,0,0,1500,1500,738.1347167,0,0,0,capacity_1.25
131,21:40,21:50,0.7764,4030.1614,0,4030.1614,0,0,0,1500,1500,671.6935667,0,0,0,capacity_1.25
132,21:50,22:00,0.4209,3362.7419,0,8362.7419,5000,0,0,1500,2250,1393.790317,833.3333333,0,0,capacity_1.25
133,22:00,22:10,0.3859,3309.3934,0,8309.3934,5000,0,0,2250,3000,1384.8989,833.3333333,0,0,capacity_1.25
134,22:10,22:20,0.4368,3412.9563,0,3412.9563,0,0,0,3000,3000,568.82605,0,0,0,capacity_1.25
135,22:20,22:30,0.4198,3381.9313,0,8381.9313,5000,0,0,3000,3750,1396.98855,833.3333333,0,0,capacity_1.25
136,22:30,22:40,0.4186,3386.5592,0,8386.5592,5000,0,0,3750,4500,1397.759867,833.3333333,0,0,capacity_1.25
137,22:40,22:50,0.4241,3400.4846,0,3400.4846,0,0,0,4500,4500,566.7474333,0,0,0,capacity_1.25
138,22:50,23:00,0.4237,3399.2426,0,8399.2426,5000,0,0,4500,5250,1399.873767,833.3333333,0,0,capacity_1.25
139,23:00,23:10,0.4248,3406.9809,0,3406.9809,0,0,0,5250,5250,567.83015,0,0,0,capacity_1.25
140,23:10,23:20,0.424,3416.1518,0,8416.1518,5000,0,0,5250,6000,1402.691967,833.3333333,0,0,capacity_1.25
141,23:20,23:30,0.422,3421.9811,0,8421.9811,5000,0,0,6000,6750,1403.663517,833.3333333,0,0,capacity_1.25
142,23:30,23:40,0.424,3429.6923,0,8429.6923,5000,0,0,6750,7500,1404.948717,833.3333333,0,0,capacity_1.25
143,23:40,23:50,0.4271,3439.061,0,3439.061,0,0,0,7500,7500,573.1768333,0,0,0,capacity_1.25
144,23:50,24:00,0.4276,3444.7259,0,3444.7259,0,0,0,7500,7500,574.1209833,0,0,0,capacity_1.25
1,00:00,00:10,0.4248,3439.8466,0,5939.8466,2500,0,0,6000,6375,989.9744333,416.6666667,0,0,power_0.5
2,00:10,00:20,0.4245,3437.9792,0,5937.9792,2500,0,0,6375,6750,989.6632,416.6666667,0,0,power_0.5
3,00:20,00:30,0.4269,3444.3031,0,5944.3031,2500,0,0,6750,7125,990.7171833,416.6666667,0,0,power_0.5
4,00:30,00:40,0.4272,3454.4437,0,5954.4437,2500,0,0,7125,7500,992.4072833,416.6666667,0,0,power_0.5
5,00:40,00:50,0.4271,3458.8273,0,5958.8273,2500,0,0,7500,7875,993.1378833,416.6666667,0,0,power_0.5
6,00:50,01:00,0.4285,3459.8401,0,5959.8401,2500,0,0,7875,8250,993.3066833,416.6666667,0,0,power_0.5
7,01:00,01:10,0.4311,3467.1582,0,5467.1582,2000,0,0,8250,8550,911.1930333,333.3333333,0,0,power_0.5
8,01:10,01:20,0.4302,3467.9632,0,5967.9632,2500,0,0,8550,8925,994.6605333,416.6666667,0,0,power_0.5
9,01:20,01:30,0.4279,3466.9683,0,5966.9683,2500,0,0,8925,9300,994.4947167,416.6666667,0,0,power_0.5
10,01:30,01:40,0.4312,3482.4927,0,3482.4927,0,0,0,9300,9300,580.41545,0,0,0,power_0.5
11,01:40,01:50,0.4333,3495.0841,0,3495.0841,0,0,0,9300,9300,582.5140167,0,0,0,power_0.5
12,01:50,02:00,0.4311,3498.4443,0,5998.4443,2500,0,0,9300,9675,999.7407167,416.6666667,0,0,power_0.5
13,02:00,02:10,0.4293,3505.2295,0,6005.2295,2500,0,0,9675,10050,1000.871583,416.6666667,0,0,power_0.5
14,02:10,02:20,0.4324,3512.6387,0,3512.6387,0,0,0,10050,10050,585.4397833,0,0,0,power_0.5
15,02:20,02:30,0.4367,3516.8685,0,3516.8685,0,0,0,10050,10050,586.14475,0,0,0,power_0.5
16,02:30,02:40,0.4348,3517.9246,0,3517.9246,0,0,0,10050,10050,586.3207667,0,0,0,power_0.5
17,02:40,02:50,0.4335,3518.5518,0,3518.5518,0,0,0,10050,10050,586.4253,0,0,0,power_0.5
18,02:50,03:00,0.4357,3521.0976,0,3521.0976,0,0,0,10050,10050,586.8496,0,0,0,power_0.5
19,03:00,03:10,0.4374,3526.9261,0,3526.9261,0,0,0,10050,10050,587.8210167,0,0,0,power_0.5
20,03:10,03:20,0.4371,3537.2854,0,3537.2854,0,0,0,10050,10050,589.5475667,0,0,0,power_0.5
21,03:20,03:30,0.4356,3544.8808,0,3544.8808,0,0,0,10050,10050,590.8134667,0,0,0,power_0.5
22,03:30,03:40,0.4353,3541.2787,0,3541.2787,0,0,0,10050,10050,590.2131167,0,0,0,power_0.5
23,03:40,03:50,0.436,3546.3976,0,3546.3976,0,0,0,10050,10050,591.0662667,0,0,0,power_0.5
24,03:50,04:00,0.4378,3560.207,0,3560.207,0,0,0,10050,10050,593.3678333,0,0,0,power_0.5
25,04:00,04:10,0.4401,3561.9581,0,3561.9581,0,0,0,10050,10050,593.6596833,0,0,0,power_0.5
26,04:10,04:20,0.4389,3556.7183,0,3556.7183,0,0,0,10050,10050,592.7863833,0,0,0,power_0.5
27,04:20,04:30,0.4364,3560.0272,0,3560.0272,0,0,0,10050,10050,593.3378667,0,0,0,power_0.5
28,04:30,04:40,0.4393,3580.654,0.5994,3580.0546,0,0,0,10050,10050,596.6757667,0,0,0,power_0.5
29,04:40,04:50,0.4422,3586.916,0.2345,3586.6815,0,0,0,10050,10050,597.78025,0,0,0,power_0.5
30,04:50,05:00,0.4395,3571.2635,0.2885,3570.975,0,0,0,10050,10050,595.1625,0,0,0,power_0.5
31,05:00,05:10,0.4333,3562.3171,18.6781,3543.639,0,0,0,10050,10050,590.6065,0,0,0,power_0.5
32,05:10,05:20,0.4439,3591.3809,54.4698,3536.9111,0,0,0,10050,10050,589.4851833,0,0,0,power_0.5
33,05:20,05:30,0.4301,3579.7045,108.9718,5970.7327,2500,0,0,10050,10425,995.1221167,416.6666667,0,0,power_0.5
34,05:30,05:40,0.3713,3486.119,184.1603,5801.9587,2500,0,0,10425,10800,966.9931167,416.6666667,0,0,power_0.5
35,05:40,05:50,0.5708,3823.8994,277.0582,3546.8412,0,0,0,10800,10800,591.1402,0,0,0,power_0.5
36,05:50,06:00,0.9099,4398.0727,388.5494,1509.5233,0,2500,0,10800,10337.037,251.5872167,0,416.6666667,0,power_0.5
37,06:00,06:10,0.9368,4454.0123,521.2803,1432.732,0,2500,0,10337.037,9874.0741,238.7886667,0,416.6666667,0,power_0.5
38,06:10,06:20,0.8758,4371.7919,672.7677,1199.0242,0,2500,0,9874.0741,9411.1111,199.8373667,0,416.6666667,0,power_0.5
39,06:20,06:30,0.8759,4392.953,844.2261,1048.7269,0,2500,0,9411.1111,8948.1481,174.7878167,0,416.6666667,0,power_0.5
40,06:30,06:40,0.8601,4384.5956,1039.6744,844.9212,0,2500,0,8948.1481,8485.1852,140.8202,0,416.6666667,0,power_0.5
41,06:40,06:50,0.8442,4434.7757,1259.3375,675.4382,0,2500,0,8485.1852,8022.2222,112.5730333,0,416.6666667,0,power_0.5
42,06:50,07:00,0.8334,4523.4561,1508.6318,514.8243,0,2500,0,8022.2222,7559.2593,85.80405,0,416.6666667,0,power_0.5
43,07:00,07:10,0.8092,4524.0721,1791.4107,232.6614,0,2500,0,7559.2593,7096.2963,38.7769,0,416.6666667,0,power_0.5
44,07:10,07:20,0.7972,4545.8867,2085.4865,389.54565,0,2070.8545,0,7096.2963,6712.8047,64.924275,0,345.1424167,0,power_0.5
45,07:20,07:30,0.7644,4523.2418,2381.2611,2141.9807,0,0,0,6712.8047,6712.8047,356.9967833,0,0,0,power_0.5
46,07:30,07:40,0.6899,4383.3566,2683.1752,1700.1814,0,0,0,6712.8047,6712.8047,283.3635667,0,0,0,power_0.5
47,07:40,07:50,0.86,4910.4599,2986.3552,0,0,1924.1047,0,6712.8047,6356.489,0,0,320.6841167,0,power_0.5
48,07:50,08:00,1.1617,5799.7327,3289.204,10.5287,0,2500,0,6356.489,5893.5261,1.754783333,0,416.6666667,0,power_0.5
49,08:00,08:10,1.1683,5884.826,3593.3613,0,0,2291.4647,0,5893.5261,5469.1808,0,0,381.9107833,0,power_0.5
50,08:10,08:20,1.0956,5748.0713,3890.7332,0,0,1857.3381,0,5469.1808,5125.2293,0,0,309.55635,0,power_0.5
51,08:20,08:30,1.0849,5769.0581,4181.3417,0,0,1587.7164,0,5125.2293,4831.2077,0,0,264.6194,0,power_0.5
52,08:30,08:40,1.061,5754.2105,4471.7657,0,0,1282.4448,0,4831.2077,4593.7179,0,0,213.7408,0,power_0.5
53,08:40,08:50,1.043,5824.1807,4752.8272,0,0,1071.3535,0,4593.7179,4395.3191,0,0,178.5589167,0,power_0.5
54,08:50,09:00,1.036,5954.2601,5021.9074,0,0,932.3527,0,4395.3191,4222.6612,0,0,155.3921167,0,power_0.5
55,09:00,09:10,1.0147,5958.9696,5285.4126,0,0,673.557,0,4222.6612,4097.9284,0,0,112.2595,0,power_0.5
56,09:10,09:20,0.9922,5929.5554,5543.1742,0,0,386.3812,0,4097.9284,4026.3764,0,0,64.39686667,0,power_0.5
57,09:20,09:30,0.97,5923.7828,5788.4093,0,0,135.3735,0,4026.3764,4001.3072,0,0,22.56225,0,power_0.5
58,09:30,09:40,0.9422,5907.586,6012.1304,0,104.5444,0,0,4001.3072,4016.9889,0,17.42406667,0,0,power_0.5
59,09:40,09:50,0.9569,5899.1262,6216.1528,0,317.0266,0,0,4016.9889,4064.5428,0,52.83776667,0,0,power_0.5
60,09:50,10:00,0.9977,5902.2196,6409.5941,0,507.3745,0,0,4064.5428,4140.649,0,84.56241667,0,0,power_0.5
61,10:00,10:10,0.9919,5897.4793,6599.3808,0,701.9015,0,0,4140.649,4245.9342,0,116.9835833,0,0,power_0.5
62,10:10,10:20,0.9588,5886.7568,6766.7204,0,879.9636,0,0,4245.9342,4377.9288,0,146.6606,0,0,power_0.5
63,10:20,10:30,0.9549,5873.4708,6914.5923,0,1041.1215,0,0,4377.9288,4534.097,0,173.52025,0,0,power_0.5
64,10:30,10:40,0.9839,5858.0308,7064.2053,0,1206.1745,0,0,4534.097,4715.0232,0,201.0290833,0,0,power_0.5
65,10:40,10:50,0.799,5844.9948,7197.4315,0,1352.4367,0,0,4715.0232,4917.8887,0,225.4061167,0,0,power_0.5
66,10:50,11:00,0.5025,5839.0587,7303.1142,1035.9445,2500,0,0,4917.8887,5292.8887,172.6574167,416.6666667,0,0,power_0.5
67,11:00,11:10,0.4662,5838.7103,7387.6848,951.0255,2500,0,0,5292.8887,5667.8887,158.50425,416.6666667,0,0,power_0.5
68,11:10,11:20,0.5007,5823.4378,7459.227,864.2108,2500,0,0,5667.8887,6042.8887,144.0351333,416.6666667,0,0,power_0.5
69,11:20,11:30,0.4827,5814.7932,7520.7191,794.0741,2500,0,0,6042.8887,6417.8887,132.3456833,416.6666667,0,0,power_0.5
70,11:30,11:40,0.4785,5832.3951,7568.2039,764.1912,2500,0,0,6417.8887,6792.8887,127.3652,416.6666667,0,0,power_0.5
71,11:40,11:50,0.4662,5712.901,7592.1539,620.7471,2500,0,0,6792.8887,7167.8887,103.45785,416.6666667,0,0,power_0.5
72,11:50,12:00,0.4432,5519.4607,7601.0433,418.4174,2500,0,0,7167.8887,7542.8887,69.73623333,416.6666667,0,0,power_0.5
73,12:00,12:10,0.4411,5494.7907,7612.316,382.4747,2500,0,0,7542.8887,7917.8887,63.74578333,416.6666667,0,0,power_0.5
74,12:10,12:20,0.4551,5514.4524,7602.6524,411.8,2500,0,0,7917.8887,8292.8887,68.63333333,416.6666667,0,0,power_0.5
75,12:20,12:30,0.4463,5485.829,7554.1872,431.6418,2500,0,0,8292.8887,8667.8887,71.9403,416.6666667,0,0,power_0.5
76,12:30,12:40,0.4113,5462.3628,7472.7384,489.6244,2500,0,0,8667.8887,9042.8887,81.60406667,416.6666667,0,0,power_0.5
77,12:40,12:50,0.5682,5566.1066,7393.4172,672.6894,2500,0,0,9042.8887,9417.8887,112.1149,416.6666667,0,0,power_0.5
78,12:50,13:00,0.8279,5725.7548,7312.7979,0,1587.0431,0,0,9417.8887,9655.9452,0,264.5071833,0,0,power_0.5
79,13:00,13:10,0.8636,5739.4957,7194.541,0,1455.0453,0,0,9655.9452,9874.202,0,242.50755,0,0,power_0.5
80,13:10,13:20,0.8416,5714.6836,7053.1371,0,1338.4535,0,0,9874.202,10074.97,0,223.0755833,0,0,power_0.5
81,13:20,13:30,0.8618,5717.8505,6910.4064,0,1192.5559,0,0,10074.97,10253.853,0,198.7593167,0,0,power_0.5
82,13:30,13:40,0.8623,5708.2486,6772.4075,0,1064.1589,0,0,10253.853,10413.477,0,177.3598167,0,0,power_0.5
83,13:40,13:50,0.9026,5696.9182,6607.36,0,910.4418,0,0,10413.477,10550.043,0,151.7403,0,0,power_0.5
84,13:50,14:00,0.9754,5692.2983,6412.5085,0,720.2102,0,0,10550.043,10658.075,0,120.0350333,0,0,power_0.5
85,14:00,14:10,1.0002,5687.1291,6214.0158,0,526.8867,0,0,10658.075,10737.108,0,87.81445,0,0,power_0.5
86,14:10,14:20,0.9978,5678.962,6000.7112,0,321.7492,0,0,10737.108,10785.37,0,53.62486667,0,0,power_0.5
87,14:20,14:30,1.0271,5669.4508,5766.9816,0,97.5308,0,0,10785.37,10800,0,16.25513333,0,0,power_0.5
88,14:30,14:40,1.0906,5664.1948,5521.5066,0,0,142.6882,0,10800,10773.576,0,0,23.78136667,0,power_0.5
89,14:40,14:50,0.9376,5672.7011,5268.781,0,0,403.9201,0,10773.576,10698.776,0,0,67.32001667,0,power_0.5
90,14:50,15:00,0.6694,5682.2544,5009.7152,672.5392,0,0,0,10698.776,10698.776,112.0898667,0,0,0,power_0.5
91,15:00,15:10,0.66,5669.0195,4743.4484,1600.3962,674.82506,0,0,10698.776,10800,266.7327,112.4708433,0,0,power_0.5
92,15:10,15:20,0.7217,5656.3651,4471.224,1185.1411,0,0,0,10800,10800,197.5235167,0,0,0,power_0.5
93,15:20,15:30,0.7308,5657.0867,4188.2025,1468.8842,0,0,0,10800,10800,244.8140333,0,0,0,power_0.5
94,15:30,15:40,0.7534,5662.6008,3889.3931,1773.2077,0,0,0,10800,10800,295.5346167,0,0,0,power_0.5
95,15:40,15:50,0.7823,5669.2596,3594.5946,2074.665,0,0,0,10800,10800,345.7775,0,0,0,power_0.5
96,15:50,16:00,0.8055,5673.4767,3303.8878,2369.5889,0,0,0,10800,10800,394.9314833,0,0,0,power_0.5
97,16:00,16:10,0.8271,5671.0146,2998.4247,2672.5899,0,0,0,10800,10800,445.43165,0,0,0,power_0.5
98,16:10,16:20,0.8519,5661.5926,2687.4131,2974.1795,0,0,0,10800,10800,495.6965833,0,0,0,power_0.5
99,16:20,16:30,0.8791,5665.8922,2383.1779,3282.7143,0,0,0,10800,10800,547.11905,0,0,0,power_0.5
100,16:30,16:40,0.9024,5689.0372,2089.1246,3599.9126,0,0,0,10800,10800,599.9854333,0,0,0,power_0.5
101,16:40,16:50,0.9163,5603.6614,1791.0829,3812.5785,0,0,0,10800,10800,635.42975,0,0,0,power_0.5
102,16:50,17:00,0.9264,5466.7124,1501.7283,3964.9841,0,0,0,10800,10800,660.8306833,0,0,0,power_0.5
103,17:00,17:10,0.9462,5467.3939,1255.1723,4212.2216,0,0,0,10800,10800,702.0369333,0,0,0,power_0.5
104,17:10,17:20,0.9742,5464.727,1036.3323,4428.3947,0,0,0,10800,10800,738.0657833,0,0,0,power_0.5
105,17:20,17:30,0.9862,5492.4458,836.7775,2815.6683,0,1840,0,10800,10459.259,469.27805,0,306.6666667,0,power_0.5
106,17:30,17:40,0.976,5621.7308,665.2313,4956.4995,0,0,0,10459.259,10459.259,826.08325,0,0,0,power_0.5
107,17:40,17:50,1.0742,5091.2126,516.6758,2074.5368,0,2500,0,10459.259,9996.2963,345.7561333,0,416.6666667,0,power_0.5
108,17:50,18:00,1.2313,4208.5688,386.6731,1321.8957,0,2500,0,9996.2963,9533.3333,220.31595,0,416.6666667,0,power_0.5
109,18:00,18:10,1.2561,4122.7611,275.7933,1346.9678,0,2500,0,9533.3333,9070.3704,224.4946333,0,416.6666667,0,power_0.5
110,18:10,18:20,1.2447,4255.9358,182.9526,1572.9832,0,2500,0,9070.3704,8607.4074,262.1638667,0,416.6666667,0,power_0.5
111,18:20,18:30,1.2545,4225.9524,108.3414,1617.611,0,2500,0,8607.4074,8144.4444,269.6018333,0,416.6666667,0,power_0.5
112,18:30,18:40,1.2522,4233.3384,54.3121,1679.0263,0,2500,0,8144.4444,7681.4815,279.8377167,0,416.6666667,0,power_0.5
113,18:40,18:50,1.2881,4246.4625,18.6569,1727.8056,0,2500,0,7681.4815,7218.5185,287.9676,0,416.6666667,0,power_0.5
114,18:50,19:00,1.3466,4239.1795,0.2753,1738.9042,0,2500,0,7218.5185,6755.5556,289.8173667,0,416.6666667,0,power_0.5
115,19:00,19:10,1.3523,4244.6684,0.2296,1744.4388,0,2500,0,6755.5556,6292.5926,290.7398,0,416.6666667,0,power_0.5
116,19:10,19:20,1.3445,4251.9187,0.6007,1751.318,0,2500,0,6292.5926,5829.6296,291.8863333,0,416.6666667,0,power_0.5
117,19:20,19:30,1.3483,4256.6813,0,1756.6813,0,2500,0,5829.6296,5366.6667,292.7802167,0,416.6666667,0,power_0.5
118,19:30,19:40,1.349,4267.3947,0,1767.3947,0,2500,0,5366.6667,4903.7037,294.5657833,0,416.6666667,0,power_0.5
119,19:40,19:50,1.3473,4269.975,0,1769.975,0,2500,0,4903.7037,4440.7407,294.9958333,0,416.6666667,0,power_0.5
120,19:50,20:00,1.3482,4268.6702,0,1768.6702,0,2500,0,4440.7407,3977.7778,294.7783667,0,416.6666667,0,power_0.5
121,20:00,20:10,1.3513,4282.2245,0,1782.2245,0,2500,0,3977.7778,3514.8148,297.0374167,0,416.6666667,0,power_0.5
122,20:10,20:20,1.34,4291.7049,0,1791.7049,0,2500,0,3514.8148,3051.8519,298.6174833,0,416.6666667,0,power_0.5
123,20:20,20:30,1.3489,4291.3611,0,1791.3611,0,2500,0,3051.8519,2588.8889,298.5601833,0,416.6666667,0,power_0.5
124,20:30,20:40,1.3952,4293.9182,0,1793.9182,0,2500,0,2588.8889,2125.9259,298.9863667,0,416.6666667,0,power_0.5
125,20:40,20:50,1.2226,4295.2135,0,1795.2135,0,2500,0,2125.9259,1662.963,299.20225,0,416.6666667,0,power_0.5
126,20:50,21:00,0.9332,4302.0307,0,4302.0307,0,0,0,1662.963,1662.963,717.0051167,0,0,0,power_0.5
127,21:00,21:10,0.9068,4320.9618,0,4320.9618,0,0,0,1662.963,1662.963,720.1603,0,0,0,power_0.5
128,21:10,21:20,0.9371,4302.3292,0,4302.3292,0,0,0,1662.963,1662.963,717.0548667,0,0,0,power_0.5
129,21:20,21:30,0.9371,4322.6758,0,4322.6758,0,0,0,1662.963,1662.963,720.4459667,0,0,0,power_0.5
130,21:30,21:40,0.9871,4428.8083,0,1928.8083,0,2500,0,1662.963,1200,321.46805,0,416.6666667,0,power_0.5
131,21:40,21:50,0.7764,4030.1614,0,4030.1614,0,0,0,1200,1200,671.6935667,0,0,0,power_0.5
132,21:50,22:00,0.4209,3362.7419,0,5862.7419,2500,0,0,1200,1575,977.12365,416.6666667,0,0,power_0.5
133,22:00,22:10,0.3859,3309.3934,0,5809.3934,2500,0,0,1575,1950,968.2322333,416.6666667,0,0,power_0.5
134,22:10,22:20,0.4368,3412.9563,0,5412.9563,2000,0,0,1950,2250,902.1593833,333.3333333,0,0,power_0.5
135,22:20,22:30,0.4198,3381.9313,0,5881.9313,2500,0,0,2250,2625,980.3218833,416.6666667,0,0,power_0.5
136,22:30,22:40,0.4186,3386.5592,0,5886.5592,2500,0,0,2625,3000,981.0932,416.6666667,0,0,power_0.5
137,22:40,22:50,0.4241,3400.4846,0,5900.4846,2500,0,0,3000,3375,983.4141,416.6666667,0,0,power_0.5
138,22:50,23:00,0.4237,3399.2426,0,5899.2426,2500,0,0,3375,3750,983.2071,416.6666667,0,0,power_0.5
139,23:00,23:10,0.4248,3406.9809,0,5906.9809,2500,0,0,3750,4125,984.4968167,416.6666667,0,0,power_0.5
140,23:10,23:20,0.424,3416.1518,0,5916.1518,2500,0,0,4125,4500,986.0253,416.6666667,0,0,power_0.5
141,23:20,23:30,0.422,3421.9811,0,5921.9811,2500,0,0,4500,4875,986.99685,416.6666667,0,0,power_0.5
142,23:30,23:40,0.424,3429.6923,0,5929.6923,2500,0,0,4875,5250,988.28205,416.6666667,0,0,power_0.5
143,23:40,23:50,0.4271,3439.061,0,5939.061,2500,0,0,5250,5625,989.8435,416.6666667,0,0,power_0.5
144,23:50,24:00,0.4276,3444.7259,0,5944.7259,2500,0,0,5625,6000,990.78765,416.6666667,0,0,power_0.5
1,00:00,00:10,0.4248,3439.8466,0,7189.8466,3750,0,0,6000,6562.5,1198.307767,625,0,0,power_0.75
2,00:10,00:20,0.4245,3437.9792,0,7187.9792,3750,0,0,6562.5,7125,1197.996533,625,0,0,power_0.75
3,00:20,00:30,0.4269,3444.3031,0,7194.3031,3750,0,0,7125,7687.5,1199.050517,625,0,0,power_0.75
4,00:30,00:40,0.4272,3454.4437,0,7204.4437,3750,0,0,7687.5,8250,1200.740617,625,0,0,power_0.75
5,00:40,00:50,0.4271,3458.8273,0,7208.8273,3750,0,0,8250,8812.5,1201.471217,625,0,0,power_0.75
6,00:50,01:00,0.4285,3459.8401,0,7209.8401,3750,0,0,8812.5,9375,1201.640017,625,0,0,power_0.75
7,01:00,01:10,0.4311,3467.1582,0,3467.1582,0,0,0,9375,9375,577.8597,0,0,0,power_0.75
8,01:10,01:20,0.4302,3467.9632,0,3467.9632,0,0,0,9375,9375,577.9938667,0,0,0,power_0.75
9,01:20,01:30,0.4279,3466.9683,0,7216.9683,3750,0,0,9375,9937.5,1202.82805,625,0,0,power_0.75
10,01:30,01:40,0.4312,3482.4927,0,3482.4927,0,0,0,9937.5,9937.5,580.41545,0,0,0,power_0.75
11,01:40,01:50,0.4333,3495.0841,0,3495.0841,0,0,0,9937.5,9937.5,582.5140167,0,0,0,power_0.75
12,01:50,02:00,0.4311,3498.4443,0,3498.4443,0,0,0,9937.5,9937.5,583.07405,0,0,0,power_0.75
13,02:00,02:10,0.4293,3505.2295,0,5505.2295,2000,0,0,9937.5,10237.5,917.53825,333.3333333,0,0,power_0.75
14,02:10,02:20,0.4324,3512.6387,0,3512.6387,0,0,0,10237.5,10237.5,585.4397833,0,0,0,power_0.75
15,02:20,02:30,0.4367,3516.8685,0,3516.8685,0,0,0,10237.5,10237.5,586.14475,0,0,0,power_0.75
16,02:30,02:40,0.4348,3517.9246,0,3517.9246,0,0,0,10237.5,10237.5,586.3207667,0,0,0,power_0.75
17,02:40,02:50,0.4335,3518.5518,0,3518.5518,0,0,0,10237.5,10237.5,586.4253,0,0,0,power_0.75
18,02:50,03:00,0.4357,3521.0976,0,3521.0976,0,0,0,10237.5,10237.5,586.8496,0,0,0,power_0.75
19,03:00,03:10,0.4374,3526.9261,0,3526.9261,0,0,0,10237.5,10237.5,587.8210167,0,0,0,power_0.75
20,03:10,03:20,0.4371,3537.2854,0,3537.2854,0,0,0,10237.5,10237.5,589.5475667,0,0,0,power_0.75
21,03:20,03:30,0.4356,3544.8808,0,3544.8808,0,0,0,10237.5,10237.5,590.8134667,0,0,0,power_0.75
22,03:30,03:40,0.4353,3541.2787,0,3541.2787,0,0,0,10237.5,10237.5,590.2131167,0,0,0,power_0.75
23,03:40,03:50,0.436,3546.3976,0,3546.3976,0,0,0,10237.5,10237.5,591.0662667,0,0,0,power_0.75
24,03:50,04:00,0.4378,3560.207,0,3560.207,0,0,0,10237.5,10237.5,593.3678333,0,0,0,power_0.75
25,04:00,04:10,0.4401,3561.9581,0,3561.9581,0,0,0,10237.5,10237.5,593.6596833,0,0,0,power_0.75
26,04:10,04:20,0.4389,3556.7183,0,3556.7183,0,0,0,10237.5,10237.5,592.7863833,0,0,0,power_0.75
27,04:20,04:30,0.4364,3560.0272,0,3560.0272,0,0,0,10237.5,10237.5,593.3378667,0,0,0,power_0.75
28,04:30,04:40,0.4393,3580.654,0.5994,3580.0546,0,0,0,10237.5,10237.5,596.6757667,0,0,0,power_0.75
29,04:40,04:50,0.4422,3586.916,0.2345,3586.6815,0,0,0,10237.5,10237.5,597.78025,0,0,0,power_0.75
30,04:50,05:00,0.4395,3571.2635,0.2885,3570.975,0,0,0,10237.5,10237.5,595.1625,0,0,0,power_0.75
31,05:00,05:10,0.4333,3562.3171,18.6781,3543.639,0,0,0,10237.5,10237.5,590.6065,0,0,0,power_0.75
32,05:10,05:20,0.4439,3591.3809,54.4698,3536.9111,0,0,0,10237.5,10237.5,589.4851833,0,0,0,power_0.75
33,05:20,05:30,0.4301,3579.7045,108.9718,3470.7327,0,0,0,10237.5,10237.5,578.45545,0,0,0,power_0.75
34,05:30,05:40,0.3713,3486.119,184.1603,7051.9587,3750,0,0,10237.5,10800,1175.32645,625,0,0,power_0.75
35,05:40,05:50,0.5708,3823.8994,277.0582,3546.8412,0,0,0,10800,10800,591.1402,0,0,0,power_0.75
36,05:50,06:00,0.9099,4398.0727,388.5494,259.5233,0,3750,0,10800,10105.556,43.25388333,0,625,0,power_0.75
37,06:00,06:10,0.9368,4454.0123,521.2803,182.732,0,3750,0,10105.556,9411.1111,30.45533333,0,625,0,power_0.75
38,06:10,06:20,0.8758,4371.7919,672.7677,0,0,3699.0242,0,9411.1111,8726.1066,0,0,616.5040333,0,power_0.75
39,06:20,06:30,0.8759,4392.953,844.2261,0,0,3548.7269,0,8726.1066,8068.935,0,0,591.4544833,0,power_0.75
40,06:30,06:40,0.8601,4384.5956,1039.6744,0,0,3344.9212,0,8068.935,7449.5051,0,0,557.4868667,0,power_0.75
41,06:40,06:50,0.8442,4434.7757,1259.3375,0,0,3175.4382,0,7449.5051,6861.461,0,0,529.2397,0,power_0.75
42,06:50,07:00,0.8334,4523.4561,1508.6318,0,0,3014.8243,0,6861.461,6303.1602,0,0,502.4707167,0,power_0.75
43,07:00,07:10,0.8092,4524.0721,1791.4107,0,0,2732.6614,0,6303.1602,5797.1118,0,0,455.4435667,0,power_0.75
44,07:10,07:20,0.7972,4545.8867,2085.4865,0,0,2460.4002,0,5797.1118,5341.4821,0,0,410.0667,0,power_0.75
45,07:20,07:30,0.7644,4523.2418,2381.2611,0,0,2141.9807,0,5341.4821,4944.8191,0,0,356.9967833,0,power_0.75
46,07:30,07:40,0.6899,4383.3566,2683.1752,665.21107,0,1034.9703,0,4944.8191,4753.1579,110.8685117,0,172.49505,0,power_0.75
47,07:40,07:50,0.86,4910.4599,2986.3552,0,0,1924.1047,0,4753.1579,4396.8422,0,0,320.6841167,0,power_0.75
48,07:50,08:00,1.1617,5799.7327,3289.204,0,0,2510.5287,0,4396.8422,3931.9295,0,0,418.42145,0,power_0.75
49,08:00,08:10,1.1683,5884.826,3593.3613,0,0,2291.4647,0,3931.9295,3507.5842,0,0,381.9107833,0,power_0.75
50,08:10,08:20,1.0956,5748.0713,3890.7332,0,0,1857.3381,0,3507.5842,3163.6327,0,0,309.55635,0,power_0.75
51,08:20,08:30,1.0849,5769.0581,4181.3417,0,0,1587.7164,0,3163.6327,2869.6111,0,0,264.6194,0,power_0.75
52,08:30,08:40,1.061,5754.2105,4471.7657,0,0,1282.4448,0,2869.6111,2632.1213,0,0,213.7408,0,power_0.75
53,08:40,08:50,1.043,5824.1807,4752.8272,0,0,1071.3535,0,2632.1213,2433.7225,0,0,178.5589167,0,power_0.75
54,08:50,09:00,1.036,5954.2601,5021.9074,0,0,932.3527,0,2433.7225,2261.0646,0,0,155.3921167,0,power_0.75
55,09:00,09:10,1.0147,5958.9696,5285.4126,0,0,673.557,0,2261.0646,2136.3318,0,0,112.2595,0,power_0.75
56,09:10,09:20,0.9922,5929.5554,5543.1742,0,0,386.3812,0,2136.3318,2064.7798,0,0,64.39686667,0,power_0.75
57,09:20,09:30,0.97,5923.7828,5788.4093,0,0,135.3735,0,2064.7798,2039.7106,0,0,22.56225,0,power_0.75
58,09:30,09:40,0.9422,5907.586,6012.1304,0,104.5444,0,0,2039.7106,2055.3923,0,17.42406667,0,0,power_0.75
59,09:40,09:50,0.9569,5899.1262,6216.1528,0,317.0266,0,0,2055.3923,2102.9463,0,52.83776667,0,0,power_0.75
60,09:50,10:00,0.9977,5902.2196,6409.5941,0,507.3745,0,0,2102.9463,2179.0524,0,84.56241667,0,0,power_0.75
61,10:00,10:10,0.9919,5897.4793,6599.3808,0,701.9015,0,0,2179.0524,2284.3377,0,116.9835833,0,0,power_0.75
62,10:10,10:20,0.9588,5886.7568,6766.7204,0,879.9636,0,0,2284.3377,2416.3322,0,146.6606,0,0,power_0.75
63,10:20,10:30,0.9549,5873.4708,6914.5923,0,1041.1215,0,0,2416.3322,2572.5004,0,173.52025,0,0,power_0.75
64,10:30,10:40,0.9839,5858.0308,7064.2053,0,1206.1745,0,0,2572.5004,2753.4266,0,201.0290833,0,0,power_0.75
65,10:40,10:50,0.799,5844.9948,7197.4315,0,1352.4367,0,0,2753.4266,2956.2921,0,225.4061167,0,0,power_0.75
66,10:50,11:00,0.5025,5839.0587,7303.1142,2285.9445,3750,0,0,2956.2921,3518.7921,380.99075,625,0,0,power_0.75
67,11:00,11:10,0.4662,5838.7103,7387.6848,2201.0255,3750,0,0,3518.7921,4081.2921,366.8375833,625,0,0,power_0.75
68,11:10,11:20,0.5007,5823.4378,7459.227,2114.2108,3750,0,0,4081.2921,4643.7921,352.3684667,625,0,0,power_0.75
69,11:20,11:30,0.4827,5814.7932,7520.7191,2044.0741,3750,0,0,4643.7921,5206.2921,340.6790167,625,0,0,power_0.75
70,11:30,11:40,0.4785,5832.3951,7568.2039,2014.1912,3750,0,0,5206.2921,5768.7921,335.6985333,625,0,0,power_0.75
71,11:40,11:50,0.4662,5712.901,7592.1539,1870.7471,3750,0,0,5768.7921,6331.2921,311.7911833,625,0,0,power_0.75
72,11:50,12:00,0.4432,5519.4607,7601.0433,1668.4174,3750,0,0,6331.2921,6893.7921,278.0695667,625,0,0,power_0.75
73,12:00,12:10,0.4411,5494.7907,7612.316,1632.4747,3750,0,0,6893.7921,7456.2921,272.0791167,625,0,0,power_0.75
74,12:10,12:20,0.4551,5514.4524,7602.6524,1661.8,3750,0,0,7456.2921,8018.7921,276.9666667,625,0,0,power_0.75
75,12:20,12:30,0.4463,5485.829,7554.1872,1681.6418,3750,0,0,8018.7921,8581.2921,280.2736333,625,0,0,power_0.75
76,12:30,12:40,0.4113,5462.3628,7472.7384,1739.6244,3750,0,0,8581.2921,9143.7921,289.9374,625,0,0,power_0.75
77,12:40,12:50,0.5682,5566.1066,7393.4172,0,1827.3106,0,0,9143.7921,9417.8887,0,304.5517667,0,0,power_0.75
78,12:50,13:00,0.8279,5725.7548,7312.7979,0,1587.0431,0,0,9417.8887,9655.9452,0,264.5071833,0,0,power_0.75
79,13:00,13:10,0.8636,5739.4957,7194.541,0,1455.0453,0,0,9655.9452,9874.202,0,242.50755,0,0,power_0.75
80,13:10,13:20,0.8416,5714.6836,7053.1371,0,1338.4535,0,0,9874.202,10074.97,0,223.0755833,0,0,power_0.75
81,13:20,13:30,0.8618,5717.8505,6910.4064,0,1192.5559,0,0,10074.97,10253.853,0,198.7593167,0,0,power_0.75
82,13:30,13:40,0.8623,5708.2486,6772.4075,0,1064.1589,0,0,10253.853,10413.477,0,177.3598167,0,0,power_0.75
83,13:40,13:50,0.9026,5696.9182,6607.36,0,910.4418,0,0,10413.477,10550.043,0,151.7403,0,0,power_0.75
84,13:50,14:00,0.9754,5692.2983,6412.5085,0,720.2102,0,0,10550.043,10658.075,0,120.0350333,0,0,power_0.75
85,14:00,14:10,1.0002,5687.1291,6214.0158,0,526.8867,0,0,10658.075,10737.108,0,87.81445,0,0,power_0.75
86,14:10,14:20,0.9978,5678.962,6000.7112,0,321.7492,0,0,10737.108,10785.37,0,53.62486667,0,0,power_0.75
87,14:20,14:30,1.0271,5669.4508,5766.9816,0,97.5308,0,0,10785.37,10800,0,16.25513333,0,0,power_0.75
88,14:30,14:40,1.0906,5664.1948,5521.5066,0,0,142.6882,0,10800,10773.576,0,0,23.78136667,0,power_0.75
89,14:40,14:50,0.9376,5672.7011,5268.781,0,0,403.9201,0,10773.576,10698.776,0,0,67.32001667,0,power_0.75
90,14:50,15:00,0.6694,5682.2544,5009.7152,672.5392,0,0,0,10698.776,10698.776,112.0898667,0,0,0,power_0.75
91,15:00,15:10,0.66,5669.0195,4743.4484,1600.3962,674.82506,0,0,10698.776,10800,266.7327,112.4708433,0,0,power_0.75
92,15:10,15:20,0.7217,5656.3651,4471.224,1185.1411,0,0,0,10800,10800,197.5235167,0,0,0,power_0.75
93,15:20,15:30,0.7308,5657.0867,4188.2025,1468.8842,0,0,0,10800,10800,244.8140333,0,0,0,power_0.75
94,15:30,15:40,0.7534,5662.6008,3889.3931,1773.2077,0,0,0,10800,10800,295.5346167,0,0,0,power_0.75
95,15:40,15:50,0.7823,5669.2596,3594.5946,2074.665,0,0,0,10800,10800,345.7775,0,0,0,power_0.75
96,15:50,16:00,0.8055,5673.4767,3303.8878,2369.5889,0,0,0,10800,10800,394.9314833,0,0,0,power_0.75
97,16:00,16:10,0.8271,5671.0146,2998.4247,2672.5899,0,0,0,10800,10800,445.43165,0,0,0,power_0.75
98,16:10,16:20,0.8519,5661.5926,2687.4131,2974.1795,0,0,0,10800,10800,495.6965833,0,0,0,power_0.75
99,16:20,16:30,0.8791,5665.8922,2383.1779,3282.7143,0,0,0,10800,10800,547.11905,0,0,0,power_0.75
100,16:30,16:40,0.9024,5689.0372,2089.1246,3599.9126,0,0,0,10800,10800,599.9854333,0,0,0,power_0.75
101,16:40,16:50,0.9163,5603.6614,1791.0829,3812.5785,0,0,0,10800,10800,635.42975,0,0,0,power_0.75
102,16:50,17:00,0.9264,5466.7124,1501.7283,3964.9841,0,0,0,10800,10800,660.8306833,0,0,0,power_0.75
103,17:00,17:10,0.9462,5467.3939,1255.1723,4212.2216,0,0,0,10800,10800,702.0369333,0,0,0,power_0.75
104,17:10,17:20,0.9742,5464.727,1036.3323,4428.3947,0,0,0,10800,10800,738.0657833,0,0,0,power_0.75
105,17:20,17:30,0.9862,5492.4458,836.7775,4655.6683,0,0,0,10800,10800,775.9447167,0,0,0,power_0.75
106,17:30,17:40,0.976,5621.7308,665.2313,4956.4995,0,0,0,10800,10800,826.08325,0,0,0,power_0.75
107,17:40,17:50,1.0742,5091.2126,516.6758,4574.5368,0,0,0,10800,10800,762.4228,0,0,0,power_0.75
108,17:50,18:00,1.2313,4208.5688,386.6731,3821.8957,0,0,0,10800,10800,636.9826167,0,0,0,power_0.75
109,18:00,18:10,1.2561,4122.7611,275.7933,96.9678,0,3750,0,10800,10105.556,16.1613,0,625,0,power_0.75
110,18:10,18:20,1.2447,4255.9358,182.9526,4072.9832,0,0,0,10105.556,10105.556,678.8305333,0,0,0,power_0.75
111,18:20,18:30,1.2545,4225.9524,108.3414,1027.611,0,3090,0,10105.556,9533.3333,171.2685,0,515,0,power_0.75
112,18:30,18:40,1.2522,4233.3384,54.3121,4179.0263,0,0,0,9533.3333,9533.3333,696.5043833,0,0,0,power_0.75
113,18:40,18:50,1.2881,4246.4625,18.6569,477.8056,0,3750,0,9533.3333,8838.8889,79.63426667,0,625,0,power_0.75
114,18:50,19:00,1.3466,4239.1795,0.2753,488.9042,0,3750,0,8838.8889,8144.4444,81.48403333,0,625,0,power_0.75
115,19:00,19:10,1.3523,4244.6684,0.2296,494.4388,0,3750,0,8144.4444,7450,82.40646667,0,625,0,power_0.75
116,19:10,19:20,1.3445,4251.9187,0.6007,501.318,0,3750,0,7450,6755.5556,83.553,0,625,0,power_0.75
117,19:20,19:30,1.3483,4256.6813,0,506.6813,0,3750,0,6755.5556,6061.1111,84.44688333,0,625,0,power_0.75
118,19:30,19:40,1.349,4267.3947,0,517.3947,0,3750,0,6061.1111,5366.6667,86.23245,0,625,0,power_0.75
119,19:40,19:50,1.3473,4269.975,0,519.975,0,3750,0,5366.6667,4672.2222,86.6625,0,625,0,power_0.75
120,19:50,20:00,1.3482,4268.6702,0,518.6702,0,3750,0,4672.2222,3977.7778,86.44503333,0,625,0,power_0.75
121,20:00,20:10,1.3513,4282.2245,0,532.2245,0,3750,0,3977.7778,3283.3333,88.70408333,0,625,0,power_0.75
122,20:10,20:20,1.34,4291.7049,0,541.7049,0,3750,0,3283.3333,2588.8889,90.28415,0,625,0,power_0.75
123,20:20,20:30,1.3489,4291.3611,0,541.3611,0,3750,0,2588.8889,1894.4444,90.22685,0,625,0,power_0.75
124,20:30,20:40,1.3952,4293.9182,0,543.9182,0,3750,0,1894.4444,1200,90.65303333,0,625,0,power_0.75
125,20:40,20:50,1.2226,4295.2135,0,4295.2135,0,0,0,1200,1200,715.8689167,0,0,0,power_0.75
126,20:50,21:00,0.9332,4302.0307,0,4302.0307,0,0,0,1200,1200,717.0051167,0,0,0,power_0.75
127,21:00,21:10,0.9068,4320.9618,0,4320.9618,0,0,0,1200,1200,720.1603,0,0,0,power_0.75
128,21:10,21:20,0.9371,4302.3292,0,4302.3292,0,0,0,1200,1200,717.0548667,0,0,0,power_0.75
129,21:20,21:30,0.9371,4322.6758,0,4322.6758,0,0,0,1200,1200,720.4459667,0,0,0,power_0.75
130,21:30,21:40,0.9871,4428.8083,0,4428.8083,0,0,0,1200,1200,738.1347167,0,0,0,power_0.75
131,21:40,21:50,0.7764,4030.1614,0,4030.1614,0,0,0,1200,1200,671.6935667,0,0,0,power_0.75
132,21:50,22:00,0.4209,3362.7419,0,7112.7419,3750,0,0,1200,1762.5,1185.456983,625,0,0,power_0.75
133,22:00,22:10,0.3859,3309.3934,0,7059.3934,3750,0,0,1762.5,2325,1176.565567,625,0,0,power_0.75
134,22:10,22:20,0.4368,3412.9563,0,3412.9563,0,0,0,2325,2325,568.82605,0,0,0,power_0.75
135,22:20,22:30,0.4198,3381.9313,0,7131.9313,3750,0,0,2325,2887.5,1188.655217,625,0,0,power_0.75
136,22:30,22:40,0.4186,3386.5592,0,7136.5592,3750,0,0,2887.5,3450,1189.426533,625,0,0,power_0.75
137,22:40,22:50,0.4241,3400.4846,0,5400.4846,2000,0,0,3450,3750,900.0807667,333.3333333,0,0,power_0.75
138,22:50,23:00,0.4237,3399.2426,0,7149.2426,3750,0,0,3750,4312.5,1191.540433,625,0,0,power_0.75
139,23:00,23:10,0.4248,3406.9809,0,3406.9809,0,0,0,4312.5,4312.5,567.83015,0,0,0,power_0.75
140,23:10,23:20,0.424,3416.1518,0,7166.1518,3750,0,0,4312.5,4875,1194.358633,625,0,0,power_0.75
141,23:20,23:30,0.422,3421.9811,0,7171.9811,3750,0,0,4875,5437.5,1195.330183,625,0,0,power_0.75
142,23:30,23:40,0.424,3429.6923,0,7179.6923,3750,0,0,5437.5,6000,1196.615383,625,0,0,power_0.75
143,23:40,23:50,0.4271,3439.061,0,3439.061,0,0,0,6000,6000,573.1768333,0,0,0,power_0.75
144,23:50,24:00,0.4276,3444.7259,0,3444.7259,0,0,0,6000,6000,574.1209833,0,0,0,power_0.75
1,00:00,00:10,0.4248,3439.8466,0,9689.8466,6250,0,0,6000,6937.5,1614.974433,1041.666667,0,0,power_1.25
2,00:10,00:20,0.4245,3437.9792,0,9687.9792,6250,0,0,6937.5,7875,1614.6632,1041.666667,0,0,power_1.25
3,00:20,00:30,0.4269,3444.3031,0,9694.3031,6250,0,0,7875,8812.5,1615.717183,1041.666667,0,0,power_1.25
4,00:30,00:40,0.4272,3454.4437,0,4204.4437,750,0,0,8812.5,8925,700.7406167,125,0,0,power_1.25
5,00:40,00:50,0.4271,3458.8273,0,9708.8273,6250,0,0,8925,9862.5,1618.137883,1041.666667,0,0,power_1.25
6,00:50,01:00,0.4285,3459.8401,0,3459.8401,0,0,0,9862.5,9862.5,576.6400167,0,0,0,power_1.25
7,01:00,01:10,0.4311,3467.1582,0,3467.1582,0,0,0,9862.5,9862.5,577.8597,0,0,0,power_1.25
8,01:10,01:20,0.4302,3467.9632,0,3467.9632,0,0,0,9862.5,9862.5,577.9938667,0,0,0,power_1.25
9,01:20,01:30,0.4279,3466.9683,0,3466.9683,0,0,0,9862.5,9862.5,577.82805,0,0,0,power_1.25
10,01:30,01:40,0.4312,3482.4927,0,3482.4927,0,0,0,9862.5,9862.5,580.41545,0,0,0,power_1.25
11,01:40,01:50,0.4333,3495.0841,0,3495.0841,0,0,0,9862.5,9862.5,582.5140167,0,0,0,power_1.25
12,01:50,02:00,0.4311,3498.4443,0,3498.4443,0,0,0,9862.5,9862.5,583.07405,0,0,0,power_1.25
13,02:00,02:10,0.4293,3505.2295,0,3505.2295,0,0,0,9862.5,9862.5,584.2049167,0,0,0,power_1.25
14,02:10,02:20,0.4324,3512.6387,0,3512.6387,0,0,0,9862.5,9862.5,585.4397833,0,0,0,power_1.25
15,02:20,02:30,0.4367,3516.8685,0,3516.8685,0,0,0,9862.5,9862.5,586.14475,0,0,0,power_1.25
16,02:30,02:40,0.4348,3517.9246,0,3517.9246,0,0,0,9862.5,9862.5,586.3207667,0,0,0,power_1.25
17,02:40,02:50,0.4335,3518.5518,0,3518.5518,0,0,0,9862.5,9862.5,586.4253,0,0,0,power_1.25
18,02:50,03:00,0.4357,3521.0976,0,3521.0976,0,0,0,9862.5,9862.5,586.8496,0,0,0,power_1.25
19,03:00,03:10,0.4374,3526.9261,0,3526.9261,0,0,0,9862.5,9862.5,587.8210167,0,0,0,power_1.25
20,03:10,03:20,0.4371,3537.2854,0,3537.2854,0,0,0,9862.5,9862.5,589.5475667,0,0,0,power_1.25
21,03:20,03:30,0.4356,3544.8808,0,3544.8808,0,0,0,9862.5,9862.5,590.8134667,0,0,0,power_1.25
22,03:30,03:40,0.4353,3541.2787,0,3541.2787,0,0,0,9862.5,9862.5,590.2131167,0,0,0,power_1.25
23,03:40,03:50,0.436,3546.3976,0,3546.3976,0,0,0,9862.5,9862.5,591.0662667,0,0,0,power_1.25
24,03:50,04:00,0.4378,3560.207,0,3560.207,0,0,0,9862.5,9862.5,593.3678333,0,0,0,power_1.25
25,04:00,04:10,0.4401,3561.9581,0,3561.9581,0,0,0,9862.5,9862.5,593.6596833,0,0,0,power_1.25
26,04:10,04:20,0.4389,3556.7183,0,3556.7183,0,0,0,9862.5,9862.5,592.7863833,0,0,0,power_1.25
27,04:20,04:30,0.4364,3560.0272,0,3560.0272,0,0,0,9862.5,9862.5,593.3378667,0,0,0,power_1.25
28,04:30,04:40,0.4393,3580.654,0.5994,3580.0546,0,0,0,9862.5,9862.5,596.6757667,0,0,0,power_1.25
29,04:40,04:50,0.4422,3586.916,0.2345,3586.6815,0,0,0,9862.5,9862.5,597.78025,0,0,0,power_1.25
30,04:50,05:00,0.4395,3571.2635,0.2885,3570.975,0,0,0,9862.5,9862.5,595.1625,0,0,0,power_1.25
31,05:00,05:10,0.4333,3562.3171,18.6781,3543.639,0,0,0,9862.5,9862.5,590.6065,0,0,0,power_1.25
32,05:10,05:20,0.4439,3591.3809,54.4698,3536.9111,0,0,0,9862.5,9862.5,589.4851833,0,0,0,power_1.25
33,05:20,05:30,0.4301,3579.7045,108.9718,3470.7327,0,0,0,9862.5,9862.5,578.45545,0,0,0,power_1.25
34,05:30,05:40,0.3713,3486.119,184.1603,9551.9587,6250,0,0,9862.5,10800,1591.993117,1041.666667,0,0,power_1.25
35,05:40,05:50,0.5708,3823.8994,277.0582,3546.8412,0,0,0,10800,10800,591.1402,0,0,0,power_1.25
36,05:50,06:00,0.9099,4398.0727,388.5494,0,0,4009.5233,0,10800,10057.496,0,0,668.2538833,0,power_1.25
37,06:00,06:10,0.9368,4454.0123,521.2803,0,0,3932.732,0,10057.496,9329.212,0,0,655.4553333,0,power_1.25
38,06:10,06:20,0.8758,4371.7919,672.7677,0,0,3699.0242,0,9329.212,8644.2075,0,0,616.5040333,0,power_1.25
39,06:20,06:30,0.8759,4392.953,844.2261,0,0,3548.7269,0,8644.2075,7987.0359,0,0,591.4544833,0,power_1.25
40,06:30,06:40,0.8601,4384.5956,1039.6744,0,0,3344.9212,0,7987.0359,7367.606,0,0,557.4868667,0,power_1.25
41,06:40,06:50,0.8442,4434.7757,1259.3375,0,0,3175.4382,0,7367.606,6779.5619,0,0,529.2397,0,power_1.25
42,06:50,07:00,0.8334,4523.4561,1508.6318,0,0,3014.8243,0,6779.5619,6221.2611,0,0,502.4707167,0,power_1.25
43,07:00,07:10,0.8092,4524.0721,1791.4107,0,0,2732.6614,0,6221.2611,5715.2127,0,0,455.4435667,0,power_1.25
44,07:10,07:20,0.7972,4545.8867,2085.4865,0,0,2460.4002,0,5715.2127,5259.583,0,0,410.0667,0,power_1.25
45,07:20,07:30,0.7644,4523.2418,2381.2611,0,0,2141.9807,0,5259.583,4862.9199,0,0,356.9967833,0,power_1.25
46,07:30,07:40,0.6899,4383.3566,2683.1752,0,0,1700.1814,0,4862.9199,4548.0715,0,0,283.3635667,0,power_1.25
47,07:40,07:50,0.86,4910.4599,2986.3552,0,0,1924.1047,0,4548.0715,4191.7558,0,0,320.6841167,0,power_1.25
48,07:50,08:00,1.1617,5799.7327,3289.204,0,0,2510.5287,0,4191.7558,3726.8431,0,0,418.42145,0,power_1.25
49,08:00,08:10,1.1683,5884.826,3593.3613,0,0,2291.4647,0,3726.8431,3302.4978,0,0,381.9107833,0,power_1.25
50,08:10,08:20,1.0956,5748.0713,3890.7332,0,0,1857.3381,0,3302.4978,2958.5463,0,0,309.55635,0,power_1.25
51,08:20,08:30,1.0849,5769.0581,4181.3417,0,0,1587.7164,0,2958.5463,2664.5247,0,0,264.6194,0,power_1.25
52,08:30,08:40,1.061,5754.2105,4471.7657,0,0,1282.4448,0,2664.5247,2427.035,0,0,213.7408,0,power_1.25
53,08:40,08:50,1.043,5824.1807,4752.8272,0,0,1071.3535,0,2427.035,2228.6362,0,0,178.5589167,0,power_1.25
54,08:50,09:00,1.036,5954.2601,5021.9074,0,0,932.3527,0,2228.6362,2055.9783,0,0,155.3921167,0,power_1.25
55,09:00,09:10,1.0147,5958.9696,5285.4126,0,0,673.557,0,2055.9783,1931.2455,0,0,112.2595,0,power_1.25
56,09:10,09:20,0.9922,5929.5554,5543.1742,0,0,386.3812,0,1931.2455,1859.6934,0,0,64.39686667,0,power_1.25
57,09:20,09:30,0.97,5923.7828,5788.4093,0,0,135.3735,0,1859.6934,1834.6242,0,0,22.56225,0,power_1.25
58,09:30,09:40,0.9422,5907.586,6012.1304,0,104.5444,0,0,1834.6242,1850.3059,0,17.42406667,0,0,power_1.25
59,09:40,09:50,0.9569,5899.1262,6216.1528,0,317.0266,0,0,1850.3059,1897.8599,0,52.83776667,0,0,power_1.25
60,09:50,10:00,0.9977,5902.2196,6409.5941,0,507.3745,0,0,1897.8599,1973.9661,0,84.56241667,0,0,power_1.25
61,10:00,10:10,0.9919,5897.4793,6599.3808,0,701.9015,0,0,1973.9661,2079.2513,0,116.9835833,0,0,power_1.25
62,10:10,10:20,0.9588,5886.7568,6766.7204,0,879.9636,0,0,2079.2513,2211.2458,0,146.6606,0,0,power_1.25
63,10:20,10:30,0.9549,5873.4708,6914.5923,0,1041.1215,0,0,2211.2458,2367.4141,0,173.52025,0,0,power_1.25
64,10:30,10:40,0.9839,5858.0308,7064.2053,0,1206.1745,0,0,2367.4141,2548.3402,0,201.0290833,0,0,power_1.25
65,10:40,10:50,0.799,5844.9948,7197.4315,0,1352.4367,0,0,2548.3402,2751.2057,0,225.4061167,0,0,power_1.25
66,10:50,11:00,0.5025,5839.0587,7303.1142,0,1464.0555,0,0,2751.2057,2970.8141,0,244.00925,0,0,power_1.25
67,11:00,11:10,0.4662,5838.7103,7387.6848,0,1548.9745,0,0,2970.8141,3203.1602,0,258.1624167,0,0,power_1.25
68,11:10,11:20,0.5007,5823.4378,7459.227,0,1635.7892,0,0,3203.1602,3448.5286,0,272.6315333,0,0,power_1.25
69,11:20,11:30,0.4827,5814.7932,7520.7191,0,1705.9259,0,0,3448.5286,3704.4175,0,284.3209833,0,0,power_1.25
70,11:30,11:40,0.4785,5832.3951,7568.2039,0,1735.8088,0,0,3704.4175,3964.7888,0,289.3014667,0,0,power_1.25
71,11:40,11:50,0.4662,5712.901,7592.1539,1397.4356,3276.6885,0,0,3964.7888,4456.2921,232.9059333,546.11475,0,0,power_1.25
72,11:50,12:00,0.4432,5519.4607,7601.0433,4168.4174,6250,0,0,4456.2921,5393.7921,694.7362333,1041.666667,0,0,power_1.25
73,12:00,12:10,0.4411,5494.7907,7612.316,4132.4747,6250,0,0,5393.7921,6331.2921,688.7457833,1041.666667,0,0,power_1.25
74,12:10,12:20,0.4551,5514.4524,7602.6524,4161.8,6250,0,0,6331.2921,7268.7921,693.6333333,1041.666667,0,0,power_1.25
75,12:20,12:30,0.4463,5485.829,7554.1872,4181.6418,6250,0,0,7268.7921,8206.2921,696.9403,1041.666667,0,0,power_1.25
76,12:30,12:40,0.4113,5462.3628,7472.7384,4239.6244,6250,0,0,8206.2921,9143.7921,706.6040667,1041.666667,0,0,power_1.25
77,12:40,12:50,0.5682,5566.1066,7393.4172,0,1827.3106,0,0,9143.7921,9417.8887,0,304.5517667,0,0,power_1.25
78,12:50,13:00,0.8279,5725.7548,7312.7979,0,1587.0431,0,0,9417.8887,9655.9452,0,264.5071833,0,0,power_1.25
79,13:00,13:10,0.8636,5739.4957,7194.541,0,1455.0453,0,0,9655.9452,9874.2019,0,242.50755,0,0,power_1.25
80,13:10,13:20,0.8416,5714.6836,7053.1371,0,1338.4535,0,0,9874.2019,10074.97,0,223.0755833,0,0,power_1.25
81,13:20,13:30,0.8618,5717.8505,6910.4064,0,1192.5559,0,0,10074.97,10253.853,0,198.7593167,0,0,power_1.25
82,13:30,13:40,0.8623,5708.2486,6772.4075,0,1064.1589,0,0,10253.853,10413.477,0,177.3598167,0,0,power_1.25
83,13:40,13:50,0.9026,5696.9182,6607.36,0,910.4418,0,0,10413.477,10550.043,0,151.7403,0,0,power_1.25
84,13:50,14:00,0.9754,5692.2983,6412.5085,0,720.2102,0,0,10550.043,10658.075,0,120.0350333,0,0,power_1.25
85,14:00,14:10,1.0002,5687.1291,6214.0158,0,526.8867,0,0,10658.075,10737.108,0,87.81445,0,0,power_1.25
86,14:10,14:20,0.9978,5678.962,6000.7112,0,321.7492,0,0,10737.108,10785.37,0,53.62486667,0,0,power_1.25
87,14:20,14:30,1.0271,5669.4508,5766.9816,0,97.5308,0,0,10785.37,10800,0,16.25513333,0,0,power_1.25
88,14:30,14:40,1.0906,5664.1948,5521.5066,0,0,142.6882,0,10800,10773.576,0,0,23.78136667,0,power_1.25
89,14:40,14:50,0.9376,5672.7011,5268.781,0,0,403.9201,0,10773.576,10698.776,0,0,67.32001667,0,power_1.25
90,14:50,15:00,0.6694,5682.2544,5009.7152,672.5392,0,0,0,10698.776,10698.776,112.0898667,0,0,0,power_1.25
91,15:00,15:10,0.66,5669.0195,4743.4484,1600.3962,674.82506,0,0,10698.776,10800,266.7327,112.4708433,0,0,power_1.25
92,15:10,15:20,0.7217,5656.3651,4471.224,1185.1411,0,0,0,10800,10800,197.5235167,0,0,0,power_1.25
93,15:20,15:30,0.7308,5657.0867,4188.2025,1468.8842,0,0,0,10800,10800,244.8140333,0,0,0,power_1.25
94,15:30,15:40,0.7534,5662.6008,3889.3931,1773.2077,0,0,0,10800,10800,295.5346167,0,0,0,power_1.25
95,15:40,15:50,0.7823,5669.2596,3594.5946,2074.665,0,0,0,10800,10800,345.7775,0,0,0,power_1.25
96,15:50,16:00,0.8055,5673.4767,3303.8878,2369.5889,0,0,0,10800,10800,394.9314833,0,0,0,power_1.25
97,16:00,16:10,0.8271,5671.0146,2998.4247,2672.5899,0,0,0,10800,10800,445.43165,0,0,0,power_1.25
98,16:10,16:20,0.8519,5661.5926,2687.4131,2974.1795,0,0,0,10800,10800,495.6965833,0,0,0,power_1.25
99,16:20,16:30,0.8791,5665.8922,2383.1779,3282.7143,0,0,0,10800,10800,547.11905,0,0,0,power_1.25
100,16:30,16:40,0.9024,5689.0372,2089.1246,3599.9126,0,0,0,10800,10800,599.9854333,0,0,0,power_1.25
101,16:40,16:50,0.9163,5603.6614,1791.0829,3812.5785,0,0,0,10800,10800,635.42975,0,0,0,power_1.25
102,16:50,17:00,0.9264,5466.7124,1501.7283,3964.9841,0,0,0,10800,10800,660.8306833,0,0,0,power_1.25
103,17:00,17:10,0.9462,5467.3939,1255.1723,4212.2216,0,0,0,10800,10800,702.0369333,0,0,0,power_1.25
104,17:10,17:20,0.9742,5464.727,1036.3323,4428.3947,0,0,0,10800,10800,738.0657833,0,0,0,power_1.25
105,17:20,17:30,0.9862,5492.4458,836.7775,4655.6683,0,0,0,10800,10800,775.9447167,0,0,0,power_1.25
106,17:30,17:40,0.976,5621.7308,665.2313,4956.4995,0,0,0,10800,10800,826.08325,0,0,0,power_1.25
107,17:40,17:50,1.0742,5091.2126,516.6758,4574.5368,0,0,0,10800,10800,762.4228,0,0,0,power_1.25
108,17:50,18:00,1.2313,4208.5688,386.6731,3821.8957,0,0,0,10800,10800,636.9826167,0,0,0,power_1.25
109,18:00,18:10,1.2561,4122.7611,275.7933,3191.3643,0,655.6035,0,10800,10678.592,531.89405,0,109.26725,0,power_1.25
110,18:10,18:20,1.2447,4255.9358,182.9526,4072.9832,0,0,0,10678.592,10678.592,678.8305333,0,0,0,power_1.25
111,18:20,18:30,1.2545,4225.9524,108.3414,4117.611,0,0,0,10678.592,10678.592,686.2685,0,0,0,power_1.25
112,18:30,18:40,1.2522,4233.3384,54.3121,4179.0263,0,0,0,10678.592,10678.592,696.5043833,0,0,0,power_1.25
113,18:40,18:50,1.2881,4246.4625,18.6569,0,0,4227.8056,0,10678.592,9895.665,0,0,704.6342667,0,power_1.25
114,18:50,19:00,1.3466,4239.1795,0.2753,0,0,4238.9042,0,9895.665,9110.6827,0,0,706.4840333,0,power_1.25
115,19:00,19:10,1.3523,4244.6684,0.2296,0,0,4244.4388,0,9110.6827,8324.6755,0,0,707.4064667,0,power_1.25
116,19:10,19:20,1.3445,4251.9187,0.6007,0,0,4251.318,0,8324.6755,7537.3944,0,0,708.553,0,power_1.25
117,19:20,19:30,1.3483,4256.6813,0,0,0,4256.6813,0,7537.3944,6749.1201,0,0,709.4468833,0,power_1.25
118,19:30,19:40,1.349,4267.3947,0,0,0,4267.3947,0,6749.1201,5958.8618,0,0,711.23245,0,power_1.25
119,19:40,19:50,1.3473,4269.975,0,0,0,4269.975,0,5958.8618,5168.1257,0,0,711.6625,0,power_1.25
120,19:50,20:00,1.3482,4268.6702,0,0,0,4268.6702,0,5168.1257,4377.6312,0,0,711.4450333,0,power_1.25
121,20:00,20:10,1.3513,4282.2245,0,0,0,4282.2245,0,4377.6312,3584.6267,0,0,713.7040833,0,power_1.25
122,20:10,20:20,1.34,4291.7049,0,0,0,4291.7049,0,3584.6267,2789.8665,0,0,715.28415,0,power_1.25
123,20:20,20:30,1.3489,4291.3611,0,0,0,4291.3611,0,2789.8665,1995.17,0,0,715.22685,0,power_1.25
124,20:30,20:40,1.3952,4293.9182,0,0,0,4293.9182,0,1995.17,1200,0,0,715.6530333,0,power_1.25
125,20:40,20:50,1.2226,4295.2135,0,4295.2135,0,0,0,1200,1200,715.8689167,0,0,0,power_1.25
126,20:50,21:00,0.9332,4302.0307,0,4302.0307,0,0,0,1200,1200,717.0051167,0,0,0,power_1.25
127,21:00,21:10,0.9068,4320.9618,0,4320.9618,0,0,0,1200,1200,720.1603,0,0,0,power_1.25
128,21:10,21:20,0.9371,4302.3292,0,4302.3292,0,0,0,1200,1200,717.0548667,0,0,0,power_1.25
129,21:20,21:30,0.9371,4322.6758,0,4322.6758,0,0,0,1200,1200,720.4459667,0,0,0,power_1.25
130,21:30,21:40,0.9871,4428.8083,0,4428.8083,0,0,0,1200,1200,738.1347167,0,0,0,power_1.25
131,21:40,21:50,0.7764,4030.1614,0,4030.1614,0,0,0,1200,1200,671.6935667,0,0,0,power_1.25
132,21:50,22:00,0.4209,3362.7419,0,9612.7419,6250,0,0,1200,2137.5,1602.12365,1041.666667,0,0,power_1.25
133,22:00,22:10,0.3859,3309.3934,0,9559.3934,6250,0,0,2137.5,3075,1593.232233,1041.666667,0,0,power_1.25
134,22:10,22:20,0.4368,3412.9563,0,3412.9563,0,0,0,3075,3075,568.82605,0,0,0,power_1.25
135,22:20,22:30,0.4198,3381.9313,0,9631.9313,6250,0,0,3075,4012.5,1605.321883,1041.666667,0,0,power_1.25
136,22:30,22:40,0.4186,3386.5592,0,9636.5592,6250,0,0,4012.5,4950,1606.0932,1041.666667,0,0,power_1.25
137,22:40,22:50,0.4241,3400.4846,0,3400.4846,0,0,0,4950,4950,566.7474333,0,0,0,power_1.25
138,22:50,23:00,0.4237,3399.2426,0,4149.2426,750,0,0,4950,5062.5,691.5404333,125,0,0,power_1.25
139,23:00,23:10,0.4248,3406.9809,0,3406.9809,0,0,0,5062.5,5062.5,567.83015,0,0,0,power_1.25
140,23:10,23:20,0.424,3416.1518,0,3416.1518,0,0,0,5062.5,5062.5,569.3586333,0,0,0,power_1.25
141,23:20,23:30,0.422,3421.9811,0,9671.9811,6250,0,0,5062.5,6000,1611.99685,1041.666667,0,0,power_1.25
142,23:30,23:40,0.424,3429.6923,0,3429.6923,0,0,0,6000,6000,571.6153833,0,0,0,power_1.25
143,23:40,23:50,0.4271,3439.061,0,3439.061,0,0,0,6000,6000,573.1768333,0,0,0,power_1.25
144,23:50,24:00,0.4276,3444.7259,0,3444.7259,0,0,0,6000,6000,574.1209833,0,0,0,power_1.25
