date,solver,status,runtime_seconds,initial_energy_kwh,final_energy_kwh,terminal_value_rates_yuan_per_kwh,terminal_value_breakpoints_kwh,terminal_uncertainty_reserve_kwh,terminal_value_credit_yuan,planned_purchase_cost_yuan,expected_emergency_cost_yuan,expected_total_cost_yuan,optimization_objective_yuan,risk_method,cvar_alpha,risk_weight,var_cost_yuan,cvar_cost_yuan,lambda_cvar_term_yuan,planned_purchase_energy_kwh,expected_emergency_energy_kwh,expected_planned_grid_used_energy_kwh,expected_unused_planned_grid_energy_kwh,charge_energy_kwh,discharge_energy_kwh,expected_spill_energy_kwh,minimum_energy_kwh,maximum_energy_kwh,maximum_power_balance_residual_kw,maximum_soc_residual_kwh,planned_final_energy_kwh,actual_initial_energy_kwh,actual_final_energy_kwh,realized_emergency_energy_kwh,realized_emergency_cost_yuan,realized_total_cost_yuan,realized_planned_grid_used_energy_kwh,realized_unused_planned_grid_energy_kwh,realized_pv_spill_energy_kwh,actual_charge_energy_kwh,actual_discharge_energy_kwh,battery_clipping_energy_kwh,battery_clipping_intervals,scenario_emergency_interval_count
2025-02-01,PuLP HiGHS,Optimal,3.41749099999,6000,7189.18008607,1.124955|0.726615|0.384264,3506.12668|7153.06334|10800,3506.12668024,5244.20762069,26991.6890097,690.455506896,27682.1445166,22890.1537044,CVaR,0.9,0.5,904.433617135,904.433617135,452.216808568,50650.8304568,192.471910564,46417.6515657,4233.17889111,21837.927254,16650.9640696,3088.47343672,1200,10800,9.09494701773e-13,1.81898940355e-12,7153.06334012,6000,7189.18008607,82.1794294922,397.388171759,27389.0771814,44067.8392096,6582.99124722,4869.72584339,20167.6567626,15265.5399003,3055.69466078,33,656
2025-02-02,PuLP HiGHS,Optimal,1.0938071,7189.18008607,7055.40240761,1.124955|0.726615|0.384264,3310.804815|7055.402408|10800,3310.80481523,5095.44121051,60719.1152203,868.140083429,61587.2553037,57065.2893526,CVaR,0.9,0.5,1146.95051892,1146.95051892,573.47525946,95351.7565329,230.320601626,89369.4911224,5982.26541049,24684.6914684,20115,1315.82771777,1200,10800,4.54747350886e-13,2.27373675443e-13,7055.40240761,7189.18008607,7055.40240761,49.5393751302,140.5513462,60859.6665665,82373.7158309,12978.040702,59.1740666667,21727.3847366,17719.5815473,5352.72518444,26,706
2025-02-03,PuLP HiGHS,Optimal,1.058772,7055.40240761,7055.40235185,1.124955|0.726615|0.384264,3310.804704|7055.402352|10800,3310.80470371,5095.44112557,59529.5863749,851.640505538,60381.2268804,55935.9214736,CVaR,0.9,0.5,1300.27143754,1300.27143754,650.135718769,93912.9193202,225.353870984,88074.7616914,5838.15762885,24833.3332714,20115,1542.03443774,1200,10800,0,9.09494701773e-13,7055.40235185,7055.40240761,7055.40235185,59.7713834635,252.648274713,59782.2346496,84370.9135804,9542.00573985,0,22177.7290211,17963.9605573,4806.64369296,25,712
2025-02-04,PuLP HiGHS,Optimal,1.14450430001,7055.40235185,7079.21568092,1.124955|0.726615|0.384264,3315.626909|7057.813454|10800,3315.62690857,5099.11394585,59669.9022758,906.660555915,60576.5628317,56185.1477589,CVaR,0.9,0.5,1411.35954084,1415.39774608,707.698873039,94255.5176979,229.700555133,88263.5713817,5991.94631616,24812.5527698,20095.9977514,1536.4805267,1200,10800,9.09494701773e-13,9.09494701773e-13,7057.81345429,7055.40235185,7079.21568092,328.603462494,1081.07062338,60750.9728991,85367.1805787,8888.33711921,0,23576.2531315,19075.3330404,2256.9643493,25,632
2025-02-05,PuLP HiGHS,Optimal,1.0636982,7079.21568092,6873.5491149,1.124955|0.726615|0.384264,2947.09823|6873.549115|10800,2947.0982298,4818.42499898,58761.3737355,847.93026683,59609.3040023,55555.8734338,CVaR,0.9,0.5,1529.988861,1529.988861,764.994430498,92845.7507622,233.708817285,87060.8844158,5784.86634638,24546.672887,20067.9049479,1690.21706962,1200,10800,0,9.09494701773e-13,6873.5491149,7079.21568092,6873.5491149,146.766781914,478.064878977,59239.4386145,84771.2979173,8074.4528449,2.0525,22908.8690806,18741.2838647,2964.42488963,23,669
2025-02-06,PuLP HiGHS,Optimal,2.96127289999,6873.5491149,7092.43511486,1.124955|0.726615|0.384264,3337.542418|7068.771209|10800,3337.54241809,5115.80583888,60087.6433887,918.115183083,61005.7585718,56587.8059271,CVaR,0.9,0.5,1395.70638841,1395.70638841,697.853194207,94472.4096529,248.268385816,88705.5282863,5766.88136663,25050.2467713,20115,1400.30362284,1200,10800,3.63797880709e-12,9.09494701773e-13,7068.77120905,6873.5491149,7092.43511486,67.2231749249,223.946733654,60311.5901223,84706.7261057,9765.68354722,1.40081666667,22655.2307753,18153.739528,4356.27646802,24,702
2025-02-07,PuLP HiGHS,Optimal,3.6014115,7092.43511486,7058.30191845,1.124955|0.726615|0.384264,3288.933463|7044.466731|10800,3288.93346291,5078.78294969,25525.5231537,702.728316085,26228.2514698,21597.3384389,CVaR,0.9,0.5,895.739837606,895.739837606,447.869918803,47707.4549264,196.192581847,43601.1265906,4106.32833578,20431.7526224,16592.8911692,3156.88518545,1200,10800,9.09494701773e-13,1.81898940355e-12,7044.46673145,7092.43511486,7058.30191845,77.5639603515,448.414111079,25973.9372648,41060.9709658,6646.48396063,5739.99917681,19071.4524182,15478.5963355,2474.59503798,28,606
2025-02-08,PuLP HiGHS,Optimal,3.7157534,7058.30191845,7044.46668684,1.124955|0.726615|0.384264,3288.933374|7044.466687|10800,3288.93337368,5078.78288173,23391.817062,628.203283713,24020.0203457,19419.9232222,CVaR,0.9,0.5,957.371516499,957.371516499,478.685758249,43645.1119569,176.010765675,39612.365796,4032.74616091,19740.3259435,16002.1157227,4074.9018324,1200,10800,2.10320649785e-12,1.81898940355e-12,7044.46668684,7058.30191845,7044.46668684,53.8063878255,284.358166001,23676.175228,39706.3663791,3938.74557784,4669.43143104,18558.0543561,15044.4757368,2139.91157322,25,568
2025-02-09,PuLP HiGHS,Optimal,1.2776116,7044.46668684,7044.46672119,1.124955|0.726615|0.384264,3288.933442|7044.466721|10800,3288.93344238,5078.78293405,56134.346661,818.471840477,56952.8185014,52588.6115271,CVaR,0.9,0.5,1429.15191941,1429.15191941,714.575959703,89122.8538826,219.953691671,83351.6148892,5771.23899333,24760.5256622,20056.0257555,1873.72294582,1200,10800,4.54747350886e-13,9.09494701773e-13,7044.46672119,7044.46668684,7044.46672119,610.028348987,1888.70846148,58023.0551224,83355.5669424,5767.28694011,0,23211.4699677,18801.2906429,2803.79080711,24,661
2025-02-10,PuLP HiGHS,Optimal,1.20233489999,7044.46672119,6903.82552941,1.124955|0.726615|0.384264,2997.494005|6898.747002|10800,2997.494005,4856.80881517,56733.1721293,899.998309065,57633.1704384,53573.7976853,CVaR,0.9,0.5,1564.0668363,1594.87212415,797.436062073,89810.0260817,256.417785212,84369.7887106,5440.23737111,24564.6775083,20028.5365286,1729.29061279,1200,10800,9.09494701773e-13,4.54747350886e-13,6898.7470025,7044.46672119,6903.82552941,75.5915491815,256.863822008,56990.0359513,78467.3031392,11342.7229425,499.663033333,20227.216549,16510.6224773,7855.37501066,31,682
2025-02-11,PuLP HiGHS,Optimal,3.66492780001,6903.82552941,6962.26373559,1.124955|0.726615|0.384264,3124.527471|6962.263736|10800,3124.52747118,4953.56353711,55510.3664861,848.570105774,56358.9365919,52122.7352416,CVaR,0.9,0.5,1418.91256033,1434.72437359,717.362186795,88364.6102027,232.603780381,82798.5831588,5566.02704383,24681.0694374,19939.0718587,1933.58972796,1200,10800,9.09494701773e-13,9.09494701773e-13,6962.26373559,6903.82552941,6962.26373559,80.1575847656,432.754133783,55943.1206199,79621.5822906,8743.02791206,257.4767,21953.0087183,17729.3426762,4937.7899016,29,627
2025-02-12,PuLP HiGHS,Optimal,4.8779963,6962.26373559,7010.44572894,1.124955|0.726615|0.384264,3220.891458|7010.445729|10800,3220.89145788,5026.95892667,55231.2128824,818.749558743,56049.9624411,51708.4157806,CVaR,0.9,0.5,1287.38375981,1370.82453241,685.412266206,88050.9333471,228.813568119,82555.4579162,5495.47543091,24568.6678463,19857.2571615,1989.04267855,1200,10800,9.09494701773e-12,9.09494701773e-13,7010.44572894,6962.26373559,7010.44572894,152.018671189,606.080230129,55837.2931125,79518.6596386,8532.27370853,199.759999902,21899.0441186,17694.861942,4832.01894716,27,665
2025-02-13,PuLP HiGHS,Optimal,8.604502,7010.44572894,7112.23946393,1.124955|0.726615|0.384264,3424.478928|7112.239464|10800,3424.47892786,5182.02081421,54909.1678232,863.864365862,55773.032189,51307.4657851,CVaR,0.9,0.5,1406.95441307,1432.90882051,716.454410253,87466.0372804,235.34707296,82054.0716021,5411.96567823,24574.6127469,19813.8219635,1735.04470307,1200,10800,4.54747350886e-13,9.09494701773e-13,7112.23946393,7010.44572894,7112.23946393,182.0180253,884.329801161,55793.4976243,75708.7589605,11757.2783199,684.727033333,19920.8240752,16044.2531394,8423.35749578,31,672
2025-02-14,PuLP HiGHS,Optimal,7.44800059999,7112.23946393,7112.23946833,1.124955|0.726615|0.384264,3424.478937|7112.239468|10800,3424.47893665,5182.02082091,21513.8746877,637.483262829,22151.3579505,17544.9586627,CVaR,0.9,0.5,1151.24306608,1151.24306608,575.62153304,39734.1716053,183.711601759,36130.9968573,3603.17474802,18885.9562796,15297.6245826,4709.99281564,1200,10800,4.54747350886e-13,9.09494701773e-13,7112.23946833,7112.23946393,7112.23946833,594.781094019,2007.28546715,23521.1601548,36811.9784068,2922.19319856,4197.7937477,17932.4417499,14525.2778134,1725.86129887,20,555
2025-02-15,PuLP HiGHS,Optimal,3.60660310001,7112.23946833,7011.21957793,1.124955|0.726615|0.384264,3222.439156|7011.219578|10800,3222.43915585,5028.13772696,21246.2071177,705.373169588,21951.5802873,17444.0952895,CVaR,0.9,0.5,1041.3054582,1041.3054582,520.652729101,39112.8618059,203.172590946,35508.6709515,3604.19085436,18480.279054,15059.9439351,4842.01379128,1200,10800,9.09494701773e-13,9.09494701773e-13,7011.21957793,7112.23946833,7011.21957793,476.128403452,1713.7352338,22959.9423515,36443.888485,2668.97332087,4449.82940055,17268.4962593,14078.3998714,2193.32685841,22,573
2025-02-16,PuLP HiGHS,Optimal,6.24517529999,7011.21957793,7041.73258312,1.124955|0.726615|0.384264,3283.465166|7041.732583|10800,3283.46516625,5074.61803521,53048.581126,994.106019316,54042.6871453,49764.8728544,CVaR,0.9,0.5,1573.18544794,1593.60748844,796.80374422,84898.8372712,263.522973878,79445.0838186,5453.75345265,23532.6802034,19034.0092601,1943.98230489,1200,10800,1.13686837722e-12,1.81898940355e-12,7041.73258312,7011.21957793,7041.73258312,429.888910535,1688.39840674,54736.9795328,79176.9079087,5721.92936249,30.5391666667,21954.8255154,17755.9469628,2855.91698522,20,700
2025-02-17,PuLP HiGHS,Optimal,1.24036739999,7041.73258312,6992.55534051,1.124955|0.726615|0.384264,3185.110681|6992.555341|10800,3185.11068102,4999.70658742,52099.4805736,1012.38226847,53111.8628421,48875.1313874,CVaR,0.9,0.5,1525.95026551,1525.95026551,762.975132753,83800.7285082,265.145543246,78427.2896239,5373.43888434,23102.8392672,18757.5593248,1912.75097868,1200,10800,1.13686837722e-13,9.09494701773e-13,6992.55534051,7041.73258312,6992.55534051,144.557725474,690.115607004,52789.5961806,75574.0146645,8226.71384368,801.467166667,19881.587237,16148.3451804,5830.46617463,29,719
2025-02-18,PuLP HiGHS,Optimal,6.7882372,6992.55534051,6967.98942508,1.124955|0.726615|0.384264,3135.97885|6967.989425|10800,3135.97885015,4962.28545127,51980.1312823,923.074483495,52903.2057657,48770.7494557,CVaR,0.9,0.5,1659.65828254,1659.65828254,829.829141268,83373.3703855,249.804262791,78047.6058532,5325.76453222,23181.2091771,18798.8887573,2081.50513158,1200,10800,9.09494701773e-13,9.09494701773e-13,6967.98942508,6992.55534051,6967.98942508,153.404002125,600.567615858,52580.6988981,76160.2730771,7213.09730835,325.035966667,20628.2244902,16730.9711609,4620.90228327,28,680
2025-02-19,PuLP HiGHS,Optimal,8.55867,6967.98942508,6999.39992283,1.124955|0.726615|0.384264,3198.799846|6999.399923|10800,3198.79984566,5010.13290545,52000.5801401,832.441970425,52833.0221105,48519.775151,CVaR,0.9,0.5,1393.77189198,1393.77189198,696.885945988,83470.6116337,222.232921216,78000.2051718,5470.40646192,23243.3060234,18798.808431,2285.35157523,1200,10800,5.96855898038e-13,9.09494701773e-13,6999.39992283,6967.98942508,6999.39992283,435.753886167,1341.74582269,53342.3259628,76960.8793693,6509.73226441,316.531722192,21960.5510628,17759.7769129,2321.78647879,24,665
2025-02-20,PuLP HiGHS,Optimal,6.51377569999,6999.39992283,7044.46675123,1.124955|0.726615|0.384264,3288.933502|7044.466751|10800,3288.93350246,5078.78297982,51408.0339546,888.700525487,52296.7344801,47934.1504937,CVaR,0.9,0.5,1305.98103473,1432.3979869,716.198993452,82767.2412643,240.938598183,77648.9072621,5118.33400218,23236.8164413,18781.2611719,2200.73868411,1200,10800,4.54747350886e-13,9.09494701773e-13,7044.46675123,6999.39992283,7044.46675123,256.666674648,1130.58934619,52538.6233008,75334.58925,7432.65201431,553.5939,21073.5165566,17028.9882653,3915.5727912,23,699
2025-02-21,PuLP HiGHS,Optimal,3.29479109999,7044.46675123,6833.88426606,1.124955|0.726615|0.384264,2867.768532|6833.884266|10800,2867.76853212,4758.00373307,20428.1528146,481.236941349,20909.3897559,16514.6491251,CVaR,0.9,0.5,725.598638173,726.526204437,363.263102219,37671.9706388,128.592464555,34379.1949172,3292.77572161,18170.1144229,14907.3169192,5911.38818144,1200,10800,4.54747350886e-13,1.81898940355e-12,6833.88426606,7044.46675123,6833.88426606,119.925411003,390.697914556,20818.8507291,34518.0294534,3153.94118537,5957.82886138,17417.832665,14297.9686953,1361.62998183,19,481
2025-02-22,PuLP HiGHS,Optimal,3.223352,6833.88426606,7007.71173531,1.124955|0.726615|0.384264,3215.423471|7007.711735|10800,3215.42347061,5022.79424783,20613.7897044,545.41386106,21159.2035655,16556.3184752,CVaR,0.9,0.5,830.227984029,839.818315027,419.909157513,37956.0376148,149.453332726,34666.9360358,3289.10157899,18161.8708791,14554.6706898,5925.61212042,1200,10800,2.27373675443e-13,1.81898940355e-12,7007.71173531,6833.88426606,7007.71173531,138.435881978,496.18353399,21109.9732384,34989.8109472,2966.22666759,3812.93176968,17442.6708099,13972.1186337,1301.75212522,19,517
2025-02-23,PuLP HiGHS,Optimal,4.74022000001,7007.71173531,6975.53149333,1.124955|0.726615|0.384264,3135.978874|6967.989437|10800,3135.9788744,4962.28546974,50750.0665046,819.345388314,51569.4118929,47361.656711,CVaR,0.9,0.5,1284.04505331,1509.0605757,754.530287852,81646.3061946,217.818773947,76308.324854,5337.98134063,23122.5307799,18765,2056.08713719,1200,10800,4.54747350886e-13,1.81898940355e-12,6967.9894372,7007.71173531,6975.53149333,350.00349071,1137.11970556,51887.1862101,75707.7598507,5938.54634392,462.153433333,21540.6233818,17476.867157,2870.04024105,23,668
2025-02-24,PuLP HiGHS,Optimal,4.06714480001,6975.53149333,6916.90828048,1.124955|0.726615|0.384264,3033.816561|6916.90828|10800,3033.81656096,4884.47379911,50209.8690227,894.734493155,51104.6035159,46951.3395245,CVaR,0.9,0.5,1462.41961538,1462.41961538,731.209807688,81119.2793503,238.287801356,75715.4450268,5403.83432358,23160.2971789,18812.6016064,2334.88541566,1200,10800,9.09494701773e-13,1.81898940355e-12,6916.90828048,6975.53149333,6916.90828048,141.424083684,581.480726817,50791.3497495,73295.2169354,7824.0624149,1419.15396667,20353.7596177,16539.3061819,5079.83298577,31,673
2025-02-25,PuLP HiGHS,Optimal,3.4857473,6916.90828048,6999.39998421,1.124955|0.726615|0.384264,3198.799968|6999.399984|10800,3198.79996841,5010.13299894,50214.9227135,873.559756446,51088.4824699,46922.498623,CVaR,0.9,0.5,1594.00045602,1688.29830403,844.149152016,80965.4459404,236.087088149,75730.9716398,5234.47430064,23262.1567975,18768.1044727,2257.51059458,1200,10800,1.00044417195e-11,1.81898940355e-12,6999.39998421,6916.90828048,6999.39998421,156.210100646,559.912587698,50774.8353012,71838.9118206,9126.5341198,2397.95661667,19482.102831,15706.2607598,6841.89767941,31,680
2025-02-26,PuLP HiGHS,Optimal,4.5114088,6999.39998421,7011.21925609,1.124955|0.726615|0.384264,3222.438512|7011.219256|10800,3222.43851219,5028.13723671,49992.7999183,833.833953461,50826.6338718,46492.0274137,CVaR,0.9,0.5,1387.06155728,1387.06155728,693.530778641,80749.1555911,223.992285053,75741.8866384,5007.26895269,23203.9230517,18784.5403271,2246.39792674,1200,10800,6.8212102633e-12,1.81898940355e-12,7011.21925609,6999.39998421,7011.21925609,151.916542839,532.937315093,50525.7372334,73631.9289688,7117.2266223,1048.82285612,20576.5119866,16656.3373645,4755.61402775,29,701
2025-02-27,PuLP HiGHS,Optimal,3.7013802,7011.21925609,6999.40009554,1.124955|0.726615|0.384264,3198.800191|6999.400096|10800,3198.80019108,5010.13316854,48972.3871075,861.276697427,49833.663805,45553.8153556,CVaR,0.9,0.5,1445.62291284,1460.56943842,730.28471921,79423.8884133,231.770499838,74570.6988778,4853.18953553,23231.5772348,18828.2148047,2357.5733316,1200,10800,9.09494701773e-13,9.09494701773e-13,6999.40009554,7011.21925609,6999.40009554,284.045857103,1308.6431376,50281.0302451,72017.6527668,7406.23564652,1173.23026667,22013.2705353,17841.3863781,2205.1351261,26,711
2025-02-28,PuLP HiGHS,Optimal,3.59820569999,6999.40009554,6999.20647392,1.124955|0.726615|0.384264,3198.412948|6999.206474|10800,3198.41294784,5009.83822569,19712.8945471,471.395405383,20184.2899525,15528.2202878,CVaR,0.9,0.5,642.104101482,707.537121943,353.768560971,36576.8209005,127.886845213,33360.3628717,3216.45802874,18163.1921,14712.3598604,8600.38348057,1200,10800,4.54747350886e-13,9.09494701773e-13,6999.20647392,6999.40009554,6999.20647392,227.124121097,851.36592464,20564.2604717,33673.8511757,2902.96972471,7418.89923871,16787.6671978,13598.1846897,2489.70007284,21,497
2025-03-01,PuLP HiGHS,Optimal,6.1030246,6999.20647392,6982.29975284,1.124955|0.726615|0.384264,3135.978833|6967.989416|10800,3135.97883293,4962.28543815,19748.2903809,535.02499196,20283.3153728,15711.5943614,CVaR,0.9,0.5,781.128853477,781.128853477,390.564426738,36528.8694371,146.358607372,33448.2499749,3080.61946219,17757.9418625,14412.0282603,8403.42613149,1200,10800,4.54747350886e-13,1.81898940355e-12,6967.98941647,6999.20647392,6982.29975284,523.668303695,2358.56364645,22106.8540273,32521.6248658,4007.24457136,6297.89127295,16336.0632219,13247.4272587,2586.4796422,25,518
2025-03-02,PuLP HiGHS,Optimal,10.7989356,6982.29975284,6999.20626443,1.124955|0.726615|0.384264,3198.412529|6999.206264|10800,3198.41252885,5009.83790657,48709.8913816,901.328478384,49611.21986,45526.8926854,CVaR,0.9,0.5,1299.44444688,1851.02146396,925.510731979,79008.563726,234.93156127,73922.726762,5085.83696399,23263.9158324,18828.5559638,2677.42575499,1200,10800,9.09494701773e-13,9.09494701773e-13,6999.20626443,6982.29975284,6999.20626443,2943.94681045,11351.726852,60061.6182336,73613.5852266,5394.97849945,0.153130342622,22020.2946294,17821.2227894,2250.95437739,24,649
2025-03-03,PuLP HiGHS,Optimal,5.25311379999,6999.20626443,7000.17357342,1.124955|0.726615|0.384264,3200.347147|7000.173573|10800,3200.34714684,5011.31140352,49121.808541,795.769008155,49917.5775491,45657.7434666,CVaR,0.9,0.5,1502.95464191,1502.95464191,751.477320954,79319.1277426,219.777895771,74106.0008037,5213.12693893,23193.3259271,18785.7234229,2970.34469184,1200,10800,1.20053300634e-10,1.36424205266e-11,7000.17357342,6999.20626443,7000.17357342,1743.03495998,7059.96014981,56181.7686908,74724.7364198,4594.39132278,194.490116667,22396.126588,18139.9919582,1442.93080382,18,653
2025-03-04,PuLP HiGHS,Optimal,4.69306809999,7000.17357342,6969.64161754,1.124955|0.726615|0.384264,3139.283235|6969.641618|10800,3139.28323509,4964.8022278,52343.3408617,668.851072875,53012.1919346,48660.3203228,CVaR,0.9,0.5,1119.87436108,1225.86123198,612.93061599,84016.186332,188.448606072,76747.6908666,7268.49546542,24156.5210658,19594.2608236,3822.62680452,1200,10800,2.27373675443e-13,4.54747350886e-13,6969.64161754,7000.17357342,6969.64161754,129.202536596,435.525214547,52778.8660763,73923.2600617,10092.9262703,968.6329,20588.6869751,16704.3152102,6457.77970404,29,578
2025-03-05,PuLP HiGHS,Optimal,5.7409201,6969.64161754,7055.40230692,1.124955|0.726615|0.384264,3310.804614|7055.402307|10800,3310.80461383,5095.44105711,50443.0873122,888.120572575,51331.2078848,47247.4402545,CVaR,0.9,0.5,1369.37256434,2023.34685369,1011.67342684,81396.3275506,242.966984961,76404.3649582,4991.96259237,23320.9863126,18812.8142928,2304.16533198,1200,10800,5.96855898038e-13,9.09494701773e-13,7055.40230692,6969.64161754,7055.40230692,81.5963133464,324.435761005,50767.5230732,70816.5784015,10579.749149,1016.18443397,19338.5981252,15587.079861,7208.12261925,32,674
2025-03-06,PuLP HiGHS,Optimal,7.7340885,7055.40230692,7044.46662736,1.124955|0.726615|0.384264,3288.933255|7044.466627|10800,3288.93325472,5078.78279112,51120.5329849,864.834218798,51985.3672037,47663.895095,CVaR,0.9,0.5,1443.13348654,1514.62136478,757.31068239,81917.7384617,232.696310374,76359.9010264,5557.83743526,23463.1420147,19014.9871435,2862.26167418,1200,10800,9.09494701773e-13,1.81898940355e-12,7044.46662736,7055.40230692,7044.46662736,143.621138121,361.173000756,51481.7059856,71051.4124384,10866.3260233,1736.91544636,18564.768992,15047.3049951,8866.05517108,32,642
2025-03-07,PuLP HiGHS,Optimal,3.26099010001,7044.46662736,7141.18579235,1.124955|0.726615|0.384264,3365.839156|7082.919578|10800,3365.83915559,5137.35797826,19831.696764,585.004905574,20416.7016696,15786.6746604,CVaR,0.9,0.5,926.965157804,1014.66193821,507.330969105,36899.7103158,163.796843379,33664.6375859,3235.07272988,17299.2624449,13977.794925,6278.98707717,1200,10800,2.27373675443e-12,9.09494701773e-13,7082.9195778,7044.46662736,7141.18579235,98.2832175441,282.923112833,20114.6198768,32672.2044577,4227.50585809,8770.85174309,15738.4376335,12661.0872346,2877.53250181,26,531
2025-03-08,PuLP HiGHS,Optimal,2.77870259999,7141.18579235,7007.02421081,1.124955|0.726615|0.384264,3185.11047|6992.555235|10800,3185.11046951,4999.70642633,18615.266419,522.297746536,19137.5641655,14560.7370157,CVaR,0.9,0.5,833.943164714,845.758552897,422.879276449,34025.5327128,143.713213709,30814.0613586,3211.47135426,17179.1741107,14048.8985315,7222.35800619,1200,10800,4.54747350886e-13,1.81898940355e-12,6992.55523476,7141.18579235,7007.02421081,180.41698322,601.449598787,19216.7160178,31230.1266474,2795.40606547,9329.4440457,16519.5025874,13501.5425191,1207.02753563,21,504
2025-03-09,PuLP HiGHS,Optimal,5.47733269999,7007.02421081,6919.15171244,1.124955|0.726615|0.384264,3038.303425|6919.151712|10800,3038.30342488,4887.8912078,48909.9358179,768.642944208,49678.5787621,45448.1517301,CVaR,0.9,0.5,1300.17195329,1314.92835178,657.464175889,78904.6182858,208.120030489,73184.9804727,5719.63781316,23440.1210964,19065.5833366,3351.12229498,1200,10800,1.13686837722e-12,9.09494701773e-13,6919.15171244,7007.02421081,6919.15171244,122.183531053,512.430438722,49422.3662566,69253.898109,9650.72017684,2407.22603398,19549.5568663,15914.2263102,7041.92125642,31,648
2025-03-10,PuLP HiGHS,Optimal,4.94469170002,6919.15171244,6916.60194938,1.124955|0.726615|0.384264,3033.203899|6916.601949|10800,3033.20389877,4884.00716649,47053.4742353,835.99808068,47889.4723159,43750.3157178,CVaR,0.9,0.5,1489.70113667,1489.70113667,744.850568334,76520.1194263,226.30502425,71188.7108705,5331.40855586,23303.58026,18878.1947974,2502.86784787,1200,10800,4.54747350886e-13,4.54747350886e-13,6916.60194938,6919.15171244,6916.60194938,1076.11978029,3149.38313403,50202.8573693,71491.9085861,5028.21084027,441.688910547,21508.225224,17423.9572182,3249.5926151,28,676
2025-03-11,PuLP HiGHS,Optimal,4.31127530002,6916.60194938,7049.88018076,1.124955|0.726615|0.384264,3283.465275|7041.732637|10800,3283.46527472,5074.61811783,46646.5907515,985.506646032,47632.0973975,44135.9892071,CVaR,0.9,0.5,1311.58354397,3157.01985479,1578.5099274,76345.3414279,263.251452077,71418.7573456,4926.58408233,23307.1928503,18766.2085896,2766.25369136,1200,10800,3.63797880709e-12,1.81898940355e-12,7041.73263736,6916.60194938,7049.88018076,280.053851452,1073.69213348,47720.282885,69142.6159157,7202.72551219,1526.44228424,20196.6224984,16239.3138155,5637.46512597,34,697
2025-03-12,PuLP HiGHS,Optimal,7.361565,7049.88018076,6992.74876028,1.124955|0.726615|0.384264,3185.497521|6992.74876|10800,3185.49752057,5000.0012228,46799.2592722,974.798308945,47774.0575812,44591.1972474,CVaR,0.9,0.5,1204.36027545,3634.28177801,1817.14088901,76517.0948142,260.496929801,70892.2522103,5624.84260392,22941.2248595,18633.8104146,3053.29134599,1200,10800,4.54747350886e-13,9.09494701773e-13,6992.74876028,7049.88018076,6992.74876028,258.965019634,906.650438006,47705.9097102,68228.8653015,8288.22951269,2363.34148268,19686.1707031,15997.216548,5891.64802305,34,678
2025-03-13,PuLP HiGHS,Optimal,7.43085430001,6992.74876028,7083.21237648,1.124955|0.726615|0.384264,3366.424753|7083.212376|10800,3366.42475297,5137.80399704,45945.653619,912.860734255,46858.5143532,43111.4821424,CVaR,0.9,0.5,1559.47049907,2781.54357236,1390.77178618,75164.2248611,248.198607864,70026.1663452,5138.05851588,22703.4806239,18308.4020508,2726.61263339,1200,10800,6.36646291241e-12,9.09494701773e-13,7083.21237648,6992.74876028,7083.21237648,1639.4483155,6697.59748201,52643.251101,69976.2942109,5187.93065025,59.5862,20679.5845007,16669.046191,3663.25198307,27,668
2025-03-14,PuLP HiGHS,Optimal,3.16910909998,7083.21237648,6999.39990829,1.124955|0.726615|0.384264,3198.799817|6999.399908|10800,3198.79981659,5010.1328833,17906.265008,483.417350126,18389.6823582,13737.934843,CVaR,0.9,0.5,702.609613115,716.770736253,358.385368127,32886.252826,139.998407835,29807.4537237,3078.79910223,17889.4198878,14565.8613305,9652.49176538,1200,10800,1.72803993337e-11,1.81898940355e-12,6999.39990829,7083.21237648,6999.39990829,135.015792627,635.206887633,18541.4718957,30254.8677645,2631.38506141,11291.9519895,16547.0358198,13478.5302354,2429.71516314,23,522
2025-03-15,PuLP HiGHS,Optimal,3.21944379999,6999.39990829,7097.66774419,1.124955|0.726615|0.384264,3372.443829|7086.221914|10800,3372.44382894,5142.3884112,18057.1057367,508.943966217,18566.0497029,13805.6399551,CVaR,0.9,0.5,763.957326789,763.957326789,381.978663395,33373.4169029,139.208644144,30281.0369663,3092.37993664,17960.5088942,14469.8723987,9484.307503,1200,10800,5.00222085975e-12,4.09272615798e-12,7086.22191447,6999.39990829,7097.66774419,240.906463116,1046.56674268,19103.6724794,30888.9035343,2484.5133686,6892.62128575,16971.6974177,13658.633856,1800.05001919,23,493
2025-03-16,PuLP HiGHS,Optimal,6.99538360001,7097.66774419,7012.64005706,1.124955|0.726615|0.384264,3216.970856|7008.485428|10800,3216.97085646,5023.9728104,45753.4303705,943.633073475,46697.0634439,42762.7917838,CVaR,0.9,0.5,1261.67590612,2179.4023005,1089.70115025,74806.2239788,251.712378299,69762.0030737,5044.2209051,22499.800671,18305.1026279,2950.5256828,1200,10800,2.72848410532e-12,9.09494701773e-13,7008.48542823,7097.66774419,7012.64005706,319.371536624,1343.44462118,47096.8749917,67649.3207732,7156.90320564,970.511566667,19598.2038327,15951.0700229,5255.62944325,36,687
2025-03-17,PuLP HiGHS,Optimal,4.78300609998,7012.64005706,7046.79454496,1.124955|0.726615|0.384264,3288.933146|7044.466573|10800,3288.93314576,5078.78270813,47091.2507435,844.222386197,47935.4731297,43594.9745933,CVaR,0.9,0.5,1476.56834361,1476.56834361,738.284171804,76931.9923012,230.212231647,71207.8450313,5724.14726995,23059.8044696,18649.7977562,4007.81301251,1200,10800,9.09494701773e-13,4.54747350886e-13,7044.46657288,7012.64005706,7046.79454496,157.325095903,718.63908353,47809.889827,64948.091441,11983.9008603,3783.31675,18069.6279706,14605.6596171,9034.31463802,37,673
2025-03-18,PuLP HiGHS,Optimal,4.74361780001,7046.79454496,7086.22206112,1.124955|0.726615|0.384264,3372.444122|7086.222061|10800,3372.44412223,5142.38863459,45211.2184239,702.192459984,45913.4108839,41398.7806599,CVaR,0.9,0.5,1172.71554246,1255.51682105,627.758410527,74237.673916,190.24776272,68627.8165793,5609.85733674,22451.8749384,18150.5339355,3505.76673165,1200,10800,9.09494701773e-13,1.81898940355e-12,7086.22206112,7046.79454496,7086.22206112,596.333969573,2650.27819435,47861.4966183,66199.9405629,8037.73335314,1735.51186069,20522.7344241,16587.930119,3491.74433078,25,626
2025-03-19,PuLP HiGHS,Optimal,4.0735232,7086.22206112,6969.84548795,1.124955|0.726615|0.384264,3139.690976|6969.845488|10800,3139.69097589,4965.11278256,44781.1295187,964.996187168,45746.1257058,42527.6184889,CVaR,0.9,0.5,1285.28944654,3493.21113115,1746.60556557,73774.6869552,256.734143506,68082.4773257,5692.20962948,22235.3462579,18115.3693848,3321.39966698,1200,10800,9.09494701773e-13,9.09494701773e-13,6969.84548795,7086.22206112,6969.84548795,103.158617466,499.688024134,45280.8175428,65383.2667425,8391.42021271,2199.60388005,20663.6312933,16842.2802634,2844.80408603,30,677
2025-03-20,PuLP HiGHS,Optimal,4.29310470002,6969.84548795,6992.74856714,1.124955|0.726615|0.384264,3185.497134|6992.748567|10800,3185.49713427,5000.00092857,46057.622087,773.376966743,46830.9990538,42708.0580342,CVaR,0.9,0.5,1151.17987662,1754.119818,877.059908998,75296.7142573,216.666262952,68728.525935,6568.18832234,22747.6810349,18405.008867,4095.73161677,1200,10800,1.81898940355e-12,9.09494701773e-13,6992.74856714,6969.84548795,6992.74856714,401.761051999,1412.2906312,47469.9127182,67036.8368758,8259.87738151,1437.23622704,19851.5111201,16059.111236,5242.06754586,32,644
2025-03-21,PuLP HiGHS,Optimal,3.3696372,6992.74856714,7136.90106048,1.124955|0.726615|0.384264,3283.465073|7041.732537|10800,3283.46507308,5074.61796425,17518.4033839,541.486649179,18059.890033,13419.5895426,CVaR,0.9,0.5,856.88820316,868.634947704,434.317473852,32506.6925933,139.232613123,29477.3035121,3029.38908125,18210.1020154,14706.09706,12278.1515952,1200,10800,1.796252036e-11,9.09494701773e-13,7041.73253654,6992.74856714,7136.90106048,194.470924289,524.24582856,18042.6492124,29884.4441228,2622.24847058,14746.563466,16679.7358969,13380.8488324,2855.61434616,24,497
2025-03-22,PuLP HiGHS,Optimal,3.50341179999,7136.90106048,7122.80025959,1.124955|0.726615|0.384264,3310.806324|7055.403162|10800,3310.80632383,5095.44235953,17943.2615859,464.661550977,18407.9231369,13713.6841202,CVaR,0.9,0.5,713.691903082,802.406685627,401.203342813,33109.9383543,128.793845908,29950.4383568,3159.49999749,18429.1508636,15000.9603083,12717.0084744,1200,10800,4.54747350886e-13,3.18323145621e-12,7055.40316191,7136.90106048,7122.80025959,117.564693099,414.072619969,18357.3342059,29728.5863949,3381.35195936,10823.9417589,16598.422719,13457.4131232,3374.27532966,27,490
2025-03-23,PuLP HiGHS,Optimal,3.71109529998,7122.80025959,6986.45927392,1.124955|0.726615|0.384264,3172.918548|6986.459274|10800,3172.91854784,4990.42047967,42357.5886491,834.411476139,43192.0001253,39133.0466683,CVaR,0.9,0.5,1444.4310993,1862.9340453,931.467022651,69977.5087926,226.321211328,64866.5242157,5110.98457688,21741.3591069,17733.2077637,2986.89863534,1200,10800,9.09494701773e-13,9.09494701773e-13,6986.45927392,7122.80025959,6986.45927392,429.881478212,1634.15207587,43991.740725,64492.1518141,5485.35697856,2385.80761771,20469.5391842,16703.0336263,2301.99406007,28,674
2025-03-24,PuLP HiGHS,Optimal,2.91435970002,6986.45927392,7044.46652785,1.124955|0.726615|0.384264,3288.933056|7044.466528|10800,3288.93305569,5078.78263954,43590.2538179,901.86104223,44492.1148601,40513.7878857,CVaR,0.9,0.5,1404.12894405,2200.91133027,1100.45566513,71879.6880325,250.506965253,65919.1885522,5960.49948027,22677.9372863,18316.9226733,4375.50824812,1200,10800,4.54747350886e-13,9.09494701773e-13,7044.46652785,6986.45927392,7044.46652785,239.990044424,555.342929015,44145.5967469,64831.3614098,7048.32662268,3130.82913477,20472.73004,16530.7048039,3991.42511576,32,657
2025-03-25,PuLP HiGHS,Optimal,8.1172302,7044.46652785,6999.20667292,1.124955|0.726615|0.384264,3198.413346|6999.206673|10800,3198.41334583,5009.83852882,42964.4324072,808.263872663,43772.6962799,39738.2923952,CVaR,0.9,0.5,1258.48004337,1950.86928825,975.434644124,70846.4136707,219.218597747,65235.1399689,5611.27370175,21804.1263998,17702.0762533,3828.7893212,1200,10800,4.54747350886e-13,9.09494701773e-13,6999.20667292,7044.46652785,6999.20667292,589.771423206,2085.71952075,45050.151928,66434.0330963,4412.38057436,2319.13651536,19975.1429313,16220.5996438,3310.46007798,33,647
2025-03-26,PuLP HiGHS,Optimal,4.2194339,6999.20667292,7086.2219877,1.124955|0.726615|0.384264,3372.443975|7086.221988|10800,3372.44397539,5142.38852275,43214.0349823,788.295559842,44002.3305421,39455.572253,CVaR,0.9,0.5,1191.26046728,1191.26046728,595.63023364,71597.490134,218.702726822,66065.2094054,5532.28072865,22824.5986408,18409.6111157,4285.01419249,1200,10800,1.81898940355e-12,1.81898940355e-12,7086.2219877,6999.20667292,7086.2219877,205.107926098,560.510830792,43774.5458131,62832.3226011,8765.1675329,3590.89958577,19871.9067973,16017.9307225,5344.37223665,32,674
2025-03-27,PuLP HiGHS,Optimal,3.7829656,7086.2219877,7114.74893512,1.124955|0.726615|0.384264,3424.648821|7112.324411|10800,3424.64882104,5182.15021293,42198.7390829,840.883522972,43039.6226059,38769.3281659,CVaR,0.9,0.5,1065.12428357,1823.71154595,911.855772977,69725.306483,228.441292591,64368.2907316,5357.0157514,21673.2540778,17531.8436225,3155.3543887,1200,10800,9.09494701773e-13,9.09494701773e-13,7112.32441052,7086.2219877,7114.74893512,350.235938623,1142.61643689,43341.3555198,63709.5652687,6015.74121436,1471.01691904,20242.7401872,16370.9452989,2591.4122141,33,669
2025-03-28,PuLP HiGHS,Optimal,3.31721149999,7114.74893512,7231.29242417,1.124955|0.726615|0.384264,3560.562882|7180.281441|10800,3560.56288211,5285.66881776,17112.9084205,472.321944304,17585.2303648,12700.5750039,CVaR,0.9,0.5,722.843551982,802.026913816,401.013456908,32062.3185861,133.625984033,29149.8986179,2912.41996823,18910.5985467,15258.6055675,13941.7307243,1200,10800,9.09494701773e-13,1.81898940355e-12,7180.28144106,7114.74893512,7231.29242417,190.028872656,704.00682598,17816.9152465,29130.2421869,2932.07639922,15190.5566881,16857.6024453,13549.7688405,3761.83282838,25,477
2025-03-29,PuLP HiGHS,Optimal,3.1465109,7231.29242417,7049.23154611,1.124955|0.726615|0.384264,3198.799783|6999.399892|10800,3198.79978312,5010.13285781,16724.5156187,496.818738915,17221.3343576,12653.9814307,CVaR,0.9,0.5,823.939701524,885.559861788,442.779930894,31455.7580884,134.735884185,28449.6365185,3006.1215699,19592.9695111,16079.0085834,14458.1842115,1200,10800,9.09494701773e-13,9.09494701773e-13,6999.39989156,7231.29242417,7049.23154611,132.869036719,626.999902747,17351.5155215,29115.1688817,2340.58920671,18556.0960197,16571.5131876,13586.7804722,5513.68443464,32,489
2025-03-30,PuLP HiGHS,Optimal,3.99184959999,7049.23154611,7012.48069411,1.124955|0.726615|0.384264,3222.439224|7011.219612|10800,3222.43922386,5028.13777876,42383.6905545,903.581508892,43287.2720634,39279.5895091,CVaR,0.9,0.5,1323.5021241,2040.91044897,1020.45522449,70016.1440331,255.202091324,64441.9527702,5574.19126283,22400.7622473,18178.8281611,4878.6783659,1200,10800,4.54747350886e-13,9.09494701773e-13,7011.21961193,7049.23154611,7012.48069411,136.96870026,441.148944685,42824.8394992,62308.6657017,7707.47833131,3379.07610026,19757.9703607,16037.031759,4784.58828873,36,679
2025-03-31,PuLP HiGHS,Optimal,6.68614959999,7012.48069411,6993.01343874,1.124955|0.726615|0.384264,3185.110355|6992.555178|10800,3185.11035549,4999.70633948,39964.6802581,898.448386632,40863.1286447,37000.2161476,CVaR,0.9,0.5,1279.24203742,2273.58768474,1136.79384237,66286.227022,244.607011522,61378.3635311,4907.86349083,21559.8287931,17481.3942871,3362.36387889,1200,10800,8.18545231596e-12,4.54747350886e-13,6992.55517774,7012.48069411,6993.01343874,540.467437927,2154.44044081,42119.1206989,62123.0338462,4163.19317575,2117.25221149,19012.5269429,15417.6673536,4611.02878371,31,678
2025-04-01,PuLP HiGHS,Optimal,4.85034539999,6993.01343874,7041.73254319,1.124955|0.726615|0.384264,3283.465086|7041.732543|10800,3283.46508638,5074.61797438,42144.3463716,889.783500976,43034.1298726,38886.4988878,CVaR,0.9,0.5,1330.55844025,1853.97397907,926.986989533,69725.6379296,246.572024803,64461.7041262,5263.93380339,22378.7440782,18082.9355093,4908.62655255,1200,10800,9.09494701773e-13,1.81898940355e-12,7041.73254319,6993.01343874,7041.73254319,1279.06345957,3279.33260512,45423.6789767,64306.6656919,5418.97223766,1706.82191406,19085.3080355,15415.2523147,5961.11923739,36,688
2025-04-02,PuLP HiGHS,Optimal,6.97129020002,7041.73254319,7011.2196354,1.124955|0.726615|0.384264,3222.439271|7011.219635|10800,3222.43927081,5028.13781451,40635.8977474,775.952492052,41411.8502395,37640.7643196,CVaR,0.9,0.5,1289.91052349,2514.10378933,1257.05189466,67624.696196,210.398109062,62078.9289907,5545.76720525,21468.4681482,17416.9208171,4064.50074888,1200,10800,4.54747350886e-13,9.09494701773e-13,7011.2196354,7041.73254319,7011.2196354,1768.77849689,7155.17955686,47791.0773043,63573.5877258,4051.10847024,916.30757741,21148.3413802,17157.618135,579.429450044,12,638
2025-04-03,PuLP HiGHS,Optimal,4.614076,7011.2196354,7053.95056592,1.124955|0.726615|0.384264,3307.901132|7053.950566|10800,3307.90113184,5093.22962731,41249.2512199,927.76101273,42177.0122326,38427.4829188,CVaR,0.9,0.5,1438.80509222,2687.40062702,1343.70031351,68888.9616074,253.02493793,63522.3107501,5366.65085726,21675.046133,17518.3295303,3924.80159157,1200,10800,9.09494701773e-13,9.09494701773e-13,7053.95056592,7011.2196354,7053.95056592,319.90386927,1126.20594235,42375.4571622,62728.1521474,6160.80945998,3285.99178508,20316.1901445,16417.6561796,2459.52933914,28,682
2025-04-04,PuLP HiGHS,Optimal,1.02733149999,7053.95056592,7342.84796641,1.124955|0.726615|0.384264,3506.316513|7153.158256|10800,3506.31651286,5244.35220623,16564.0483844,415.610376349,16979.6587607,12092.6806726,CVaR,0.9,0.5,636.084460476,714.748236148,357.374118074,31241.1644141,119.21098208,28322.0897412,2919.07467294,17322.808558,13942.1880105,15828.0392915,1200,10800,3.18323145621e-12,9.09494701773e-13,7153.15825643,7053.95056592,7342.84796641,191.161012109,711.81317446,17275.8615588,28332.4510254,2908.71338873,18648.1307693,16761.428199,13316.7491807,1186.81918888,16,469
2025-04-05,PuLP HiGHS,Optimal,2.6773634,7342.84796641,6999.18954291,1.124955|0.726615|0.384264,3184.726204|6992.363102|10800,3184.72620406,4999.41375151,16308.5829643,453.993034551,16762.5759988,12151.9543603,CVaR,0.9,0.5,734.009163656,777.584226014,388.792113007,30809.7753067,129.725230797,27897.5652423,2912.21006441,18723.4670996,15481.4447286,16486.1430481,1200,10800,4.54747350886e-12,1.81898940355e-12,6992.36310203,7342.84796641,6999.18954291,106.748423673,337.852185746,16646.43515,28450.9426555,2358.8326512,13725.6531892,16301.1341464,13513.2112397,4390.56644202,18,464
2025-04-06,PuLP HiGHS,Optimal,5.2371843,6999.18954291,7597.54945185,1.124955|0.726615|0.384264,4395.098904|7597.549452|10800,4395.0989037,5921.29109226,41817.1534052,951.27988436,42768.4332896,38392.597901,CVaR,0.9,0.5,1500.30398388,3090.91140736,1545.45570368,70307.9242962,253.269992611,64019.2822324,6288.6420638,22341.6255681,17558.1927922,4333.92616784,1200,10800,4.54747350886e-13,4.54747350886e-13,7597.54945185,6999.18954291,7597.54945185,147.445174349,623.787607065,42440.9410123,63109.9265628,7197.99773343,4524.14169431,19919.1045164,15595.9507403,4384.76310358,37,657
2025-04-07,PuLP HiGHS,Optimal,7.04276010001,7597.54945185,7010.44579921,1.124955|0.726615|0.384264,3220.891598|7010.445799|10800,3220.89159842,5026.95903371,39868.8635168,871.748971078,40740.6124879,36903.3938892,CVaR,0.9,0.5,1436.80170532,2379.48087005,1189.74043502,66791.4561573,239.870764796,61274.0425567,5517.41360058,21009.6184659,17546.1842448,3820.61983966,1200,10800,4.54747350886e-13,1.81898940355e-12,7010.44579921,7597.54945185,7010.44579921,221.045686162,498.98744954,40367.8509663,60423.5668866,6367.88927064,4376.07486646,18706.377423,15680.559,4168.86628774,37,683
2025-04-08,PuLP HiGHS,Optimal,2.99290859999,7010.44579921,7041.73286278,1.124955|0.726615|0.384264,3283.465726|7041.732863|10800,3283.46572557,5074.61846121,40448.3258106,893.537562003,41341.8633726,37783.8037655,CVaR,0.9,0.5,1207.41455426,3033.11770834,1516.55885417,67766.1373843,252.25642325,62953.3837459,4812.75363836,21896.7883353,17708.2401943,4308.11109418,1200,10800,9.09494701773e-13,1.81898940355e-12,7041.73286278,7010.44579921,7041.73286278,550.330845776,2550.77944136,42999.1052519,61212.374852,6553.76253235,3480.57033294,20530.4388995,16601.4971514,2473.09247871,27,650
2025-04-09,PuLP HiGHS,Optimal,4.89614240002,7041.73286278,6954.03953959,1.124955|0.726615|0.384264,3108.079079|6954.03954|10800,3108.07907918,4941.03566046,39854.0167159,851.201704085,40705.2184199,36958.3874468,CVaR,0.9,0.5,1235.85678495,2388.40937473,1194.20468736,66534.4126658,225.788448542,61295.74375,5238.66891578,21499.758773,17493.728597,4231.24206213,1200,10800,9.09494701773e-13,3.63797880709e-12,6954.03953959,7041.73286278,6954.03953959,910.208440314,2737.97420228,42591.9909181,63273.54709,3260.86557578,1296.68251752,20166.7683526,16414.0063565,2412.71266086,33,678
2025-04-10,PuLP HiGHS,Optimal,6.07378459998,6954.03953959,7105.51518763,1.124955|0.726615|0.384264,3396.515539|7098.257769|10800,3396.51553875,5160.7225688,40104.9292805,909.883016697,41014.8122972,37035.9296144,CVaR,0.9,0.5,1957.13288387,2363.67977204,1181.83988602,67414.9727315,246.927503251,61786.2930158,5628.67971568,21798.8722559,17527.2901204,4131.91569304,1200,10800,1.13686837722e-12,9.09494701773e-13,7098.25776938,6954.03953959,7105.51518763,343.369868292,1554.70753324,41659.6368137,60765.124058,6649.84867355,2602.89602738,20571.7469244,16526.7869256,2227.62852631,30,649
2025-04-11,PuLP HiGHS,Optimal,2.81810189999,7105.51518763,7153.20643471,1.124955|0.726615|0.384264,3219.036446|7009.518223|10800,3219.03644581,5025.54606136,15911.9689061,385.442096518,16297.4110026,11623.5298275,CVaR,0.9,0.5,634.120459702,703.329772395,351.664886197,30330.8059763,115.158142828,27528.9461146,2801.85986176,18494.8274987,15067.2075422,17339.4639307,1200,10800,4.54747350886e-13,1.81898940355e-12,7009.51822291,7105.51518763,7153.20643471,203.060691865,759.58339877,16671.5523049,27944.9647362,2385.84124011,19662.2253901,16453.8302576,13284.6803862,3823.52439701,19,460
2025-04-12,PuLP HiGHS,Optimal,1.0594465,7153.20643471,7273.60687718,1.124955|0.726615|0.384264,3467.920713|7133.960357|10800,3467.92071327,5215.10814146,16239.9394807,406.60575016,16646.5452309,11743.4617692,CVaR,0.9,0.5,547.662469462,624.049359591,312.024679796,30990.4162836,117.37161927,28291.3823634,2699.03392021,17929.4841908,14540.2036648,17003.4753863,1200,10800,2.27373675443e-13,1.81898940355e-12,7133.96035664,7153.20643471,7273.60687718,59.1335881971,180.834143747,16420.7736245,28072.6702069,2917.74607668,15955.1784193,16016.3390923,12864.8742665,3588.47449667,20,479
2025-04-13,PuLP HiGHS,Optimal,2.867948,7273.60687718,7029.032355,1.124955|0.726615|0.384264,3214.471704|7007.235852|10800,3214.47170435,5022.06933744,40057.5150185,777.266045615,40834.7810641,36959.5827202,CVaR,0.9,0.5,1084.35699764,2293.74198706,1146.87099353,67058.2654897,221.431892486,61058.9875857,5999.277904,21518.429358,17669.6617025,5386.57414051,1200,10800,9.09494701773e-13,4.54747350886e-13,7007.23585217,7273.60687718,7029.032355,342.187367443,1512.25064787,41569.7656663,60642.2830225,6415.98246718,3265.26097673,19278.7789465,15835.9280167,4073.38409725,36,640
2025-04-14,PuLP HiGHS,Optimal,3.87333620002,7029.032355,7126.06848736,1.124955|0.726615|0.384264,3405.63398|7102.81699|10800,3405.63397993,5167.66760673,38860.8563379,762.025897781,39622.8822357,35398.4855969,CVaR,0.9,0.5,1314.33023591,1886.54193582,943.270967911,65638.607267,212.955419361,60336.8650744,5301.74219252,21420.4761148,17284.1794815,4302.40411116,1200,10800,6.8212102633e-13,9.09494701773e-13,7102.81698997,7029.032355,7126.06848736,252.563279814,1025.99002479,39886.8463627,59990.9448014,5647.66246557,3874.96574479,19753.568512,15913.0579756,3038.02910876,37,623
2025-04-15,PuLP HiGHS,Optimal,6.1145734,7126.06848736,7088.53966094,1.124955|0.726615|0.384264,3377.079322|7088.539661|10800,3377.07932188,5145.91902281,38695.9004907,775.725012848,39471.6255036,35111.4022082,CVaR,0.9,0.5,1176.67328973,1571.39145476,785.69572738,64998.4041475,218.394588973,60086.3507798,4912.05336769,21309.7582451,17294.6801223,4394.04426676,1200,10800,2.84217094304e-13,1.81898940355e-12,7088.53966094,7126.06848736,7088.53966094,128.753203488,586.527292612,39282.4277833,58390.2182173,6608.18593026,4840.16929563,18806.0486083,15266.6753165,4531.71444261,36,637
2025-04-16,PuLP HiGHS,Optimal,3.0615023,7088.53966094,7077.67958956,1.124955|0.726615|0.384264,3308.031418|7054.015709|10800,3308.03141841,5093.32885975,38555.2376242,860.391772579,39415.6293968,35022.7923022,CVaR,0.9,0.5,1400.98353025,1400.98353025,700.491765125,65078.5910123,222.473843133,59703.5352764,5375.05573595,20717.127376,16811.9447311,4310.55989673,1200,10800,5.68434188608e-13,1.81898940355e-12,7054.0157092,7088.53966094,7077.67958956,441.858045863,1773.94963098,40329.1872552,61395.731638,3682.85937433,2316.12801553,19745.4935926,16003.6238742,1779.95464026,30,638
2025-04-17,PuLP HiGHS,Optimal,2.85315330001,7077.67958956,6998.73211743,1.124955|0.726615|0.384264,3197.464235|6998.732117|10800,3197.46423486,5009.11564082,38277.3700692,760.291323842,39037.661393,35057.6739629,CVaR,0.9,0.5,1351.32831763,2058.2564214,1029.1282107,64443.2201365,203.693883183,59393.9078349,5049.31230165,20979.9163076,17064.7849341,5054.79408997,1200,10800,2.27373675443e-13,9.09494701773e-13,6998.73211743,7077.67958956,6998.73211743,125.136556375,494.145719667,38771.5157888,59799.1390614,4644.08107516,3421.80760703,19500.9388716,15866.8132109,2676.94915913,38,633
2025-04-18,PuLP HiGHS,Optimal,1.19489010001,6998.73211743,7498.15933406,1.124955|0.726615|0.384264,3496.324925|7148.162462|10800,3496.3249248,5236.74213816,15774.3253335,399.513273484,16173.838607,11321.2171737,CVaR,0.9,0.5,768.241409671,768.241409671,384.120704836,30478.2983689,112.334697871,27737.9131695,2740.3851994,18177.251084,14589.0860676,18084.5146877,1200,10800,1.19371179608e-12,1.81898940355e-12,7148.1624624,6998.73211743,7498.15933406,200.860986914,650.5770555,16424.902389,27387.3066666,3090.9917023,17669.4871247,16395.1518446,12830.5884992,3540.59680778,23,447
2025-04-19,PuLP HiGHS,Optimal,5.97758169999,7498.15933406,7868.53150379,1.124955|0.726615|0.384264,4036.946522|7418.473261|10800,4036.94652161,5648.50522581,15298.061073,443.055501961,15741.1165749,10484.0257222,CVaR,0.9,0.5,782.828746161,782.828746161,391.414373081,29502.0987742,129.405183618,27023.9315784,2478.16719581,21536.8328818,17516.5521002,16882.281858,1200,10800,2.27373675443e-13,1.81898940355e-12,7418.4732608,7498.15933406,7868.53150379,219.788269283,737.173352394,16035.2344254,26964.9635102,2537.13526402,16826.2978295,17054.9460381,13481.1713381,8517.26760581,37,463
2025-04-20,PuLP HiGHS,Optimal,7.0618535,7868.53150379,7046.71680592,1.124955|0.726615|0.384264,3285.438866|7042.719433|10800,3285.43886575,5076.1212985,37920.268792,751.283225218,38671.5520172,34603.3229084,CVaR,0.9,0.5,1220.89406553,2015.78437943,1007.89218971,63731.8786648,210.2666349,58602.7782484,5129.10041644,20381.7124421,17252.4179419,4934.8642485,1200,10800,9.09494701773e-13,4.54747350886e-13,7042.71943288,7868.53150379,7046.71680592,533.282933117,1958.76623699,39879.035029,58543.7419029,5188.13676193,4266.42084154,18907.8544168,16054.9953057,2671.28066144,37,622
2025-04-21,PuLP HiGHS,Optimal,6.99602229998,7046.71680592,7053.56229237,1.124955|0.726615|0.384264,3307.124585|7053.562292|10800,3307.12458475,5092.63817216,38372.2220455,823.018008869,39195.2400544,35124.1357929,CVaR,0.9,0.5,1360.76158566,2043.06782144,1021.53391072,64897.6127073,219.12859407,59904.4772259,4993.13548137,21451.9877984,17369.9491789,4768.4792139,1200,10800,4.54747350886e-13,4.54747350886e-13,7053.56229237,7046.71680592,7053.56229237,207.770954475,612.179814022,38984.4018595,58247.6442658,6649.96844151,6404.34451426,18568.4178151,15034.2574924,5219.26166967,39,623
2025-04-22,PuLP HiGHS,Optimal,14.5539594,7053.56229237,7155.49091474,1.124955|0.726615|0.384264,3441.664373|7120.832187|10800,3441.66437346,5195.11006589,37256.5494734,800.788152431,38057.3376258,33726.7757738,CVaR,0.9,0.5,1391.39233612,1729.09642779,864.548213896,62513.7452026,225.227205561,57942.3833526,4571.36184997,20800.5490586,16787.9018326,4708.06288432,1200,10800,2.55795384874e-13,9.09494701773e-13,7120.83218673,7053.56229237,7155.49091474,493.479027018,1252.10403184,38508.6535052,59037.334175,3476.41102757,3645.46201108,19161.5058638,15429.0839896,2997.86103773,36,653
2025-04-23,PuLP HiGHS,Optimal,8.78078989999,7155.49091474,7178.85471943,1.124955|0.726615|0.384264,3424.085786|7112.042893|10800,3424.08578623,5181.72137887,38200.0244541,801.840613436,39001.8650676,34777.5103609,CVaR,0.9,0.5,1329.57784721,1914.73334443,957.366672213,64698.346485,223.3328372,59717.9639311,4980.38255396,20878.3443246,16950.5621224,5590.34877161,1200,10800,4.54747350886e-12,9.09494701773e-13,7112.04289312,7155.49091474,7178.85471943,181.920720337,628.690624548,38828.7150787,59092.3391982,5606.00728686,4310.35306916,18647.1721497,15083.182017,4098.55228016,36,671
2025-04-24,PuLP HiGHS,Optimal,9.95865340001,7178.85471943,7054.00846072,1.124955|0.726615|0.384264,3308.016921|7054.008461|10800,3308.01692145,5093.31781818,37618.2697088,781.060731823,38399.3304406,34343.4875986,CVaR,0.9,0.5,1505.35981999,2074.94995229,1037.47497615,63386.6988708,225.747763659,58176.1550146,5210.54385618,20769.0376167,16935.2821023,5133.9445236,1200,10800,4.54747350886e-13,4.54747350886e-13,7054.00846072,7178.85471943,7054.00846072,80.6147586368,306.508463165,37924.7781719,57640.7789415,5745.91992931,7266.36274664,18301.5046648,14936.5804113,4466.23464287,39,635
2025-04-25,PuLP HiGHS,Optimal,3.97015289997,7054.00846072,7711.26912594,1.124955|0.726615|0.384264,4055.684266|7427.842133|10800,4055.68426613,5662.77678209,14839.0067218,410.383929133,15249.390651,9923.35740556,CVaR,0.9,0.5,596.411297312,673.487073359,336.743536679,29212.0960735,114.412511803,26715.1678497,2496.92822377,22780.7269767,18115.938546,19333.4503169,1200,10800,9.09494701773e-13,9.09494701773e-13,7427.84213307,7054.00846072,7711.26912594,57.9804235677,126.542164314,14965.5488861,26733.4239942,2478.67207925,20983.6709324,16925.4801933,13118.1043579,10853.0809717,44,460
2025-04-26,PuLP HiGHS,Optimal,5.4303521,7711.26912594,7487.39643112,1.124955|0.726615|0.384264,3713.556947|7256.778473|10800,3713.5569468,5402.19636464,14444.3641454,376.659379934,14821.0235254,9739.29269198,CVaR,0.9,0.5,640.931062532,640.931062532,320.465531266,28424.134334,108.421690648,25964.8731507,2459.26118324,22880.4537794,18942.2091486,19149.9405185,1200,10800,2.72848410532e-12,1.81898940355e-12,7256.7784734,7711.26912594,7487.39643112,296.144480842,993.878338064,15438.2424835,26431.6842945,1992.45003945,23742.6109627,16402.68213,13487.6579506,11932.3228473,42,424
2025-04-27,PuLP HiGHS,Optimal,7.42520549998,7487.39643112,7086.22206749,1.124955|0.726615|0.384264,3372.444135|7086.222067|10800,3372.44413498,5142.3886443,35058.7851177,750.530226562,35809.3153443,31326.5204549,CVaR,0.9,0.5,1219.05851963,1319.18750976,659.593754878,59435.0724913,215.983960049,55352.1877,4082.88479129,19629.5881403,16261.0233209,5144.6330851,1200,10800,5.68434188608e-13,9.09494701773e-13,7086.22206749,7487.39643112,7086.22206749,708.886282301,3219.82480637,38278.6099241,55511.9582286,3923.11426271,4473.30855446,18605.903686,15431.8389129,1852.86886243,28,652
2025-04-28,PuLP HiGHS,Optimal,7.5547376,7086.22206749,7124.94208798,1.124955|0.726615|0.384264,3310.806093|7055.403047|10800,3310.80609347,5095.44218408,35510.5280804,817.264121041,36327.7922015,32231.3033227,CVaR,0.9,0.5,1353.32500139,1997.90661062,998.953305312,59740.1821866,242.282261886,55516.2212839,4223.96090269,19581.534733,15888.7802524,4899.93557682,1200,10800,9.09494701773e-13,9.09494701773e-13,7055.40304674,7086.22206749,7124.94208798,4184.11700172,14854.7250929,50365.2531733,56996.0526249,2744.12956168,1001.88639173,18534.0415777,14977.7256595,1958.54774814,26,628
2025-04-29,PuLP HiGHS,Optimal,4.18762790001,7124.94208798,7336.05152892,1.124955|0.726615|0.384264,3864.793162|7332.396581|10800,3864.79316171,5517.38504963,37705.2141688,749.785987777,38455.0001565,33878.072448,CVaR,0.9,0.5,1433.83925635,1880.91468226,940.457341129,64234.7281104,203.924922932,58720.6550155,5514.07309487,20645.11927,16535.8375651,6071.5167081,1200,10800,1.13686837722e-12,1.81898940355e-12,7332.39658085,7124.94208798,7336.05152892,469.488033034,1984.14649788,39689.3606666,57882.878616,6351.84949434,7419.45308066,17419.4808151,13919.7809634,5841.69505656,39,604
2025-04-30,PuLP HiGHS,Optimal,4.51785780001,7336.05152892,7092.09085996,1.124955|0.726615|0.384264,3296.432646|7048.216323|10800,3296.43264644,5084.49468408,36301.509959,777.308406607,37078.8183656,32884.4131442,CVaR,0.9,0.5,1164.32906832,1780.17892534,890.089462669,61299.0702102,215.021503777,56689.519502,4609.55070821,19163.3568961,15781.370771,5501.46066607,1200,10800,4.54747350886e-13,1.81898940355e-12,7048.21632322,7336.05152892,7092.09085996,252.918638151,779.419601513,37080.9295606,56442.7541,4856.31611017,5368.68009347,17314.2253338,14244.0871225,3386.41521072,38,590
2025-05-01,PuLP HiGHS,Optimal,3.13952,7092.09085996,7419.29633729,1.124955|0.726615|0.384264,4038.592675|7419.296337|10800,4038.59267459,5649.75901412,37524.1874148,682.724362761,38206.9117776,33166.3124751,CVaR,0.9,0.5,987.558068563,1218.31942331,609.159711657,63494.8230835,193.30249763,57995.1679419,5499.65514163,20840.6965679,16586.4792904,6241.65214391,1200,10800,4.54747350886e-13,9.09494701773e-13,7419.29633729,7092.09085996,7419.29633729,2088.1970814,9764.39808752,47288.5855024,59215.6582949,4279.16478859,6341.81710514,19243.023903,15292.3644318,2891.78752351,31,593
2025-05-02,PuLP HiGHS,Optimal,2.6428909,7419.29633729,7482.40150247,1.124955|0.726615|0.384264,4106.586078|7453.293039|10800,4106.58607837,5701.54602012,15040.8796775,460.341741602,15501.2214191,10728.9008199,CVaR,0.9,0.5,530.939862933,1858.45084191,929.225420953,28882.8496688,136.777058612,26151.1813982,2731.66827058,21972.6970048,17767.2875422,20275.7999891,1200,10800,4.54747350886e-13,9.09494701773e-13,7453.29303918,7419.29633729,7482.40150247,1857.62797776,8546.74078553,23587.620463,27927.3064372,955.543231556,12124.3722531,17439.1969997,14068.9549211,8231.83262627,29,401
2025-05-03,PuLP HiGHS,Optimal,1.09414490001,7482.40150247,7270.5724745,1.124955|0.726615|0.384264,3525.711523|7162.855761|10800,3525.71152253,5259.12436686,14720.3402115,397.170942373,15117.5111538,10195.0647077,CVaR,0.9,0.5,612.334462795,673.355841403,336.677920701,28607.8078252,113.725904917,25975.5429851,2632.26484006,18634.3367779,15381.4039572,19742.7524748,1200,10800,4.54747350886e-13,5.45696821064e-12,7162.85576127,7482.40150247,7270.5724745,1374.94333132,7164.46986124,21884.8100727,27339.2993769,1268.50844832,16830.0216101,16882.6082802,13865.5588321,3267.57362284,20,431
2025-05-04,PuLP HiGHS,Optimal,4.97155639998,7270.5724745,7418.63785873,1.124955|0.726615|0.384264,4037.275717|7418.637859|10800,4037.27571747,5648.75595702,37899.2254071,746.572482093,38645.7978892,34535.7716862,CVaR,0.9,0.5,1029.48257522,3077.45950794,1538.72975397,63961.6167814,211.027671103,58499.1402449,5462.47653648,20746.7644438,16671.6203537,5662.16717362,1200,10800,9.09494701773e-13,2.27373675443e-13,7418.63785873,7270.5724745,7418.63785873,1420.18346436,6787.39030611,44686.6157133,59208.5938781,4753.02290335,5483.58938676,17248.7461922,13838.2255699,6331.41303548,39,521
2025-05-05,PuLP HiGHS,Optimal,4.15437149999,7418.63785873,7309.72430696,1.124955|0.726615|0.384264,3819.448614|7309.724307|10800,3819.44861392,5482.84848817,38176.8999846,703.811812239,38880.7117969,34592.5124855,CVaR,0.9,0.5,1747.44299491,2389.29835361,1194.6491768,63652.8523476,198.060458586,57809.9221432,5842.93020435,19400.3857395,15812.3346456,5029.37865681,1200,10800,9.09494701773e-13,1.81898940355e-12,7309.72430696,7418.63785873,7309.72430696,1806.84017044,8134.13005701,46311.0300416,58868.0527508,4784.79959675,2054.57192011,19170.1915671,15625.8773659,416.651452105,11,464
2025-05-06,PuLP HiGHS,Optimal,8.06079029999,7309.72430696,7482.01510233,1.124955|0.726615|0.384264,4139.351807|7469.675904|10800,4139.35180716,5726.50195554,39101.5727068,584.347055693,39685.9197624,35217.1518135,CVaR,0.9,0.5,1266.22597235,2515.46801319,1257.73400659,66045.1843635,174.931707364,59133.5179152,6911.66644822,21257.6866819,17074.7697754,6145.26441357,1200,10800,9.09494701773e-13,1.81898940355e-12,7469.67590358,7309.72430696,7482.01510233,1394.00026806,5467.41669112,44568.9893979,59929.0442781,6116.14008532,4520.35702799,19881.8075563,15949.2024048,2501.4464962,32,459
2025-05-07,PuLP HiGHS,Optimal,4.71107769999,7482.01510233,7728.61555356,1.124955|0.726615|0.384264,4657.231107|7728.615554|10800,4657.23110711,6120.94342966,38619.5540009,680.285848274,39299.8398491,34571.8134663,CVaR,0.9,0.5,857.54627769,2785.83409356,1392.91704678,65715.1248736,192.608676797,59333.6941867,6381.43068683,21156.7463776,16915.0241597,5731.55500115,1200,10800,4.54747350886e-13,9.09494701773e-13,7728.61555356,7482.01510233,7728.61555356,1907.48481664,9003.81176013,47623.365761,61227.9757365,4487.14913706,4138.48743711,19511.5092628,15582.3820967,2977.87917782,38,522
2025-05-08,PuLP HiGHS,Optimal,4.21745380003,7728.61555356,7757.94037811,1.124955|0.726615|0.384264,4672.954548|7736.477274|10800,4672.95454759,6132.91914879,42636.8175617,632.651387605,43269.4689493,38580.3521034,CVaR,0.9,0.5,1793.87309871,2887.60460569,1443.80230285,69344.3612371,185.482016536,62612.2704649,6732.09077227,21218.474599,17179.888877,5895.69066994,1200,10800,4.54747350886e-13,1.81898940355e-12,7736.4772738,7728.61555356,7757.94037811,373.209132396,1613.8562925,44250.6738542,62003.0996699,7341.26156724,2942.12886198,18848.8168328,15241.1492924,4308.39735071,41,447
2025-05-09,PuLP HiGHS,Optimal,1.17547829999,7757.94037811,7204.82637813,1.124955|0.726615|0.384264,3194.370481|6997.185241|10800,3194.37048134,5006.75929119,16304.3412994,438.688664596,16743.029964,12114.4344521,CVaR,0.9,0.5,638.098760626,756.327558525,378.163779263,30366.2494791,132.734757125,27806.4310212,2559.81845786,17634.2481678,14968.4206396,18594.2160207,1200,10800,3.63797880709e-12,9.09494701773e-13,6997.18524067,7757.94037811,7204.82637813,398.789529311,1493.82816267,17798.1694621,27680.37486,2685.87461906,16913.5881526,16652.5946667,13986.40428,1963.66986063,19,493
2025-05-10,PuLP HiGHS,Optimal,3.42665349998,7204.82637813,7299.49615792,1.124955|0.726615|0.384264,3457.168565|7128.584282|10800,3457.16856477,5206.91879444,17276.9725173,382.579340564,17659.5518579,13144.3057167,CVaR,0.9,0.5,460.667011649,1383.34530645,691.672653225,31745.6762645,112.449614012,28862.9674576,2882.70880686,18754.9979168,15260.1661988,18721.7094881,1200,10800,3.63797880709e-12,3.63797880709e-12,7128.58428239,7204.82637813,7299.49615792,578.730465576,2643.80844957,19920.7809669,28705.3635779,3040.31268657,13940.1368804,16514.2583053,13291.3464255,4209.5593849,25,398
2025-05-11,PuLP HiGHS,Optimal,3.88234069999,7299.49615792,7112.53497356,1.124955|0.726615|0.384264,3425.069947|7112.534974|10800,3425.06994712,5182.47096255,41724.2740857,594.532406873,42318.8064926,38584.5039863,CVaR,0.9,0.5,1143.68871075,2896.33691255,1448.16845627,68388.8753085,173.164946752,61852.4888865,6536.38642197,20583.4600423,16840.8677002,5097.62898526,1200,10800,9.09494701773e-13,9.09494701773e-13,7112.53497356,7299.49615792,7112.53497356,341.901831667,1332.27166953,43056.5457552,61787.527613,6601.34769548,3402.20824154,17954.7746617,14711.6325419,4757.92053876,40,413
2025-05-12,PuLP HiGHS,Optimal,3.20423539999,7112.53497356,7130.78195923,1.124955|0.726615|0.384264,3446.586293|7123.293147|10800,3446.58629318,5198.85883374,40892.3322751,804.809635265,41697.1419104,38409.0918102,CVaR,0.9,0.5,1091.35444385,3821.61746716,1910.80873358,68053.6891461,216.598034303,61856.2489829,6197.4401632,21275.4926946,17223.4667269,5149.68407949,1200,10800,9.09494701773e-13,4.54747350886e-13,7123.29314659,7112.53497356,7130.78195923,384.581236524,1462.75788262,42355.0901577,59795.5400616,8258.14908452,5122.65778125,16367.6105075,13241.342224,8890.00668992,42,516
2025-05-13,PuLP HiGHS,Optimal,3.96678349999,7130.78195923,7423.74393707,1.124955|0.726615|0.384264,4047.487874|7423.743937|10800,4047.48787413,5656.53402061,42033.3361453,671.578629566,42704.9147749,38116.7019128,CVaR,0.9,0.5,1966.02205991,2136.64231718,1068.32115859,69026.0385545,191.669224968,62734.5944712,6291.44408329,21479.466704,17134.7022502,4988.89052917,1200,10800,0,0,7423.74393707,7130.78195923,7423.74393707,65.9510222998,260.952138084,42294.2882834,60594.5612934,8431.47726107,3713.09785039,18708.0837823,14889.8820836,5016.20308819,38,481
2025-05-14,PuLP HiGHS,Optimal,6.71230309998,7423.74393707,7224.23871532,1.124955|0.726615|0.384264,3583.632972|7191.816486|10800,3583.63297172,5303.24009383,42668.6146909,650.195429582,43318.8101205,39767.2722929,CVaR,0.9,0.5,1600.28104614,3503.40453251,1751.70226625,69852.7224608,190.778907269,63011.1322804,6841.59018039,20915.2098226,17150.0546624,5183.52255743,1200,10800,4.54747350886e-13,1.81898940355e-12,7191.81648586,7423.74393707,7224.23871532,63.2966771529,200.824757785,42869.4394487,60783.8709494,9068.85151146,4660.37928779,17643.1276577,14470.4881023,5951.64872496,42,434
2025-05-15,PuLP HiGHS,Optimal,4.23416409999,7224.23871532,7635.89168897,1.124955|0.726615|0.384264,4279.327987|7539.663994|10800,4279.32798702,5833.11446299,41682.5401979,652.808102793,42335.3483007,37670.8278936,CVaR,0.9,0.5,1954.3342817,2337.18811169,1168.59405584,68735.3651339,189.419688206,62715.3542786,6020.01085534,20964.4271272,16697.3032227,5085.44314533,1200,10800,5.68434188608e-13,9.09494701773e-13,7539.66399351,7224.23871532,7635.89168897,579.576305794,2403.00972448,44085.5499224,60436.114792,8299.25034188,4383.5652125,18403.0522405,14535.9846385,4722.69347079,37,479
2025-05-16,PuLP HiGHS,Optimal,3.68904689999,7635.89168897,7565.25734692,1.124955|0.726615|0.384264,3704.274618|7252.137309|10800,3704.27461806,5395.12650216,17091.7209162,324.246067435,17415.9669837,12692.4124739,CVaR,0.9,0.5,478.003857175,1343.14398488,671.571992441,31040.9950414,93.9624333943,27481.7800717,3559.21496978,20805.0701807,17197.4857883,17299.1211692,1200,10800,1.1823431123e-11,1.81898940355e-12,7252.13730903,7635.89168897,7565.25734692,239.46068668,616.814494298,17708.5354105,27539.0570004,3501.93804106,21972.3299679,16601.3268088,13510.645623,7890.58353719,39,306
2025-05-17,PuLP HiGHS,Optimal,3.06013259999,7565.25734692,7673.8559865,1.124955|0.726615|0.384264,4153.532788|7476.766394|10800,4153.53278846,5737.3028645,17258.5510761,357.613984147,17616.1650602,12792.5637385,CVaR,0.9,0.5,457.342520854,1827.40308557,913.701542784,31569.9656607,103.252179799,28150.2161223,3419.74953838,21145.2667103,17207.3078927,18121.8298964,1200,10800,9.09494701773e-13,4.54747350886e-13,7476.76639423,7565.25734692,7673.8559865,270.173124078,799.20321656,18057.7542926,28882.0484961,2687.91716456,15455.9292554,16577.6552937,13330.1620123,8444.75729704,39,328
2025-05-18,PuLP HiGHS,Optimal,9.54634389997,7673.8559865,7562.88942811,1.124955|0.726615|0.384264,4200.554523|7500.277262|10800,4200.55452346,5773.11685141,39942.0753441,823.792535861,40765.86788,36718.9356693,CVaR,0.9,0.5,2118.33571427,3452.36928143,1726.18464071,65876.0326901,226.355921642,60484.3632953,5391.66939478,19101.651382,15628.5584717,5345.56088738,1200,10800,2.27373675443e-13,1.81898940355e-12,7500.27726173,7673.8559865,7562.88942811,648.332591972,2264.13096278,42206.2063069,60254.8246748,5621.20801535,3903.44769851,18017.9545831,14694.4131148,2017.84215572,37,513
2025-05-19,PuLP HiGHS,Optimal,5.6783954,7562.88942811,8191.44137442,1.124955|0.726615|0.384264,5582.882749|8191.441374|10800,5582.88274885,6825.96368845,41818.1193454,703.328474973,42521.4478203,37164.7638034,CVaR,0.9,0.5,2126.33724603,2938.55934308,1469.27967154,69071.0866751,201.996801163,62050.8781787,7020.20849639,21053.0502163,16487.2739235,6017.9173984,1200,10800,9.09494701773e-13,4.54747350886e-13,8191.44137442,7562.88942811,8191.44137442,106.273417392,609.069668673,42427.189014,58415.1791174,10655.9075577,7003.77047387,18088.2566276,14085.7911167,5366.27639558,36,428
2025-05-20,PuLP HiGHS,Optimal,5.15233930002,8191.44137442,6997.18580041,1.124955|0.726615|0.384264,3194.371601|6997.1858|10800,3194.37160083,5006.76014384,38203.0780236,712.782418996,38915.8604426,35050.0505008,CVaR,0.9,0.5,1155.46159281,2281.90040409,1140.95020205,62803.1405244,201.953360167,57336.2909273,5466.8495971,18404.6751795,15982.616912,5473.34886568,1200,10800,9.09494701773e-13,1.81898940355e-12,6997.18580041,8191.44137442,6997.18580041,594.698110058,2268.40230933,40471.4803329,58878.502541,3924.6379834,2926.99350508,16282.3281365,14263.5158072,3841.44814779,34,535
2025-05-21,PuLP HiGHS,Optimal,4.84496439999,6997.18580041,7083.53810447,1.124955|0.726615|0.384264,3366.75276|7083.37638|10800,3366.75275986,5138.05382266,39546.2122434,678.825807114,40225.0380505,36543.3387171,CVaR,0.9,0.5,1470.53818243,2912.70897849,1456.35448924,65592.5590823,190.113124947,59987.395226,5605.16385634,19579.4821674,15781.809034,5669.62419679,1200,10800,5.68434188608e-13,4.54747350886e-13,7083.37637993,6997.18580041,7083.53810447,524.396910639,1956.13883154,41502.3510749,59646.0658743,5946.49320805,5530.43442682,16840.505269,13563.0921943,4957.6937381,38,486
2025-05-22,PuLP HiGHS,Optimal,7.42898319999,7083.53810447,7489.92159115,1.124955|0.726615|0.384264,4179.843182|7489.921591|10800,4179.84318231,5757.34211019,39945.3227672,636.245078172,40581.5678453,36199.4825336,CVaR,0.9,0.5,2426.59760607,2750.51359695,1375.25679847,65642.5727531,192.37811024,59468.9812922,6173.59146083,19935.01592,15781.6177572,5761.78254074,1200,10800,2.27373675443e-13,1.81898940355e-12,7489.92159115,7083.53810447,7489.92159115,86.0981997569,329.605576889,40274.928344,59474.1326852,6168.44006786,4985.22074902,17855.9693751,14097.5900558,3763.07424626,38,430
2025-05-23,PuLP HiGHS,Optimal,3.0989827,7489.92159115,7796.41190388,1.124955|0.726615|0.384264,4332.106424|7566.053212|10800,4332.10642387,5873.31302747,17102.720636,322.087865811,17424.8085018,12334.2683889,CVaR,0.9,0.5,344.881451454,1565.5458291,782.772914549,31210.7476911,99.9913904722,27674.5095552,3536.23813584,22033.2391781,17778.4052755,18674.4454717,1200,10800,9.09494701773e-13,9.09494701773e-13,7566.05321193,7489.92159115,7796.41190388,140.63186152,420.865284956,17523.585921,27556.8548486,3653.89284247,17687.0191115,17440.4075462,13850.8888309,8520.34807654,37,335
2025-05-24,PuLP HiGHS,Optimal,3.2034579,7796.41190388,7911.31641002,1.124955|0.726615|0.384264,4153.532363|7476.766182|10800,4153.53236322,5737.30254061,17575.0178871,333.993039453,17909.0109266,13087.1204213,CVaR,0.9,0.5,325.381990531,1830.82407071,915.412035355,31857.617418,102.548282889,28148.3757745,3709.2416435,22174.2888129,18248.8550885,18676.4725788,1200,10800,4.32009983342e-12,1.81898940355e-12,7476.76618161,7796.41190388,7911.31641002,64.7689946373,209.540641252,17784.5585284,27740.4853867,4117.13203134,20746.4706564,16846.6751898,13542.3928482,10034.0758633,39,296
2025-05-25,PuLP HiGHS,Optimal,3.51662759998,7911.31641002,7091.15225723,1.124955|0.726615|0.384264,3382.304514|7091.152257|10800,3382.30451446,5149.89877768,39333.1580061,630.868298878,39964.0263049,36388.7400535,CVaR,0.9,0.5,1617.04811017,3149.22505244,1574.61252622,65147.9472083,178.780108648,59103.5714033,6044.37580501,18948.1936815,16086.1846196,6304.73748698,1200,10800,1.78488335223e-11,4.54747350886e-13,7091.15225723,7911.31641002,7091.15225723,137.667015169,685.57977797,40018.737784,57090.7968681,8057.15034023,6410.85957878,15846.0097824,13573.4156613,5614.95285741,38,450
2025-05-26,PuLP HiGHS,Optimal,3.7754018,7091.15225723,7146.10711423,1.124955|0.726615|0.384264,3382.458276|7091.229138|10800,3382.45827621,5150.01588993,38603.5287389,857.916795973,39461.4455349,35311.8717812,CVaR,0.9,0.5,1385.19452595,2000.88427241,1000.4421362,64336.0084807,231.007134402,58999.3307996,5336.67768107,19095.736772,15467.4775925,6914.67472563,1200,10800,9.09494701773e-13,9.09494701773e-13,7091.22913811,7091.15225723,7146.10711423,1835.29450226,7114.28449918,45717.8132381,59244.2324859,5091.77599476,3094.01053248,17664.3375493,14258.6540437,2640.22277149,24,630
2025-05-27,PuLP HiGHS,Optimal,3.50110009999,7146.10711423,7712.76893306,1.124955|0.726615|0.384264,4625.537866|7712.768933|10800,4625.53786612,6096.80435189,41964.2586348,445.640421245,42409.8990561,37093.3770709,CVaR,0.9,0.5,1560.56473344,1560.56473344,780.282366718,68860.1466689,133.176030143,61459.7709604,7400.37570857,20407.0320664,16019.7003369,6583.40540861,1200,10800,4.54747350886e-13,9.09494701773e-13,7712.76893306,7146.10711423,7712.76893306,97.9189261882,260.386648666,42224.6452835,58214.9535781,10645.1930908,5055.55821263,17668.165025,13801.2180333,4957.3493449,42,359
2025-05-28,PuLP HiGHS,Optimal,4.39426080001,7712.76893306,8304.46750194,1.124955|0.726615|0.384264,5808.935004|8304.467502|10800,5808.93500388,6998.13582337,41134.0809152,605.083065342,41739.1639806,36026.0935944,CVaR,0.9,0.5,1535.36663947,2570.13087441,1285.0654372,67525.3757902,177.761401187,60645.7425864,6879.63320386,20637.0061588,16183.4462767,6267.19718567,1200,10800,9.09494701773e-13,9.09494701773e-13,8304.46750194,7712.76893306,8304.46750194,603.364616555,1486.61601019,42620.6969254,60825.0793177,6700.29647256,5037.39756341,18866.8082043,14749.5859335,3204.05829764,37,429
2025-05-29,PuLP HiGHS,Optimal,10.4568257,8304.46750194,7149.06206514,1.124955|0.726615|0.384264,3498.12413|7149.062065|10800,3498.12413027,5238.11249851,39389.9705209,676.15961425,40066.1301352,36616.1695711,CVaR,0.9,0.5,1275.18826736,3576.30386886,1788.15193443,64970.9144245,195.853864684,58111.5455766,6859.36884791,19220.5016782,16608.4712524,6726.8972861,1200,10800,9.09494701773e-13,1.81898940355e-12,7149.06206514,8304.46750194,7149.06206514,449.955344967,1625.47242292,41015.4429439,59657.6963335,5313.21809098,3702.49240166,17552.1087894,15257.0730125,3019.79112876,37,421
2025-05-30,PuLP HiGHS,Optimal,3.58993479999,7149.06206514,7717.64287504,1.124955|0.726615|0.384264,4094.861081|7447.430541|10800,4094.8610811,5692.61570527,16498.0759666,388.406414463,16886.482381,11931.9023706,CVaR,0.9,0.5,480.754637159,1476.07138959,738.035694794,30918.8557835,114.647888013,27835.2498988,3083.60588465,20947.2195933,16698.7162427,19125.7684543,1200,10800,4.54747350886e-13,9.09494701773e-13,7447.43054055,7149.06206514,7717.64287504,398.461192815,1591.10388466,18089.1798512,27984.0644943,2934.79128921,18061.1074562,16912.9591333,13187.7741691,7545.20253373,36,367
2025-05-31,PuLP HiGHS,Optimal,3.0734732,7717.64287504,7803.9885304,1.124955|0.726615|0.384264,4377.197536|7588.598768|10800,4377.19753599,5907.6565603,17031.2319065,340.746176345,17371.9780829,12185.5640726,CVaR,0.9,0.5,709.275619077,1442.48509999,721.242549993,31130.3743409,102.002526871,27529.3706805,3601.00366041,19770.7805593,16130.4719494,19446.7431543,1200,10800,1.81898940355e-12,1.81898940355e-12,7588.598768,7717.64287504,7803.9885304,280.399534757,831.611781349,17862.8436879,27301.2953963,3829.07894465,15772.3351961,17591.9320795,14171.7538945,4137.56653464,22,329
2025-06-01,PuLP HiGHS,Optimal,4.31209240001,7803.9885304,7500.27704906,1.124955|0.726615|0.384264,4200.554098|7500.277049|10800,4200.55409813,5773.11652745,38875.6640108,785.07891003,39660.7429208,34853.3652067,CVaR,0.9,0.5,1678.26428291,1931.47762673,965.738813366,64729.299535,215.76317895,59088.2339139,5641.06562109,19603.245499,16151.9691874,5020.98180447,1200,10800,9.09494701773e-13,9.09494701773e-13,7500.27704906,7803.9885304,7500.27704906,10249.8721112,40221.2376314,79096.9016422,64311.0782852,418.221249797,9.18866666667,18948.8198046,15621.8843749,1184.51050694,25,586
2025-06-02,PuLP HiGHS,Optimal,3.39010880003,7500.27704906,7381.26246458,1.124955|0.726615|0.384264,3962.524929|7381.262465|10800,3962.52492915,5591.82220598,42446.6801394,849.33996462,43296.020104,40722.1422228,CVaR,0.9,0.5,836.806746825,6035.8886496,3017.9443248,69751.9455295,241.849892968,61871.050328,7880.8952015,20621.3884365,16810.4377596,5559.39750416,1200,10800,4.54747350886e-13,9.09494701773e-13,7381.26246458,7500.27704906,7381.26246458,6382.00851695,26078.5158272,68525.1959665,67021.7390602,2730.20646923,1066.96271667,20016.2659819,16320.2885714,1095.27164281,18,379
2025-06-03,PuLP HiGHS,Optimal,3.82491140001,7381.26246458,7376.64396276,1.124955|0.726615|0.384264,3953.287926|7376.643963|10800,3953.28792551,5584.78686525,41168.661887,863.016117901,42031.6780049,37848.5468332,CVaR,0.9,0.5,1814.66813693,2803.31138693,1401.65569347,68709.8555347,233.349288548,62419.1836594,6290.67187528,21311.3865072,17266.3797225,5335.48122495,1200,10800,1.13686837722e-12,9.09494701773e-13,7376.64396276,7381.26246458,7376.64396276,5869.39031805,24540.1769742,65708.8388612,67078.6716611,1631.18387358,839.753466667,20632.0964777,16716.1547986,1229.51495336,19,589
2025-06-04,PuLP HiGHS,Optimal,3.66795229999,7376.64396276,7588.59887529,1.124955|0.726615|0.384264,4377.197751|7588.598875|10800,4377.19775058,5907.65672373,42252.5511416,926.209257977,43178.7603996,39144.0137487,CVaR,0.9,0.5,2295.57412758,3745.82014575,1872.91007288,69924.3777408,259.959443251,63555.3613815,6369.01635929,21767.2881722,17440.7439982,4372.43509458,1200,10800,9.09494701773e-13,9.09494701773e-13,7588.59887529,7376.64396276,7588.59887529,5287.55238793,18999.8352841,61252.3864257,68624.3939328,1299.98380803,216.806508854,20311.1556523,16261.2766571,2635.59986108,30,531
2025-06-05,PuLP HiGHS,Optimal,2.87614059998,7588.59887529,8165.74188678,1.124955|0.726615|0.384264,5531.483774|8165.741887|10800,5531.48377355,6786.81578742,50533.003445,639.595062698,51172.5985077,46807.5966183,CVaR,0.9,0.5,937.015483357,4843.62779605,2421.81389803,81033.1061295,178.516588067,68286.151716,12746.9544135,23219.7138021,18288.5394694,5670.34848983,1200,10800,4.54747350886e-13,9.09494701773e-13,8165.74188678,7588.59887529,8165.74188678,1524.01435768,5571.184692,56104.188137,74887.0915598,6146.01456969,800.720966667,20745.4643359,16284.3974018,4478.39153384,32,277
2025-06-06,PuLP HiGHS,Optimal,3.4411423,8165.74188678,7274.94724045,1.124955|0.726615|0.384264,3749.894481|7274.94724|10800,3749.89448089,5429.87275664,18091.0176357,311.834068607,18402.8517043,14007.3030986,CVaR,0.9,0.5,276.691788841,2068.64830178,1034.32415089,32312.8682319,102.026645478,27620.797551,4692.07068088,18156.6758974,15508.6226586,13035.3178141,1200,10800,4.54747350886e-13,9.09494701773e-13,7274.94724045,8165.74188678,7274.94724045,4987.26011134,19459.9242917,37550.9419274,31607.5920279,705.276203982,3331.85735459,16893.2345599,14485.2351752,2286.828821,21,228
2025-06-07,PuLP HiGHS,Optimal,3.1032977,7274.94724045,7526.65107453,1.124955|0.726615|0.384264,4139.351583|7469.675791|10800,4139.35158294,5726.50178477,22454.4779795,327.352752136,22781.8307316,18345.8287831,CVaR,0.9,0.5,319.786525431,2580.99967248,1290.49983624,39656.7576362,103.392174395,31452.5713976,8204.18623852,15463.3921836,12350.0919728,12685.3864837,1200,10800,1.93267624127e-11,9.09494701773e-13,7469.67579147,7274.94724045,7526.65107453,1423.89702044,5833.65787683,28288.1358563,36697.111648,2959.64598815,3974.61024855,14701.8515924,11681.9663392,1429.66622483,19,163
2025-06-08,PuLP HiGHS,Optimal,3.44188869998,7526.65107453,8367.18875027,1.124955|0.726615|0.384264,5934.377501|8367.18875|10800,5934.37750053,7093.67878734,58202.7783064,555.670613655,58758.44892,52801.5026647,CVaR,0.9,0.5,1664.50678916,2273.46506396,1136.73253198,92166.7458468,148.800400968,80729.5747531,11437.1710937,25342.5496037,19770.9812709,3968.27794955,1200,10800,4.54747350886e-13,9.09494701773e-13,8367.18875027,7526.65107453,8367.18875027,66.3134569661,288.152698168,58490.9310045,71535.7856994,20630.9601474,2335.11213333,17503.0518328,13420.9880764,14189.4909655,39,302
2025-06-09,PuLP HiGHS,Optimal,3.52016770002,8367.18875027,7499.13727543,1.124955|0.726615|0.384264,4198.274551|7499.137275|10800,4198.27455085,5771.38031597,55742.3388222,678.460346299,56420.7991685,52971.0604601,CVaR,0.9,0.5,1755.95644569,4643.28321526,2321.64160763,87669.3829753,191.396736299,77481.2075966,10188.1753787,23151.6653937,19534.0952962,4404.04597396,1200,10800,1.13686837722e-12,9.09494701773e-13,7499.13727543,8367.18875027,7499.13727543,306.623409898,773.717391699,56516.0562139,74685.3854443,12983.997531,1388.61576667,18168.035166,15497.3548118,9020.37071214,34,372
2025-06-10,PuLP HiGHS,Optimal,2.79275349999,7499.13727543,7707.43946028,1.124955|0.726615|0.384264,4614.878921|7707.43946|10800,4614.87892055,6088.68599264,54538.6781718,1014.25335933,55552.9315311,52801.3459657,CVaR,0.9,0.5,1202.21660514,6674.20085441,3337.10042721,86383.9016473,269.047022104,78114.8620519,8269.03959535,23427.3751621,18788.7019149,3587.38556932,1200,10800,6.25277607469e-13,4.54747350886e-13,7707.43946028,7499.13727543,7707.43946028,125.903376172,336.834697171,54875.512869,76395.595304,9988.30634325,827.62655,20462.9259501,16387.4980532,5365.65307374,35,419
2025-06-11,PuLP HiGHS,Optimal,7.2118478,7707.43946028,7712.76876355,1.124955|0.726615|0.384264,4625.537527|7712.768764|10800,4625.53752711,6096.80409368,53985.6225805,890.855261172,54876.4778417,50129.4840453,CVaR,0.9,0.5,2275.45643407,2699.62059453,1349.81029726,86310.6257448,252.204122611,78623.2183599,7687.40738482,23303.4042716,18870.9610871,3595.48469705,1200,10800,9.09494701773e-13,9.09494701773e-13,7712.76876355,7707.43946028,7712.76876355,1391.37950716,6613.89476098,60599.5173415,78946.4079057,7364.21783907,0,22360.7617012,18107.420605,1706.18305238,19,514
2025-06-12,PuLP HiGHS,Optimal,3.77252330002,7712.76876355,8253.6646659,1.124955|0.726615|0.384264,5707.329332|8253.664666|10800,5707.3293318,6920.74811724,56259.9637085,734.91973716,56994.8834456,51861.8443809,CVaR,0.9,0.5,1943.72325609,3575.41810503,1787.70905251,89205.431448,218.242071597,80681.9247627,8523.5066853,24829.7329587,19625.2773844,4216.44362063,1200,10800,4.54747350886e-13,4.54747350886e-13,8253.6646659,7712.76876355,8253.6646659,296.461537977,1189.99624588,57449.9599543,77098.5874683,12106.8439797,470.206239103,20977.0790617,16504.6277279,6973.30355351,31,457
2025-06-13,PuLP HiGHS,Optimal,4.9100524,8253.6646659,7977.2611431,1.124955|0.726615|0.384264,4881.574102|7840.787051|10800,4881.57410247,6291.81371121,29621.396159,262.129107985,29883.525267,24383.0747424,CVaR,0.9,0.5,305.474582316,1582.72637312,791.363186562,49416.9689429,78.3146964833,39860.9738705,9555.99507243,14053.1299239,11754.6250916,11072.9690608,1200,10800,2.27373675443e-13,1.81898940355e-12,7840.78705123,8253.6646659,7977.2611431,152.596088756,824.73870942,30446.1348684,39049.0312542,10367.9376887,8679.8361346,12764.4246257,10587.9471173,2455.38327245,33,162
2025-06-14,PuLP HiGHS,Optimal,3.1005424,7977.2611431,7821.69417085,1.124955|0.726615|0.384264,4557.562541|7678.781271|10800,4557.56254106,6045.03111549,25868.9054041,448.713239841,26317.6186439,21700.2841261,CVaR,0.9,0.5,640.228198769,2855.39319535,1427.69659767,43927.8427943,139.827479525,38691.9866646,5235.85612972,14965.8194222,12390.9456173,9534.33599773,1200,10800,4.54747350886e-13,1.81898940355e-12,7678.78127053,7977.2611431,7821.69417085,21.901713151,46.7610078835,25915.6664119,38596.7753202,5331.06747413,10076.155505,13100.9950178,10751.8162395,3503.95378228,35,291
2025-06-15,PuLP HiGHS,Optimal,2.85759620002,7821.69417085,7726.08551038,1.124955|0.726615|0.384264,4625.140428|7712.570214|10800,4625.14042817,6096.50164427,61271.9813141,611.974125642,61883.9554397,58026.4664973,CVaR,0.9,0.5,2014.50457452,4478.02540364,2239.01270182,95410.6387787,170.670671016,81402.5879907,14008.0507879,24712.0844925,20115,4815.03091788,1200,10800,4.54747350886e-13,1.81898940355e-12,7712.57021409,7821.69417085,7726.08551038,9.25161250934,37.081356049,61309.0626702,74491.5449432,20919.0938354,146.444,20070.6632465,16343.2850241,8413.13622182,36,266
2025-06-16,PuLP HiGHS,Optimal,4.14847660001,7726.08551038,7827.46972671,1.124955|0.726615|0.384264,4854.939453|7827.469727|10800,4854.93945342,6271.52749735,59493.5452213,624.198606638,60117.743828,56239.8656122,CVaR,0.9,0.5,1174.94382881,4787.2985632,2393.6492816,93538.0244794,166.119359933,81697.4274689,11840.5970105,24945.9824626,20115,4661.2081748,1200,10800,9.09494701773e-13,9.09494701773e-13,7827.46972671,7726.08551038,7827.46972671,104.557353076,357.107505756,59850.6527271,77017.2766188,16520.7478606,330.584833333,21083.9501431,16986.7538212,6990.27849829,31,271
2025-06-17,PuLP HiGHS,Optimal,3.43422,7827.46972671,8165.74190634,1.124955|0.726615|0.384264,5531.483813|8165.741906|10800,5531.48381269,6786.81581722,59346.442856,585.049421502,59931.4922775,55281.5931933,CVaR,0.9,0.5,1446.07211046,4273.8334662,2136.9167331,93555.9223588,157.052333936,81483.2176238,12072.7047349,25181.593976,20092.6461589,3991.56461251,1200,10800,9.09494701773e-13,9.09494701773e-13,8165.74190634,7827.46972671,8165.74190634,415.584878516,1759.89616774,61106.3390237,78552.8818731,15003.0404856,82.02935,20763.0590701,16513.6328851,7997.54817964,34,275
2025-06-18,PuLP HiGHS,Optimal,2.65874839999,8165.74190634,7659.43574816,1.124955|0.726615|0.384264,4518.871496|7659.435748|10800,4518.87149631,6015.56217799,58204.209034,851.804035544,59056.0130696,56164.7151374,CVaR,0.9,0.5,1233.27791877,6248.52849168,3124.26424584,91239.0676225,228.46761538,80979.8449771,10259.2226454,24270.7709353,20115,3710.10220738,1200,10800,4.54747350886e-13,9.09494701773e-13,7659.43574816,8165.74190634,7659.43574816,22.6834580404,73.2096123961,58277.4186464,74007.2238905,17231.843732,161.017233333,17874.6039873,14934.1047721,11577.0621759,36,375
2025-06-19,PuLP HiGHS,Optimal,3.0631848,7659.43574816,8028.87687053,1.124955|0.726615|0.384264,5257.753741|8028.876871|10800,5257.75374105,6578.32999249,56265.7238822,854.027854969,57119.7517372,52496.389187,CVaR,0.9,0.5,1769.57660306,3909.93488449,1954.96744224,89146.904101,234.181527127,80724.7512265,8422.15287454,25243.8234693,20115,4100.27736472,1200,10800,9.09494701773e-13,1.81898940355e-12,8028.87687053,7659.43574816,8028.87687053,313.711806347,1061.55470509,57327.2785873,74033.9910057,15112.9130953,2075.05526667,19371.8228173,15358.6794719,10628.3211801,33,518
2025-06-20,PuLP HiGHS,Optimal,3.70050899999,8028.87687053,8284.70032546,1.124955|0.726615|0.384264,5583.385387|8191.692693|10800,5583.38538659,6826.34652123,29735.6247165,438.258772983,30173.8834895,24787.6977568,CVaR,0.9,0.5,1237.77421137,2880.32157716,1440.16078858,50077.4505016,128.449180573,40716.7562169,9360.69428469,14082.3629924,11260.1797834,11494.8299174,1200,10800,4.54747350886e-13,1.81898940355e-12,8191.6926933,8028.87687053,8284.70032546,0,0,29735.6247165,38948.9849226,11128.465579,13912.7149572,12660.2526632,10024.5635477,2657.72656487,32,233
2025-06-21,PuLP HiGHS,Optimal,3.16340270001,8284.70032546,8074.51391968,1.124955|0.726615|0.384264,4904.610409|7852.305205|10800,4904.61040925,6309.35925668,24585.9821905,543.421103607,25129.4032941,20324.9294873,CVaR,0.9,0.5,1371.30843455,3009.77089971,1504.88544986,41629.7730542,152.360547598,36502.048636,5127.72441822,16409.712524,13681.0227532,8650.98602981,1200,10800,3.41060513165e-13,1.81898940355e-12,7852.30520462,8284.70032546,8074.51391968,45.5979677958,99.0201992784,24685.0023898,34858.4938636,6771.27919053,12804.7892641,15545.9470132,12781.3848459,1763.40341797,26,323
2025-06-22,PuLP HiGHS,Optimal,0.988146799995,8074.51391968,7837.44215626,1.124955|0.726615|0.384264,4874.884313|7837.442156|10800,4874.88431252,6286.71844942,57251.7976442,725.269763839,57977.067408,54282.2300581,CVaR,0.9,0.5,993.046365861,5183.76219891,2591.88109946,89982.9679152,189.276340384,78228.9704218,11753.9974935,24260.1389158,19864.0771089,4396.4761433,1200,10800,9.09494701773e-13,1.81898940355e-12,7837.44215626,8074.51391968,7837.44215626,84.8346075521,183.97041734,57435.7680615,72048.0853251,17934.8825902,1350.57531667,18622.990016,15297.9865,10203.2395088,38,303
2025-06-23,PuLP HiGHS,Optimal,3.18242280002,7837.44215626,8319.03004454,1.124955|0.726615|0.384264,5838.060089|8319.030045|10800,5838.06008908,7020.31887169,59841.7983812,574.451578257,60416.2499595,55647.4494441,CVaR,0.9,0.5,660.647489177,4503.03671255,2251.51835627,93891.893288,160.161292274,80078.2431441,13813.6501439,25368.430987,20115,5150.39811008,1200,10800,4.54747350886e-13,9.09494701773e-13,8319.03004454,7837.44215626,8319.03004454,52.4393192101,114.614354203,59956.4127354,73201.2096722,20690.6836158,1971.47595,19933.9891683,15713.1021269,9836.33969173,36,269
2025-06-24,PuLP HiGHS,Optimal,3.64419560001,8319.03004454,7699.16686616,1.124955|0.726615|0.384264,4598.333732|7699.166866|10800,4598.33373233,6076.08439139,53573.3033897,604.647570265,54177.9509599,49382.9494902,CVaR,0.9,0.5,1736.40374872,2562.16584342,1281.08292171,84740.7497231,172.793739408,75761.7466967,8979.00302637,22565.2327813,18835.7154134,4278.00820494,1200,10800,5.68434188608e-13,4.54747350886e-13,7699.16686616,8319.03004454,7699.16686616,2081.15583997,8721.50102209,62294.8044117,77775.8709752,6964.87874787,43.5466666667,21592.4461002,18047.7582017,1760.74389293,14,429
2025-06-25,PuLP HiGHS,Optimal,4.4675994,7699.16686616,7596.85264909,1.124955|0.726615|0.384264,4393.705298|7596.852649|10800,4393.70529817,5920.22965609,55572.5638059,805.801553782,56378.3653597,53315.3052598,CVaR,0.9,0.5,1483.94229594,5714.33911239,2857.1695562,88155.5875758,204.48311368,77329.0206417,10826.5669341,23845.4163713,19406.8700562,4626.88605001,1200,10800,4.54747350886e-13,1.81898940355e-12,7596.85264909,7699.16686616,7596.85264909,594.182144531,1797.13039124,57369.6941971,73882.1746699,14273.4129059,218.431083333,20592.5639989,16772.0596344,5887.6627942,34,304
2025-06-26,PuLP HiGHS,Optimal,6.87630619999,7596.85264909,7551.97746527,1.124955|0.726615|0.384264,4303.954931|7551.977465|10800,4303.95493054,5851.87151296,55146.3671595,964.697902033,56111.0650616,53849.5575437,CVaR,0.9,0.5,1085.79611815,7180.72799011,3590.36399505,87285.3430225,253.81642597,76660.7941686,10624.548854,23744.6737498,19273.5734027,4101.66026041,1200,10800,9.09494701773e-13,9.09494701773e-13,7551.97746527,7596.85264909,7551.97746527,129.39910746,528.467368463,55674.834528,71515.2383481,15770.1046744,332.06025,20029.3738825,16264.1805102,6724.69275983,32,343
2025-06-27,PuLP HiGHS,Optimal,3.13922320001,7551.97746527,8444.90528413,1.124955|0.726615|0.384264,5531.483631|8165.741815|10800,5531.48363075,6786.81567866,26159.8660837,446.602686043,26606.4687698,21416.7295884,CVaR,0.9,0.5,690.349671448,3194.1529946,1597.0764973,45024.5947095,123.647461923,37674.2200985,7350.37461104,14575.4004479,11253.6864477,11435.0435066,1200,10800,4.54747350886e-13,1.81898940355e-12,8165.74181538,7551.97746527,8444.90528413,0,0,26159.8660837,37159.041883,7865.55282649,13990.4654798,13648.9236817,10251.9931452,1928.17006879,31,207
2025-06-28,PuLP HiGHS,Optimal,3.14657470002,8444.90528413,8473.62344471,1.124955|0.726615|0.384264,5770.833084|8285.416542|10800,5770.83308415,6969.11559146,27424.3481667,278.31937473,27702.6675414,21457.3678201,CVaR,0.9,0.5,1116.77780202,1447.6317402,723.815870098,46409.6987809,87.837814517,37424.1116576,8985.58712323,15416.2741788,12630.7219527,11400.2329902,1200,10800,2.27373675443e-13,1.81898940355e-12,8285.41654207,8444.90528413,8473.62344471,80.3271431641,324.23021786,27748.5783846,36692.5062735,9717.19250737,12312.1005014,13989.2655475,11305.458749,2752.271835,31,175
2025-06-29,PuLP HiGHS,Optimal,3.2593343,8473.62344471,7717.6520831,1.124955|0.726615|0.384264,4635.304166|7717.652083|10800,4635.30416619,6104.24282992,53384.1872335,871.612849421,54255.8000829,50578.9857646,CVaR,0.9,0.5,1782.16924569,4854.85702321,2427.42851161,84542.4634487,238.908971841,75574.8351566,8967.62829208,23203.6751219,19475.3510742,4011.90037474,1200,10800,2.84217094304e-13,9.09494701773e-13,7717.6520831,8473.62344471,7717.6520831,278.723399547,845.315167839,54229.5024014,72618.8102563,11923.6531924,775.4221,18603.7749892,15749.4319667,8325.81924033,38,428
2025-06-30,PuLP HiGHS,Optimal,5.9964651,7717.6520831,7775.02679739,1.124955|0.726615|0.384264,4710.672113|7755.336057|10800,4710.6721133,6161.64663841,59343.0772529,584.653826717,59927.7310797,55935.8892783,CVaR,0.9,0.5,1128.95701371,4339.60967415,2169.80483707,92494.8662444,166.734257885,78680.1435281,13814.7227163,24875.2044151,20115,5048.76841404,1200,10800,2.27373675443e-13,9.09494701773e-13,7755.33605665,7717.6520831,7775.02679739,524.790720766,1839.59464163,61182.6718946,73258.6012379,19236.2650065,271.43395,18855.9830656,15221.7090403,10912.5123092,36,248
2025-07-01,PuLP HiGHS,Optimal,3.62056419998,7775.02679739,7987.68677942,1.124955|0.726615|0.384264,5175.373559|7987.686779|10800,5175.37355885,6515.58533266,60479.5706333,680.496573006,61160.0672063,56945.6508869,CVaR,0.9,0.5,2167.66465031,4602.33802646,2301.16901323,94471.3541477,188.796401577,80481.9097431,13989.4444046,24854.332971,19940.6157227,4950.00325096,1200,10800,4.54747350886e-13,1.81898940355e-12,7987.68677942,7775.02679739,7987.68677942,2076.47382615,6116.06427941,66595.6349127,81638.6460329,12832.7081148,1036.37391667,19056.8838168,15244.6819078,10493.382969,34,288
2025-07-02,PuLP HiGHS,Optimal,3.78004120002,7987.68677942,7756.42547733,1.124955|0.726615|0.384264,4712.850955|7756.425477|10800,4712.85095466,6163.30614749,52564.9120767,923.329833773,53488.2419104,49852.3204434,CVaR,0.9,0.5,1798.1385375,5054.76936091,2527.38468046,83403.2023098,252.453525687,75041.3586048,8361.84370493,23461.0988546,19211.6252441,4164.05370277,1200,10800,9.09494701773e-13,1.81898940355e-12,7756.42547733,7987.68677942,7756.42547733,4664.27146667,14323.3815205,66888.2935972,73833.3301556,9569.87215414,2543.75981667,17143.2137412,14094.1383023,11435.3720553,36,446
2025-07-03,PuLP HiGHS,Optimal,3.81194760001,7756.42547733,7267.6411464,1.124955|0.726615|0.384264,3735.282293|7267.641146|10800,3735.28229279,5418.7434201,56321.3113165,442.008190803,56763.3195073,53019.3069673,CVaR,0.9,0.5,658.993048726,3349.4617601,1674.73088005,88333.0941089,120.012019848,75201.1426563,13131.9514526,23565.0784794,19527.6194661,5724.58829312,1200,10800,1.25055521494e-12,9.09494701773e-13,7267.6411464,7756.42547733,7267.6411464,3236.81743798,10657.865357,66979.1766735,80740.8382328,7592.25587615,914.418416667,19698.5485189,16395.7301982,6998.41922842,31,216
2025-07-04,PuLP HiGHS,Optimal,2.51731980001,7267.6411464,7867.27257537,1.124955|0.726615|0.384264,4934.545151|7867.272575|10800,4934.54515073,6332.15897769,25790.9311854,195.950535147,25986.8817205,20358.8081305,CVaR,0.9,0.5,239.948225321,1408.17077538,704.085387689,42737.0222131,67.323962085,33629.2269922,9107.79522092,18284.4352129,14270.7242363,10911.9734253,1200,10800,4.54747350886e-13,9.09494701773e-13,7867.27257537,7267.6411464,7867.27257537,2865.11148398,8615.36517774,34406.2963631,39940.0785499,2796.94366319,9991.83096087,17856.9648437,13924.4732373,773.721368261,12,116
2025-07-05,PuLP HiGHS,Optimal,2.9448838,7867.27257537,7738.96990797,1.124955|0.726615|0.384264,4677.939816|7738.969908|10800,4677.93981594,6136.71616596,23107.1389821,356.06556327,23463.2045453,18708.4280899,CVaR,0.9,0.5,436.795388367,2763.87942104,1381.93971052,39684.4378772,109.517831308,33291.7919025,6392.64597469,17932.1887866,14640.5453178,11699.4909955,1200,10800,4.54747350886e-13,9.09494701773e-13,7738.96990797,7867.27257537,7738.96990797,3693.29663432,13016.4052423,36123.5442244,39116.7793052,567.65857206,10813.89063,17481.9881233,14275.8827805,814.863200717,14,193
2025-07-06,PuLP HiGHS,Optimal,4.08347419999,7738.96990797,8019.23380675,1.124955|0.726615|0.384264,5238.467613|8019.233807|10800,5238.46761349,6563.64076165,54519.5818008,692.334475275,55211.9162761,51120.2074204,CVaR,0.9,0.5,2402.16989966,4943.86381204,2471.93190602,86822.5513463,178.487358375,73211.5115503,13611.0397959,22845.9307866,18252.9664282,5352.47917698,1200,10800,9.09494701773e-13,4.54747350886e-13,8019.23380675,7738.96990797,8019.23380675,2381.97949116,10161.1153643,64680.6971651,82058.8648716,4763.68647461,341.962933333,21329.8019504,17024.9020709,2744.19319353,22,224
2025-07-07,PuLP HiGHS,Optimal,3.30023649998,8019.23380675,8194.65903998,1.124955|0.726615|0.384264,5589.31808|8194.65904|10800,5589.31807995,6830.8651423,49112.6188019,1004.75617249,50117.3749744,46241.0595276,CVaR,0.9,0.5,1529.32913755,5909.09939109,2954.54969554,79292.7958818,271.991113326,70963.737471,8329.05841074,22554.9812875,18111.652133,5017.62011349,1200,10800,9.09494701773e-13,4.54747350886e-13,8194.65903998,8019.23380675,8194.65903998,5232.88307709,17304.3474184,66416.9662203,73448.4644103,5844.33147149,1565.28188654,18677.3690751,14970.7862409,7018.4781045,38,412
2025-07-08,PuLP HiGHS,Optimal,3.352644,8194.65903998,7435.08813863,1.124955|0.726615|0.384264,4070.176277|7435.088139|10800,4070.17627725,5673.81458613,61973.7806642,662.950992741,62636.7316569,59620.6093615,CVaR,0.9,0.5,851.792901306,5315.38458131,2657.69229066,96602.8890528,185.473756242,83631.87573,12971.0133228,22694.9993076,19066.5632504,4779.51342606,1200,10800,9.09494701773e-13,9.09494701773e-13,7435.08813863,8194.65903998,7435.08813863,142.295231055,581.650449847,62555.431114,80813.2283234,15789.6607294,2501.7127,18768.6192054,15886.1953676,7106.74798505,32,163
2025-07-09,PuLP HiGHS,Optimal,2.80941299998,7435.08813863,8225.19947837,1.124955|0.726615|0.384264,5650.398957|8225.199478|10800,5650.39895674,6877.38723941,61173.1991203,1007.16352322,62180.3626436,58075.3668831,CVaR,0.9,0.5,1865.82421543,5544.78295784,2772.39147892,95804.5354154,265.683821953,84793.0170675,11011.5183479,23587.0347592,18394.3979492,4117.40016707,1200,10800,9.09494701773e-13,4.54747350886e-13,8225.19947837,7435.08813863,8225.19947837,235.400368229,1001.72197915,62174.9210995,80408.874022,15395.6613933,2131.85996667,19697.8379009,15244.1484939,7039.44631367,34,359
2025-07-10,PuLP HiGHS,Optimal,3.4274552,8225.19947837,8271.78023173,1.124955|0.726615|0.384264,5743.560463|8271.780232|10800,5743.56046346,6948.34346809,63009.4293145,770.896220708,63780.3255353,59215.909485,CVaR,0.9,0.5,1810.54082454,4767.85483568,2383.92741784,97560.2879775,210.229744459,85685.2632405,11875.024737,23906.7888734,19322.5763094,4587.7832014,1200,10800,4.54747350886e-13,4.54747350886e-13,8271.78023173,8225.19947837,8271.78023173,85.8131687682,239.375113807,63248.8044284,78758.2841905,18802.003787,2358.09242695,18897.1519522,15264.7704033,9067.44282731,37,295
2025-07-11,PuLP HiGHS,Optimal,3.27600129999,8271.78023173,7824.25996889,1.124955|0.726615|0.384264,4652.242605|7726.121303|10800,4652.24260535,6117.14394975,32377.5576533,348.894641144,32726.4522944,28012.7244947,CVaR,0.9,0.5,644.057084391,2806.83230011,1403.41615005,52499.2308595,93.7900533851,43337.4495457,9161.7813138,17917.9125585,15004.6022086,11330.5749553,1200,10800,9.09494701773e-13,1.81898940355e-12,7726.12130267,8271.78023173,7824.25996889,100.678983919,435.155809487,32812.7134628,42293.8115015,10205.419358,6997.35803104,17269.071268,14390.7159636,1262.72753549,17,144
2025-07-12,PuLP HiGHS,Optimal,3.37297880001,7824.25996889,7511.04950182,1.124955|0.726615|0.384264,4054.367565|7427.183782|10800,4054.36756462,5661.77391967,27761.5496251,467.505096179,28229.0547213,23389.6352319,CVaR,0.9,0.5,1014.73736428,1644.70886062,822.354430309,46237.2596526,141.62838942,42491.3220638,3745.93758872,17536.3103954,14561.7799882,11021.1336392,1200,10800,4.54747350886e-13,1.81898940355e-12,7427.18378231,7824.25996889,7511.04950182,235.988723969,676.284460567,28437.8340857,42561.248907,3676.01074552,8803.0893074,16798.9179507,13889.0129604,1410.15947247,21,439
2025-07-13,PuLP HiGHS,Optimal,0.932736399991,7511.04950182,8664.0497329,1.124955|0.726615|0.384264,6528.099466|8664.049733|10800,6528.09946579,7545.88563787,65778.3151815,786.955817988,66565.2709995,61244.3504594,CVaR,0.9,0.5,2951.70219909,4449.93019549,2224.96509774,102105.773565,204.668977072,87580.4868621,14525.2867026,25281.1113679,19440,5020.12352641,1200,10800,2.27373675443e-13,1.81898940355e-12,8664.0497329,7511.04950182,8664.0497329,3.08752252604,11.0639348935,65789.3791164,78649.1560278,23456.6175369,4792.03364817,18709.4173376,14116.9278355,11894.7661948,38,302
2025-07-14,PuLP HiGHS,Optimal,2.93625550001,8664.0497329,8471.41491216,1.124955|0.726615|0.384264,6142.829824|8471.414912|10800,6142.82982432,7252.44597862,61496.3638249,939.787667966,62436.1514928,58485.2213215,CVaR,0.9,0.5,1434.7647526,6603.03161454,3301.51580727,96236.2123977,245.415691763,83782.3236314,12453.8887663,22744.7280609,18596.601068,4726.83786032,1200,10800,9.09494701773e-13,4.54747350886e-13,8471.41491216,8664.0497329,8471.41491216,0,0,61496.3638249,77496.5103051,18739.7020925,2652.84971667,16891.3300551,13855.3486833,10594.6503903,38,262
2025-07-15,PuLP HiGHS,Optimal,3.55029899999,8471.41491216,7786.70369211,1.124955|0.726615|0.384264,4773.407384|7786.703692|10800,4773.40738423,6209.42880068,61930.0134933,775.589436073,62705.6029294,59481.2541685,CVaR,0.9,0.5,884.079183838,5970.16007949,2985.08003974,95819.802513,212.945251937,83124.7790082,12695.0235048,22734.4624762,19031.1547038,5093.78781698,1200,10800,1.13686837722e-12,9.09494701773e-13,7786.70369211,8471.41491216,7786.70369211,113.848355842,278.863607172,62208.8771005,76989.65788,18830.144633,1765.5913,16868.9707923,14280.1064398,10616.5399478,38,277
2025-07-16,PuLP HiGHS,Optimal,0.971636900009,7786.70369211,8588.3490898,1.124955|0.726615|0.384264,6376.69818|8588.34909|10800,6376.69817959,7430.57122674,62891.1067898,724.713564468,63615.8203543,58273.5947643,CVaR,0.9,0.5,2747.33877026,4176.69127357,2088.34563679,98270.4914067,186.727509239,85457.2989513,12813.1924553,24042.6100998,18753.0333229,5157.30130921,1200,10800,9.09494701773e-13,9.09494701773e-13,8588.3490898,7786.70369211,8588.3490898,100.724144987,465.49562175,63356.6024116,79086.6155048,19183.8759018,2934.68493936,17876.8972063,13758.8058792,11159.9403372,35,292
2025-07-17,PuLP HiGHS,Optimal,3.2902097,8588.3490898,8215.11398226,1.124955|0.726615|0.384264,5630.227965|8215.113982|10800,5630.22796453,6862.02405361,63555.7145169,557.508239073,64113.2227559,59223.5370772,CVaR,0.9,0.5,1974.6925921,3944.67674977,1972.33837488,98630.5451949,157.694105563,84125.767903,14504.7772919,23002.871395,18968.2374268,6324.09960917,1200,10800,2.27373675443e-13,2.27373675443e-13,8215.11398226,8588.3490898,8215.11398226,236.207591667,892.175435813,64447.8899527,78497.6977775,20132.8474174,2863.33616667,18347.7091188,15197.555983,8425.84371998,35,229
2025-07-18,PuLP HiGHS,Optimal,3.117115,8215.11398226,7870.37748358,1.124955|0.726615|0.384264,4751.337315|7775.668658|10800,4751.3373154,6192.61918793,29192.5835121,404.884755609,29597.4682677,24871.9422066,CVaR,0.9,0.5,391.078255773,2934.18625356,1467.09312678,48047.7191246,126.406798664,42322.7882655,5724.9308591,18669.5065571,15517.8011033,12304.6866813,1200,10800,4.54747350886e-13,1.81898940355e-12,7775.6686577,8215.11398226,7870.37748358,123.286704141,460.745049661,29653.3285618,41675.1258104,6372.59331426,7686.81992379,16566.3544186,13729.0099279,3891.94331388,32,215
2025-07-19,PuLP HiGHS,Optimal,3.31297850001,7870.37748358,7849.06761498,1.124955|0.726615|0.384264,4775.656904|7787.828452|10800,4775.65690445,6211.14214213,32027.6342501,358.947433833,32386.581684,27784.1560819,CVaR,0.9,0.5,336.844828247,3217.43308006,1608.71654003,52285.4658327,102.583964815,43288.232011,8997.23382177,17986.476058,14643.3397352,12175.2079303,1200,10800,4.54747350886e-13,1.81898940355e-12,7787.82845222,7870.37748358,7849.06761498,0,0,32027.6342501,43175.0537831,9110.41204967,12966.892367,16023.796041,12998.453675,3607.56607726,26,131
2025-07-20,PuLP HiGHS,Optimal,2.93807030001,7849.06761498,7571.54628425,1.124955|0.726615|0.384264,4343.092569|7571.546284|10800,4343.09256851,5881.68059707,55699.0960733,1068.77428532,56767.8703586,54383.1846556,CVaR,0.9,0.5,1196.13011127,6993.98978827,3496.99489414,87348.7518382,292.91242944,79650.3297529,7698.42208532,22151.2409382,18192.2743576,4840.32429466,1200,10800,4.54747350886e-13,1.81898940355e-12,7571.54628425,7849.06761498,7571.54628425,463.302441349,1400.88633269,57099.9824059,76930.6409058,10418.1109324,2073.37806159,18317.664561,15087.0774921,6938.77324276,40,425
2025-07-21,PuLP HiGHS,Optimal,3.23520520001,7571.54628425,8274.5671516,1.124955|0.726615|0.384264,5749.134303|8274.567152|10800,5749.1343032,6952.5887692,62523.3527332,936.425766112,63459.7784993,58687.0706699,CVaR,0.9,0.5,4225.91786198,4359.76187975,2179.88093988,97330.1851668,255.185598187,84957.0980432,12373.0871236,24275.9915702,19030.8343913,5193.35673283,1200,10800,4.54747350886e-13,4.54747350886e-13,8274.5671516,7571.54628425,8274.5671516,183.927764648,666.82128143,63190.1740146,80023.0221059,17307.1630609,1794.31886667,19948.2256488,15525.3439949,7833.25631786,34,295
2025-07-22,PuLP HiGHS,Optimal,3.06458839998,8274.5671516,7712.57010562,1.124955|0.726615|0.384264,4625.140211|7712.570106|10800,4625.14021125,6096.50147905,61197.2911494,620.380926096,61817.6720755,58011.5523253,CVaR,0.9,0.5,1038.37132154,4580.76345767,2290.38172884,95139.3899207,165.661637422,82032.7051745,13106.6847462,22768.4113447,18948.2105306,5240.42666972,1200,10800,4.54747350886e-13,4.54747350886e-13,7712.57010562,8274.5671516,7712.57010562,11.0016748047,24.1761803833,61221.4673298,77848.6643327,17290.725588,1038.92765,18586.2688538,15560.675113,7569.67790849,38,235
2025-07-23,PuLP HiGHS,Optimal,3.91130429998,7712.57010562,7837.44203439,1.124955|0.726615|0.384264,4874.884069|7837.442034|10800,4874.88406878,6286.71826378,60288.8657467,778.980469212,61067.8462159,57770.587251,CVaR,0.9,0.5,1184.93032336,5978.9185977,2989.45929885,94211.6798504,202.736035478,82915.0884595,11296.5913909,22684.7063113,18262.2273763,4756.19895747,1200,10800,2.27373675443e-13,9.09494701773e-13,7837.44203439,7712.57010562,7837.44203439,196.631506478,642.583212485,60931.4489592,80416.7122715,13794.9675789,2567.01393271,19565.2525933,15735.4698647,5646.2112297,34,281
2025-07-24,PuLP HiGHS,Optimal,2.84159280002,7837.44203439,8411.66488954,1.124955|0.726615|0.384264,6023.329779|8411.66489|10800,6023.32977908,7161.42906791,62125.0630714,691.602773276,62816.6658447,57786.072001,CVaR,0.9,0.5,1027.61420439,4261.67044838,2130.83522419,96981.8992142,190.309600875,84017.3839854,12964.5152288,23739.3135127,18712.0433757,5201.83381727,1200,10800,9.09494701773e-13,2.27373675443e-13,8411.66488954,7837.44203439,8411.66488954,152.283989319,511.898290777,62636.9613622,79383.7874711,17598.1117431,1909.01624521,18388.3297134,14377.7464982,9685.28067675,35,292
2025-07-25,PuLP HiGHS,Optimal,3.2653462,8411.66488954,8811.76713579,1.124955|0.726615|0.384264,6684.667201|8742.333601|10800,6684.66720127,7665.13506218,32871.2925823,407.609763521,33278.9023459,26984.8583275,CVaR,0.9,0.5,1670.88571825,2742.18208771,1371.09104385,54000.0276181,130.884767735,44361.9004615,9638.12715659,18242.0515513,14478.4599166,11599.6092817,1200,10800,4.54747350886e-13,9.09494701773e-13,8742.33360064,8411.66488954,8811.76713579,0,0,32871.2925823,42789.403221,11210.6243971,12716.1830929,16883.2028412,13315.3022797,2522.00634706,27,190
2025-07-26,PuLP HiGHS,Optimal,2.65550940001,8811.76713579,8348.5200586,1.124955|0.726615|0.384264,5632.307268|8216.153634|10800,5632.30726752,6863.60774954,33177.028725,144.248056546,33321.2767815,27113.2163345,CVaR,0.9,0.5,117.904121826,1311.09460497,655.547302483,53542.9741138,40.6753222014,43127.7373143,10415.2367995,18946.2783401,15882.5376073,11323.963724,1200,10800,9.09494701773e-13,9.09494701773e-13,8216.15363376,8811.76713579,8348.5200586,57.2851034831,228.19956897,33405.2282939,41480.2996924,12062.6744214,10188.4868784,17352.2564223,14472.2500715,3004.30945347,27,61
2025-07-27,PuLP HiGHS,Optimal,3.44472279999,8348.5200586,7711.56658157,1.124955|0.726615|0.384264,4623.133163|7711.566582|10800,4623.13316313,6094.97281587,61877.6474594,571.491598209,62449.1390576,58423.7880099,CVaR,0.9,0.5,1016.14774182,4139.24353625,2069.62176812,95985.319038,149.03290026,81942.0393846,14043.2796534,23055.7596216,19248.4234229,5452.59464165,1200,10800,4.54747350886e-13,1.81898940355e-12,7711.56658157,8348.5200586,7711.56658157,506.372833162,2014.07590516,63891.7233646,77920.3565346,18064.9625034,1520.58709245,19969.5294983,16748.5770229,5586.07652331,27,249
2025-07-28,PuLP HiGHS,Optimal,3.5362455,7711.56658157,7754.28172547,1.124955|0.726615|0.384264,4708.563451|7754.281725|10800,4708.56345095,6160.04058101,58831.7276938,602.1164507,59433.8441445,54540.2602723,CVaR,0.9,0.5,1364.29373759,2532.91341759,1266.4567088,92840.763168,140.694781057,81061.702792,11779.060376,22720.166738,18364.8914282,4243.34000577,1200,10800,9.09494701773e-13,9.09494701773e-13,7754.28172547,7711.56658157,7754.28172547,698.182081706,2918.1811302,61749.908824,81586.4312086,11254.3319595,274.390433333,21141.5894425,17086.2438189,2857.22490479,23,255
2025-07-29,PuLP HiGHS,Optimal,7.93689499999,7754.28172547,8165.74206976,1.124955|0.726615|0.384264,5531.48414|8165.74207|10800,5531.48413953,6786.81606616,64132.5647973,520.549835363,64653.1146327,59139.8691318,CVaR,0.9,0.5,2547.14113065,2547.14113065,1273.57056532,99548.8835663,141.994591436,85208.3048858,14340.5786805,24301.8812114,19314.2094714,5338.54351199,1200,10800,4.54747350886e-13,9.09494701773e-13,8165.74206976,7754.28172547,8165.74206976,298.5165761,834.776232336,64967.3410296,80661.6003555,18887.2832108,770.56035,19736.8227458,15616.5121143,8262.75582265,34,203
2025-07-30,PuLP HiGHS,Optimal,2.96851830001,8165.74206976,9260.78219995,1.124955|0.726615|0.384264,7721.5644|9260.7822|10800,7721.56439991,8454.88522128,62862.5039792,1281.18677683,64143.690756,58169.2206977,CVaR,0.9,0.5,4873.25264098,4960.83032594,2480.41516297,98572.5025719,343.520197779,86091.7214666,12480.7811053,24350.241597,18738.1595764,4129.05813151,1200,10800,9.09494701773e-13,9.09494701773e-13,9260.78219995,8165.74206976,9260.78219995,42.0131192656,163.374388305,63025.8783675,81111.87032,17460.6322518,2191.04345,20389.735906,15530.1499667,7168.5153008,36,390
2025-07-31,PuLP HiGHS,Optimal,4.73259959999,9260.78219995,7759.20547291,1.124955|0.726615|0.384264,4718.410946|7759.205473|10800,4718.41094581,6167.54090085,59244.0936758,850.830967507,60094.9246433,56393.3117463,CVaR,0.9,0.5,1814.76263243,4931.85600777,2465.92800389,93048.9218044,212.480259263,81059.9122159,11989.0095885,21021.9981953,18379.2375925,4218.65562321,1200,10800,9.09494701773e-13,9.09494701773e-13,7759.20547291,9260.78219995,7759.20547291,144.874214421,579.794468521,59823.8881443,77941.0530576,15107.8687469,1308.03459747,18075.3445378,15992.4481299,5333.44312007,32,302
2025-08-01,PuLP HiGHS,Optimal,3.0829181,7759.20547291,8832.38718717,1.124955|0.726615|0.384264,6630.919696|8715.459848|10800,6630.91969581,7624.19840902,32081.9856742,369.890549879,32451.8762241,25856.7224756,CVaR,0.9,0.5,969.831522426,2058.0893211,1029.04466055,52851.9270647,106.733808551,44026.9118898,8825.0151749,19017.1776088,14543.2849256,10403.6466484,1200,10800,4.54747350886e-13,1.81898940355e-12,8715.45984791,7759.20547291,8832.38718717,0,0,32081.9856742,42772.5667969,10079.3602678,17371.1973536,16758.6643886,12608.6546119,4193.14353395,26,188
2025-08-02,PuLP HiGHS,Optimal,2.97345810002,8832.38718717,7776.62497738,1.124955|0.726615|0.384264,4665.939758|7732.969879|10800,4665.93975828,6127.57635205,31530.7554913,220.717892854,31751.4733842,26065.717843,CVaR,0.9,0.5,692.586072093,883.641621785,441.820810893,50894.014025,70.3109245337,41722.3710726,9171.64295244,17042.3298782,14793.7627786,11032.0108628,1200,10800,4.54747350886e-13,1.81898940355e-12,7732.96987914,8832.38718717,7776.62497738,0,0,31530.7554913,40317.1976861,10576.816339,17359.2154841,15690.2276705,13659.2704019,2486.59458441,25,165
2025-08-03,PuLP HiGHS,Optimal,3.59315489998,7776.62497738,8325.44739803,1.124955|0.726615|0.384264,5850.894796|8325.447398|10800,5850.89479606,7030.09439418,62801.4783636,727.17845308,63528.6568167,58493.4421061,CVaR,0.9,0.5,3153.94245125,3989.75936713,1994.87968357,98093.9354751,200.203976437,84281.1539031,13812.7815721,24716.341131,19526.2961375,5903.92064332,1200,10800,4.54747350886e-13,9.09494701773e-13,8325.44739803,7776.62497738,8325.44739803,15.7713517578,66.5708757697,62868.0492394,74792.9633576,23300.9721175,8297.39181667,16725.9091094,13054.0462,14462.6819591,41,264
2025-08-04,PuLP HiGHS,Optimal,3.32957490001,8325.44739803,8336.61177399,1.124955|0.726615|0.384264,5873.223548|8336.611774|10800,5873.22354797,7047.10103225,58750.2832451,830.852414678,59581.1356597,54690.9927117,CVaR,0.9,0.5,3125.54715119,4313.91616834,2156.95808417,92424.4871152,231.132995438,80846.3915556,11578.0955596,22554.8997985,18259.4208984,4972.27212036,1200,10800,4.54747350886e-13,9.09494701773e-13,8336.61177399,8325.44739803,8336.61177399,0,0,58750.2832451,74036.8792846,18387.6078306,5390.62610424,16950.2639929,13719.6658959,10144.3908081,42,319
2025-08-05,PuLP HiGHS,Optimal,3.15028539998,8336.61177399,8766.83845873,1.124955|0.726615|0.384264,6733.676917|8766.838459|10800,6733.67691746,7702.46318999,60518.1909415,921.031107496,61439.222049,56284.3409072,CVaR,0.9,0.5,2801.96524173,5095.16409634,2547.58204817,94570.4915474,258.482625878,81000.1493136,13570.3422338,23449.9395076,18607.2469849,5717.6727759,1200,10800,4.54747350886e-13,4.54747350886e-13,8766.83845873,8336.61177399,8766.83845873,0,0,60518.1909415,74079.4253277,20491.0662197,5064.50803951,18291.5975715,14428.9900167,9336.59890424,36,298
2025-08-06,PuLP HiGHS,Optimal,3.00291740001,8766.83845873,10594.9066409,1.124955|0.726615|0.384264,10389.81328|10594.90664|10800,10389.8132819,10487.1503116,60428.7374331,905.995965474,61334.7333986,53027.7785906,CVaR,0.9,0.5,2878.41027789,4360.39100721,2180.1955036,95360.6366087,244.383328926,82182.4239449,13178.2126638,24671.7642547,18338.8676823,5859.08387803,1200,10800,2.27373675443e-13,2.27373675443e-13,10594.9066409,8766.83845873,10594.9066409,16.0474215133,53.7107198051,60482.4481529,77593.4512683,17767.1853404,3972.8067708,20405.4278335,14883.1351812,7722.0689223,36,349
2025-08-07,PuLP HiGHS,Optimal,4.01925480002,10594.9066409,7749.84714169,1.124955|0.726615|0.384264,4699.694283|7749.847142|10800,4699.69428338,6153.2854017,53405.1605884,922.441781144,54327.6023696,51481.6761988,CVaR,0.9,0.5,1534.21945984,6614.71846183,3307.35923091,82942.5674586,251.970294786,72851.9015337,10090.6659249,18478.3002172,17527.9767253,6209.97003316,1200,10800,4.54747350886e-13,9.09494701773e-13,7749.84714169,10594.9066409,7749.84714169,62.4246278646,258.800588045,53663.9611765,69525.3867327,13417.1807259,5790.36426628,15631.6599664,15222.1981221,5152.4188539,34,292
2025-08-08,PuLP HiGHS,Optimal,2.9410963,7749.84714169,8058.25278521,1.124955|0.726615|0.384264,5263.194198|8031.597099|10800,5263.19419832,6582.47370317,32401.7990314,167.930182246,32569.7292136,26561.9928974,CVaR,0.9,0.5,537.915870524,1149.47477383,574.737386917,52619.8505912,45.9675558732,42022.1797879,10597.6708032,19746.17554,15740.8272257,17209.9192551,1200,10800,1.172395514e-12,9.09494701773e-13,8031.59709916,7749.84714169,8058.25278521,39.9185936198,168.01366489,32569.8126962,39757.0716499,12862.7789413,20363.6919065,17792.4316204,14134.3045333,3560.26661198,25,101
2025-08-09,PuLP HiGHS,Optimal,2.57550000001,8058.25278521,8253.4611858,1.124955|0.726615|0.384264,5518.634648|8159.317324|10800,5518.63464793,6777.02928301,30966.0912096,242.910172253,31209.0013818,25561.2522765,CVaR,0.9,0.5,340.322680968,2258.56035541,1129.2801777,50571.4173889,66.7013688484,40991.9690948,9579.44829407,21474.0452227,17303.0185455,17337.8439011,1200,10800,4.54747350886e-13,9.09494701773e-13,8159.31732396,8058.25278521,8253.4611858,59.2047901042,239.542580761,31205.6337903,40276.7925408,10294.6248481,17888.3557959,17631.7103918,14105.9978568,7039.3555196,29,112
2025-08-10,PuLP HiGHS,Optimal,2.83228169999,8253.4611858,8318.79755281,1.124955|0.726615|0.384264,5837.595106|8318.797553|10800,5837.59510562,7019.96471821,56703.9726707,621.442250236,57325.4149209,52453.8013591,CVaR,0.9,0.5,1162.02300069,4296.70231281,2148.3511564,88443.1872617,167.830614098,76467.5792796,11975.6079821,21714.4947093,17529.9379842,6520.37143266,1200,10800,9.09494701773e-13,9.09494701773e-13,8318.79755281,8253.4611858,8318.79755281,0,0,56703.9726707,72462.5946888,15980.5925729,3656.71716276,18118.1881352,14616.9296592,6509.31489907,39,225
2025-08-11,PuLP HiGHS,Optimal,6.8980818,8318.79755281,7727.0476551,1.124955|0.726615|0.384264,4654.09531|7727.047655|10800,4654.09531021,6118.55505778,53915.0793919,586.013373702,54501.0927656,49081.5903527,CVaR,0.9,0.5,1398.10528978,1398.10528978,699.052644892,84566.5839311,161.741733182,73562.9594308,11003.6245003,19973.6907748,16711.2644355,5036.55378989,1200,10800,9.09494701773e-13,1.81898940355e-12,7727.0476551,8318.79755281,7727.0476551,375.792405208,1761.4195983,55676.4989902,71998.574581,12568.0093502,4844.96514301,18424.8600936,15456.7115837,2803.38353301,29,278
2025-08-12,PuLP HiGHS,Optimal,6.73013430001,7727.0476551,7849.2823521,1.124955|0.726615|0.384264,4898.564704|7849.282352|10800,4898.56470421,6304.75456055,53713.7388455,729.341163745,54443.0800092,50734.8219416,CVaR,0.9,0.5,1258.40767782,5192.99298588,2596.49649294,85013.5366892,201.313921366,74488.6054417,10524.9312476,21937.02833,17658.98172,6577.49927038,1200,10800,4.54747350886e-13,9.09494701773e-13,7849.2823521,7727.0476551,7849.2823521,95.0047145571,304.012403179,54017.7512487,74570.9644344,10442.5722548,3318.30691137,18300.5650543,14713.4464667,6581.99852899,37,286
2025-08-13,PuLP HiGHS,Optimal,3.2199992,7849.2823521,7715.15905007,1.124955|0.726615|0.384264,4630.3181|7715.15905|10800,4630.31810015,6100.44520518,53166.2080832,689.416098205,53855.6241814,50092.7080514,CVaR,0.9,0.5,1201.41682242,4675.05815043,2337.52907521,83700.2970996,201.982072962,74267.0653798,9433.23171978,21072.4950278,17189.4319443,5927.72129468,1200,10800,4.54747350886e-13,2.27373675443e-13,7715.15905007,7849.2823521,7715.15905007,237.894769003,825.449054465,53991.6571376,72559.3056974,11140.9914022,3363.48472539,18070.7750675,14758.0387765,5433.11312823,34,303
2025-08-14,PuLP HiGHS,Optimal,4.0497563,7715.15905007,8414.25105138,1.124955|0.726615|0.384264,6028.502103|8414.251051|10800,6028.50210277,7165.36855532,55843.963269,749.004264221,56592.9675332,51416.1387065,CVaR,0.9,0.5,2551.11191016,3977.07945726,1988.53972863,87920.5177331,205.837183739,75928.0750841,11992.442649,22564.2925302,17647.8941483,5950.17508229,1200,10800,1.81898940355e-12,9.09494701773e-13,8414.25105138,7715.15905007,8414.25105138,339.805287407,1659.10981518,57503.0730841,73993.4243083,13927.0934249,3882.7714461,20499.9177109,15975.7505447,3736.51842294,35,242
2025-08-15,PuLP HiGHS,Optimal,3.3680816,8414.25105138,7931.8738459,1.124955|0.726615|0.384264,4816.077986|7808.038993|10800,4816.07798592,6241.92875778,29690.4431212,320.01306463,30010.4561858,25206.8935361,CVaR,0.9,0.5,443.834433488,2876.73221612,1438.36610806,48542.8650112,83.9298903586,39690.7983782,8852.06663295,20598.6131015,17230.4674648,17075.6353242,1200,10800,4.54747350886e-13,4.54747350886e-13,7808.03899296,8414.25105138,7931.8738459,7.25152330373,16.0947559726,29706.5378771,39558.4768934,8984.38811782,19503.325013,17562.1895014,14659.5129811,5607.37808386,28,121
2025-08-16,PuLP HiGHS,Optimal,3.5062035,7931.8738459,7901.9033395,1.124955|0.726615|0.384264,4943.478282|7871.739141|10800,4943.478282,6338.96287479,28255.137063,375.21931244,28630.3563754,23798.3102403,CVaR,0.9,0.5,289.778177822,3013.83347935,1506.91673967,46671.2427819,104.294380427,40124.9121781,6546.33060385,20994.8565908,17059.955073,17932.6318698,1200,10800,9.09494701773e-13,9.09494701773e-13,7871.739141,7931.8738459,7901.9033395,82.0509766711,197.84854237,28452.9856053,40094.4425782,6576.80020367,20003.6838172,17213.1727728,13969.6434018,6871.99548919,31,190
2025-08-17,PuLP HiGHS,Optimal,7.90908459999,7901.9033395,7831.99009915,1.124955|0.726615|0.384264,4863.980198|7831.990099|10800,4863.98019831,6278.41335809,53880.3972874,810.745859581,54691.1431469,50080.8933607,CVaR,0.9,0.5,2228.77756048,3336.32714375,1668.16357188,84534.0111389,211.037206266,73136.8170011,11397.1941378,20531.2549618,16693.2384353,4968.72727385,1200,10800,9.09494701773e-13,1.81898940355e-12,7831.99009915,7901.9033395,7831.99009915,238.121935482,969.626835702,54850.0241231,71621.4086338,12912.6025051,5213.60776785,18649.7426373,15169.2134525,3405.53730722,32,297
2025-08-18,PuLP HiGHS,Optimal,3.19852449998,7831.99009915,7745.88858058,1.124955|0.726615|0.384264,4691.777161|7745.888581|10800,4691.77716116,6147.25534536,55693.871047,673.708680055,56367.579727,52555.0713523,CVaR,0.9,0.5,1131.41772881,4669.49394118,2334.74697059,87862.2015512,185.782032326,75350.4646798,12511.7368714,21890.195089,17808.5493888,6431.76492795,1200,10800,9.09494701773e-13,4.54747350886e-13,7745.88858058,7831.99009915,7745.88858058,109.3130104,514.470803791,56208.3418508,71952.4658849,15909.7356663,4142.71340573,18960.2170507,15435.2671778,5303.26024939,37,236
2025-08-19,PuLP HiGHS,Optimal,3.97779980002,7745.88858058,7987.61138193,1.124955|0.726615|0.384264,5175.222764|7987.611382|10800,5175.22276387,6515.47048004,56651.9684943,676.446381058,57328.4148753,53254.0924986,CVaR,0.9,0.5,1545.2499221,4882.29620653,2441.14810326,88569.2144821,193.943477261,76034.5741519,12534.6403303,22747.1206702,18207.6172217,6823.69826755,1200,10800,1.81898940355e-12,1.81898940355e-12,7987.61138193,7745.88858058,7987.61138193,28.2616666667,60.9180225,56712.8865168,73225.2254416,15343.9890406,5204.11902956,18495.5658287,14763.8578,7695.31426326,41,220
2025-08-20,PuLP HiGHS,Optimal,3.29510780002,7987.61138193,7870.77933487,1.124955|0.726615|0.384264,4941.55867|7870.779335|10800,4941.55866975,6337.50080692,54719.4982212,821.704423893,55541.2026451,52186.7588969,CVaR,0.9,0.5,1749.55256299,5966.11411748,2983.05705874,86250.060833,219.641690493,74543.457276,11706.603557,21181.6276765,17262.2672603,6192.84720052,1200,10800,9.09494701773e-13,9.09494701773e-13,7870.77933487,7987.61138193,7870.77933487,1220.21606047,5836.68520324,60556.1834245,75449.392021,10800.668812,2231.27931094,20488.3502435,16700.7125396,1254.83215382,20,254
2025-08-21,PuLP HiGHS,Optimal,3.5799214,7870.77933487,7868.69265664,1.124955|0.726615|0.384264,4937.385313|7868.692657|10800,4937.38531328,6334.32218039,55929.531842,604.910865242,56534.4427072,52526.8244043,CVaR,0.9,0.5,588.048342936,4653.40775491,2326.70387745,87055.7496702,168.148654232,75617.4122728,11438.3373974,22545.1640713,18263.4609082,6435.87721498,1200,10800,0,9.09494701773e-13,7868.69265664,7870.77933487,7868.69265664,113.256333953,254.263505783,56183.7953478,72615.3901358,14440.3595344,3461.75130785,18022.9194157,14600.4427371,8185.2628267,40,260
2025-08-22,PuLP HiGHS,Optimal,2.6875418,7868.69265664,7734.6190214,1.124955|0.726615|0.384264,4629.942563|7714.971282|10800,4629.94256335,6100.15917852,28551.3728633,330.243917012,28881.6167803,24103.6647607,CVaR,0.9,0.5,283.312520235,2644.41431774,1322.20715887,46982.6495212,103.917492943,40101.7408878,6880.90863345,19761.0603081,16144.808087,17732.2666172,1200,10800,1.81898940355e-12,1.81898940355e-12,7714.97128167,7868.69265664,7734.6190214,121.219365365,326.026764644,28877.3996279,40933.0473387,6049.60218255,16713.7143496,17003.4169801,13893.4340256,5009.01738946,21,182
2025-08-23,PuLP HiGHS,Optimal,2.7315429,7734.6190214,7759.22034775,1.124955|0.726615|0.384264,4691.258059|7745.62903|10800,4691.25805936,6146.85997276,27460.5386279,496.10708219,27956.6457101,23543.8409465,CVaR,0.9,0.5,470.987181646,3468.1104183,1734.05520915,45630.0465155,148.451530269,40325.5801902,5304.46632525,20114.6638159,16282.9686834,17861.2466343,1200,10800,2.27373675443e-11,3.63797880709e-12,7745.62902968,7734.6190214,7759.22034775,104.414998496,354.349822709,27814.8884507,40620.4776436,5009.56887187,14970.662492,16853.0674024,13628.8434022,5915.72169461,22,253
2025-08-24,PuLP HiGHS,Optimal,4.5463547,7759.22034775,7787.694392,1.124955|0.726615|0.384264,4775.388784|7787.694392|10800,4775.388784,6210.93792886,55945.5931541,687.688417863,56633.281572,52964.1982264,CVaR,0.9,0.5,737.650448739,5083.70916658,2541.85458329,87472.7534138,198.472475728,76338.4521065,11134.3013072,23007.0549005,18610.0878296,6133.9892807,1200,10800,9.09494701773e-13,9.09494701773e-13,7787.694392,7759.22034775,7787.694392,114.19456193,517.017120832,56462.6102749,72691.7513652,14781.0020486,5324.50930911,19590.6341832,15842.7870486,6183.72149826,35,312
2025-08-25,PuLP HiGHS,Optimal,3.45224899999,7787.694392,8428.13114279,1.124955|0.726615|0.384264,6056.262286|8428.131143|10800,6056.26228559,7186.51202916,57414.0377987,688.673756591,58102.7115552,53344.4607747,CVaR,0.9,0.5,1391.97036342,4856.52249725,2428.26124863,90023.3440916,176.819272917,77948.2190966,12075.124995,23580.4028676,18523.7332471,5836.51844113,1200,10800,4.54747350886e-13,4.54747350886e-13,8428.13114279,7787.694392,8428.13114279,347.419437663,1392.94221148,58806.9800101,76711.7709507,13311.5731409,1868.8835082,20214.8778303,15797.6579669,6091.6003175,32,217
2025-08-26,PuLP HiGHS,Optimal,2.91535359999,8428.13114279,8088.20817139,1.124955|0.726615|0.384264,5376.416343|8088.208171|10800,5376.41634279,6668.70906644,52773.9564871,1037.06643226,53811.0229194,50061.1378405,CVaR,0.9,0.5,2027.58298586,5837.64797523,2918.82398761,83268.8386984,289.909570662,75204.0582008,8064.78049768,21794.3584722,17959.3610367,5410.63660562,1200,10800,9.09494701773e-13,2.27373675443e-13,8088.20817139,8428.13114279,8088.20817139,325.742681071,1463.81373297,54237.7702201,72087.7078041,11181.1308943,3539.80214478,19214.5296386,15869.6996816,4669.49018873,37,408
2025-08-27,PuLP HiGHS,Optimal,3.5627907,8088.20817139,8248.3583733,1.124955|0.726615|0.384264,5696.716747|8248.358373|10800,5696.71674661,6912.66506826,58798.6802202,592.065416496,59390.7456367,54584.8709627,CVaR,0.9,0.5,1368.18101994,4213.58078854,2106.79039427,91438.9050341,165.945141633,77869.7894599,13569.1155742,23222.0219589,18665.702605,6273.73518314,1200,10800,9.09494701773e-13,2.27373675443e-13,8248.3583733,8088.20817139,8248.3583733,44.401702474,238.61984113,59037.3000614,75330.4985253,16108.4065088,3416.69689987,20525.8909448,16481.8364836,4879.99713553,33,226
2025-08-28,PuLP HiGHS,Optimal,3.33004279999,8248.3583733,8102.24209929,1.124955|0.726615|0.384264,5404.484199|8102.242099|10800,5404.48419859,6690.08687864,58754.4306747,317.300393476,59071.7310681,53129.0887692,CVaR,0.9,0.5,861.946239305,1494.88915941,747.444579705,91514.6049591,90.8034810786,77906.3483556,13608.2566035,22830.133086,18623.9124463,6973.17898997,1200,10800,4.54747350886e-13,4.54747350886e-13,8102.24209929,8248.3583733,8102.24209929,320.39286282,1441.53032808,60195.9610027,75898.8289451,15615.776014,1924.11073675,19256.9512341,15729.6351462,6467.45915207,31,239
2025-08-29,PuLP HiGHS,Optimal,3.254445,8102.24209929,8354.41956702,1.124955|0.726615|0.384264,5838.060204|8319.030102|10800,5838.06020391,7020.31895916,32788.615321,310.743336836,33099.3586578,27376.7123317,CVaR,0.9,0.5,1016.41727345,2595.34526602,1297.67263301,53229.280414,81.1582362503,43040.8386672,10188.4417469,19872.0363356,15901.2402295,15158.4002555,1200,10800,2.72848410532e-12,5.00222085975e-12,8319.03010196,8102.24209929,8354.41956702,115.147305046,451.901900024,33240.517221,40986.085412,12243.1950021,14886.8165834,18064.4003299,14405.2045463,3303.67168891,22,120
2025-08-30,PuLP HiGHS,Optimal,3.36918780001,8354.41956702,8341.41680199,1.124955|0.726615|0.384264,5857.111781|8328.555891|10800,5857.11178106,7034.82954526,29933.1827604,442.709190144,30375.8919505,24991.7178393,CVaR,0.9,0.5,461.577189448,3301.31086798,1650.65543399,48939.8552087,124.330504884,41758.3434242,7181.51178442,19663.0448209,15950.3436137,15492.7736439,1200,10800,9.09494701773e-13,1.81898940355e-12,8328.55589053,8354.41956702,8341.41680199,15.1588508352,32.599108721,29965.7818691,41706.4648688,7233.39033986,20014.1847693,16875.9031868,13681.1840699,5056.30117792,29,205
2025-08-31,PuLP HiGHS,Optimal,3.9246266,8341.41680199,7847.08168171,1.124955|0.726615|0.384264,4894.163363|7847.081682|10800,4894.16336343,6301.40229035,59697.9127361,263.882722638,59961.7954587,54259.4582556,CVaR,0.9,0.5,1082.87243148,1198.13017439,599.065087195,92199.4265525,75.3604899554,77874.7468947,14324.6796578,23094.353222,19151.3277181,6300.11773739,1200,10800,4.54747350886e-13,9.09494701773e-13,7847.08168171,8341.41680199,7847.08168171,82.3622100911,352.133703718,60050.0464398,73458.2952328,18741.1313197,3925.50439531,17965.4293289,14996.8993646,9283.35224667,35,120
2025-09-01,PuLP HiGHS,Optimal,4.79790099998,7847.08168171,7999.73983219,1.124955|0.726615|0.384264,4613.683924|7706.841962|10800,4613.68392364,6087.77582623,56318.8989083,798.664800008,57117.5637083,53449.6165476,CVaR,0.9,0.5,2919.44242108,4839.65733087,2419.82866544,88097.3567018,202.574647436,76540.646704,11556.7099978,22244.1274524,18143.9589844,5010.43484884,1200,10800,9.09494701773e-13,2.27373675443e-13,7706.84196182,7847.08168171,7999.73983219,0,0,56318.8989083,63000.5953557,25096.7613462,5950.06312119,17573.7124511,14097.31475,8717.05923566,42,255
2025-09-02,PuLP HiGHS,Optimal,3.45301250002,7999.73983219,8345.85360727,1.124955|0.726615|0.384264,5589.318638|8194.659319|10800,5589.31863816,6830.86556746,56921.9114633,634.756403428,57556.6678667,52361.931763,CVaR,0.9,0.5,1912.01016857,3272.25892744,1636.12946372,89482.6081628,167.010339411,77137.9634927,12344.6446701,22546.9902353,18087.6345524,5818.13936432,1200,10800,9.09494701773e-13,4.54747350886e-13,8194.65931908,7999.73983219,8345.85360727,52.1162516927,214.957471732,57136.868935,63118.1230145,26364.4851483,5168.95199062,19115.9422527,15172.4108271,6346.27170798,44,283
2025-09-03,PuLP HiGHS,Optimal,3.7494345,8345.85360727,7951.55917529,1.124955|0.726615|0.384264,4885.833072|7842.916536|10800,4885.83307194,6295.05754466,54274.435458,859.216340009,55133.651798,51308.0245533,CVaR,0.9,0.5,1429.98713286,4938.86059997,2469.43029999,84972.7555319,236.733345961,75118.3421603,9854.41337157,21879.5759128,18175.0998535,5432.86461775,1200,10800,3.63797880709e-12,1.81898940355e-12,7842.91653597,8345.85360727,7951.55917529,0,0,54274.435458,64049.1378303,20923.6177016,5675.79323904,16739.4333158,13913.8059746,9401.43647584,47,323
2025-09-04,PuLP HiGHS,Optimal,3.0821112,7951.55917529,8141.95275648,1.124955|0.726615|0.384264,5280.576409|8040.288205|10800,5280.57640907,6595.71282053,55823.1266747,732.560096143,56555.6867709,52218.0316274,CVaR,0.9,0.5,1268.74911862,4516.11535408,2258.05767704,87176.4372778,203.249996041,76664.5885789,10511.848699,22684.4779434,18294.5710079,5053.04389271,1200,10800,9.09494701773e-13,2.27373675443e-13,8040.28820454,7951.55917529,8141.95275648,0,0,55823.1266747,64559.4712605,22616.9660173,6935.37161279,18564.1046034,14865.5705057,7549.37384211,45,311
2025-09-05,PuLP HiGHS,Optimal,2.56127080001,8141.95275648,8730.43820497,1.124955|0.726615|0.384264,6028.47471|8414.237355|10800,6028.47471015,7165.3476918,31547.3555415,118.716607314,31666.0721488,24931.8603032,CVaR,0.9,0.5,278.879856445,862.271692512,431.135846256,51157.1307054,35.1847266656,41350.8273921,9806.30331326,20028.882231,15978.3384684,16752.9261649,1200,10800,2.72848410532e-12,9.09494701773e-13,8414.23735507,8141.95275648,8730.43820497,0,0,31547.3555415,32662.1828257,18494.9478797,22050.0803243,17148.4417424,13360.6009077,5498.17804927,29,71
2025-09-06,PuLP HiGHS,Optimal,2.86988830002,8730.43820497,8046.3313453,1.124955|0.726615|0.384264,4625.140424|7712.570212|10800,4625.14042439,6096.50164138,29198.9028701,401.582032133,29600.4849022,25032.3844384,CVaR,0.9,0.5,388.153795532,3056.80235522,1528.40117761,47157.4291933,120.07485833,39934.5494396,7222.87975368,18938.4476289,16256.2237729,17414.1305785,1200,10800,7.27595761418e-12,9.09494701773e-13,7712.57021219,8730.43820497,8046.3313453,123.471683854,612.163856007,29811.0667261,30802.614136,16354.8150572,20488.7538209,17536.5498563,14820.3015573,2837.81998818,19,190
2025-09-07,PuLP HiGHS,Optimal,6.71130729999,8046.3313453,7837.41048807,1.124955|0.726615|0.384264,4512.713991|7656.356996|10800,4512.71399148,6010.87232982,54816.1246964,659.272561858,55475.3972582,51621.1170132,CVaR,0.9,0.5,1603.15294735,4313.18416953,2156.59208476,85141.3486867,175.405931967,73681.2670385,11460.0816482,21855.4017041,18053.8522949,5458.9290171,1200,10800,5.68434188608e-13,9.09494701773e-13,7656.35699574,8046.3313453,7837.41048807,0,0,54816.1246964,62433.6162866,22707.7324001,4081.54377507,18837.4614017,15446.3725069,5625.42009039,44,243
2025-09-08,PuLP HiGHS,Optimal,3.40489019998,7837.41048807,7531.85955417,1.124955|0.726615|0.384264,4263.719108|7531.859554|10800,4263.71910833,5821.22599956,42268.8983757,898.92768263,43167.8260583,39668.1964565,CVaR,0.9,0.5,1192.37274926,4643.19279554,2321.59639777,68563.3903611,245.493051067,61634.1374651,6929.25289593,21093.7531243,17360.9358712,6459.65149441,1200,10800,1.13686837722e-12,9.09494701773e-13,7531.85955417,7837.41048807,7531.85955417,1392.84242429,5592.34134246,47861.2397181,63650.4836493,4912.90671173,2321.72238089,18952.7894733,15626.7553139,3875.1442082,30,422
2025-09-09,PuLP HiGHS,Optimal,3.3895427,7531.85955417,7825.93809571,1.124955|0.726615|0.384264,4851.876191|7825.938096|10800,4851.87619142,6269.1943715,48357.7871309,600.951313372,48958.7384442,44479.895689,CVaR,0.9,0.5,1522.93246997,3580.70323247,1790.35161624,76979.2173575,171.799783996,64975.9735444,12003.2438131,22216.994941,17731.0952148,5850.59487805,1200,10800,9.09494701773e-13,9.09494701773e-13,7825.93809571,7531.85955417,7825.93809571,47.6872451172,203.123820577,48560.9109514,64027.8851412,12951.3322163,7071.2104724,19141.3524204,15239.8247731,5566.91296235,39,258
2025-09-10,PuLP HiGHS,Optimal,2.61086450002,7825.93809571,7764.14529435,1.124955|0.726615|0.384264,4728.290589|7764.145294|10800,4728.2905887,6175.06570616,48860.9281775,666.491507668,49527.4196852,45978.6603917,CVaR,0.9,0.5,1781.3657288,5252.61282538,2626.30641269,77593.5775493,190.105153513,64660.802448,12932.7751013,21772.7175415,17691.5147298,6735.14037192,1200,10800,9.09494701773e-13,4.54747350886e-13,7764.14529435,7825.93809571,7764.14529435,590.92518182,2501.66463884,51362.5928164,65482.8061358,12110.7714135,814.772858954,21045.1227888,17102.1629801,1316.94650243,18,216
2025-09-11,PuLP HiGHS,Optimal,4.4820435,7764.14529435,8434.69336873,1.124955|0.726615|0.384264,6049.049635|8424.524817|10800,6049.04963474,7181.01853167,48980.8974322,684.523296687,49665.4207288,44248.6550857,CVaR,0.9,0.5,2296.33379189,3528.505777,1764.2528885,78034.1243847,191.01878813,66028.4815841,12005.6428007,22667.8191733,17766.5919596,5777.87167453,1200,10800,4.54747350886e-13,9.09494701773e-13,8424.52481737,7764.14529435,8434.69336873,2.27039713542,12.3157692611,48993.2132014,64069.8381349,13964.2862499,6104.71789678,20356.9030788,15885.5982269,4191.90982722,34,272
2025-09-12,PuLP HiGHS,Optimal,2.5966585,8434.69336873,7854.25045319,1.124955|0.726615|0.384264,4854.014837|7827.007418|10800,4854.01483694,6270.82326552,25671.8497833,231.189713879,25903.0394972,20532.7059997,CVaR,0.9,0.5,1159.01256871,1800.9795361,900.489768048,42524.4930831,64.2703744894,31694.1111896,10830.3818935,18818.1150543,15789.5905492,19753.267814,1200,10800,9.09494701773e-13,1.81898940355e-12,7827.00741847,8434.69336873,7854.25045319,207.603293066,793.978806739,26465.82859,31621.8447458,10902.6483373,17445.3660738,17656.970469,14824.5447039,2126.19043061,13,116
2025-09-13,PuLP HiGHS,Optimal,2.56950519999,7854.25045319,8035.30548798,1.124955|0.726615|0.384264,5167.731386|7983.865693|10800,5167.73138612,6509.76469091,24052.1583096,323.217580883,24375.3758905,19316.7856552,CVaR,0.9,0.5,200.584273153,2902.34891115,1451.17445557,40872.5057957,83.705827296,32460.7665908,8411.73920497,21355.0089189,17180.9035085,17797.4330196,1200,10800,6.8212102633e-13,9.09494701773e-13,7983.86569306,7854.25045319,8035.30548798,11.4186880859,27.1422874838,24079.3005971,32765.1937315,8107.31206421,21286.8244262,17472.2998883,13989.6133782,7073.99916086,34,133
2025-09-14,PuLP HiGHS,Optimal,2.6447459,8035.30548798,7826.57270595,1.124955|0.726615|0.384264,4853.145412|7826.572706|10800,4853.1454119,6270.16107011,47856.2729193,777.504582811,48633.7775021,45210.7522484,CVaR,0.9,0.5,1233.48610131,5694.2716327,2847.13581635,75870.8864928,222.315083487,64345.3487646,11525.5377282,21639.9821955,17716.2450822,6313.74777794,1200,10800,0,9.09494701773e-13,7826.57270595,8035.30548798,7826.57270595,209.713560075,556.905350067,48413.1782694,65998.451804,9872.43468882,2553.51094284,19700.9956582,16145.6659869,3509.56563263,33,306
2025-09-15,PuLP HiGHS,Optimal,2.6788014,7826.57270595,7731.26453552,1.124955|0.726615|0.384264,4662.529071|7731.264536|10800,4662.52907103,6124.97861063,48448.5250706,634.548312163,49083.0733827,45288.2188657,CVaR,0.9,0.5,1278.68261426,4660.24818726,2330.12409363,76794.4346977,176.527283205,65472.0062455,11322.4284523,22054.0692999,17949.5734863,5958.01621816,1200,10800,4.54747350886e-13,9.09494701773e-13,7731.26453552,7826.57270595,7731.26453552,33.8238077474,143.192379395,48591.71745,64140.707419,12653.7272787,5464.74674242,19623.8484441,15981.0945931,4398.69974898,32,257
2025-09-16,PuLP HiGHS,Optimal,3.49125240001,7731.26453552,7703.60192359,1.124955|0.726615|0.384264,4607.203847|7703.601924|10800,4607.20384718,6082.84029219,48426.8360718,678.825213774,49105.6612856,45540.6694626,CVaR,0.9,0.5,560.19186849,5035.69693837,2517.84846919,76561.3382107,196.078529304,65116.6191375,11444.7190732,22157.1811144,17972.2130534,5887.68946384,1200,10800,4.54747350886e-13,1.81898940355e-12,7703.60192359,7731.26453552,7703.60192359,93.0984791876,231.302878706,48658.1389505,67008.0875243,9553.25068637,3863.77806393,19844.9174051,16099.2794488,4185.19731385,31,270
2025-09-17,PuLP HiGHS,Optimal,5.13157670002,7703.60192359,8285.41793812,1.124955|0.726615|0.384264,5770.835876|8285.417938|10800,5770.83587623,6969.11771804,49566.0914002,703.06001945,50269.1514197,44974.0442026,CVaR,0.9,0.5,1803.27037042,3348.02100184,1674.01050092,78467.8108523,208.380149005,66638.6242771,11829.1865752,22797.1403063,17942.049235,5031.61522299,1200,10800,1.81898940355e-12,9.09494701773e-13,8285.41793812,7703.60192359,8285.41793812,39.1817502604,93.5429089096,49659.6343091,66878.7398851,11589.0709672,2471.54028123,20855.9396897,16369.6767356,3513.57311598,34,299
2025-09-18,PuLP HiGHS,Optimal,2.7277554,8285.41793812,7658.48865267,1.124955|0.726615|0.384264,4516.977305|7658.488653|10800,4516.97730535,6014.11947217,47519.7101532,873.377505628,48393.0876588,45694.6059528,CVaR,0.9,0.5,1170.87253967,6631.27553228,3315.63776614,74985.4760971,229.965871825,64757.6148933,10227.8612038,21116.799874,17668.8442548,5894.51272655,1200,10800,9.09494701773e-13,9.09494701773e-13,7658.48865267,8285.41793812,7658.48865267,100.908291834,447.820095451,47967.5302487,64819.1240334,10166.3520637,2932.77043197,18923.4059659,15892.1951893,3970.04297361,29,298
2025-09-19,PuLP HiGHS,Optimal,2.91416770002,7658.48865267,8095.61268648,1.124955|0.726615|0.384264,5389.714305|8094.857153|10800,5389.71430526,6678.83742631,24879.9181302,324.660407096,25204.5785373,20018.6020663,CVaR,0.9,0.5,234.906653442,2985.72191059,1492.86095529,42368.7928971,86.1900804314,33492.0739872,8876.71890981,19875.6260165,15706.5254234,17626.3027924,1200,10800,3.41060513165e-13,9.09494701773e-13,8094.85715263,7658.48865267,8095.61268648,44.0632578776,166.873045519,25046.7911757,33582.9832543,8785.80964272,13820.1623813,17432.2114939,13726.6796796,4423.26026643,23,121
2025-09-20,PuLP HiGHS,Optimal,3.26385389999,8095.61268648,7713.51503515,1.124955|0.726615|0.384264,4627.03007|7713.515035|10800,4627.0300703,6097.94088547,20997.8920005,585.934544838,21583.8265454,17271.342404,CVaR,0.9,0.5,696.918370526,3570.91348827,1785.45674414,36289.212577,162.771287421,31852.3544944,4436.85808262,21187.2841768,17505.5880694,16984.8455683,1200,10800,4.54747350886e-13,1.81898940355e-12,7713.51503515,8095.61268648,7713.51503515,352.242480947,1600.69333568,22598.5853362,32251.837224,4037.37535303,13957.8177053,17603.7692235,14602.9409572,6486.16206558,29,324
2025-09-21,PuLP HiGHS,Optimal,3.57066940001,7713.51503515,8194.65943901,1.124955|0.726615|0.384264,5589.318878|8194.659439|10800,5589.31887802,6830.86575014,50024.9767914,838.921464798,50863.8982562,45824.0116777,CVaR,0.9,0.5,1837.66900503,3581.95834341,1790.9791717,79377.2015169,234.775138264,68350.2360263,11026.9654906,22480.5866198,17776.2451986,4461.28587453,1200,10800,9.09494701773e-13,9.09494701773e-13,8194.65943901,7713.51503515,8194.65943901,71.9071725505,187.500956592,50212.477748,66465.7059497,12911.4955672,4232.06940391,18868.5593241,14850.5030891,6537.76940519,34,332
2025-09-22,PuLP HiGHS,Optimal,3.3325625,8194.65943901,7699.139333,1.124955|0.726615|0.384264,4598.278666|7699.139333|10800,4598.27866601,6076.04245027,48975.5641058,756.688216093,49732.2523219,46153.7054876,CVaR,0.9,0.5,1042.25274716,4994.99123187,2497.49561593,77393.5362731,201.365575798,67024.1420065,10369.3942665,21880.9910948,18169.5708822,5838.74649054,1200,10800,4.54747350886e-13,9.09494701773e-13,7699.139333,8194.65943901,7699.139333,140.827643413,553.122497709,49528.6866035,67126.0554857,10267.4807874,3606.82692564,18378.970608,15332.9342879,6338.65708101,33,323
2025-09-23,PuLP HiGHS,Optimal,7.7155775,7699.139333,7780.84375507,1.124955|0.726615|0.384264,4761.68751|7780.843755|10800,4761.68751014,6200.50238788,47240.3752969,1007.7323206,48248.1076175,43626.7253448,CVaR,0.9,0.5,1750.89605695,3158.24023031,1579.12011516,75638.6391724,273.921769732,68034.3433559,7604.29581651,21886.7698432,17654.7495931,5146.89441165,1200,10800,9.09494701773e-13,9.09494701773e-13,7780.84375507,7699.139333,7780.84375507,382.930441103,1703.06951078,48943.4448077,68432.2431795,7206.39599283,2886.05182921,19678.8012012,15866.2949931,3996.4232419,30,615
2025-09-24,PuLP HiGHS,Optimal,2.69085419999,7780.84375507,8235.84667815,1.124955|0.726615|0.384264,5671.693356|8235.846678|10800,5671.6933563,6893.60606559,52102.0162989,761.737340076,52863.753639,48342.6138007,CVaR,0.9,0.5,1395.39916246,4744.93245454,2372.46622727,82210.1484137,210.432568458,70047.6163748,12162.5320389,23096.1409974,18298.3715771,5707.07555569,1200,10800,0,4.54747350886e-13,8235.84667815,7780.84375507,8235.84667815,35.3614593099,153.346471182,52255.3627701,68869.9169987,13340.231415,3640.71737617,19957.0176369,15755.6816551,5681.81328251,34,299
2025-09-25,PuLP HiGHS,Optimal,2.40013630001,8235.84667815,8314.93685875,1.124955|0.726615|0.384264,5829.873718|8314.936859|10800,5829.8737175,7014.08374225,52787.1557032,710.736142891,53497.8918461,48751.094434,CVaR,0.9,0.5,1597.06471814,4534.57266025,2267.28633013,82953.5193898,179.309215796,69585.8847309,13367.6346588,22577.854549,18216.8810221,5478.64386051,1200,10800,4.54747350886e-13,9.09494701773e-13,8314.93685875,8235.84667815,8314.93685875,0,0,52787.1557032,68073.0300122,14880.4893776,4013.45813216,19226.0095655,15501.8865855,6066.83942004,35,259
2025-09-26,PuLP HiGHS,Optimal,3.01653780002,8314.93685875,8378.05262319,1.124955|0.726615|0.384264,5734.685149|8267.342575|10800,5734.68514901,6941.58360703,26663.4658393,216.289700474,26879.7555398,20816.9182735,CVaR,0.9,0.5,928.088894361,1757.49268136,878.746340681,44054.2090195,57.2191557005,33662.139933,10392.0690865,21113.3614185,17144.6576048,15007.8759727,1200,10800,9.09494701773e-13,9.09494701773e-13,8267.3425745,8314.93685875,8378.05262319,123.990637658,622.780441722,27286.2462811,33081.4282835,10972.780736,12128.6294829,17503.9039487,14121.3580104,6632.7570643,29,127
2025-09-27,PuLP HiGHS,Optimal,2.60518660001,8378.05262319,8140.64137948,1.124955|0.726615|0.384264,5414.936943|8107.468471|10800,5414.93694284,6698.04818517,23413.1908949,396.594657294,23809.7855522,18579.9419298,CVaR,0.9,0.5,418.285766073,2936.40912556,1468.20456278,39905.4209026,112.918486185,33241.3303693,6664.09053335,20326.3271916,16707.8507617,14816.3375471,1200,10800,9.09494701773e-13,4.54747350886e-13,8107.46847142,8378.05262319,8140.64137948,150.517867849,519.849659324,23933.0405542,34103.6868538,5801.73404884,13294.5523307,17747.4750542,14589.1249133,4697.57798578,24,211
2025-09-28,PuLP HiGHS,Optimal,2.61046360002,8140.64137948,8204.07351403,1.124955|0.726615|0.384264,5608.147028|8204.073514|10800,5608.14702805,6845.20616355,49542.0025513,1085.99619014,50627.9987415,47172.8058277,CVaR,0.9,0.5,1731.11945234,6780.02649944,3390.01324972,78263.3645273,301.817036611,69896.2171137,8367.14741364,22450.1850307,18127.5609538,5291.41251306,1200,10800,4.54747350886e-13,4.54747350886e-13,8204.07351403,8140.64137948,8204.07351403,192.158714673,789.313710696,50331.316262,68630.2772628,9633.08726451,1354.06517448,20650.8037646,16670.0621282,3256.8800917,28,399
2025-09-29,PuLP HiGHS,Optimal,3.32821570002,8204.07351403,8197.04543634,1.124955|0.726615|0.384264,5594.090873|8197.045436|10800,5594.09087267,6834.50032794,52781.6418855,846.663278486,53628.305164,49140.1914584,CVaR,0.9,0.5,2152.00858373,4692.77324473,2346.38662237,83066.2701014,231.321059275,70950.6014124,12115.668689,22364.9691442,18121.9502767,4884.80826604,1200,10800,1.13686837722e-12,9.09494701773e-13,8197.04543634,8204.07351403,8197.04543634,22.2649723307,85.7443240104,52867.3862095,68977.4261783,14088.8439231,2542.65549663,19491.9438103,15794.7997562,5200.17585436,33,289
2025-09-30,PuLP HiGHS,Optimal,4.901518,8197.04543634,8106.78422286,1.124955|0.726615|0.384264,5413.568446|8106.784223|10800,5413.56844571,6697.00587276,54023.5650583,788.563268525,54812.1283268,51089.0372915,CVaR,0.9,0.5,1451.28049534,5947.82967491,2973.91483745,84339.310208,206.381587113,71472.0294257,12867.2807823,22620.8138218,18404.0942878,5439.94153513,1200,10800,9.09494701773e-13,9.09494701773e-13,8106.78422286,8197.04543634,8106.78422286,0,0,54023.5650583,70719.3364544,13619.9737537,1482.47001526,20504.8777082,16690.1860358,3829.84436562,30,245
2025-10-01,PuLP HiGHS,Optimal,3.07372379999,8106.78422286,8449.36757479,1.124955|0.726615|0.384264,6052.373741|8426.186871|10800,6052.37374116,7183.55032902,53722.1363748,914.9041258,54637.0405006,50563.7841076,CVaR,0.9,0.5,2761.96354301,6220.58787209,3110.29393604,84713.8542099,238.51515133,71598.3961641,13115.4580458,22729.3547819,18123.3149904,5464.33671801,1200,10800,9.09494701773e-13,1.81898940355e-12,8426.18687058,8106.78422286,8449.36757479,1.50001790365,3.28353919108,53725.419914,62005.9231674,22707.9310425,8663.95068333,17755.9260626,14073.9750939,9022.76861574,39,265
2025-10-02,PuLP HiGHS,Optimal,4.06794839998,8449.36757479,8386.60006063,1.124955|0.726615|0.384264,5779.551496|8289.775748|10800,5779.55149568,6975.7559478,50869.1048086,883.345374923,51752.4501836,47161.2379258,CVaR,0.9,0.5,2377.34826848,4769.08738006,2384.54369003,80169.7452221,234.351961062,69112.505437,11057.2397851,22534.731005,18396.7647583,4735.51050109,1200,10800,0,4.54747350886e-13,8289.77574784,8449.36757479,8386.60006063,19.6276477168,62.0626755839,50931.1674842,61506.0996235,18663.6455986,6214.11354352,19143.7967043,15562.9660932,6224.73296574,33,347
2025-10-03,PuLP HiGHS,Optimal,3.27633299999,8386.60006063,8100.5045857,1.124955|0.726615|0.384264,5215.883199|8007.9416|10800,5215.88319931,6546.43939905,22635.0884787,407.627903691,23042.7163824,17452.4106287,CVaR,0.9,0.5,659.602168402,1912.2672908,956.133645402,38068.531524,128.067143182,32431.8773576,5636.6541664,19718.9640685,16313.1535104,15243.9297705,1200,10800,9.09494701773e-13,9.09494701773e-13,8007.94159966,8386.60006063,8100.5045857,63.5951283389,186.706584163,22821.7950629,29871.7750791,8196.75644493,19117.8980998,17146.3386054,14146.0201978,4739.75877576,28,304
2025-10-04,PuLP HiGHS,Optimal,2.6631602,8100.5045857,7962.43057128,1.124955|0.726615|0.384264,5106.068996|7953.034498|10800,5106.06899643,6462.79968596,24168.3811776,388.919344528,24557.3005221,19350.2693202,CVaR,0.9,0.5,641.981818059,2511.53696815,1255.76848407,40672.9853105,110.834651924,33954.0292413,6718.95606921,20367.8008694,16630.641783,15709.657948,1200,10800,1.36424205266e-12,9.09494701773e-13,7953.03449822,8100.5045857,7962.43057128,57.4321595703,204.677819357,24373.0589969,31120.2276852,9552.75762525,14874.4791165,17534.0258316,14326.8275365,5137.58928431,27,242
2025-10-05,PuLP HiGHS,Optimal,6.47997679998,7962.43057128,8109.34530921,1.124955|0.726615|0.384264,5418.690618|8109.345309|10800,5418.69061843,6700.9071628,52019.3727448,808.770928671,52828.1436735,48892.2135191,CVaR,0.9,0.5,2484.1942973,5529.9540167,2764.97700835,81769.4803063,212.272557885,68932.3461671,12837.1341392,22610.9559831,18182.6510822,5306.73548474,1200,10800,2.27373675443e-13,1.81898940355e-12,8109.34530921,7962.43057128,8109.34530921,0,0,52019.3727448,63582.6426506,18186.8376557,5114.54868936,18946.8927917,15214.7598971,6631.95437649,33,283
2025-10-06,PuLP HiGHS,Optimal,3.2632588,8109.34530921,7840.64448945,1.124955|0.726615|0.384264,4756.773777|7778.386888|10800,4756.77377665,6196.75985505,53478.8602995,363.72526717,53842.5855667,48634.1971269,CVaR,0.9,0.5,1172.42678201,1976.74283047,988.371415234,83518.4328778,106.354227129,69543.2831344,13975.1497433,22323.0127106,18379.5028743,7099.13019224,1200,10800,4.54747350886e-13,9.09494701773e-13,7778.38688832,8109.34530921,7840.64448945,0,0,53478.8602995,65484.6887219,18033.7441559,4531.12421311,18222.5578766,15002.1026178,7477.85509045,36,229
2025-10-07,PuLP HiGHS,Optimal,3.72533520003,7840.64448945,7758.64062768,1.124955|0.726615|0.384264,4673.428932|7736.714466|10800,4673.42893215,6133.2804626,44927.2932768,1201.44509128,46128.7383681,41451.7062552,CVaR,0.9,0.5,2454.09639853,2912.49669957,1456.24834979,71582.847257,320.247421371,64988.2980017,6594.54925528,21620.3760052,17606.0415853,4681.83838578,1200,10800,9.09494701773e-13,9.09494701773e-13,7736.71446607,7840.64448945,7758.64062768,139.544778841,380.308108754,45307.6013855,64170.6832872,7412.16396977,2696.49499247,20610.3871011,16768.2170275,1847.81346197,27,680
2025-10-08,PuLP HiGHS,Optimal,3.7639388,7758.64062768,7781.34247463,1.124955|0.726615|0.384264,4762.684949|7781.342475|10800,4762.68494927,6201.2620849,47268.3289776,719.125052131,47987.4540298,43577.1128534,CVaR,0.9,0.5,3379.48599257,3581.84181704,1790.92090852,75671.9428184,190.57925254,62962.2376651,12709.7051533,22004.5581221,17803.2604167,4909.60528473,1200,10800,9.09494701773e-13,9.09494701773e-13,7781.34247463,7758.64062768,7781.34247463,78.6878275716,213.690320107,47482.0192977,63938.9221791,11733.0206393,3659.7163124,20310.349291,16430.9512635,3066.51798429,27,247
2025-10-09,PuLP HiGHS,Optimal,2.60543900001,7781.34247463,7755.31449436,1.124955|0.726615|0.384264,4710.628989|7755.314494|10800,4710.62898872,6161.61379269,47182.5734124,670.093479815,47852.6668922,43890.9030261,CVaR,0.9,0.5,1141.05491695,4399.69985327,2199.84992664,75656.8492533,184.263429192,64237.3823737,11419.4668796,22085.7835166,17912.9098307,5985.31277745,1200,10800,9.09494701773e-13,9.09494701773e-13,7755.31449436,7781.34247463,7755.31449436,79.0998564253,388.935520192,47571.5089325,64352.6941737,11304.1550796,4932.39609922,19804.428578,16065.0123305,4129.25243887,28,309
2025-10-10,PuLP HiGHS,Optimal,2.5653596,7755.31449436,7766.56204216,1.124955|0.726615|0.384264,4733.124084|7766.562042|10800,4733.12408432,6178.74712601,19013.8422935,479.393459654,19493.2357531,14286.6468727,CVaR,0.9,0.5,916.518510595,1944.31649117,972.158245587,34130.7372993,140.791069656,29902.3587689,4228.37853045,19702.2292412,15948.6828923,16879.3424343,1200,10800,1.70530256582e-13,9.09494701773e-13,7766.56204216,7755.31449436,7766.56204216,240.667030994,809.227694559,19823.069988,31180.840271,2949.89702829,18732.4984695,17554.079594,14208.6816781,3888.15086135,15,372
2025-10-11,PuLP HiGHS,Optimal,2.6429723,7766.56204216,8594.51989642,1.124955|0.726615|0.384264,6347.949403|8573.974701|10800,6347.94940264,7408.67479265,24950.6140289,249.101584649,25199.7156136,18639.3792553,CVaR,0.9,0.5,391.268002852,1696.6768687,848.338434352,42119.0220807,84.3839083666,32746.5195774,9372.50250329,21276.6535717,16507.4179998,17095.7471833,1200,10800,4.54747350886e-13,9.09494701773e-13,8573.97470132,7766.56204216,8594.51989642,18.4510384115,97.8827587728,25048.4967877,32799.9071278,9319.11495289,14566.2346009,17898.1469112,13752.3369293,6133.58773102,27,144
2025-10-12,PuLP HiGHS,Optimal,2.7593446,8594.51989642,8714.54868611,1.124955|0.726615|0.384264,6629.097372|8714.548686|10800,6629.09737221,7622.8104408,49697.3763374,835.969798688,50533.346136,45033.5219175,CVaR,0.9,0.5,3392.18359276,4245.97244461,2122.98622231,79267.8219942,220.476695489,66552.520909,12715.3010852,22267.0952823,17928.3212679,4856.18160623,1200,10800,4.54747350886e-13,9.09494701773e-13,8714.54868611,8594.51989642,8714.54868611,0,0,49697.3763374,65431.4479103,13836.3740839,2973.12600638,20186.0000522,16242.6341315,3766.78236644,29,305
2025-10-13,PuLP HiGHS,Optimal,2.77645609999,8714.54868611,7929.35342554,1.124955|0.726615|0.384264,5058.706851|7929.353426|10800,5058.70685109,6426.72642636,49250.798209,809.150424875,50059.9486339,46273.1220655,CVaR,0.9,0.5,1261.39702126,5279.79971601,2639.89985801,78285.7005365,236.894684191,65670.7891214,12614.9114151,21071.8301441,17774.8581512,4634.83563941,1200,10800,9.09494701773e-13,9.09494701773e-13,7929.35342554,8714.54868611,7929.35342554,0,0,49250.798209,63835.0047276,14450.6958089,3827.94100977,19401.8113281,16422.1429103,3022.73405694,29,242
2025-10-14,PuLP HiGHS,Optimal,7.06081259999,7929.35342554,7783.32297689,1.124955|0.726615|0.384264,4766.645954|7783.322977|10800,4766.64595377,6204.27897407,44373.8513513,879.566514524,45253.4178658,40222.2262834,CVaR,0.9,0.5,1609.56936335,2346.17478342,1173.08739171,71992.0445246,245.114181006,65053.6779621,6938.36656258,21484.6802351,17534.0183942,5200.88917783,1200,10800,5.96855898038e-13,9.09494701773e-13,7783.32297689,7929.35342554,7783.32297689,279.638841802,894.052032609,45267.9033839,67134.0195904,4858.02493426,2993.04938516,19885.3008815,16238.5211178,2894.87662986,30,635
2025-10-15,PuLP HiGHS,Optimal,2.9797809,7783.32297689,7749.18053675,1.124955|0.726615|0.384264,4698.361074|7749.180537|10800,4698.36107351,6152.26996573,47423.6874709,585.102721181,48008.7901921,43117.9265689,CVaR,0.9,0.5,2378.13475286,2522.81268514,1261.40634257,75897.3476053,168.516154644,65173.4357476,10723.9118577,21903.7837704,17772.7930501,5345.2650746,1200,10800,9.09494701773e-13,9.09494701773e-13,7749.18053675,7783.32297689,7749.18053675,17.9267085193,51.1682468325,47474.8557177,67333.5399442,8563.80766104,1521.36060073,20741.1084113,16831.0260092,2104.4424,25,271
2025-10-16,PuLP HiGHS,Optimal,2.74933000002,7749.18053675,8179.21051384,1.124955|0.726615|0.384264,5558.421028|8179.210514|10800,5558.42102768,6807.33247968,49268.0775283,917.564568186,50185.6420965,46790.8398494,CVaR,0.9,0.5,1460.348154,6825.06046531,3412.53023266,78251.9817455,262.303451194,67747.938164,10504.0435815,23084.870668,18311.7182617,5903.76914505,1200,10800,4.54747350886e-13,9.09494701773e-13,8179.21051384,7749.18053675,8179.21051384,226.434705566,727.325883282,49995.4034116,69545.7831015,8706.19864397,2361.80449051,21352.1757221,16908.2353555,3136.17785213,31,333
2025-10-17,PuLP HiGHS,Optimal,3.26619229998,8179.21051384,8132.50832176,1.124955|0.726615|0.384264,5401.63327|8100.816635|10800,5401.63326968,6687.91547577,21942.1951555,351.918102532,22294.1132581,16749.5210551,CVaR,0.9,0.5,358.993429281,2286.6465455,1143.32327275,38278.9887312,99.6555795247,31878.7474643,6400.24126695,19634.1381256,15974.2063729,14497.7552102,1200,10800,3.63797880709e-12,1.81898940355e-12,8100.81663484,8179.21051384,8132.50832176,0,0,21942.1951555,31916.5759313,6362.41279994,12611.3568279,17595.0092608,14293.9894741,3719.34576363,23,241
2025-10-18,PuLP HiGHS,Optimal,3.41052430001,8132.50832176,7766.08514948,1.124955|0.726615|0.384264,4729.723684|7764.861842|10800,4729.72368424,6176.15721979,22231.9077884,488.779618484,22720.6874069,18385.1542979,CVaR,0.9,0.5,494.24633686,3681.24822159,1840.6241108,38272.1367106,126.728180167,31520.6778641,6751.45884649,19310.4966242,15972.3840973,14522.7611359,1200,10800,4.54747350886e-13,1.81898940355e-12,7764.86184212,8132.50832176,7766.08514948,54.9015585286,170.806064455,22402.7138529,32135.2845737,6136.85213689,13258.1965702,16764.0902655,13908.6939701,4610.09648583,28,225
2025-10-19,PuLP HiGHS,Optimal,2.67999920002,7766.08514948,8371.41801931,1.124955|0.726615|0.384264,5942.836039|8371.418019|10800,5942.83603862,7100.12121172,53551.0573886,891.713674427,54442.771063,49410.633527,CVaR,0.9,0.5,3247.23832052,4135.96735154,2067.98367577,84494.3501922,241.22979663,70970.1822012,13524.1679909,23918.4642454,18829.1564559,4906.4475565,1200,10800,4.54747350886e-13,9.09494701773e-13,8371.41801931,7766.08514948,8371.41801931,33.1632669271,138.086594533,53689.1439831,70347.4265212,14146.9236709,1834.67836979,21659.9436957,16999.7548107,4087.92219479,27,338
2025-10-20,PuLP HiGHS,Optimal,3.07566079998,8371.41801931,7999.04707716,1.124955|0.726615|0.384264,5198.094154|7999.047077|10800,5198.09415432,6532.8904174,50662.2936337,880.22809977,51542.5217335,47835.5150261,CVaR,0.9,0.5,1900.14049961,5651.76741991,2825.88370996,80452.7327379,228.277865237,69046.9754143,11405.7573237,22588.8947941,18632.1386312,4748.11519135,1200,10800,3.41060513165e-13,9.09494701773e-13,7999.04707716,8371.41801931,7999.04707716,238.395497135,1135.94540666,51798.2390404,69024.7671786,11427.9655594,1182.72373099,20919.9496105,17280.2930324,3020.79078242,25,308
2025-10-21,PuLP HiGHS,Optimal,2.97871190001,7999.04707716,7801.0821578,1.124955|0.726615|0.384264,4802.164316|7801.082158|10800,4802.1643156,6231.33144557,49142.0176823,893.455060323,50035.4727426,45657.0814972,CVaR,0.9,0.5,1972.57791263,3705.8804003,1852.94020015,78574.9629687,247.232302821,70219.0045543,8355.95841433,23044.5674475,18844.2680599,4547.72245686,1200,10800,4.54747350886e-13,1.81898940355e-12,7801.0821578,7999.04707716,7801.0821578,126.965539776,433.599135931,49575.6168182,71190.3121184,7384.65085031,980.204362662,21329.7914363,17455.2994908,3103.74458033,29,560
2025-10-22,PuLP HiGHS,Optimal,2.73121940001,7801.0821578,8222.62773268,1.124955|0.726615|0.384264,5645.255465|8222.627733|10800,5645.25546536,6873.46971205,50233.0649878,868.984094081,51102.0490819,46428.768676,CVaR,0.9,0.5,1834.12935036,4400.37861233,2200.18930616,80002.9066269,255.658943464,70388.5118992,9614.39472764,24207.455863,19228.6482316,4762.4997822,1200,10800,2.27373675443e-13,9.09494701773e-13,8222.62773268,7801.0821578,8222.62773268,476.839100391,2096.04513818,52329.110126,71237.9399211,8764.96670574,1585.06131562,22081.2104658,17506.3894599,3848.50416882,18,430
2025-10-23,PuLP HiGHS,Optimal,7.8527016,8222.62773268,7459.82724088,1.124955|0.726615|0.384264,4119.654482|7459.827241|10800,4119.65448175,5711.49953689,51406.25741,680.661239285,52086.9186493,48782.7488715,CVaR,0.9,0.5,1059.92596736,4814.65951819,2407.3297591,81066.9491704,184.432613201,71168.1742465,9898.77492386,22524.7495209,18931.5675545,5035.50243632,1200,10800,4.54747350886e-13,9.09494701773e-13,7459.82724088,8222.62773268,7459.82724088,66.0321091704,239.647342091,51645.9047521,68876.7198355,12190.2293349,2512.16449874,19671.6360799,16620.5456674,5164.13532813,26,319
2025-10-24,PuLP HiGHS,Optimal,2.8428209,7459.82724088,7589.51593265,1.124955|0.726615|0.384264,4366.57178|7583.28589|10800,4366.5717797,5899.56347958,21870.8018906,642.953714226,22513.7556048,18650.6694428,CVaR,0.9,0.5,774.793347923,4072.95463523,2036.47731762,37527.1463684,180.383292433,31931.0995001,5596.0468683,18145.53589,14586.7712868,11817.8756276,1200,10800,9.09494701773e-13,4.54747350886e-13,7583.28588985,7459.82724088,7589.51593265,62.4684780202,174.764690495,22045.5665811,33247.1998432,4279.94652519,11508.4141122,17181.4929987,13800.2895064,1750.52467173,19,304
2025-10-25,PuLP HiGHS,Optimal,2.9383181,7589.51593265,7829.50755228,1.124955|0.726615|0.384264,4741.429916|7770.714958|10800,4741.42991575,6185.07324176,23673.6741094,507.034107627,24180.708217,20036.7300083,CVaR,0.9,0.5,359.861763166,4082.19006607,2041.09503303,40314.2817885,139.272631743,32410.4011731,7903.88061543,18318.0497687,14674.54119,11875.5516661,1200,10800,4.54747350886e-13,9.09494701773e-13,7770.71495787,7589.51593265,7829.50755228,8.15186504265,16.2612233752,23689.9353328,33338.1084434,6976.17334515,10502.6633696,16995.640778,13550.4765726,2446.4736081,20,199
2025-10-26,PuLP HiGHS,Optimal,2.6101132,7829.50755228,8209.04650272,1.124955|0.726615|0.384264,5618.093005|8209.046503|10800,5618.09300544,6852.78149236,57774.374721,705.691892213,58480.0666132,54100.8743309,CVaR,0.9,0.5,3230.42749003,4947.17842021,2473.5892101,90241.4344927,203.187405889,75637.0114897,14604.423003,24748.7738877,19704.9217936,5751.66081986,1200,10800,1.13686837722e-12,9.09494701773e-13,8209.04650272,7829.50755228,8209.04650272,0,0,57774.374721,70722.9956484,19518.4388443,2153.11365,19389.3943489,15363.8243672,9700.47696524,32,262
2025-10-27,PuLP HiGHS,Optimal,2.49494050001,8209.04650272,7774.85411792,1.124955|0.726615|0.384264,4749.708236|7774.854118|10800,4749.70823585,6191.37840356,51090.8609398,941.209363792,52032.0703035,48738.1146562,CVaR,0.9,0.5,1546.47114431,5794.84551248,2897.42275624,80691.298003,262.912447918,72131.4304405,8559.86756247,22937.4969656,18970.1456884,4541.84462242,1200,10800,4.54747350886e-13,9.09494701773e-13,7774.85411792,8209.04650272,7774.85411792,115.163444596,444.332799108,51535.1937389,69686.3913987,11004.9066043,3052.13948588,18882.1412479,15685.3075571,7340.19384899,32,383
2025-10-28,PuLP HiGHS,Optimal,4.3044882,7774.85411792,8194.65932771,1.124955|0.726615|0.384264,5589.318655|8194.659328|10800,5589.31865543,6830.86558061,52542.0245883,838.165004424,53380.1895928,48719.6494599,CVaR,0.9,0.5,1393.14309827,4340.65089551,2170.32544776,83550.6470648,226.421267867,74350.455913,9200.19115177,24110.1533179,19151.3994987,4325.49292741,1200,10800,4.54747350886e-13,1.81898940355e-12,8194.65932771,7774.85411792,8194.65932771,33.2820410156,154.471086198,52696.4956745,71637.7209675,11912.9260973,1425.51854102,20501.2530456,16228.1902781,6532.10949293,32,414
2025-10-29,PuLP HiGHS,Optimal,5.169876,8194.65932771,8161.05184451,1.124955|0.726615|0.384264,5522.103689|8161.051845|10800,5522.10368902,6779.67146948,55729.4088626,589.955560826,56319.3644234,51477.08298,CVaR,0.9,0.5,940.408053363,3874.78005215,1937.39002607,86770.6892701,164.2719433,74029.1733243,12741.5159458,23931.0025029,19414.3587622,5969.34498398,1200,10800,9.09494701773e-13,9.09494701773e-13,8161.05184451,8194.65932771,8161.05184451,349.170750808,879.661062983,56609.0699256,73842.5977508,12928.0915193,997.402763151,20591.3456493,16709.2367108,6044.77890504,29,307
2025-10-30,PuLP HiGHS,Optimal,2.4976952,8161.05184451,7728.2525995,1.124955|0.726615|0.384264,4656.505199|7728.252599|10800,4656.50519899,6120.39054355,55891.0385472,620.440215082,56511.4787622,52928.2731755,CVaR,0.9,0.5,736.562129083,5074.36991363,2537.18495681,87063.6888062,176.14791446,74103.0439989,12960.6448073,23865.4073421,19720.4992676,5628.21403521,1200,10800,4.54747350886e-13,9.09494701773e-13,7728.2525995,8161.05184451,7728.2525995,14.5615843058,47.0034520681,55938.0419992,70971.8708159,16091.8179903,3082.11247821,18452.7452238,15336.2429518,9796.91843398,32,242
2025-10-31,PuLP HiGHS,Optimal,2.87940949999,7728.2525995,7694.3759669,1.124955|0.726615|0.384264,4588.751934|7694.375967|10800,4588.75193381,6068.78643851,24826.2831779,517.523457956,25343.8066358,21380.8173144,CVaR,0.9,0.5,348.350472005,4211.59423408,2105.79711704,42192.4305334,156.521996744,34268.697019,7923.73351445,17828.3018247,14471.4134473,11905.0055397,1200,10800,4.54747350886e-13,9.09494701773e-13,7694.3759669,7728.2525995,7694.3759669,16.8017449028,60.9077378107,24887.1909157,34795.8538155,7396.57671797,7851.09610938,16251.3492297,13194.0818454,2854.2841969,23,214
2025-11-01,PuLP HiGHS,Optimal,3.21063279998,7694.3759669,8101.67932682,1.124955|0.726615|0.384264,5403.358654|8101.679327|10800,5403.35865364,6689.22961015,27613.5818634,339.410820841,27952.9926842,22380.4519832,CVaR,0.9,0.5,1093.91824071,2233.37781829,1116.68890914,46154.6688463,95.2618920002,34828.7043017,11325.9645446,18233.4462369,14402.518428,9851.40523373,1200,10800,4.54747350886e-13,1.81898940355e-12,8101.67932682,7694.3759669,8101.67932682,16.9287248739,49.8007641082,27663.3826275,34475.0831678,11679.5856785,8335.77275952,17082.2509258,13470.050226,2083.66351312,23,174
2025-11-02,PuLP HiGHS,Optimal,2.66827639999,8101.67932682,7660.77291282,1.124955|0.726615|0.384264,4521.545826|7660.772913|10800,4521.54582563,6017.59907423,52533.9495275,956.17331645,53490.1228439,50810.533267,CVaR,0.9,0.5,1015.07511391,6676.01899467,3338.00949733,82786.8782569,259.285590819,73969.6484929,8817.22976402,23252.1985663,19231.0966113,4762.26120242,1200,10800,4.54747350886e-13,4.54747350886e-13,7660.77291282,8101.67932682,7660.77291282,92.3411480318,304.327902705,52838.2774302,73090.2079349,9696.67032205,961.206283333,20114.6033624,16689.6444962,5679.04731908,31,394
2025-11-03,PuLP HiGHS,Optimal,6.45151820002,7660.77291282,7723.30358136,1.124955|0.726615|0.384264,4646.607163|7723.303581|10800,4646.60716272,6112.85172897,52184.0307112,975.661300042,53159.6920113,49750.7215972,CVaR,0.9,0.5,1482.96991411,5407.76262973,2703.88131486,82606.5630822,266.118558218,74568.6593284,8037.90375376,23612.1337217,19069.5507129,4660.55445909,1200,10800,9.09494701773e-13,4.54747350886e-13,7723.30358136,7660.77291282,7723.30358136,134.413114155,361.246621684,52545.2773329,74141.4049518,8465.15813032,948.332066667,19822.5163911,15999.9606751,6859.2073684,33,487
2025-11-04,PuLP HiGHS,Optimal,6.03604930002,7723.30358136,8188.67182634,1.124955|0.726615|0.384264,5577.343653|8188.671826|10800,5577.34365268,6821.7448497,54367.5165523,899.78679542,55267.3033477,50736.0402734,CVaR,0.9,0.5,1332.46293358,4580.96355075,2290.48177537,85869.2133948,243.408044896,77038.3896881,8830.82370664,24654.425603,19551.253318,4762.23350299,1200,10800,4.54747350886e-13,9.09494701773e-13,8188.67182634,7723.30358136,8188.67182634,44.2791977477,170.195819884,54537.7123722,73894.0097432,11975.2036516,2226.34606026,19542.3127728,15410.4419255,9252.92422265,32,496
2025-11-05,PuLP HiGHS,Optimal,2.42448830002,8188.67182634,8400.09807457,1.124955|0.726615|0.384264,6000.196149|8400.098075|10800,6000.19614913,7143.8093965,58846.5253105,644.601184745,59491.1264953,54604.8394271,CVaR,0.9,0.5,1299.91158149,4515.04465662,2257.52232831,91252.566584,177.93723409,77529.4945406,13723.0720434,24668.2737916,19791.0181478,4594.90944048,1200,10800,9.09494701773e-13,9.09494701773e-13,8400.09807457,8188.67182634,8400.09807457,110.187247909,373.954007987,59220.4793185,75156.1073875,16096.4591965,1444.89301667,20805.778572,16662.3970199,6991.11634747,30,266
2025-11-06,PuLP HiGHS,Optimal,2.6927555,8400.09807457,8173.38619081,1.124955|0.726615|0.384264,5546.772382|8173.386191|10800,5546.77238162,6798.46031753,54908.6089997,903.085739434,55811.6947391,51790.0378121,CVaR,0.9,0.5,1740.54185065,5553.60678102,2776.80339051,86251.3013284,245.501681615,76081.3724012,10169.9289272,23432.5400205,19184.398112,4250.79303923,1200,10800,9.09494701773e-13,9.09494701773e-13,8173.38619081,8400.09807457,8173.38619081,203.075339509,857.77335429,55766.382354,75328.9636935,10922.3376348,380.381983333,20979.5431321,17197.4706324,4439.92436805,26,368
2025-11-07,PuLP HiGHS,Optimal,3.0758006,8173.38619081,7740.28143358,1.124955|0.726615|0.384264,4680.562867|7740.281434|10800,4680.56286716,6138.71400636,22562.8273109,618.056265748,23180.8835767,18613.034837,CVaR,0.9,0.5,943.440176794,3141.73053336,1570.86526668,38838.5155746,178.508341866,33064.2579107,5774.25766394,17933.6460373,14916.0475717,8215.11440598,1200,10800,1.36424205266e-12,1.81898940355e-12,7740.28143358,8173.38619081,7740.28143358,189.539972049,959.22610937,23522.0534203,33559.6297265,5278.88584807,7450.85509978,17734.9847209,14755.1319054,359.576982775,7,342
2025-11-08,PuLP HiGHS,Optimal,3.0139321,7740.28143358,7705.1738898,1.124955|0.726615|0.384264,4610.34778|7705.17389|10800,4610.3477796,6085.23486047,24340.9239975,539.016782083,24879.9407795,20429.6327416,CVaR,0.9,0.5,830.240723623,3269.8536451,1634.92682255,42139.8204495,155.307624649,35027.7810365,7112.03941291,17710.8349862,14377.3731283,9328.45314293,1200,10800,4.54747350886e-13,1.81898940355e-12,7705.1738898,7740.28143358,7705.1738898,25.0466340251,107.056411706,24447.9804092,35698.2172397,6441.6032098,8855.09637347,16360.8273137,13283.8669135,2443.51388727,24,301
2025-11-09,PuLP HiGHS,Optimal,3.02518729999,7705.1738898,8187.34707372,1.124955|0.726615|0.384264,5574.694147|8187.347074|10800,5574.69414745,6819.72686067,53628.3498824,1078.81491539,54707.1647978,49758.9601931,CVaR,0.9,0.5,2312.52412184,3743.04451199,1871.522256,84572.5106656,311.825606849,77095.4919247,7477.01874094,24203.4054308,19170.8025334,4267.57434059,1200,10800,9.09494701773e-13,4.54747350886e-13,8187.34707372,7705.1738898,8187.34707372,242.928790272,884.766244527,54513.116127,76699.9222171,7872.58844846,1177.37955,20972.0968871,16553.442613,5848.66846412,28,596
2025-11-10,PuLP HiGHS,Optimal,2.3608623,8187.34707372,8386.08523063,1.124955|0.726615|0.384264,5972.170461|8386.085231|10800,5972.17046127,7122.4637014,56470.8079988,1038.15567396,57508.9636727,53592.7428898,CVaR,0.9,0.5,1967.68502413,6412.485837,3206.2429185,88736.9711853,275.293098864,78070.0295604,10666.9416249,24045.5935445,19298.0664299,4010.13076188,1200,10800,9.09494701773e-13,9.09494701773e-13,8386.08523063,8187.34707372,8386.08523063,109.196261694,396.498795889,56867.3067946,78398.6699727,10338.3012127,397.837683333,21435.3742621,17183.7888111,4724.49690114,28,351
2025-11-11,PuLP HiGHS,Optimal,3.98519579999,8386.08523063,8252.97851207,1.124955|0.726615|0.384264,5705.957024|8252.978512|10800,5705.95702413,6919.70290254,57872.9190887,1055.71396563,58928.6330543,55458.3998398,CVaR,0.9,0.5,1719.65144767,6898.93937597,3449.46968798,90261.3847341,272.871604618,78293.8091563,11967.5755778,24549.4980979,20004.889506,4714.6118446,1200,10800,2.27373675443e-13,9.09494701773e-13,8252.97851207,8386.08523063,8252.97851207,16.2326939067,71.4192973934,57944.3383861,76031.4458092,14229.938925,705.127316667,20543.8292971,16760.2977773,7250.26052952,30,348
2025-11-12,PuLP HiGHS,Optimal,2.39541260002,8252.97851207,8017.46971986,1.124955|0.726615|0.384264,5234.93944|8017.46972|10800,5234.93943973,6560.95353692,60024.0166206,716.0920637,60740.1086843,55785.435394,CVaR,0.9,0.5,2164.76791646,3212.56049315,1606.28024657,93261.7722032,190.646381516,79526.3372081,13735.4349951,24571.6568976,20115,4399.57734125,1200,10800,4.54747350886e-13,9.09494701773e-13,8017.46971986,8252.97851207,8017.46971986,12.8262422689,53.4469515344,60077.4635721,75490.3792822,17771.392921,795.0295,20863.9273025,17111.739028,6710.99056708,30,256
2025-11-13,PuLP HiGHS,Optimal,2.826099,8017.46971986,8260.19952167,1.124955|0.726615|0.384264,5720.399043|8260.199522|10800,5720.39904335,6930.70263037,62452.3571813,657.815847663,63110.1730289,58460.0518489,CVaR,0.9,0.5,2100.74124608,4561.16290078,2280.58145039,96107.3304738,183.792887544,81403.9019723,14703.4285014,25190.644383,20185.9651286,4669.23982186,1200,10800,4.54747350886e-13,4.54747350886e-13,8260.19952167,8017.46971986,8260.19952167,26.2670182719,104.633484132,62556.9906654,76742.4871357,19364.843338,432.8628,19587.1748195,15647.1547822,10142.2799099,31,282
2025-11-14,PuLP HiGHS,Optimal,5.73139289999,8260.19952167,8230.48398742,1.124955|0.726615|0.384264,5660.967975|8230.483987|10800,5660.96797484,6885.43710562,25887.901949,623.760343408,26511.6622924,21459.945059,CVaR,0.9,0.5,1797.90985557,3667.43974455,1833.71987227,44374.0372538,182.967982729,37217.9174155,7156.11983832,18672.4931217,15151.4634094,8541.67388856,1200,10800,4.54747350886e-13,1.81898940355e-12,8230.48398742,8260.19952167,8230.48398742,10.8457857747,47.0449657339,25934.9469147,37566.5554713,6807.48178256,6791.93633757,16914.4926332,13727.4830137,3181.98088419,26,307
2025-11-15,PuLP HiGHS,Optimal,6.37659619999,8230.48398742,8070.0890147,1.124955|0.726615|0.384264,5340.178029|8070.089015|10800,5340.1780294,6641.10824565,26869.3859626,512.895267773,27382.2812303,22241.0048646,CVaR,0.9,0.5,678.315615835,2999.66375987,1499.83187993,46028.173614,147.674869543,37695.7438145,8332.42979952,18106.37328,14810.5178322,8570.26797443,1200,10800,3.18323145621e-12,1.81898940355e-12,8070.0890147,8230.48398742,8070.0890147,77.6109901123,179.029660222,27048.4156228,38340.9209988,7687.25261517,7120.01691391,17005.17702,13918.5488617,1993.16523058,23,316
2025-11-16,PuLP HiGHS,Optimal,8.88886939999,8070.0890147,8106.46867558,1.124955|0.726615|0.384264,5412.937351|8106.468676|10800,5412.93735116,6696.52520117,59103.0177871,760.056633924,59863.074421,55232.9026406,CVaR,0.9,0.5,1989.26257404,4132.70684152,2066.35342076,92514.7371438,195.34904082,79966.9717835,12547.7653603,24553.2532415,19855.3934308,3621.33374597,1200,10800,4.54747350886e-13,1.81898940355e-12,8106.46867558,8070.0890147,8106.46867558,77.3798685872,214.384676648,59317.4024637,79079.6640927,13435.0730512,478.073683333,22166.7589462,17922.3330516,4319.5546745,28,324
2025-11-17,PuLP HiGHS,Optimal,2.50349930002,8106.46867558,8519.3051223,1.124955|0.726615|0.384264,6238.610245|8519.305122|10800,6238.61024459,7325.39689627,60919.2433864,981.975671614,61901.219058,58049.3943004,CVaR,0.9,0.5,1880.77255295,6947.1442774,3473.5721387,94859.0749264,257.804305203,82507.0843015,12351.9906249,25214.5906507,20052.265625,3991.93351903,1200,10800,9.09494701773e-13,1.81898940355e-12,8519.3051223,8106.46867558,8519.3051223,9.26141712341,20.5557153054,60939.7991017,77578.7165891,17280.3583373,571.055963178,20787.4468823,16466.2791727,8013.13022066,29,303
2025-11-18,PuLP HiGHS,Optimal,3.39923289997,8519.3051223,8069.16651562,1.124955|0.726615|0.384264,5338.333031|8069.166516|10800,5338.33303124,6639.70300741,59225.9254508,1020.66530494,60246.5907557,57195.1400878,CVaR,0.9,0.5,1179.52860284,7176.50467894,3588.25233947,92025.0263601,258.792043662,80257.2418986,11767.7844615,24333.1793259,20115,3618.14972312,1200,10800,9.09494701773e-13,1.81898940355e-12,8069.16651562,8519.3051223,8069.16651562,27.6490306641,60.4331974873,59286.3586483,78490.1929236,13534.8334365,71.1391833333,20848.8193873,17292.6684497,6306.69148895,29,323
2025-11-19,PuLP HiGHS,Optimal,2.3159481,8069.16651562,7684.97607145,1.124955|0.726615|0.384264,4569.952143|7684.976071|10800,4569.9521429,6054.46762476,61407.1569475,635.651324907,62042.8082724,58351.073726,CVaR,0.9,0.5,2701.81417505,4725.46615664,2362.73307832,94938.3522236,169.862809378,80687.2885002,14251.0637234,24406.455062,20115,4142.9125212,1200,10800,4.54747350886e-13,4.54747350886e-13,7684.97607145,8069.16651562,7684.97607145,63.5779342448,309.747633094,61716.9045806,79292.4409848,15645.9112388,171.456928784,21905.3778423,18089.127452,4526.94976771,24,248
2025-11-20,PuLP HiGHS,Optimal,3.0800471,7684.97607145,8502.82289416,1.124955|0.726615|0.384264,6205.645788|8502.822894|10800,6205.64578832,7300.28960056,62125.2069493,856.483018657,62981.689968,58154.9333629,CVaR,0.9,0.5,1723.2380363,4947.06599099,2473.5329955,96057.2372303,234.830395536,83842.5074929,12214.7297375,26091.5188426,20398.0681221,3940.61053446,1200,10800,9.09494701773e-13,9.09494701773e-13,8502.82289416,7684.97607145,8502.82289416,6.03438520178,11.3326646896,62136.539614,79865.6805782,16191.5566521,208.070383333,21760.5600334,16889.9914866,7839.0354447,30,338
2025-11-21,PuLP HiGHS,Optimal,3.18245939998,8502.82289416,7776.83434953,1.124955|0.726615|0.384264,4753.668699|7776.83435|10800,4753.66869905,6194.39488046,27482.482649,541.532708808,28024.0153578,23656.486065,CVaR,0.9,0.5,1099.18335815,3653.7311753,1826.86558765,47607.112607,147.504117578,38170.8998362,9436.21277077,18327.6875756,15498.8166264,7899.17073707,1200,10800,5.68434188608e-13,1.81898940355e-12,7776.83434953,8502.82289416,7776.83434953,2.14409882813,9.79314698385,27492.275796,38783.5649984,8823.54760863,7419.18955454,16608.0271903,14105.8917143,3112.58529733,26,232
2025-11-22,PuLP HiGHS,Optimal,3.42316870001,7776.83434953,8598.32808407,1.124955|0.726615|0.384264,6396.656168|8598.328084|10800,6396.65616814,7445.77217883,31256.5018725,399.357251246,31655.8591238,25371.9521305,CVaR,0.9,0.5,1263.82663397,2323.73037121,1161.86518561,54110.1702529,116.230154309,41973.4398274,12136.7304255,20673.6679463,16006.3266754,7925.80423306,1200,10800,4.54747350886e-13,1.81898940355e-12,8598.32808407,7776.83434953,8598.32808407,23.1380008972,74.0178573077,31330.5197298,41566.6288471,12543.5414058,7157.59273907,18278.9487604,14066.6041349,4334.44172648,28,164
2025-11-23,PuLP HiGHS,Optimal,2.91215839999,8598.32808407,8257.28449153,1.124955|0.726615|0.384264,5714.568983|8257.284492|10800,5714.56898306,6926.26217952,62755.8608946,720.566669417,63476.427564,58933.0370527,CVaR,0.9,0.5,2058.23747455,4765.74333641,2382.87166821,96619.4500785,182.259111569,82945.3570749,13674.0930036,24915.638031,20488.6060384,4015.73849159,1200,10800,9.09494701773e-13,9.09494701773e-13,8257.28449153,8598.32808407,8257.28449153,70.4536498698,199.964242317,62955.8251369,79579.2192913,17040.2307872,725.739783333,21046.1900412,17354.3531667,7003.70086155,27,316
2025-11-24,PuLP HiGHS,Optimal,4.31102930001,8257.28449153,7678.08247005,1.124955|0.726615|0.384264,4556.16494|7678.08247|10800,4556.1649401,6043.96663622,58138.7345034,1066.92873944,59205.6632428,56851.6085797,CVaR,0.9,0.5,1612.74828182,7379.82394617,3689.91197308,90598.582565,282.980419443,80582.4150586,10016.1675064,24180.1613025,20107.2124743,3151.10234574,1200,10800,6.8212102633e-13,9.09494701773e-13,7678.08247005,8257.28449153,7678.08247005,69.8487842448,321.341101485,58460.0756049,77930.8176246,12667.7649404,458.714083333,20533.1076045,17153.098979,6601.16719327,29,359
2025-11-25,PuLP HiGHS,Optimal,3.30177349999,7678.08247005,8387.03882974,1.124955|0.726615|0.384264,5974.077659|8387.03883|10800,5974.07765948,7123.91631415,61541.2575615,752.963040871,62294.2206024,57680.5688714,CVaR,0.9,0.5,1308.65387331,5020.52916629,2510.26458315,95436.0178283,216.051834098,83863.1206414,11572.8971869,26130.4030604,20527.5657552,3832.54986194,1200,10800,9.09494701773e-13,9.09494701773e-13,8387.03882974,7678.08247005,8387.03882974,61.1592044271,133.147639888,61674.4052014,81243.459066,14192.5587623,290.491767695,22144.2384861,17298.77245,7214.95787954,28,332
2025-11-26,PuLP HiGHS,Optimal,3.5229831,8387.03882974,7817.76733852,1.124955|0.726615|0.384264,4835.534677|7817.767339|10800,4835.53467705,6256.74789794,57297.5683725,1209.85312263,58507.4214952,53766.4553321,CVaR,0.9,0.5,2278.61559778,3031.56346983,1515.78173491,89461.329562,328.161678814,81573.7845361,7887.54502588,24200.8094542,20115,3288.59729777,1200,10800,9.09494701773e-13,9.09494701773e-13,7817.76733852,8387.03882974,7817.76733852,194.37796145,725.849737231,58023.4181098,80204.1702075,9257.15935447,60.6515833333,21539.8633913,17959.6336891,4816.31237377,26,729
2025-11-27,PuLP HiGHS,Optimal,7.43911989999,7817.76733852,8183.5388775,1.124955|0.726615|0.384264,5567.077755|8183.538877|10800,5567.077755,6813.9258544,60310.6067161,869.322957205,61179.9296733,57004.6963785,CVaR,0.9,0.5,1326.61427851,5277.38511915,2638.69255958,93490.7921439,239.215361366,83700.9100095,9789.88213434,25641.8256956,20440.6844284,3396.49119236,1200,10800,4.54747350886e-13,9.09494701773e-13,8183.5388775,7817.76733852,8183.5388775,58.1611881897,169.532523694,60480.1392398,80378.2918695,13112.5002743,219.24445,21616.428891,17180.1130167,7285.96821633,29,415
2025-11-28,PuLP HiGHS,Optimal,3.3131503,8183.5388775,8219.17458541,1.124955|0.726615|0.384264,5638.349171|8219.174585|10800,5638.34917082,6868.20955008,30785.5662077,608.936445878,31394.5026535,26600.0669407,CVaR,0.9,0.5,2086.86351147,4147.54767454,2073.77383727,52994.9089664,176.07372258,41399.5762192,11595.3327472,19188.2163366,15510.3830955,7967.3333397,1200,10800,2.72848410532e-12,1.81898940355e-12,8219.17458541,8183.5388775,8219.17458541,0,0,30785.5662077,41085.467757,11909.4412095,6827.57175517,17392.5542878,14055.896836,3250.14830828,28,229
2025-11-29,PuLP HiGHS,Optimal,3.28483039999,8219.17458541,8183.58055032,1.124955|0.726615|0.384264,5567.161101|8183.58055|10800,5567.16110064,6813.9893344,32235.6864323,413.828892076,32649.5153244,27258.40376,CVaR,0.9,0.5,1315.50936882,2845.75554002,1422.87777001,55034.7413692,127.665211823,42350.2590649,12684.4823042,19686.8313081,15978.3679911,7998.03022821,1200,10800,4.54747350886e-13,1.81898940355e-12,8183.58055032,8219.17458541,8183.58055032,133.403121126,318.815334333,32554.5017666,42402.5484849,12632.1928843,4278.36502149,17685.1111374,14356.9746529,3623.11350889,30,171
2025-11-30,PuLP HiGHS,Optimal,3.23289710001,8183.58055032,7867.44137368,1.124955|0.726615|0.384264,4934.882747|7867.441374|10800,4934.88274736,6332.41610732,61623.2263286,816.93709885,62440.1634275,58382.7206139,CVaR,0.9,0.5,2094.07269919,4549.94658751,2274.97329375,94946.6944735,227.021315892,83640.4781181,11306.2163554,24596.027452,20207.3074951,3519.14417766,1200,10800,9.09494701773e-13,9.09494701773e-13,7867.44137368,8183.58055032,7867.44137368,115.701765067,351.963532021,61975.1898606,84103.3530607,10843.3414128,0,22414.4840424,18440.2573333,3948.59357139,26,394
2025-12-01,PuLP HiGHS,Optimal,1.0012692,7867.44137368,7950,1.124955|0.726615|0.384264,5121.374675|7960.687337|10800,5121.37467481,6466.69163796,60075.815332,968.355419946,61044.1707519,56293.1638275,CVaR,0.9,0.5,2134.43164985,3431.36942722,1715.68471361,93203.2738946,265.646242308,84175.4888238,9027.78507084,24925.0651404,20115,3076.61757994,1200,10800,6.8212102633e-13,9.09494701773e-13,7950,7867.44137368,7950,2398.93232022,7628.52688217,67704.3422141,88649.7868294,4553.48706522,0,24607.8350137,19858.0435974,574.186529276,12,578
2025-12-02,PuLP HiGHS,Optimal,3.8119004,7950,8725.03402696,1.124955|0.726615|0.384264,6650.068054|8725.034027|10800,6650.06805392,7638.7827081,64922.8590793,967.732263583,65890.5913429,60592.8082041,CVaR,0.9,0.5,4110.84242702,4681.99913863,2340.99956931,100554.28396,257.664236719,86597.4190976,13956.8648623,26057.4076898,20408.9696045,3286.76474306,1200,10800,2.27373675443e-13,9.09494701773e-13,8725.03402696,7950,8725.03402696,1591.84472678,6597.68797688,71520.5470562,92616.9859856,7937.29797432,0,25649.9480953,20078.9273329,737.501866141,11,320
2025-12-03,PuLP HiGHS,Optimal,3.3438992,8725.03402696,7703.99172617,1.124955|0.726615|0.384264,4607.983452|7703.991726|10800,4607.98345235,6083.43407652,60707.8600182,1082.38884715,61790.2488654,58871.9004862,CVaR,0.9,0.5,1383.47676617,6330.17139468,3165.08569734,93931.4002927,286.055965282,83823.4090849,10107.9912078,24348.7461407,20641.4224447,3067.57914339,1200,10800,4.54747350886e-13,9.09494701773e-13,7703.99172617,8725.03402696,7703.99172617,2001.1436033,6296.44487155,67004.3048898,88566.4118249,5364.98846779,0,22756.5522749,19351.7454133,2881.87089714,19,469
2025-12-04,PuLP HiGHS,Optimal,4.0708165,7703.99172617,7645.71838678,1.124955|0.726615|0.384264,4491.436774|7645.718387|10800,4491.43677355,5994.66658998,62126.8987561,749.357063623,62876.2558198,58609.4751581,CVaR,0.9,0.5,1846.02475864,3455.7718566,1727.8859283,96042.3676078,189.660975928,85466.5756595,10575.7919482,25205.7148483,20469.0750326,2971.17760241,1200,10800,4.54747350886e-13,9.09494701773e-13,7645.71838678,7703.99172617,7645.71838678,1484.69847603,4767.40187974,66894.3006359,89791.9092453,6250.45836249,0,23988.6577724,19483.2588011,2202.8733073,15,400
2025-12-05,PuLP HiGHS,Optimal,7.38248669999,7645.71838678,8153.63816232,1.124955|0.726615|0.384264,5507.276325|8153.638162|10800,5507.27632463,6768.37824446,29473.0590487,790.030582871,30263.0896316,25698.7812793,CVaR,0.9,0.5,1600.6609042,4408.1397844,2204.0698922,52288.8110436,227.404071235,43963.8661006,8324.94494301,20336.9212249,16015.7783942,5609.42678199,1200,10800,4.54747350886e-13,1.81898940355e-12,8153.63816232,7645.71838678,8153.63816232,490.003951751,1475.01456842,30948.0736171,47103.9640024,5184.84704118,2053.24412719,19852.4649773,15623.3688336,876.865808277,19,313
2025-12-06,PuLP HiGHS,Optimal,2.66090849999,8153.63816232,8729.25495686,1.124955|0.726615|0.384264,6658.509914|8729.254957|10800,6658.50991373,7645.21242951,32032.2323417,761.587165706,32793.8195074,27606.4149274,CVaR,0.9,0.5,2055.61455629,4915.61569908,2457.80784954,56253.7495639,201.956583976,45935.9067086,10317.8428554,21576.8177535,16959.1672652,6460.98623224,1200,10800,2.27373675443e-13,9.09494701773e-13,8729.25495686,8153.63816232,8729.25495686,1572.98664164,4578.53225272,36610.7645944,49201.1568185,7052.59274549,2780.9178638,20055.4719186,15726.877139,2753.6359611,27,289
2025-12-07,PuLP HiGHS,Optimal,1.01893339999,8729.25495686,7931.32036048,1.124955|0.726615|0.384264,5062.640721|7931.32036|10800,5062.64072096,6429.72264852,68315.9871535,639.668464869,68955.6556183,65231.2359938,CVaR,0.9,0.5,1905.04936632,5410.60604793,2705.30302396,103835.054221,172.49526447,87038.8448472,16796.2093734,24780.0726707,20790,3062.91857556,1200,10800,0,4.54747350886e-13,7931.32036048,8729.25495686,7931.32036048,475.343876191,1783.50258692,70099.4897404,90715.1700058,13119.8842148,0,22399.8619406,18862.0293087,4308.18142139,20,201
2025-12-08,PuLP HiGHS,Optimal,0.973775599996,7931.32036048,7920.81380679,1.124955|0.726615|0.384264,5041.627614|7920.813807|10800,5041.62761357,6413.71806781,70333.9825182,872.236150346,71206.2186686,67060.2606529,CVaR,0.9,0.5,1673.32789067,4535.52010424,2267.76005212,107520.930409,224.58771113,94179.1554111,13341.7749984,25654.9927181,20790,1812.11816246,1200,10800,9.09494701773e-13,4.54747350886e-13,7920.81380679,7931.32036048,7920.81380679,37.2367554687,160.473034818,70494.455553,92188.7439693,15332.1864402,0,23095.9237178,18717.1541097,4631.91489059,20,326
2025-12-09,PuLP HiGHS,Optimal,2.7593066,7920.81380679,7715.13578038,1.124955|0.726615|0.384264,4630.271561|7715.13578|10800,4630.27156076,6100.40975857,70104.8275281,782.624954217,70887.4524823,67354.3480537,CVaR,0.9,0.5,1297.20041956,5134.61065992,2567.30532996,107699.62616,191.808637522,93824.8150204,13874.8111395,25438.1355262,20790,1916.1547168,1200,10800,4.54747350886e-13,9.09494701773e-13,7715.13578038,7920.81380679,7715.13578038,15.0161157227,87.221108175,70192.0486363,91681.391469,16018.2346908,0,23647.702852,19339.7495339,3240.6831404,18,303
2025-12-10,PuLP HiGHS,Optimal,3.67232849999,7715.13578038,8528.93794991,1.124955|0.726615|0.384264,6257.8759|8528.93795|10800,6257.87589983,7340.07053441,73652.7988669,925.336547439,74578.1354143,70013.0226154,CVaR,0.9,0.5,3346.0482162,5549.91547097,2774.95773548,112220.542974,245.895501087,96520.4495545,15700.0934195,27058.1560504,21184.6844482,2641.47494717,1200,10800,4.54747350886e-13,9.09494701773e-13,8528.93794991,7715.13578038,8528.93794991,25.9226117096,113.515116676,73766.3139835,93540.245288,18680.297686,0,23400.6709497,18222.1215167,6620.04803229,21,321
2025-12-11,PuLP HiGHS,Optimal,4.94290300002,8528.93794991,7775.99461983,1.124955|0.726615|0.384264,4751.98924|7775.99462|10800,4751.98923966,6193.11572441,68678.6901741,981.26854291,69659.9587171,66095.949131,CVaR,0.9,0.5,2818.45741834,5258.21227674,2629.10613837,104700.821775,263.424315366,93106.250909,11594.570866,24830.0629666,20790,1944.07811814,1200,10800,2.84217094304e-13,9.09494701773e-13,7775.99461983,8528.93794991,7775.99461983,3.14897786458,6.97813494792,68685.6683091,89486.1781332,15214.6436418,0,22135.3758324,18607.3034214,4877.38371278,19,415
2025-12-12,PuLP HiGHS,Optimal,3.4105952,7775.99461983,8465.07773943,1.124955|0.726615|0.384264,6130.155479|8465.077739|10800,6130.15547887,7242.79259509,36431.0912424,856.231380216,37287.3226227,32612.9256843,CVaR,0.9,0.5,2355.8159671,5136.79131346,2568.39565673,63700.2475497,223.813681994,51799.321689,11900.9258607,22914.9489386,17940.9338326,4661.37127504,1200,10800,0,1.81898940355e-12,8465.07773943,7775.99461983,8465.07773943,7.93246282552,37.9528683887,36469.0441108,50340.8014504,13359.4460993,2179.7520293,20181.01891,15726.4505095,4948.41335165,32,287
2025-12-13,PuLP HiGHS,Optimal,3.5746274,8465.07773943,8176.21788531,1.124955|0.726615|0.384264,5552.435771|8176.217885|10800,5552.43577063,6802.77382361,34504.9323547,961.635369147,35466.5677238,31537.600642,CVaR,0.9,0.5,2712.94159623,5747.61348368,2873.80674184,61073.2363054,256.28270407,51088.2676469,9984.96865854,21333.1742407,17539.8450037,4411.41439134,1200,10800,8.10018718767e-13,9.09494701773e-13,8176.21788531,8465.07773943,8176.21788531,5.20492832031,24.3798842523,34529.3122389,49008.2163476,12065.0199578,1899.32407643,18818.6193939,15503.0555778,4551.3442727,33,311
2025-12-14,PuLP HiGHS,Optimal,2.84103299998,8176.21788531,8641.60808276,1.124955|0.726615|0.384264,6483.216166|8641.608083|10800,6483.21616552,7511.70038443,71731.0872542,898.596415031,72629.6836692,67583.1754522,CVaR,0.9,0.5,2269.01615428,4930.38433483,2465.19216741,109177.912078,234.525327836,95915.7306972,13262.1813803,26331.5920753,20909.7384033,2130.05831593,1200,10800,9.09494701773e-13,9.09494701773e-13,8641.60808276,8176.21788531,8641.60808276,38.8759134766,86.5525452739,71817.6397994,93694.4051375,15483.50694,0,23872.1477542,18917.5885032,4451.59422128,20,346
2025-12-15,PuLP HiGHS,Optimal,0.956496600003,8641.60808276,7946.47868853,1.124955|0.726615|0.384264,5092.957377|7946.478689|10800,5092.95737706,6452.81325385,67229.4567752,1209.12356683,68438.580342,65842.4180552,CVaR,0.9,0.5,1156.56102121,7713.30193414,3856.65096707,102951.553639,327.11993173,92824.6161553,10126.9374841,24894.3006731,20790,2188.92444846,1200,10800,9.09494701773e-13,4.54747350886e-13,7946.47868853,8641.60808276,7946.47868853,57.6573186849,227.71299071,67457.1697659,93136.1817171,9815.37192228,0,22894.1974944,19169.9164252,3620.18675348,18,505
2025-12-16,PuLP HiGHS,Optimal,3.18397429999,7946.47868853,7664.62813306,1.124955|0.726615|0.384264,4529.256266|7664.628133|10800,4529.25626612,6023.47171195,69381.016423,812.874770031,70193.891193,66392.4164192,CVaR,0.9,0.5,1782.0698891,4443.99387613,2221.99693807,105839.352228,215.353913464,93571.7964245,12267.5558031,25353.4993828,20790,2003.32844442,1200,10800,4.54747350886e-13,9.09494701773e-13,7664.62813306,7946.47868853,7664.62813306,7.15366783854,28.9437400747,69409.9601631,93626.9514546,12212.400773,0,23524.6278371,19308.614048,3310.25749772,18,367
2025-12-17,PuLP HiGHS,Optimal,3.1991265,7664.62813306,8021.93848211,1.124955|0.726615|0.384264,5243.876964|8021.938482|10800,5243.87696423,6567.76078011,71515.4222192,801.935998427,72317.3582176,68534.7367316,CVaR,0.9,0.5,1511.73494914,5570.27858817,2785.13929409,109033.057214,215.390154894,95836.8123146,13196.2448992,26063.6781656,20790,2142.34021212,1200,10800,9.09494701773e-13,1.81898940355e-12,8021.93848211,7664.62813306,8021.93848211,135.928213156,475.02197123,71990.4441904,92817.3985365,16215.6586773,0,23367.8966781,18606.4169951,4879.36449239,19,294
2025-12-18,PuLP HiGHS,Optimal,4.15546549999,8021.93848211,8110.73278576,1.124955|0.726615|0.384264,5421.465572|8110.732786|10800,5421.46557152,6703.02069888,69340.721679,995.967923949,70336.689603,66454.7020412,CVaR,0.9,0.5,1978.39199807,5642.06627426,2821.03313713,106316.234801,265.49397497,94498.492704,11817.7420968,25765.327004,20790,1779.21431431,1200,10800,4.54747350886e-13,9.09494701773e-13,8110.73278576,8021.93848211,8110.73278576,63.1140470703,141.0466225,69481.7683015,91964.0971462,14352.1376546,0,24110.6808068,19449.7365802,2994.90961707,16,371
2025-12-19,PuLP HiGHS,Optimal,2.52053850002,8110.73278576,8782.85405369,1.124955|0.726615|0.384264,6765.708107|8782.854054|10800,6765.70810739,7726.85966572,37320.8584168,904.882276785,38225.7406936,32622.55343,CVaR,0.9,0.5,3632.79262956,4247.34480437,2123.67240219,65460.0775807,238.174673044,53355.4561003,12104.6214803,22503.2956876,17622.7603658,4141.8978735,1200,10800,9.09494701773e-13,9.09494701773e-13,8782.85405369,8110.73278576,8782.85405369,0,0,37320.8584168,50347.3522304,15112.7253503,3157.01381667,19352.8314347,15070.884321,5702.34029773,33,344
2025-12-20,PuLP HiGHS,Optimal,2.7646582,8782.85405369,8551.48916051,1.124955|0.726615|0.384264,6302.978321|8551.489161|10800,6302.97832101,7374.42268075,36907.4510415,737.082270421,37644.5333119,32813.3318866,CVaR,0.9,0.5,1105.87025086,5086.44251093,2543.22125547,63592.1968098,201.61767705,52312.2321284,11279.9646814,22128.6016856,18132.3957692,5454.07420077,1200,10800,9.09494701773e-13,1.81898940355e-12,8551.48916051,8782.85405369,8551.48916051,9.00550761108,38.0122476264,36945.4632891,49288.0976595,14304.0991503,3114.78097708,18601.043915,15275.073975,6384.87956485,35,267
2025-12-21,PuLP HiGHS,Optimal,0.914178799983,8551.48916051,7950,1.124955|0.726615|0.384264,5101.519049|7950.759525|10800,5101.51904906,6458.782348,67347.3240734,1227.34442766,68574.668501,65001.3635431,CVaR,0.9,0.5,2820.94476591,5770.95478011,2885.47739005,102952.017893,330.495888378,93948.0832951,9003.93459779,24998.3453772,20790,1447.29369446,1200,10800,9.09494701773e-13,9.09494701773e-13,7950,8551.48916051,7950,380.484769236,1110.64380924,68457.9678826,92478.5709989,10473.4468939,0,22961.1270841,19139.8531826,3687.36511059,17,505
2025-12-22,PuLP HiGHS,Optimal,2.59901969999,7950,8499.51002121,1.124955|0.726615|0.384264,6199.020042|8499.510021|10800,6199.02004242,7295.24311776,72966.9894029,802.398406376,73769.3878093,68694.785624,CVaR,0.9,0.5,1412.42944088,4441.28186502,2220.64093251,111691.615683,199.9545824,96872.6909076,14818.9247758,26569.8445866,21027.015096,2299.25269681,1200,10800,9.09494701773e-13,9.09494701773e-13,8499.51002121,7950,8499.51002121,8.62167154948,18.8254198283,72985.8148227,93960.6038606,17731.0118228,0,23880.2075247,18848.4090759,4868.24308205,19,300
2025-12-23,PuLP HiGHS,Optimal,4.25709289999,8499.51002121,8566.14324587,1.124955|0.726615|0.384264,6332.286492|8566.143246|10800,6332.28649175,7396.74517572,69821.9009816,1200.28298442,71022.1839661,66202.4212472,CVaR,0.9,0.5,3310.97929113,5153.96491367,2576.98245684,107293.10391,300.115279903,95172.7918872,12120.3120223,25740.703583,20790,1696.97019561,1200,10800,9.09494701773e-13,9.09494701773e-13,8566.14324587,8499.51002121,8566.14324587,0,0,69821.9009816,91787.7356229,15505.3682866,0,23524.595723,18994.9526335,4011.15522646,18,393
2025-12-24,PuLP HiGHS,Optimal,0.862934000004,8566.14324587,8582.99473688,1.124955|0.726615|0.384264,6365.989474|8582.994737|10800,6365.98947375,7422.41496771,71000.3131775,903.345091316,71903.6582688,67629.3126417,CVaR,0.9,0.5,1744.23152474,6296.13868128,3148.06934064,108683.603892,228.255564775,95676.4650314,13007.1388605,25685.3905456,20790,1844.88497118,1200,10800,9.09494701773e-13,9.09494701773e-13,8582.99473688,8566.14324587,8582.99473688,0,0,71000.3131775,92271.9467022,16411.6571897,0,23169.5844403,18752.1970547,4553.60905053,19,305
2025-12-25,PuLP HiGHS,Optimal,2.79945999998,8582.99473688,8258.58564677,1.124955|0.726615|0.384264,5717.171294|8258.585647|10800,5717.17129353,6928.24422279,66781.6783177,1206.30812181,67987.9864395,62825.6652499,CVaR,0.9,0.5,2451.82258662,3531.84606634,1765.92303317,102878.709885,307.240049096,93148.9931597,9729.7167256,25306.2121221,20790,1577.94147335,1200,10800,9.09494701773e-13,9.09494701773e-13,8258.58564677,8582.99473688,8258.58564677,301.067982165,1173.57866143,67955.2569791,91566.3828534,11312.3270319,0,22878.7920174,18823.7897152,4393.63038948,19,597
2025-12-26,PuLP HiGHS,Optimal,2.39050499999,8258.58564677,7933.53431161,1.124955|0.726615|0.384264,5067.068623|7933.534312|10800,5067.06862322,6433.0951492,34457.8688926,652.77359825,35110.6424908,30649.1346975,CVaR,0.9,0.5,1477.79052114,3943.17471165,1971.58735582,60175.8832189,178.9322813,51446.7782632,8729.10495569,21184.8185677,17452.2492415,5300.84944265,1200,10800,9.09494701773e-13,9.09494701773e-13,7933.53431161,8258.58564677,7933.53431161,43.8449734376,146.67641949,34604.5453121,48830.826354,11345.0568648,2773.45530892,17821.7883519,14728.1947667,6087.08469051,33,327
2025-12-27,PuLP HiGHS,Optimal,2.37886110001,7933.53431161,7694.18488467,1.124955|0.726615|0.384264,4588.369769|7694.184885|10800,4588.36976935,6068.4953639,34832.5355502,896.701009107,35729.2365593,33365.0523094,CVaR,0.9,0.5,714.3334438,7408.62222795,3704.31111398,61171.8541702,247.10294275,50992.5874265,10179.2667437,21394.8413993,17545.2360177,5280.48245073,1200,10800,9.09494701773e-13,4.54747350886e-13,7694.18488467,7933.53431161,7694.18488467,58.0685117625,140.719055284,34973.2546055,48994.0392238,12177.8149464,2526.04174681,17908.7968753,14721.5399533,6309.74058832,34,280
2025-12-28,PuLP HiGHS,Optimal,2.78213549999,7694.18488467,8471.11941559,1.124955|0.726615|0.384264,6142.238831|8471.119416|10800,6142.23883119,7251.99585018,72513.6789582,864.084834037,73377.7637923,68999.7155193,CVaR,0.9,0.5,1851.43582609,5747.89515443,2873.94757721,110669.267657,223.458234313,96695.929557,13973.3380997,26529.9272566,20790,1852.23630221,1200,10800,0,9.09494701773e-13,8471.11941559,7694.18488467,8471.11941559,22.9244688802,50.1406059078,72563.8195641,91914.6079207,18754.6597361,0,23310.7187459,18182.4411064,5826.76740426,18,323
2025-12-29,PuLP HiGHS,Optimal,3.65569429999,8471.11941559,7766.10710787,1.124955|0.726615|0.384264,4732.214216|7766.107108|10800,4732.21421574,6178.05412688,72100.2392669,721.873276541,72822.1125435,68952.0810197,CVaR,0.9,0.5,3172.47004178,4616.04520615,2308.02260307,109613.775105,181.470293801,94127.9829616,15485.792143,25069.1733164,20940.5414632,2138.51040319,1200,10800,0,1.81898940355e-12,7766.10710787,8471.11941559,7766.10710787,0,0,72100.2392669,91038.2818673,18575.4932373,0,21836.9825136,18322.466913,5850.26535305,21,267
2025-12-30,PuLP HiGHS,Optimal,4.1568926,7766.10710787,8060.18525155,1.124955|0.726615|0.384264,5320.370503|8060.185252|10800,5320.3705031,6626.02189276,69924.3427488,955.105403973,70879.4481527,67790.5375338,CVaR,0.9,0.5,1281.60288039,7074.2225476,3537.1112738,106866.059649,258.352563149,94440.5643393,12425.49531,25993.4201596,20790,2160.60667263,1200,10800,9.09494701773e-13,2.27373675443e-13,8060.18525155,7766.10710787,8060.18525155,48.2671078945,104.363616064,70028.7063648,90817.3438955,16048.7157538,0,23034.4109162,18393.2025128,5355.8067306,19,327
2025-12-31,PuLP HiGHS,Optimal,0.901241999993,8060.18525155,7834.33049198,1.124955|0.726615|0.384264,4868.660984|7834.330492|10800,4868.66098395,6281.97846677,67631.0739021,1018.11936389,68649.193266,64628.6661351,CVaR,0.9,0.5,2563.13556891,4522.9026718,2261.4513359,103781.43073,281.571318652,94216.966536,9564.46419398,25415.7169338,20790,1982.76252283,1200,10800,9.09494701773e-13,9.09494701773e-13,7834.33049198,8060.18525155,7834.33049198,173.508290737,384.444016067,68015.5179181,92726.9848908,11054.4458393,0,23459.6817463,19205.6114981,3540.4236894,18,545
