date,solver,status,runtime_seconds,initial_energy_kwh,final_energy_kwh,terminal_value_rates_yuan_per_kwh,terminal_value_breakpoints_kwh,terminal_uncertainty_reserve_kwh,terminal_value_credit_yuan,planned_purchase_cost_yuan,expected_emergency_cost_yuan,expected_total_cost_yuan,optimization_objective_yuan,risk_method,cvar_alpha,risk_weight,var_cost_yuan,cvar_cost_yuan,lambda_cvar_term_yuan,planned_purchase_energy_kwh,expected_emergency_energy_kwh,expected_planned_grid_used_energy_kwh,expected_unused_planned_grid_energy_kwh,charge_energy_kwh,discharge_energy_kwh,expected_spill_energy_kwh,minimum_energy_kwh,maximum_energy_kwh,maximum_power_balance_residual_kw,maximum_soc_residual_kwh,planned_final_energy_kwh,actual_initial_energy_kwh,actual_final_energy_kwh,realized_emergency_energy_kwh,realized_emergency_cost_yuan,realized_total_cost_yuan,realized_planned_grid_used_energy_kwh,realized_unused_planned_grid_energy_kwh,realized_pv_spill_energy_kwh,actual_charge_energy_kwh,actual_discharge_energy_kwh,battery_clipping_energy_kwh,battery_clipping_intervals,scenario_emergency_interval_count
2025-02-01,PuLP HiGHS,Optimal,2.7307991,6000,7189.18008607,1.124955|0.726615|0.384264,3506.12668|7153.06334|10800,3506.12668024,5244.20762069,26050.7928139,1301.18954135,27351.9823552,22217.5581931,CVaR,0.9,0.05,1969.00912837,2195.66917056,109.783458528,49129.0205726,360.517669205,45769.327558,3359.69301454,21582.4258025,16444.0078939,2656.7404635,1200,10800,9.09494701773e-13,4.54747350886e-13,7153.06334012,6000,7189.18008607,149.50264694,762.842908743,26813.6357226,43484.6316139,5644.38895868,4353.84146514,20167.6567626,15265.5399003,2593.23703345,30,1002
2025-02-02,PuLP HiGHS,Optimal,0.959643199996,7189.18008607,7055.40240761,1.124955|0.726615|0.384264,3310.804815|7055.402408|10800,3310.80481523,5095.44121051,59335.7436832,1831.68707468,61167.4307579,56218.5436533,CVaR,0.9,0.05,2809.49467047,2931.08211901,146.554105951,93550.0567759,474.602065606,88898.71941,4651.33736592,24684.6914684,20115,1089.33746927,1200,10800,4.54747350886e-13,9.09494701773e-13,7055.40240761,7189.18008607,7055.40240761,62.7857538132,227.573791389,59563.3174746,82425.8189017,11124.2378741,59.1740666667,22071.3292079,17998.176569,4730.18569151,27,1146
2025-02-03,PuLP HiGHS,Optimal,0.965041000003,7055.40240761,7055.40235185,1.124955|0.726615|0.384264,3310.804704|7055.402352|10800,3310.80470371,5095.44112557,58124.3961617,1741.9931277,59866.3892894,54947.1300386,CVaR,0.9,0.05,3221.59103304,3523.63749595,176.181874798,92096.2213861,445.575423922,87539.7400289,4556.48135724,24833.3332714,20115,1227.23432819,1200,10800,2.27373675443e-13,1.81898940355e-12,7055.40235185,7055.40240761,7055.40235185,147.577480021,559.128605035,58683.5247667,84372.8044999,7723.41688624,0,22649.8185794,18346.3530995,3952.16159252,25,1141
2025-02-04,PuLP HiGHS,Optimal,0.933655500005,7055.40235185,7079.21568092,1.124955|0.726615|0.384264,3315.626909|7057.813454|10800,3315.62690857,5099.11394585,58300.1929774,1872.53592151,60172.7288989,55249.7739645,CVaR,0.9,0.05,3403.67879507,3523.1802301,176.159011505,92359.8285544,487.714416586,87667.3950161,4692.43353825,24669.0850518,19979.7888997,1225.57688903,1200,10800,4.54747350886e-13,9.09494701773e-13,7057.81345429,7055.40235185,7079.21568092,458.531029032,1700.89988276,60001.0928601,85275.7639485,7084.06460584,0,23778.9422706,19239.511243,1630.42043786,22,1132
2025-02-05,PuLP HiGHS,Optimal,0.971062100012,7079.21568092,6873.5491149,1.124955|0.726615|0.384264,2947.09823|6873.549115|10800,2947.0982298,4818.42499898,57130.1823185,1845.1715906,58975.3539091,54376.5595015,CVaR,0.9,0.05,3614.85037125,4392.61182818,219.630591409,90678.4964917,486.527124267,86173.4953453,4505.00114638,24148.2899922,19745.2148031,1131.33905611,1200,10800,9.09494701773e-13,9.09494701773e-13,6873.5491149,7079.21568092,6873.5491149,317.165328602,1242.06932899,58372.2516475,84657.8278343,6020.66865741,2.0525,23208.4925736,18983.978894,1701.03332763,21,1154
2025-02-06,PuLP HiGHS,Optimal,4.4655303,6873.5491149,7092.43511486,1.124955|0.726615|0.384264,3337.542418|7068.771209|10800,3337.54241809,5115.80583888,58778.4179729,1824.69682891,60603.1148018,55649.2317304,CVaR,0.9,0.05,3168.63150421,3238.45535115,161.922767557,92767.7150043,475.55473978,88226.9428249,4540.77217937,25050.2467713,20115,1149.00451547,1200,10800,4.54747350886e-13,9.09494701773e-13,7068.77120905,6873.5491149,7092.43511486,102.149351953,359.257426103,59137.675399,84745.6836493,8022.03135495,1.40081666667,23044.0924631,18468.7174952,3652.43681295,26,1185
2025-02-07,PuLP HiGHS,Optimal,3.68824259999,7092.43511486,7058.30191845,1.124955|0.726615|0.384264,3288.933463|7044.466731|10800,3288.93346291,5078.78294969,24670.8128297,1291.70358668,25962.5164164,20992.4830771,CVaR,0.9,0.05,2087.00167275,2174.99220737,108.749610369,46342.1779294,352.250824534,43032.3271717,3309.85075776,20178.4646925,16387.727946,2792.26871586,1200,10800,4.54747350886e-13,1.81898940355e-12,7044.46673145,7092.43511486,7058.30191845,112.382315504,648.299348342,25319.1121781,40673.6358318,5668.54209762,5389.76938886,19059.415624,15468.8465322,2037.93048218,28,1003
2025-02-08,PuLP HiGHS,Optimal,3.2481652,7058.30191845,7044.46668684,1.124955|0.726615|0.384264,3288.933374|7044.466687|10800,3288.93337368,5078.78288173,22301.0882735,1349.38228474,23650.4705583,18702.5252066,CVaR,0.9,0.05,2567.15610128,2616.75060205,130.837530103,41797.4999443,383.987228782,38826.088777,2971.41116724,19568.2342347,15862.7214386,3529.29870119,1200,10800,4.54747350886e-13,9.09494701773e-13,7044.46668684,7058.30191845,7044.46668684,213.529052578,913.650913053,23214.7391866,38945.1506112,2852.34933303,4072.77822067,18532.5812365,15023.84251,1874.53192676,23,1020
2025-02-09,PuLP HiGHS,Optimal,1.1156969,7044.46668684,7044.46672119,1.124955|0.726615|0.384264,3288.933442|7044.466721|10800,3288.93344238,5078.78293405,54596.7491818,1800.82065054,56397.5698323,51508.34276,CVaR,0.9,0.05,3640.65361971,3791.11723474,189.555861737,87002.0528239,479.450996913,82571.898823,4430.15400084,24523.7509507,19864.2382392,1398.49138006,1200,10800,4.54747350886e-13,9.09494701773e-13,7044.46672119,7044.46668684,7044.46672119,953.477042687,3188.79537998,57785.5445617,83071.1618587,3930.89096522,0,23522.2258094,19053.0028747,1812.7605059,22,1161
2025-02-10,PuLP HiGHS,Optimal,1.0462956,7044.46672119,6903.82552941,1.124955|0.726615|0.384264,2997.494005|6898.747002|10800,2997.494005,4856.80881517,55372.452344,1789.63852195,57162.0908659,52494.8267456,CVaR,0.9,0.05,3123.75294765,3790.89389635,189.544694817,88016.7250752,485.519829556,83716.7136749,4300.01140036,24351.3949522,19855.7776581,1345.84130704,1200,10800,9.09494701773e-13,4.54747350886e-13,6898.7470025,7044.46672119,6903.82552941,175.23538231,615.050881569,55987.5032256,78391.8767795,9624.84829574,463.470422094,20545.164363,16768.1602066,6893.84804073,30,1171
2025-02-11,PuLP HiGHS,Optimal,4.59505459999,6903.82552941,6962.26373559,1.124955|0.726615|0.384264,3124.527471|6962.263736|10800,3124.52747118,4953.56353711,54002.0216579,1805.08862901,55807.1102869,51051.258177,CVaR,0.9,0.05,3945.2724735,3954.22854336,197.711427168,86322.9684466,480.685522323,82013.4527472,4309.5156994,24473.06057,19770.5846761,1436.06274309,1200,10800,4.54747350886e-13,9.09494701773e-13,6962.26373559,6903.82552941,6962.26373559,192.973846535,1011.12640912,55013.148067,79499.3014957,6823.66695093,162.0573,22405.4027542,18095.7818454,3742.46064644,27,1127
2025-02-12,PuLP HiGHS,Optimal,4.63582510001,6962.26373559,7010.44572894,1.124955|0.726615|0.384264,3220.891458|7010.445729|10800,3220.89145788,5026.95892667,53696.4189925,1813.81962165,55510.2386142,50672.3245817,CVaR,0.9,0.05,3643.35957932,3780.89788437,189.044894218,85943.8406798,488.803477111,81751.9238896,4191.91679019,24328.2792507,19662.5423991,1491.17239407,1200,10800,4.54747350886e-13,9.09494701773e-13,7010.44572894,6962.26373559,7010.44572894,267.710413686,1107.57533649,54803.994329,79443.8772036,6499.96347613,163.384283333,22305.8074034,18024.3402027,3660.6740437,27,1180
2025-02-13,PuLP HiGHS,Optimal,7.83297009999,7010.44572894,7112.23946393,1.124955|0.726615|0.384264,3424.478928|7112.239464|10800,3424.47892786,5182.02081421,53651.0847724,1738.50294515,55389.5877175,50371.3365856,CVaR,0.9,0.05,3152.09519415,3275.39364492,163.769682246,85684.6399229,466.382788391,81435.8058564,4248.8340665,24192.1435334,19504.0219006,1420.48382328,1200,10800,4.54747350886e-13,9.09494701773e-13,7112.23946393,7010.44572894,7112.23946393,291.096713002,1255.52409586,54906.6088682,75611.3924516,10073.2474713,684.727033333,19982.4671215,16094.1840069,7619.51430562,31,1150
2025-02-14,PuLP HiGHS,Optimal,3.5883564,7112.23946393,7112.23946833,1.124955|0.726615|0.384264,3424.478937|7112.239468|10800,3424.47893665,5182.02082091,20512.6546886,1314.53096425,21827.1856529,16779.5616024,CVaR,0.9,0.05,2273.35362114,2687.93540831,134.396770415,38051.4949299,371.784483015,35240.8632333,2810.63169659,18671.0698055,15123.5665385,4048.76050297,1200,10800,4.54747350886e-13,1.81898940355e-12,7112.23946833,7112.23946393,7112.23946833,962.733382686,3239.44787219,23752.1025608,35836.6683268,2214.8266031,3590.90750697,17929.9599047,14523.2675188,1341.40892044,19,948
2025-02-15,PuLP HiGHS,Optimal,3.3526617,7112.23946833,7011.21957793,1.124955|0.726615|0.384264,3222.439156|7011.219578|10800,3222.43915585,5028.13772696,20287.0353914,1299.58831928,21586.6237107,16683.4899091,CVaR,0.9,0.05,2107.21219036,2500.07850692,125.003925346,37575.1757053,364.932250999,34818.3128114,2756.86289383,18377.8265047,14976.9573702,4332.88129561,1200,10800,4.54747350886e-13,1.81898940355e-12,7011.21957793,7112.23946833,7011.21957793,721.111916857,2593.94936991,22880.9847614,35691.1142439,1884.06146133,3942.0386729,17268.4962593,14078.3998714,2007.88774433,20,958
2025-02-16,PuLP HiGHS,Optimal,5.62945240001,7011.21957793,7041.73258312,1.124955|0.726615|0.384264,3283.465166|7041.732583|10800,3283.46516625,5074.61803521,51675.3943819,1913.5527445,53588.9471264,48700.8198662,CVaR,0.9,0.05,3523.42847264,3729.81550026,186.490775013,83009.9518174,505.372109857,78862.79364,4147.15817734,23366.2458433,18899.1974284,1635.16379076,1200,10800,5.68434188608e-13,1.81898940355e-12,7041.73258312,7011.21957793,7041.73258312,872.407393028,3316.95319462,54992.3475766,78761.6535159,4248.29830145,30.5391666667,22098.3207243,17872.178082,2294.94446533,18,1162
2025-02-17,PuLP HiGHS,Optimal,1.15794780001,7041.73258312,6992.55534051,1.124955|0.726615|0.384264,3185.110681|6992.555341|10800,3185.11068102,4999.70658742,50764.677317,1929.24229416,52693.9196111,47873.7908539,CVaR,0.9,0.05,3384.44706798,3591.55660306,179.577830153,81934.3669079,512.347244846,77834.3018698,4100.06503814,23102.8392672,18757.5593248,1566.96492619,1200,10800,0,9.09494701773e-13,6992.55534051,7041.73258312,6992.55534051,284.195565624,1203.24822939,51967.9255464,75525.9440465,6408.42286141,801.467166667,20363.5199851,16538.7107063,4958.16790072,29,1191
2025-02-18,PuLP HiGHS,Optimal,4.9990058,6992.55534051,6967.98942508,1.124955|0.726615|0.384264,3135.97885|6967.989425|10800,3135.97885015,4962.28545127,50680.1197546,1816.16844349,52496.288198,47716.9161456,CVaR,0.9,0.05,3342.49195948,3658.26797635,182.913398817,81573.6065799,490.017973421,77502.7260499,4070.88052999,23184.5416152,18801.5880322,1776.20587562,1200,10800,3.41060513165e-13,9.09494701773e-13,6967.98942508,6992.55534051,6967.98942508,288.340773789,1099.47828579,51779.5980403,76054.446249,5519.16033085,274.014349351,21049.9695476,17072.5846574,3863.57544246,28,1170
2025-02-19,PuLP HiGHS,Optimal,4.38443189999,6967.98942508,6999.39992283,1.124955|0.726615|0.384264,3198.799846|6999.399923|10800,3198.79984566,5010.13290545,50392.3630325,1833.84918107,52226.2122135,47422.0394034,CVaR,0.9,0.05,3541.47246612,4119.20190663,205.960095331,81252.5442914,483.551036023,77207.3792127,4045.16507867,23223.1448564,18782.4778857,1757.67435268,1200,10800,3.41060513165e-13,1.81898940355e-12,6999.39992283,6967.98942508,6999.39992283,790.709496623,2734.56402694,53126.9270594,76551.3241715,4701.22011987,167.243216667,22458.9137901,18163.450722,1383.25823008,19,1147
2025-02-20,PuLP HiGHS,Optimal,6.92565399999,6999.39992283,7044.46675123,1.124955|0.726615|0.384264,3288.933502|7044.466751|10800,3288.93350246,5078.78297982,50067.1451463,1787.00106187,51854.1462082,46949.3250576,CVaR,0.9,0.05,3411.06690883,3479.23658468,173.961829234,80949.7888105,479.156769276,76983.5766204,3966.2121901,23251.3336125,18793.0200806,1770.86795098,1200,10800,3.41060513165e-13,9.09494701773e-13,7044.46675123,6999.39992283,7044.46675123,456.715547443,1974.58570567,52041.730852,75061.2944949,5888.49431564,391.814483333,21539.4825269,17406.4207013,3098.45046485,21,1175
2025-02-21,PuLP HiGHS,Optimal,3.2822366,7044.46675123,6833.88426606,1.124955|0.726615|0.384264,2867.768532|6833.884266|10800,2867.76853212,4758.00373307,19762.9853134,937.06303912,20700.0483525,16027.5552293,CVaR,0.9,0.05,1541.23357612,1710.21219775,85.5106098874,36670.3581195,253.326118038,34086.9780354,2583.38008417,17993.9829689,14764.6504415,5777.36992938,1200,10800,4.54747350886e-13,1.81898940355e-12,6833.88426606,7044.46675123,6833.88426606,234.532372567,794.868429544,20557.8537429,34227.2910378,2443.06708169,5781.69740738,17417.832665,14297.9686953,1042.8320501,19,815
2025-02-22,PuLP HiGHS,Optimal,3.09394009999,6833.88426606,7007.71173531,1.124955|0.726615|0.384264,3215.423471|7007.711735|10800,3215.42347061,5022.79424783,19840.2831902,1086.44422941,20926.7274196,15999.6920527,CVaR,0.9,0.05,1886.93978523,1915.17761813,95.7588809063,36878.4851315,287.961019652,34359.9643148,2518.52081678,17982.7881485,14409.613678,5791.17380507,1200,10800,4.54747350886e-13,1.81898940355e-12,7007.71173531,6833.88426606,7007.71173531,269.175141571,968.292945094,20808.5761353,34684.1768965,2194.30823505,3638.03697852,17442.6708099,13972.1186337,977.612382881,18,845
2025-02-23,PuLP HiGHS,Optimal,4.48171209999,7007.71173531,6975.53149333,1.124955|0.726615|0.384264,3135.978874|6967.989437|10800,3135.9788744,4962.28546974,49568.7369306,1597.70788898,51166.4448195,46373.4135744,CVaR,0.9,0.05,2975.2261625,3385.08449259,169.254224629,79961.2939025,430.722621578,75883.0050287,4078.28887386,23133.2695494,18773.6984033,1841.63079325,1200,10800,4.54747350886e-13,1.81898940355e-12,6967.9894372,7007.71173531,6975.53149333,598.298613774,1944.49367703,51513.2306076,75500.8876284,4460.40627416,462.153433333,21758.6386486,17653.4595232,2494.86978091,23,1153
2025-02-24,PuLP HiGHS,Optimal,3.80283039999,6975.53149333,6916.90828048,1.124955|0.726615|0.384264,3033.816561|6916.90828|10800,3033.81656096,4884.47379911,48695.5240424,1863.27052793,50558.7945704,45878.322637,CVaR,0.9,0.05,3629.82209764,4080.03731481,204.00186574,78965.5585648,502.896653924,75037.5784863,3927.98007855,23215.7664985,18857.5317554,1911.08855698,1200,10800,3.41060513165e-13,1.81898940355e-12,6916.90828048,6975.53149333,6916.90828048,320.705900029,1350.97839522,50046.5024377,72967.3627239,5998.19584094,1162.30248333,20923.649555,17000.9170312,4148.7316677,33,1192
2025-02-25,PuLP HiGHS,Optimal,3.48786960001,6916.90828048,6999.39998421,1.124955|0.726615|0.384264,3198.799968|6999.399984|10800,3198.79996841,5010.13299894,48727.3135504,1842.62092839,50569.9344788,45771.458966,CVaR,0.9,0.05,4012.63427692,4233.14972322,211.657486161,78962.0727138,490.105565489,75099.044414,3863.02829971,23325.9388613,18819.7679443,1867.48325407,1200,10800,4.54747350886e-13,1.81898940355e-12,6999.39998421,6916.90828048,6999.39998421,298.261840923,1039.65729381,49766.9708442,71469.7834376,7492.28927618,2074.51036667,19989.3112902,16117.0996117,6039.29590375,33,1203
2025-02-26,PuLP HiGHS,Optimal,3.1735438,6999.39998421,7011.21925609,1.124955|0.726615|0.384264,3222.438512|7011.219256|10800,3222.43851219,5028.13723671,48688.6200751,1678.95158312,50367.5716582,45513.8104925,CVaR,0.9,0.05,3044.69849886,3487.52142087,174.376071044,78924.525374,459.481742904,75172.9017556,3751.62361839,23231.4515106,18806.8383789,1907.67209459,1200,10800,4.54747350886e-13,9.09494701773e-13,7011.21925609,6999.39998421,7011.21925609,430.94502762,1675.93502045,50364.5550955,73225.2317143,5699.29365962,863.756872786,20878.6025849,16901.0307491,4258.65655552,29,1154
2025-02-27,PuLP HiGHS,Optimal,3.9445558,7011.21925609,6999.40009554,1.124955|0.726615|0.384264,3198.800191|6999.400096|10800,3198.80019108,5010.13316854,47757.2584248,1627.79808893,49385.0565137,44540.995185,CVaR,0.9,0.05,3048.3765893,3321.43679696,166.071839848,77678.0556192,438.276248538,73885.2469298,3792.80868934,23134.6197977,18749.6792806,1897.04904543,1200,10800,4.54747350886e-13,9.09494701773e-13,6999.40009554,7011.21925609,6999.40009554,430.412002087,2058.97451009,49816.2329349,71772.939012,5905.11660722,1014.61845026,22330.4505699,18098.3022061,1455.54630223,19,1169
2025-02-28,PuLP HiGHS,Optimal,3.4568036,6999.40009554,6999.20647392,1.124955|0.726615|0.384264,3198.412948|6999.206474|10800,3198.41294784,5009.83822569,19011.9396961,974.223503591,19986.1631997,15063.5590798,CVaR,0.9,0.05,1608.64829569,1744.68211581,87.2341057906,35553.541134,260.963732176,33068.8135561,2484.72757793,18565.818178,15038.4869836,8365.41209711,1200,10800,3.67095968366e-12,9.09494701773e-13,6999.20647392,6999.40009554,6999.20647392,383.511562301,1380.82979032,20392.7694864,33349.98471,2203.55642401,7251.42021421,16787.6671978,13598.1846897,3218.45327409,23,818
2025-03-01,PuLP HiGHS,Optimal,5.84688910001,6999.20647392,6982.29975284,1.124955|0.726615|0.384264,3135.978833|6967.989416|10800,3135.97883293,4962.28543815,19125.0035583,955.801079048,20080.8046374,15203.5103981,CVaR,0.9,0.05,1508.05344167,1699.82397688,84.991198844,35534.8165499,260.670450846,33071.9491494,2462.86740048,18196.3123973,14767.1083936,8058.14674778,1200,10800,9.09494701773e-13,1.81898940355e-12,6967.98941647,6999.20647392,6982.29975284,718.839957694,3014.36461,22139.3681683,32147.3827493,3387.43380058,6118.82081045,16336.0632219,13247.4272587,3379.93031026,25,840
2025-03-02,PuLP HiGHS,Optimal,8.99513360001,6982.29975284,6999.20626443,1.124955|0.726615|0.384264,3198.412529|6999.206264|10800,3198.41252885,5009.83790657,47279.6871482,1843.82237078,49123.5095189,44325.1734631,CVaR,0.9,0.05,3560.60531259,4230.03701548,211.501850774,76958.5594981,482.137913392,73027.9201734,3930.63932464,23002.0782589,18616.4675293,2079.57465745,1200,10800,0,1.81898940355e-12,6999.20626443,6982.29975284,6999.20626443,3683.72310136,13952.0308012,61231.7179493,72870.9450929,4087.61440518,0,22006.0277219,17809.6665943,1802.8514721,24,1166
2025-03-03,PuLP HiGHS,Optimal,5.487591,6999.20626443,7000.17357342,1.124955|0.726615|0.384264,3200.347147|7000.173573|10800,3200.34714684,5011.31140352,47268.9754199,1889.53723045,49158.5126503,44390.8993623,CVaR,0.9,0.05,3808.16134644,4873.96231087,243.698115544,76841.7696704,506.713140531,72959.7923451,3881.97732531,23289.9163944,18863.9617014,2092.71928922,1200,10800,2.44426701101e-12,9.09494701773e-13,7000.17357342,6999.20626443,7000.17357342,2618.05418633,10588.1794968,57857.1549166,73869.7060395,2972.0636309,92.2821848835,23039.2675237,18660.9361161,453.674455956,14,1182
2025-03-04,PuLP HiGHS,Optimal,5.8820036,7000.17357342,6969.64161754,1.124955|0.726615|0.384264,3139.283235|6969.641618|10800,3139.28323509,4964.8022278,48497.7696443,2137.31913075,50635.0887751,46159.1471715,CVaR,0.9,0.05,2838.4123746,9777.21248522,488.860624261,78522.4545925,579.052296848,74425.582909,4096.87168351,23147.6922224,18777.1094604,2082.80001794,1200,10800,1.13686837722e-13,1.81898940355e-12,6969.64161754,7000.17357342,6969.64161754,554.998374087,1681.73862836,50179.5082727,73427.8230581,5094.63153437,695.588304966,21659.2313379,17571.456144,2694.114201,29,1169
2025-03-05,PuLP HiGHS,Optimal,4.9730079,6969.64161754,7055.40230692,1.124955|0.726615|0.384264,3310.804614|7055.402307|10800,3310.80461383,5095.44105711,49026.3099304,1804.77354779,50831.0834782,45944.0667835,CVaR,0.9,0.05,3392.91132894,4168.48724913,208.424362457,79484.368293,482.098553638,75639.8362874,3844.53200563,23323.7137271,18815.0234985,1778.25002109,1200,10800,2.27373675443e-13,9.09494701773e-13,7055.40230692,6969.64161754,7055.40230692,133.933887025,571.002038504,49597.3119689,70815.2611675,8669.10712555,938.239595313,20017.3622214,16136.8787789,5984.49622541,32,1174
2025-03-06,PuLP HiGHS,Optimal,3.41762390001,7055.40230692,7044.46662736,1.124955|0.726615|0.384264,3288.933255|7044.466627|10800,3288.93325472,5078.78279112,49037.5679499,1950.57331924,50988.1412692,46253.1890642,CVaR,0.9,0.05,3528.98753257,6876.61172349,343.830586175,79094.4735911,513.565138161,74987.4008855,4107.07270551,23174.7157814,18781.3618945,1825.4313454,1200,10800,4.54747350886e-13,9.09494701773e-13,7044.46662736,7055.40230692,7044.46662736,240.97637946,662.866116993,49700.4340669,70850.3674553,8244.10613574,1432.09211667,19623.3668231,15904.7692383,6427.94161458,32,1158
2025-03-07,PuLP HiGHS,Optimal,3.05192920001,7044.46662736,7141.18579235,1.124955|0.726615|0.384264,3365.839156|7082.919578|10800,3365.83915559,5137.35797826,18825.7970545,1093.43568111,19919.2327356,14936.5200722,CVaR,0.9,0.05,1943.55728547,3092.9062954,154.64531477,35096.3401247,295.380016035,32658.9996656,2437.34045905,17207.6059545,13903.5531677,5422.34706271,1200,10800,0,1.81898940355e-12,7082.9195778,7044.46662736,7141.18579235,177.755172536,615.932027363,19441.7290819,31707.4367091,3388.90341561,7854.47049689,15902.0452784,12793.609427,2415.50441676,25,879
2025-03-08,PuLP HiGHS,Optimal,2.65078309999,7141.18579235,7007.02421081,1.124955|0.726615|0.384264,3185.11047|6992.555235|10800,3185.11046951,4999.70642633,17901.8621294,1017.64027515,18919.5024045,14014.4097874,CVaR,0.9,0.05,1704.2610498,1892.27618422,94.6138092112,32996.1552616,272.45326825,30478.8423831,2517.31287851,17218.4938942,14080.7475561,7008.40832635,1200,10800,4.54747350886e-13,1.81898940355e-12,6992.55523476,7141.18579235,7007.02421081,332.998196406,1010.79774796,18912.6598773,30862.9507847,2133.20447684,9064.51237971,16784.4342534,13716.1371686,798.670028376,18,840
2025-03-09,PuLP HiGHS,Optimal,6.88874949999,7007.02421081,6919.15171244,1.124955|0.726615|0.384264,3038.303425|6919.151712|10800,3038.30342488,4887.8912078,46462.5333453,1941.01609409,48403.5494394,43837.4231849,CVaR,0.9,0.05,3006.10523622,6435.29906615,321.764953307,75562.4875105,514.99586988,71620.0392001,3942.44831041,23136.8787441,18819.9570312,2150.67290876,1200,10800,1.70530256582e-13,9.09494701773e-13,6919.15171244,7007.02421081,6919.15171244,208.996894476,831.755968546,47294.2893138,68598.7919007,6963.69560987,1604.60932146,20782.8403801,16913.1859564,4260.80943876,32,1192
2025-03-10,PuLP HiGHS,Optimal,8.51669830001,6919.15171244,6916.60194938,1.124955|0.726615|0.384264,3033.203899|6916.601949|10800,3033.20389877,4884.00716649,45638.4961898,1729.0816857,47367.5778755,42674.8122876,CVaR,0.9,0.05,3736.21555421,3824.83157178,191.241578589,74456.1109953,461.58740047,70360.5307744,4095.58022083,22786.7426059,18459.5562975,2008.16928232,1200,10800,1.81898940355e-12,2.27373675443e-13,6916.60194938,6919.15171244,6916.60194938,1810.75603071,5294.01378087,50932.5099707,70728.4910585,3727.61993678,426.118516667,21438.6942593,17367.6371368,2439.96750726,28,1186
2025-03-11,PuLP HiGHS,Optimal,4.09110580001,6916.60194938,7049.88018076,1.124955|0.726615|0.384264,3283.465275|7041.732637|10800,3283.46527472,5074.61811783,45244.1179924,1887.7089062,47131.8268986,42341.403263,CVaR,0.9,0.05,3240.23412894,5683.88964521,284.19448226,74263.1039825,502.348728732,70447.1430482,3815.9609343,22676.9742542,18255.7315267,2153.47820389,1200,10800,0,9.09494701773e-13,7041.73263736,6916.60194938,7049.88018076,472.750248106,1827.69682391,47071.8148163,68687.7285083,5575.37547421,1256.39690781,20237.961265,16272.7982164,4421.94629945,33,1205
2025-03-12,PuLP HiGHS,Optimal,9.97842110001,7049.88018076,6992.74876028,1.124955|0.726615|0.384264,3185.497521|6992.74876|10800,3185.49752057,5000.0012228,44886.2800231,2036.29861592,46922.578639,42292.0410808,CVaR,0.9,0.05,3615.60073383,7389.27329136,369.463664568,73566.0546364,550.20736025,69552.004539,4014.05009745,22145.8530449,17989.5592448,2153.87474989,1200,10800,9.09494701773e-13,1.81898940355e-12,6992.74876028,7049.88018076,6992.74876028,414.116224379,1478.08955262,46364.3695757,67772.6515285,5793.40310798,2009.22318802,19965.4113679,16223.4014865,3946.59943528,30,1175
2025-03-13,PuLP HiGHS,Optimal,4.4680815,6992.74876028,7083.21237648,1.124955|0.726615|0.384264,3366.424753|7083.212376|10800,3366.42475297,5137.80399704,44383.5501412,1833.54284474,46217.0929859,41357.3476279,CVaR,0.9,0.05,3354.98411643,5561.17278148,278.058639074,72926.6089336,493.101855654,69040.2839877,3886.3249459,22630.8714539,18249.588623,1999.42926598,1200,10800,4.54747350886e-13,1.81898940355e-12,7083.21237648,6992.74876028,7083.21237648,2673.88805445,10241.6611596,54625.2113008,69016.5153073,3910.09362638,59.5862,21072.5362656,16987.3371206,2820.58669071,26,1155
2025-03-14,PuLP HiGHS,Optimal,2.67993479999,7083.21237648,6999.39990829,1.124955|0.726615|0.384264,3198.799817|6999.399908|10800,3198.79981659,5010.1328833,17267.5940579,906.408621257,18174.0026791,13244.7284602,CVaR,0.9,0.05,1433.77292323,1617.17328747,80.8586643733,32088.0795023,243.770602208,29644.200607,2443.87889522,17936.7652247,14604.2110534,9584.01522905,1200,10800,9.09494701773e-13,9.09494701773e-13,6999.39990829,7083.21237648,6999.39990829,266.790273117,1141.49677309,18409.090831,30060.5716354,2027.50786683,11214.7647689,16624.2230403,13541.051884,2375.70135381,20,818
2025-03-15,PuLP HiGHS,Optimal,3.05345130002,6999.39990829,7097.66774419,1.124955|0.726615|0.384264,3372.443829|7086.221914|10800,3372.44382894,5142.3884112,17489.5968575,894.531976144,18384.1288336,13322.7184344,CVaR,0.9,0.05,1499.69600101,1619.56023948,80.9780119741,32596.239753,241.890526639,30133.148413,2463.09134003,17948.169498,14459.8774879,9441.44531752,1200,10800,4.54747350886e-13,4.09272615798e-12,7086.22191447,6999.39990829,7097.66774419,363.183665466,1572.64666665,19062.2435241,30720.0643346,1876.17541842,6835.13733842,17029.181365,13705.1958534,1673.66976747,20,788
2025-03-16,PuLP HiGHS,Optimal,3.97943589999,7097.66774419,7012.64005706,1.124955|0.726615|0.384264,3216.970856|7008.485428|10800,3216.97085646,5023.9728104,44077.7780495,1907.58086661,45985.3589161,41232.6760136,CVaR,0.9,0.05,2677.62814339,5425.79815795,271.289907898,72443.9381356,502.849762135,68572.1298964,3871.8082392,22186.2841125,18051.1542155,2071.35803543,1200,10800,9.09494701773e-13,9.09494701773e-13,7008.48542823,7097.66774419,7012.64005706,548.424882735,2184.0429651,46261.8210146,67348.2867422,5095.65139338,758.281480599,20336.3585759,16548.9753649,3352.10438717,32,1180
2025-03-17,PuLP HiGHS,Optimal,6.9448506,7012.64005706,7046.79454496,1.124955|0.726615|0.384264,3288.933146|7044.466573|10800,3288.93314576,5078.78270813,44427.7677624,2127.74829972,46555.5160622,41857.4999939,CVaR,0.9,0.05,4454.69158084,7615.33279677,380.766639839,73121.3041337,570.876571389,69154.5889941,3966.71513963,22087.8599621,17862.5227051,2479.89077151,1200,10800,9.09494701773e-13,9.09494701773e-13,7044.46657288,7012.64005706,7046.79454496,210.027844405,913.758117869,45341.5258803,64232.07933,8889.22480372,2959.34064427,18915.242409,15290.6073122,5744.53294603,38,1165
2025-03-18,PuLP HiGHS,Optimal,3.72575029999,7046.79454496,7086.22206112,1.124955|0.726615|0.384264,3372.444122|7086.222061|10800,3372.44412223,5142.38863459,42965.5402113,1780.61061944,44746.1508307,39891.6756712,CVaR,0.9,0.05,2848.36299526,5758.2694998,287.91347499,70916.3888433,479.491588503,67087.2000474,3829.18879584,21886.7721783,17692.8006999,2361.76354995,1200,10800,9.09494701773e-13,9.09494701773e-13,7086.22206112,7046.79454496,7086.22206112,910.947640742,4144.29081858,47109.8310299,65909.5153264,5006.87351688,1669.22685599,20998.9104206,16973.6326762,1607.02978135,23,1182
2025-03-19,PuLP HiGHS,Optimal,3.5687611,7086.22206112,6969.84548795,1.124955|0.726615|0.384264,3139.690976|6969.845488|10800,3139.69097589,4965.11278256,42818.1069474,2045.433503,44863.5404504,40257.1923785,CVaR,0.9,0.05,3205.52410857,7175.29421279,358.76471064,70670.5732876,554.03662788,66787.8318175,3882.74147009,21794.4246723,17758.2229004,2407.83174441,1200,10800,6.25277607469e-13,9.09494701773e-13,6969.84548795,7086.22206112,6969.84548795,357.211483295,1705.95552801,44524.0624754,65136.1287345,5534.44455304,2143.33387808,20996.1831873,17111.6472976,1444.81708774,25,1187
2025-03-20,PuLP HiGHS,Optimal,7.9797115,6969.84548795,6992.74856714,1.124955|0.726615|0.384264,3185.497134|6992.748567|10800,3185.49713427,5000.00092857,42889.3453619,2094.207063,44983.5524249,40420.6269832,CVaR,0.9,0.05,3660.42451694,8741.5097378,437.07548689,70557.8954995,582.258721483,66499.6412907,4058.25420874,22057.2440174,17845.7548828,2363.62246438,1200,10800,4.54747350886e-13,9.09494701773e-13,6992.74856714,6969.84548795,6992.74856714,731.576299249,2676.7390311,45566.084393,66668.5464959,3889.34900355,1197.23099401,20912.195859,16918.2658745,2072.53716673,33,1146
2025-03-21,PuLP HiGHS,Optimal,3.24488009998,6992.74856714,7135.71955549,1.124955|0.726615|0.384264,3283.465073|7041.732537|10800,3283.46507308,5074.61796425,16951.7227771,932.035191366,17883.7579685,12894.3950957,CVaR,0.9,0.05,1423.40595953,1705.10182933,85.2550914667,31696.2229856,243.64016401,29261.9658641,2434.25712148,18350.4487237,14819.7778938,12140.5556235,1200,10800,4.54747350886e-13,9.09494701773e-13,7041.73253654,6992.74856714,7135.71955549,366.310852372,1056.07298415,18007.7957612,29602.8700102,2093.3529754,14612.4019474,16813.8974154,13490.5830169,2865.74618518,24,800
2025-03-22,PuLP HiGHS,Optimal,3.11854700002,7135.71955549,7122.80025959,1.124955|0.726615|0.384264,3310.806324|7055.403162|10800,3310.80632383,5095.44235953,17258.8931166,953.17514824,18212.0682649,13207.6078194,CVaR,0.9,0.05,1572.94239136,1819.63828104,90.9819140521,32168.3596614,256.098172289,29721.2742502,2447.08541121,18660.4619686,15187.2589488,12570.1362297,1200,10800,2.33058017329e-12,9.09494701773e-13,7055.40316191,7135.71955549,7122.80025959,172.727895972,541.38640872,17800.2795254,29562.4766907,2605.88297065,10685.6579863,16736.7064916,13568.3596245,3542.65480133,28,813
2025-03-23,PuLP HiGHS,Optimal,4.2762664,7122.80025959,6986.45927392,1.124955|0.726615|0.384264,3172.918548|6986.459274|10800,3172.91854784,4990.42047967,40936.6305914,1745.40725825,42682.0378497,37899.9602684,CVaR,0.9,0.05,3295.99531774,4166.85796897,208.342898448,67911.7848406,470.692810984,64054.7510869,3857.0337537,21619.9800238,17634.8907064,2442.55913199,1200,10800,4.54747350886e-13,9.09494701773e-13,6986.45927392,7122.80025959,6986.45927392,894.625454901,3408.05340336,44344.6839948,63977.1472205,3934.63762018,2319.82064284,20552.3094892,16770.0775734,1932.48366755,23,1151
2025-03-24,PuLP HiGHS,Optimal,6.0098768,6986.45927392,7044.46652785,1.124955|0.726615|0.384264,3288.933056|7044.466528|10800,3288.93305569,5078.78263954,41173.068324,2305.50209798,43478.570422,38917.8294465,CVaR,0.9,0.05,8468.1539353,10360.8332802,518.041664012,68156.2469374,634.069577807,63956.6902054,4199.55673196,21867.8641435,17660.7634277,2950.48641098,1200,10800,9.09494701773e-13,9.09494701773e-13,7044.46652785,6986.45927392,7044.46652785,565.328168151,1710.31318039,42883.3815044,64231.2200388,3925.02689855,2749.01457044,21035.9474981,16986.910945,1505.76912819,24,1154
2025-03-25,PuLP HiGHS,Optimal,3.93412440002,7044.46652785,6999.20667292,1.124955|0.726615|0.384264,3198.413346|6999.206673|10800,3198.41334583,5009.83852882,40788.9086338,2005.57992149,42794.4885552,38153.6060627,CVaR,0.9,0.05,3864.87703875,7379.12072497,368.956036249,67580.2650732,543.567120237,63637.6257883,3942.63928484,21656.4869282,17582.4882812,2583.6751627,1200,10800,2.27373675443e-13,9.09494701773e-13,6999.20667292,7044.46652785,6999.20667292,1531.72638982,5698.12902293,46487.0376567,65345.2405176,2235.02455562,2069.75619679,20514.8413861,16657.7553922,2066.37843111,25,1150
2025-03-26,PuLP HiGHS,Optimal,3.9285901,6999.20667292,7086.2219877,1.124955|0.726615|0.384264,3372.443975|7086.221988|10800,3372.44397539,5142.38852275,40706.513314,1956.89961496,42663.412929,37878.7077836,CVaR,0.9,0.05,3031.22391271,7153.66754697,357.683377348,67660.8071802,540.71569499,63769.5737917,3891.23338848,21813.894492,17590.9407552,2503.42533529,1200,10800,4.54747350886e-13,1.81898940355e-12,7086.2219877,6999.20667292,7086.2219877,350.017102921,1111.33933077,41817.8526448,62732.2127453,4928.59443488,3566.56802031,20235.7535682,16312.646607,2856.43507198,31,1159
2025-03-27,PuLP HiGHS,Optimal,3.49615290001,7086.2219877,7114.74893512,1.124955|0.726615|0.384264,3424.648821|7112.324411|10800,3424.64882104,5182.15021293,40544.5843217,1846.60389649,42391.1882182,37443.0073283,CVaR,0.9,0.05,2649.32929221,4679.3864605,233.969323025,67179.0317655,510.090627357,63372.1516865,3806.88007894,21659.8936144,17521.0216471,2443.4031664,1200,10800,9.09494701773e-13,9.09494701773e-13,7112.32441052,7086.2219877,7114.74893512,632.706669794,2107.71816605,42652.3024877,63252.8420858,3926.18967961,1240.21303191,20540.3793213,16612.0329976,2028.50294264,30,1163
2025-03-28,PuLP HiGHS,Optimal,3.18893609999,7114.74893512,7221.36837903,1.124955|0.726615|0.384264,3560.562882|7180.281441|10800,3560.56288211,5285.66881776,16533.4938269,873.249449641,17406.7432766,12205.4936471,CVaR,0.9,0.05,1561.32619879,1688.38376662,84.4191883308,31236.9216144,245.232674767,28961.800914,2275.12070038,18910.5985467,15258.6055675,13865.2397111,1200,10800,4.54747350886e-13,1.81898940355e-12,7180.28144106,7114.74893512,7221.36837903,277.640446122,969.580358243,17503.0741852,28966.7651478,2270.1564666,15107.9223362,16940.2367972,13625.6343062,3603.33301079,24,784
2025-03-29,PuLP HiGHS,Optimal,3.159353,7221.36837903,7040.33158047,1.124955|0.726615|0.384264,3198.799783|6999.399892|10800,3198.79978312,5010.13285781,16151.5221938,896.582416469,17048.1046103,12123.7806266,CVaR,0.9,0.05,1508.43754604,1716.17748207,85.8088741036,30644.2408724,245.970226944,28289.3814253,2354.85944711,19565.3514284,16047.7062958,14405.4792562,1200,10800,9.09494701773e-13,9.09494701773e-13,6999.39989156,7221.36837903,7040.33158047,280.66757181,1187.07194947,17338.5941433,28912.7608217,1731.4800507,18487.538987,16640.0702202,13641.3899971,5331.59750687,33,799
2025-03-30,PuLP HiGHS,Optimal,3.18015970002,7040.33158047,7012.48069411,1.124955|0.726615|0.384264,3222.439224|7011.219612|10800,3222.43922386,5028.13777876,39718.6807098,2340.87461439,42059.5553242,37520.8015584,CVaR,0.9,0.05,6083.51011809,9787.6802593,489.384012965,65791.8045606,630.354768081,61886.8435697,3904.96099093,21468.333747,17415.5511068,2867.87328814,1200,10800,4.54747350886e-13,9.09494701773e-13,7011.21961193,7040.33158047,7012.48069411,441.833523403,1603.55601584,41322.2367257,61587.4657882,4204.33877249,2877.02732565,20166.9372823,16360.2849964,2356.66257514,30,1168
2025-03-31,PuLP HiGHS,Optimal,3.61778830001,7012.48069411,6993.01343874,1.124955|0.726615|0.384264,3185.110355|6992.555178|10800,3185.11035549,4999.70633948,38619.7017683,1733.81983091,40353.5215992,35579.7178549,CVaR,0.9,0.05,2975.95473647,4518.05190499,225.90259525,64212.5788003,471.665892496,60522.7590531,3689.81974719,21451.9016575,17393.9733073,2754.32443763,1200,10800,5.68434188608e-13,1.81898940355e-12,6992.55517774,7012.48069411,6993.01343874,995.022713881,3698.25453315,42317.9563014,61282.41856,2930.16024029,1701.79627808,19167.2423281,15542.9868156,4135.64582109,31,1155
2025-04-01,PuLP HiGHS,Optimal,8.07401450002,6993.01343874,7041.73254319,1.124955|0.726615|0.384264,3283.465086|7041.732543|10800,3283.46508638,5074.61797438,39401.2279202,2160.10578209,41561.3337022,36906.8659629,CVaR,0.9,0.05,2901.21335856,8403.00470041,420.150235021,65498.5226773,576.801606898,61868.1262429,3630.39643443,21545.3853725,17407.9149577,2803.61640546,1200,10800,4.54747350886e-13,9.09494701773e-13,7041.73254319,6993.01343874,7041.73254319,2505.4465689,6850.52906381,46251.756984,62841.9912864,2656.53139091,1372.20870907,19592.2654503,15825.8878208,3535.14705907,31,1159
2025-04-02,PuLP HiGHS,Optimal,3.86960430001,7041.73254319,7011.2196354,1.124955|0.726615|0.384264,3222.439271|7011.219635|10800,3222.43927081,5028.13781451,38700.4761472,1805.17894959,40505.6550968,35779.0777385,CVaR,0.9,0.05,3229.06063938,6031.20912509,301.560456254,64607.8971127,485.676790944,60813.1949125,3794.70220017,21317.5325772,17294.6630046,3102.72311101,1200,10800,9.09494701773e-13,1.81898940355e-12,7011.2196354,7041.73254319,7011.2196354,3509.02711513,13559.8729696,52260.3491169,61570.9001459,3036.9969668,648.898357407,21174.5006348,17178.8071312,258.887815844,11,1092
2025-04-03,PuLP HiGHS,Optimal,4.9096136,7011.2196354,7053.95056592,1.124955|0.726615|0.384264,3307.901132|7053.950566|10800,3307.90113184,5093.22962731,39203.074948,2020.026846,41223.101794,36471.7125602,CVaR,0.9,0.05,4184.06626485,6836.80786985,341.840393493,65624.7460619,557.056917391,61869.9318154,3754.8142465,21551.6687873,17418.3938802,2599.89633204,1200,10800,4.54747350886e-13,1.81898940355e-12,7053.95056592,7011.2196354,7053.95056592,528.157951613,1940.33034669,41143.4052947,61909.3657991,3715.3802628,2532.2482469,21069.9336827,17028.1884455,871.940539269,21,1147
2025-04-04,PuLP HiGHS,Optimal,0.941018499987,7053.95056592,7312.61202597,1.124955|0.726615|0.384264,3506.316513|7153.158256|10800,3506.31651286,5244.35220623,15834.2102215,917.604264135,16751.8144857,11597.1805945,CVaR,0.9,0.05,1489.9241553,1794.36630199,89.7183150993,30277.8605401,246.302497658,28080.1593644,2197.70117565,17322.808558,13942.1880105,15713.2004303,1200,10800,3.63797880709e-12,9.09494701773e-13,7153.15825643,7053.95056592,7312.61202597,342.155268279,1298.41973205,17132.6299536,28103.7240371,2174.13650299,18585.7599227,16823.7990456,13394.4819129,1046.71561014,16,797
2025-04-05,PuLP HiGHS,Optimal,2.65384059999,7312.61202597,6992.36310203,1.124955|0.726615|0.384264,3184.726204|6992.363102|10800,3184.72620406,4999.41375151,15638.4736116,897.897086944,16536.3706985,11626.1175935,CVaR,0.9,0.05,1594.3982217,1783.21292912,89.1606464558,29906.0117819,247.694389576,27695.8222161,2210.18956575,18723.4670996,15454.2323822,16375.1568343,1200,10800,1.25055521494e-12,1.81898940355e-12,6992.36310203,7312.61202597,6992.36310203,280.266917242,957.311009334,16595.7846209,28190.1145699,1715.89721191,13591.8530144,16434.9343212,13600.5208317,4142.24432883,17,778
2025-04-06,PuLP HiGHS,Optimal,8.02760480001,6992.36310203,7597.54945185,1.124955|0.726615|0.384264,4395.098904|7597.549452|10800,4395.0989037,5921.29109226,39695.5977431,2102.36028285,41797.958026,36275.1921556,CVaR,0.9,0.05,5137.90889619,7970.50443752,398.525221876,67056.473286,567.753101173,62442.7134352,4613.75985081,22127.1105485,17378.2918294,3106.45453608,1200,10800,9.09494701773e-13,4.54747350886e-13,7597.54945185,6992.36310203,7597.54945185,383.010170898,1594.24987909,41289.8476222,62568.5508261,4487.92245986,4065.85672982,20689.2646615,16213.636661,2602.50105544,33,1142
2025-04-07,PuLP HiGHS,Optimal,3.263186,7597.54945185,7010.44579921,1.124955|0.726615|0.384264,3220.891598|7010.445799|10800,3220.89159842,5026.95903371,37990.878353,1828.65258043,39819.5309335,35112.2133717,CVaR,0.9,0.05,3322.74277093,6392.82943813,319.641471907,63676.065162,510.193132151,60030.2256155,3645.83954646,20852.9355433,17419.2710775,2876.89502114,1200,10800,4.54747350886e-13,9.09494701773e-13,7010.44579921,7597.54945185,7010.44579921,336.528834646,811.720797359,38802.5991504,59956.027012,3720.03814997,3930.92265482,19196.3536625,16077.439754,2998.41320433,39,1127
2025-04-08,PuLP HiGHS,Optimal,4.68184910002,7010.44579921,7041.73286278,1.124955|0.726615|0.384264,3283.465726|7041.732863|10800,3283.46572557,5074.61846121,38681.0340058,1805.01607165,40486.0500774,35754.8254117,CVaR,0.9,0.05,3021.13763589,6867.8759099,343.393795495,64916.7725441,491.280518006,61376.6801952,3540.09234891,21701.5263203,17550.0779622,3007.53142102,1200,10800,4.54747350886e-13,1.81898940355e-12,7041.73286278,7010.44579921,7041.73286278,746.582783365,3391.32991195,42072.3639177,60255.3883829,4661.3841612,2641.96272117,20940.2972169,16933.4823885,1377.82467717,18,1134
2025-04-09,PuLP HiGHS,Optimal,4.67344110002,7041.73286278,6954.03953959,1.124955|0.726615|0.384264,3108.079079|6954.03954|10800,3108.07907918,4941.03566046,37972.4147384,1858.49610505,39830.9108435,35201.1057291,CVaR,0.9,0.05,2946.17178547,6224.6109224,311.23054612,63443.6407086,507.227461637,59858.5857468,3585.05496178,21375.6188915,17393.175293,3099.1096495,1200,10800,3.63797880709e-12,9.09494701773e-13,6954.03953959,7041.73286278,6954.03953959,2518.18884843,8324.42115628,46296.8358947,61123.7474037,2319.89330486,663.895679709,20645.5449823,16801.8154266,1321.43377554,22,1147
2025-04-10,PuLP HiGHS,Optimal,7.2326856,6954.03953959,7105.51518763,1.124955|0.726615|0.384264,3396.515539|7098.257769|10800,3396.51553875,5160.7225688,38278.5864134,1839.09724513,40117.6836586,35295.2110964,CVaR,0.9,0.05,4492.08602134,6765.00013257,338.250006628,64243.3152918,523.284523827,60673.6406611,3569.67463071,21652.349803,17408.6069336,3323.45962495,1200,10800,9.09494701773e-13,9.09494701773e-13,7098.25776938,6954.03953959,7105.51518763,699.826272796,3079.98854644,41358.5749599,59808.3176896,4434.99760227,1970.89509863,20738.3309499,16661.7199862,1660.90580047,27,1115
2025-04-11,PuLP HiGHS,Optimal,2.7316454,7105.51518763,7113.23193384,1.124955|0.726615|0.384264,3219.036446|7009.518223|10800,3219.03644581,5025.54606136,15202.6255715,876.257633735,16078.8832052,11139.6820931,CVaR,0.9,0.05,1521.15272304,1726.89898343,86.3449491717,29394.7849805,238.293123801,27281.49069,2113.29429045,18494.8274987,15067.2075422,17215.1434871,1200,10800,4.54747350886e-13,9.09494701773e-13,7009.51822291,7105.51518763,7113.23193384,380.967445625,1487.12044434,16689.7460159,27631.9282205,1762.85675994,19539.8146356,16576.241012,13419.8101482,3565.9838806,19,789
2025-04-12,PuLP HiGHS,Optimal,0.905553300021,7113.23193384,7273.60687718,1.124955|0.726615|0.384264,3467.920713|7133.960357|10800,3467.92071327,5215.10814146,15632.0850472,818.718097773,16450.803145,11317.4210966,CVaR,0.9,0.05,1370.24303574,1634.52186196,81.7260930978,30161.4452319,223.277430461,28075.5819355,2085.86329638,18481.3111764,14951.2064724,16752.7565915,1200,10800,1.81898940355e-12,1.81898940355e-12,7133.96035664,7113.23193384,7273.60687718,125.572819304,445.673028274,16077.7580755,27892.020353,2269.42487889,15769.7615384,16201.7559733,12979.0848894,4251.67678615,21,780
2025-04-13,PuLP HiGHS,Optimal,3.79567730002,7273.60687718,7029.032355,1.124955|0.726615|0.384264,3214.471704|7007.235852|10800,3214.47170435,5022.06933744,37406.8022845,2130.2601142,39537.0623987,34990.8193168,CVaR,0.9,0.05,7009.11570691,9516.52511127,475.826255563,62783.4397428,573.612461293,58912.4145851,3871.02515768,21221.1840278,17428.892985,3648.65832147,1200,10800,9.09494701773e-13,9.09494701773e-13,7007.23585217,7273.60687718,7029.032355,511.694699103,2224.99708984,39631.7993743,59606.0635143,3177.37622844,2271.23745943,19948.838635,16378.6763643,2322.5620135,32,1085
2025-04-14,PuLP HiGHS,Optimal,3.81439429999,7029.032355,7126.06848736,1.124955|0.726615|0.384264,3405.63398|7102.81699|10800,3405.63397993,5167.66760673,37057.1500545,1832.7885197,38889.9385742,34035.8851364,CVaR,0.9,0.05,3531.59553507,6272.28337874,313.614168937,62588.665973,511.813148314,59003.175361,3585.49061199,21081.0958332,17009.2814535,3332.0543802,1200,10800,4.54747350886e-13,1.81898940355e-12,7102.81698997,7029.032355,7126.06848736,492.079713777,1932.56438431,38989.7144388,58926.5915475,3662.07442553,3005.50530498,19988.4296692,16103.295513,1998.65210449,32,1117
2025-04-15,PuLP HiGHS,Optimal,2.84604229999,7126.06848736,7088.53966094,1.124955|0.726615|0.384264,3377.079322|7088.539661|10800,3377.07932188,5145.91902281,37214.4039491,1630.37580714,38844.7797563,33910.2821411,CVaR,0.9,0.05,2645.47108413,4228.42815242,211.421407621,62370.5329078,454.080511828,58797.5775893,3572.95531841,20961.8066811,17012.8393555,3407.06779628,1200,10800,0,0,7088.53966094,7126.06848736,7088.53966094,301.07647101,1289.14296992,38503.546919,57681.1289222,4689.40398556,4312.09293038,18760.3135436,15229.6299141,3984.70257894,35,1090
2025-04-16,PuLP HiGHS,Optimal,2.75127949999,7088.53966094,7077.67958956,1.124955|0.726615|0.384264,3308.031418|7054.015709|10800,3308.03141841,5093.32885975,36923.7148327,1773.72213273,38697.4369655,33862.0558914,CVaR,0.9,0.05,3191.2234742,5158.95571463,257.947785731,61961.5995349,514.719556724,58551.9402545,3409.65928043,20346.1543419,16511.4565735,3521.6954649,1200,10800,4.54747350886e-13,1.81898940355e-12,7054.0157092,7088.53966094,7077.67958956,1411.07222813,5006.04128949,41929.7561222,59677.9334136,2283.66612137,1611.37185071,19514.8205538,15816.7787128,1526.01164874,23,1088
2025-04-17,PuLP HiGHS,Optimal,2.96137580002,7077.67958956,6998.73211743,1.124955|0.726615|0.384264,3197.464235|6998.732117|10800,3197.46423486,5009.11564082,36546.3015339,1705.9253112,38252.2268451,33537.4268666,CVaR,0.9,0.05,3350.51655314,5886.31324539,294.31566227,61318.26995,466.09895707,57860.6130821,3457.65686791,20444.3160939,16630.948761,3885.66845168,1200,10800,4.54747350886e-13,1.81898940355e-12,6998.73211743,7077.67958956,6998.73211743,368.792000072,1392.80515606,37939.10669,58418.9185265,2899.35142345,2300.15783275,19422.437204,15803.2268602,1849.60079074,31,1076
2025-04-18,PuLP HiGHS,Optimal,0.926620599988,6998.73211743,7480.91651195,1.124955|0.726615|0.384264,3496.324925|7148.162462|10800,3496.3249248,5236.74213816,15186.1687393,781.994014955,15968.1627542,10814.4536169,CVaR,0.9,0.05,1552.33382533,1660.66001639,83.0330008193,29609.5514749,219.39424207,27484.4471674,2125.10430757,18177.251084,14589.0860676,17938.1082298,1200,10800,1.36424205266e-12,1.81898940355e-12,7148.1624624,6998.73211743,7480.91651195,259.915624464,849.291182479,16035.4599218,27177.1440116,2432.40746333,17502.092708,16562.5462613,12981.6965166,3222.09437363,22,767
2025-04-19,PuLP HiGHS,Optimal,2.4697978,7480.91651195,7865.3358244,1.124955|0.726615|0.384264,4036.946522|7418.473261|10800,4036.94652161,5648.50522581,14682.5012899,847.212719016,15529.7140089,9965.509841,CVaR,0.9,0.05,1466.3482096,1686.02115888,84.3010579442,28680.0074648,234.244059928,26837.2786668,1842.72879806,21591.6838179,17545.4628185,16774.527605,1200,10800,9.09494701773e-13,9.09494701773e-13,7418.4732608,7480.91651195,7865.3358244,360.689725319,1321.69213151,16004.1934214,26793.5396481,1886.46781677,16766.1116256,17144.5321926,13541.0936948,8451.52074898,34,750
2025-04-20,PuLP HiGHS,Optimal,3.6175661,7865.3358244,7046.71680592,1.124955|0.726615|0.384264,3285.438866|7042.719433|10800,3285.43886575,5076.1212985,36046.7562401,1785.00925109,37831.7654912,33093.925854,CVaR,0.9,0.05,2748.23807743,6765.63322726,338.281661363,60441.8388509,493.65366864,56969.847944,3471.99090683,19667.0456174,16670.6617025,3718.23156315,1200,10800,9.09494701773e-13,4.54747350886e-13,7042.71943288,7865.3358244,7046.71680592,724.087692421,2688.37420283,38735.1304429,57079.7958592,3362.04299167,3013.50267515,18786.279525,15953.6435319,1597.78426296,27,1091
2025-04-21,PuLP HiGHS,Optimal,3.60116990001,7046.71680592,7053.56229237,1.124955|0.726615|0.384264,3307.124585|7053.562292|10800,3307.12458475,5092.63817216,36370.3747648,1937.62094007,38307.9957049,33534.5984353,CVaR,0.9,0.05,2927.46988519,6384.81805238,319.240902619,61396.2340709,521.830247838,58142.6392091,3253.59486176,20651.3272237,16721.4141134,3461.46836006,1200,10800,9.09494701773e-13,1.81898940355e-12,7053.56229237,7046.71680592,7053.56229237,349.504692068,1069.10588118,37439.480646,56978.952288,4417.28178287,5281.54893804,18546.5090574,15016.5113987,3809.72088092,34,1090
2025-04-22,PuLP HiGHS,Optimal,2.77493020002,7053.56229237,7155.13937485,1.124955|0.726615|0.384264,3441.664373|7120.832187|10800,3441.66437346,5195.11006589,35720.8272608,1672.06636109,37392.8936219,32441.7241129,CVaR,0.9,0.05,3149.24432106,4878.81113724,243.940556862,59869.8606687,469.426394363,56700.9350619,3168.92560684,20282.3840197,16368.188151,3809.26513977,1200,10800,9.09494701773e-13,4.54747350886e-13,7120.83218673,7053.56229237,7155.13937485,1108.08668834,3187.19219895,38908.0194598,57465.5746657,2404.28600298,2715.86912298,19018.1238957,15313.2609813,2319.18729378,30,1083
2025-04-23,PuLP HiGHS,Optimal,3.41428719999,7155.13937485,7178.85471943,1.124955|0.726615|0.384264,3424.085786|7112.042893|10800,3424.08578623,5181.72137887,36174.5372052,1845.30062603,38019.8378312,33148.9216643,CVaR,0.9,0.05,3632.682434,6216.10423894,310.805211947,61071.3178313,498.184209216,57641.1981805,3430.11965075,20049.6201141,16278.979126,3945.57560717,1200,10800,4.54747350886e-13,9.09494701773e-13,7112.04289312,7155.13937485,7178.85471943,489.160278055,1583.76061107,37758.2978162,57941.6167173,3129.701114,3473.56359308,18610.2782918,15052.9816062,2665.339342,32,1100
2025-04-24,PuLP HiGHS,Optimal,3.4116434,7178.85471943,7054.00846072,1.124955|0.726615|0.384264,3308.016921|7054.008461|10800,3308.01692145,5093.31781818,35578.0329118,1915.64974275,37493.6826545,32733.4009704,CVaR,0.9,0.05,4361.95035358,6660.72268161,333.036134081,59780.6027685,534.450914522,56415.7134586,3364.88930984,20172.2305618,16451.8683879,3795.59945892,1200,10800,4.54747350886e-13,0,7054.00846072,7178.85471943,7054.00846072,182.179921772,738.76656963,36316.7994814,56417.0589624,3363.54380604,6146.48038362,18289.5443864,14926.8925858,3407.66197742,36,1092
2025-04-25,PuLP HiGHS,Optimal,5.8140863,7054.00846072,7656.26086109,1.124955|0.726615|0.384264,4055.684266|7427.842133|10800,4055.68426613,5662.77678209,14280.6802598,788.956981892,15069.6372417,9481.51726991,CVaR,0.9,0.05,1224.78014986,1493.13620611,74.6568103057,28447.7540982,213.4960162,26501.2027224,1946.5513758,22225.4940801,17666.1998998,19324.0629444,1200,10800,4.54747350886e-13,1.81898940355e-12,7427.84213307,7054.00846072,7656.26086109,135.780348661,381.379826184,14662.060086,26531.5113553,1916.24274294,20891.565654,17017.5854716,13242.2170717,9631.89143664,41,739
2025-04-26,PuLP HiGHS,Optimal,6.52292829999,7656.26086109,7463.57149351,1.124955|0.726615|0.384264,3713.556947|7256.778473|10800,3713.5569468,5402.19636464,13838.1682478,779.317929106,14617.4861769,9299.92838628,CVaR,0.9,0.05,1448.34292138,1692.77148041,84.6385740203,27534.3696233,217.911626003,25661.3266136,1873.04300972,22880.4537794,18892.7017102,18906.3764783,1200,10800,6.8212102633e-12,9.09494701773e-13,7256.7784734,7656.26086109,7463.57149351,499.361489762,1862.38553001,15700.5537778,26037.1682474,1497.20137596,23471.7911692,16673.5019235,13678.9569889,11420.6965772,40,740
2025-04-27,PuLP HiGHS,Optimal,6.8551016,7463.57149351,7086.22206749,1.124955|0.726615|0.384264,3372.444135|7086.222067|10800,3372.44413498,5142.3886443,33440.883781,1667.98379746,35108.8675785,30178.4126889,CVaR,0.9,0.05,3089.97759564,4238.67509558,211.933754779,56646.7040088,465.920784514,53813.3117555,2833.39225332,19785.4861872,16365.8582951,3804.63089234,1200,10800,9.09494701773e-13,4.54747350886e-13,7086.22206749,7463.57149351,7086.22206749,1289.24012414,5667.37208519,39108.2558662,53825.1777173,2821.52629153,3254.65135818,19083.7357018,15797.4404019,1270.16837866,25,1086
2025-04-28,PuLP HiGHS,Optimal,7.8835769,7086.22206749,7122.84242774,1.124955|0.726615|0.384264,3310.806093|7055.403047|10800,3310.80609347,5095.44218408,34191.8034397,1630.21776808,35822.0212078,30950.4366081,CVaR,0.9,0.05,3121.4915849,4477.15168682,223.857584341,57536.2731309,472.746563478,54455.8241924,3080.44893856,20001.5515524,16228.9938761,3990.19959121,1200,10800,9.09494701773e-13,9.09494701773e-13,7055.40304674,7086.22206749,7122.84242774,5434.56916396,19365.7233163,53557.5267561,55366.445687,2169.82744397,507.790352995,19148.9413528,15477.6841715,1603.9199042,26,1070
2025-04-29,PuLP HiGHS,Optimal,14.5535204,7122.84242774,7332.39658085,1.124955|0.726615|0.384264,3864.793162|7332.396581|10800,3864.79316171,5517.38504963,35252.9797074,1903.95203969,37156.9317471,31999.1333841,CVaR,0.9,0.05,5180.82972925,7191.73373267,359.586686634,59711.0422779,521.133763033,56513.1183579,3197.92392003,19757.4091194,15814.9026489,4347.96412501,1200,10800,3.41060513165e-13,1.81898940355e-12,7332.39658085,7122.84242774,7332.39658085,825.94398384,3496.29118373,38749.2708911,56453.7051191,3257.33715884,6347.69203199,17421.8137709,13923.0704167,4227.42758073,37,1070
2025-04-30,PuLP HiGHS,Optimal,6.080762,7332.39658085,7081.23153017,1.124955|0.726615|0.384264,3296.432646|7048.216323|10800,3296.43264644,5084.49468408,34317.9288037,1762.25250952,36080.1813132,31283.6522316,CVaR,0.9,0.05,2843.02661619,5759.31204917,287.965602458,57779.1348986,486.380115826,54840.7412233,2938.3936753,19506.1289163,16055.7266541,3855.62486237,1200,10800,0,9.09494701773e-13,7048.21632322,7332.39658085,7081.23153017,1312.40232357,4234.90136008,38552.8301638,54392.7177445,3386.41715412,4251.42266409,18015.2185067,14818.3755361,2728.26152751,31,1053
2025-05-01,PuLP HiGHS,Optimal,6.86564820001,7081.23153017,7419.29633729,1.124955|0.726615|0.384264,4038.592675|7419.296337|10800,4038.59267459,5649.75901412,34980.5425644,1881.26209407,36861.8046585,31618.2834017,CVaR,0.9,0.05,2781.18560624,8124.75514551,406.237757276,58802.0359357,525.605748095,55575.1037792,3226.93215649,19733.4319546,15679.8215568,4354.49811143,1200,10800,4.54747350886e-13,9.09494701773e-13,7419.29633729,7081.23153017,7419.29633729,2678.91716855,12420.5671812,47401.1097456,56871.7121154,1930.3238203,4555.17927881,19367.4362038,15383.3649987,662.452308926,14,1048
2025-05-02,PuLP HiGHS,Optimal,4.0788823,7419.29633729,7466.93697064,1.124955|0.726615|0.384264,4106.586078|7453.293039|10800,4106.58607837,5701.54602012,14217.5919906,960.516033292,15178.1080239,9643.76309707,CVaR,0.9,0.05,1213.03939236,3344.02186634,167.201093317,27824.6728901,262.309111505,25847.595475,1977.07741512,21972.6970048,17767.2875422,20097.7461188,1200,10800,4.54747350886e-13,9.09494701773e-13,7453.29303918,7419.29633729,7466.93697064,2527.12975049,11475.7301542,25693.3221448,27197.7957417,626.8771484,12067.4699763,17496.0992764,14128.9638439,8114.92142673,28,747
2025-05-03,PuLP HiGHS,Optimal,1.79462540001,7466.93697064,7218.78124933,1.124955|0.726615|0.384264,3525.711523|7162.855761|10800,3525.71152253,5259.12436686,14152.3860022,781.127559286,14933.5135615,9751.42255116,CVaR,0.9,0.05,1422.94697369,1540.66713037,77.0333565187,27799.4274295,220.50773721,25775.5698611,2023.85756835,18634.3367779,15367.4858786,19635.6431045,1200,10800,4.54747350886e-13,5.45696821064e-12,7162.85576127,7466.93697064,7218.78124933,1742.83646339,8721.55977095,22873.9457732,26894.4549257,904.972503773,16775.3829742,16937.2469161,13942.5101512,3122.0655892,18,741
2025-05-04,PuLP HiGHS,Optimal,4.39393419999,7218.78124933,7418.63785873,1.124955|0.726615|0.384264,4037.275717|7418.637859|10800,4037.27571747,5648.75595702,35584.7709844,1973.96135395,37558.7323383,32320.7915583,CVaR,0.9,0.05,4651.30272372,8216.30354004,410.815177002,59913.548111,544.744737413,56433.5587655,3479.9893455,19659.640424,15744.437795,4090.24422156,1200,10800,4.54747350886e-13,9.09494701773e-13,7418.63785873,7218.78124933,7418.63785873,2097.45532761,9372.60969776,44957.3806821,57546.5867641,2366.96134688,4441.9536879,17302.8953789,13835.4743085,4265.70853165,34,1068
2025-05-05,PuLP HiGHS,Optimal,4.81859800001,7418.63785873,7309.72430696,1.124955|0.726615|0.384264,3819.448614|7309.724307|10800,3819.44861392,5482.84848817,35548.5850939,2044.73773769,37593.3228316,32568.0738472,CVaR,0.9,0.05,7234.60288487,9151.99007607,457.599503804,59841.6110538,550.444424854,56422.8166056,3418.79444819,18964.7115949,15459.4385885,4077.43517291,1200,10800,3.41060513165e-13,1.81898940355e-12,7309.72430696,7418.63785873,7309.72430696,3154.85151367,14546.5551468,50095.1402407,56962.4061309,2879.20492289,1551.62922679,18882.335865,15392.7142472,149.100071137,7,1017
2025-05-06,PuLP HiGHS,Optimal,4.24656150001,7309.72430696,7469.67590358,1.124955|0.726615|0.384264,4139.351807|7469.675904|10800,4139.35180716,5726.50195554,35580.2558371,2329.62766843,37909.8835056,32756.6935786,CVaR,0.9,0.05,5718.04524309,11466.2405708,573.312028539,60191.0483349,648.734435207,56769.3709763,3421.67735855,19866.2229383,15947.6841431,4519.29831378,1200,10800,9.09494701773e-13,9.09494701773e-13,7469.67590358,7309.72430696,7469.67590358,2813.05612334,12361.652667,47941.9085041,57670.8788284,2520.16950648,3796.65581148,19332.843877,15515.6471034,965.416101016,21,1039
2025-05-07,PuLP HiGHS,Optimal,7.54967460001,7469.67590358,7728.61555356,1.124955|0.726615|0.384264,4657.231107|7728.615554|10800,4657.23110711,6120.94342966,35902.522221,2091.26848096,37993.790702,32287.1272392,CVaR,0.9,0.05,4659.92092319,8285.59933857,414.279966929,60917.8215741,588.27169507,57200.5941081,3717.22746599,19946.7889231,15923.8533427,4212.90457832,1200,10800,7.84439180279e-12,9.09494701773e-13,7728.61555356,7469.67590358,7728.61555356,2837.86645242,13141.8520245,49044.3742455,58918.679943,1999.14163117,2772.86024977,19383.1290033,15467.2888077,1020.22445477,23,1051
2025-05-08,PuLP HiGHS,Optimal,3.71073039999,7728.61555356,7757.94037811,1.124955|0.726615|0.384264,4672.954548|7736.477274|10800,4672.95454759,6132.91914879,39256.4826953,2185.4674043,41441.9500996,35874.5182476,CVaR,0.9,0.05,7681.37600476,11309.7459362,565.487296811,64510.3869634,571.300678508,60770.6107859,3739.77617752,20133.6213627,16301.1577555,4645.97176783,1200,10800,9.09494701773e-13,1.81898940355e-12,7736.4772738,7728.61555356,7757.94037811,1221.26553458,4901.48460581,44157.9673011,60494.1731618,4016.21380161,2325.62273914,18615.322185,15052.0186277,2767.43830548,37,1043
2025-05-09,PuLP HiGHS,Optimal,1.00307450001,7757.94037811,7195.25365813,1.124955|0.726615|0.384264,3194.370481|6997.185241|10800,3194.37048134,5006.75929119,15825.8153847,759.188077689,16585.0034624,11651.4996288,CVaR,0.9,0.05,1240.41582384,1465.10915165,73.2554575826,29717.0027658,215.115415813,27628.9742419,2088.02852393,17634.2481678,14968.4206396,18499.1399,1200,10800,2.72848410532e-12,4.54747350886e-13,6997.18524067,7757.94037811,7195.25365813,540.149932501,2112.46534973,17938.2807344,27457.9618908,2259.04087497,16824.1596119,16742.0232075,14067.4568461,1793.18875386,18,748
2025-05-10,PuLP HiGHS,Optimal,2.75317839999,7195.25365813,7258.3537532,1.124955|0.726615|0.384264,3457.168565|7128.584282|10800,3457.16856477,5206.91879444,16347.0103601,955.40585313,17302.4162132,12247.0799182,CVaR,0.9,0.05,1466.4115337,3031.64998866,151.582499433,30564.4785356,253.72647363,28574.1005367,1990.37799881,18754.9979168,15251.5507508,18565.5039788,1200,10800,1.36424205266e-12,3.63797880709e-12,7128.58428239,7195.25365813,7258.3537532,771.619976479,3376.67671442,19723.6870745,28366.79571,2197.68282559,13795.3644843,16659.0307014,13437.0247826,3910.49318373,24,760
2025-05-11,PuLP HiGHS,Optimal,3.7688736,7258.3537532,7112.53497356,1.124955|0.726615|0.384264,3425.069947|7112.534974|10800,3425.06994712,5182.47096255,38534.551497,2104.15225752,40638.7037546,35959.6370878,CVaR,0.9,0.05,6754.64469572,10068.0859147,503.404295737,63652.8875574,571.731746663,60204.7355775,3448.15197988,20057.1038092,16377.4909871,3911.42199621,1200,10800,9.09494701773e-13,9.09494701773e-13,7112.53497356,7258.3537532,7112.53497356,1002.37708046,3584.41799201,42118.9694891,60429.2093359,3223.67822153,2639.15463503,18103.103156,14794.7504581,3536.74118224,36,1054
2025-05-12,PuLP HiGHS,Optimal,3.05705080001,7112.53497356,7130.78195923,1.124955|0.726615|0.384264,3446.586293|7123.293147|10800,3446.58629318,5198.85883374,38317.590927,2064.81318303,40382.40411,35643.1615774,CVaR,0.9,0.05,4590.14289211,9192.32602236,459.616301118,63658.4128143,573.523669075,60101.549621,3556.86319338,20534.9061603,16623.5916341,3892.62179382,1200,10800,4.54747350886e-13,4.54747350886e-13,7123.29314659,7112.53497356,7130.78195923,833.5677296,2896.80583757,41214.3967645,59022.1919521,4636.22086228,4794.50998685,16387.5377599,13257.4832984,7513.47673612,42,1085
2025-05-13,PuLP HiGHS,Optimal,3.63326239999,7130.78195923,7423.74393707,1.124955|0.726615|0.384264,4047.487874|7423.743937|10800,4047.48787413,5656.53402061,38814.418334,2246.87393309,41061.2922671,35905.1987475,CVaR,0.9,0.05,7184.72566476,10008.8100205,500.440501026,64338.0386225,586.537987349,60727.079143,3610.95947956,20203.7919013,16101.40566,3618.62217579,1200,10800,4.54747350886e-13,0,7423.74393707,7130.78195923,7423.74393707,302.956603575,1176.75275148,39991.1710855,59712.4328125,4625.60580998,3070.21460704,18696.2961177,14880.3340753,2728.56736828,36,1060
2025-05-14,PuLP HiGHS,Optimal,3.0311812,7423.74393707,7224.23871532,1.124955|0.726615|0.384264,3583.632972|7191.816486|10800,3583.63297172,5303.24009383,39317.2767839,2286.8660442,41604.1428281,36912.9968969,CVaR,0.9,0.05,7265.39559113,12241.8832527,612.094162636,64841.0326072,615.836398681,61045.2703353,3795.76227192,19920.3392808,16344.2095235,3831.74350661,1200,10800,0,9.09494701773e-13,7191.81648586,7423.74393707,7224.23871532,200.366180827,631.52851365,39948.8052976,59866.7422235,4974.2903837,3851.67289228,17793.902254,14592.6155253,3878.03102496,37,1026
2025-05-15,PuLP HiGHS,Optimal,5.3294969,7224.23871532,7635.89168897,1.124955|0.726615|0.384264,4279.327987|7539.663994|10800,4279.32798702,5833.11446299,39026.5062015,2066.63498583,41093.1411873,35684.8793589,CVaR,0.9,0.05,7373.71336968,8497.05269134,424.852634567,64704.2618565,547.749625296,61024.0682599,3680.19359668,20142.8926775,16031.8603184,3908.57860916,1200,10800,3.63797880709e-12,9.09494701773e-13,7539.66399351,7224.23871532,7635.89168897,1020.18770582,4017.77471026,43044.2809118,59462.6573196,5241.60453698,3827.56944797,18524.8927253,14634.6754312,3015.1848394,35,1040
2025-05-16,PuLP HiGHS,Optimal,3.90331720002,7635.89168897,7507.29743571,1.124955|0.726615|0.384264,3704.274618|7252.137309|10800,3704.27461806,5395.12650216,15686.2525125,954.593232208,16640.8457447,11455.2387284,CVaR,0.9,0.05,1270.34792,4190.38971648,209.519485824,29309.8070043,251.966885947,27115.9189742,2193.88803008,21671.7391079,17899.4876194,16926.5974282,1200,10800,1.20508047985e-11,9.09494701773e-13,7252.13730903,7635.89168897,7507.29743571,426.786555801,1223.60026973,16909.8527822,27132.725689,2177.08131534,21766.35278,16807.3039967,13729.6510653,9034.27166525,41,717
2025-05-17,PuLP HiGHS,Optimal,3.17614699999,7507.29743571,7638.69411565,1.124955|0.726615|0.384264,4153.532788|7476.766394|10800,4153.53278846,5737.3028645,15932.706627,1014.33619072,16947.0428178,11433.3423939,CVaR,0.9,0.05,1349.05489539,4472.04881343,223.602440671,29936.376601,264.236045986,27747.0422924,2189.33430852,21145.2667103,17155.1439727,17827.4760126,1200,10800,4.54747350886e-13,4.54747350886e-13,7476.76639423,7507.29743571,7638.69411565,584.088128352,2084.96896425,18017.6755913,28329.7803897,1606.59621122,15136.3350105,16897.2495387,13568.5151144,7834.64602985,37,741
2025-05-18,PuLP HiGHS,Optimal,5.37406579999,7638.69411565,7562.88942811,1.124955|0.726615|0.384264,4200.554523|7500.277262|10800,4200.55452346,5773.11685141,37771.5287147,2040.01146575,39811.5401805,34431.2304296,CVaR,0.9,0.05,5695.78831473,7856.14201132,392.807100566,62313.4846478,551.72645346,58899.211905,3414.27274277,18161.6280341,14835.4938761,4232.7387812,1200,10800,4.54747350886e-13,2.27373675443e-13,7500.27726173,7638.69411565,7562.88942811,1533.81603783,5296.76621493,43068.2949297,58741.7577878,3571.72686001,3304.35880601,17701.4270441,14406.3801245,889.314741686,24,1066
2025-05-19,PuLP HiGHS,Optimal,6.8072022,7562.88942811,8191.44137442,1.124955|0.726615|0.384264,5582.882749|8191.441374|10800,5582.88274885,6825.96368845,38463.3413112,2432.19971607,40895.5410272,34613.5796827,CVaR,0.9,0.05,7356.27611383,10880.0468776,544.00234388,63895.5272012,658.523332983,59998.5175189,3897.00968228,19866.2575417,15525.9718571,4647.57387862,1200,10800,4.54747350886e-13,1.81898940355e-12,8191.44137442,7562.88942811,8191.44137442,315.182562249,1660.41789677,40123.7592079,57430.8586375,6464.66856367,6228.35913884,18088.2566276,14085.7911167,3218.18165454,36,1045
2025-05-20,PuLP HiGHS,Optimal,3.89530999999,8191.44137442,6997.18580041,1.124955|0.726615|0.384264,3194.371601|6997.1858|10800,3194.37160083,5006.76014384,35767.7993376,2007.7435163,37775.5428539,33148.1473702,CVaR,0.9,0.05,4544.71967985,7587.29320208,379.364660104,58676.6671508,545.892234197,55401.8659593,3274.8011915,17692.8648733,15406.050564,4018.10672988,1200,10800,9.09494701773e-13,9.09494701773e-13,6997.18580041,8191.44137442,6997.18580041,1533.6495247,5107.3142444,40875.113582,56583.3443133,2093.32283754,1559.66143249,16340.8821338,14310.944545,2447.08875853,32,1039
2025-05-21,PuLP HiGHS,Optimal,5.7382578,6997.18580041,7083.53810447,1.124955|0.726615|0.384264,3366.75276|7083.37638|10800,3366.75275986,5138.05382266,36986.2990531,1916.33566094,38902.6347141,34187.1569302,CVaR,0.9,0.05,4355.00540166,8451.52077616,422.576038808,61280.6290762,526.236901448,57825.3239934,3455.30508276,18616.7562208,15002.0010173,4026.59467059,1200,10800,9.09494701773e-13,1.81898940355e-12,7083.37637993,6997.18580041,7083.53810447,1108.94276014,4349.24066898,41335.5397221,57838.9556878,3441.67338837,4318.05961032,16786.8762141,13519.6526598,3312.22836416,35,1046
2025-05-22,PuLP HiGHS,Optimal,4.15964159998,7083.53810447,7489.92159115,1.124955|0.726615|0.384264,4179.843182|7489.921591|10800,4179.84318231,5757.34211019,36828.8954694,2152.52116002,38981.4166294,33736.1281901,CVaR,0.9,0.05,7616.5045748,10241.0734167,512.053670835,61039.978565,577.501903684,57534.4876682,3505.49089673,19163.4617931,15156.6589144,4359.00799428,1200,10800,2.27373675443e-13,1.81898940355e-12,7489.92159115,7083.53810447,7489.92159115,443.637625301,2235.02090252,39063.9163719,57947.0918466,3092.88671839,3789.33859851,17994.8153615,14210.0553048,2115.25004114,31,1032
2025-05-23,PuLP HiGHS,Optimal,3.49895189999,7489.92159115,7739.35386623,1.124955|0.726615|0.384264,4332.106424|7566.053212|10800,4332.10642387,5873.31302747,15633.6335916,998.623729828,16632.2573214,10997.9510434,CVaR,0.9,0.05,1444.77076435,4780.13498851,239.006749425,29560.9970703,257.906768629,27425.2806561,2135.71641418,22033.2391781,17778.4052755,18583.1319508,1200,10800,9.09494701773e-13,9.09494701773e-13,7566.05321193,7489.92159115,7739.35386623,364.247056765,1462.38549301,17096.0190846,27252.171884,2308.82518635,17650.3332653,17477.0933924,13931.9566003,8402.59446089,37,703
2025-05-24,PuLP HiGHS,Optimal,3.99348560002,7739.35386623,7771.09902313,1.124955|0.726615|0.384264,4153.532363|7476.766182|10800,4153.53236322,5737.30254061,15927.4980325,1101.63160669,17029.1296392,11585.5766003,CVaR,0.9,0.05,1354.82434989,5874.99003541,293.749501771,29840.1441382,286.448397634,27612.5685026,2227.57563562,22701.5230698,18624.5626027,18173.0386789,1200,10800,4.32009983342e-12,1.81898940355e-12,7476.76618161,7739.35386623,7771.09902313,156.368268474,607.938286854,16535.4363193,27277.8804467,2562.26369146,20380.8382468,17212.3075994,13913.3985143,10200.3795588,38,704
2025-05-25,PuLP HiGHS,Optimal,4.29260840002,7771.09902313,7091.15225723,1.124955|0.726615|0.384264,3382.304514|7091.152257|10800,3382.30451446,5149.89877768,36206.5132071,2134.23329633,38340.7465034,33732.1123525,CVaR,0.9,0.05,6558.83029192,10825.2925356,541.264626782,60050.5804585,573.394766378,56865.7649368,3184.81552177,18041.3805184,15225.4703092,4507.64453096,1200,10800,9.09494701773e-13,9.09494701773e-13,7091.15225723,7771.09902313,7091.15225723,390.215388063,1919.25992445,38125.7731315,55883.4131286,4167.16732993,5280.80892279,16104.0078941,13656.1984835,3506.64445006,31,1058
2025-05-26,PuLP HiGHS,Optimal,4.59441019999,7091.15225723,7146.10711423,1.124955|0.726615|0.384264,3382.458276|7091.229138|10800,3382.45827621,5150.01588993,36161.2609097,2069.81942944,38231.0803391,33508.523423,CVaR,0.9,0.05,5415.79072674,8549.17947564,427.458973782,59803.6102965,580.987016655,56429.4822975,3374.12799904,18548.6424972,15024.3312299,4798.754018,1200,10800,5.68434188608e-13,9.09494701773e-13,7091.22913811,7091.15225723,7146.10711423,3084.26277713,11794.4223183,47955.683228,56840.6951716,2962.91512489,1847.47569485,18148.3680664,14650.7187625,773.886898177,19,1055
2025-05-27,PuLP HiGHS,Optimal,4.57880389999,7146.10711423,7712.76893306,1.124955|0.726615|0.384264,4625.537866|7712.768933|10800,4625.53786612,6096.80435189,38073.3764228,2248.31705532,40321.6934782,34829.5426023,CVaR,0.9,0.05,6912.49121087,12093.0695199,604.653475995,63059.4115937,598.155399968,59281.6789951,3777.73259865,19106.4500985,14966.2289429,5117.40338706,1200,10800,9.09494701773e-13,9.09494701773e-13,7712.76893306,7146.10711423,7712.76893306,324.289437052,976.455856989,39049.8322798,57632.4788351,5426.9327586,4712.83471145,17597.7401253,13744.1738645,2730.76505163,33,1013
2025-05-28,PuLP HiGHS,Optimal,7.44297589999,7712.76893306,8304.46750194,1.124955|0.726615|0.384264,5808.935004|8304.467502|10800,5808.93500388,6998.13582337,38012.6759505,2397.86305956,40410.53901,33922.0684334,CVaR,0.9,0.05,7786.48167088,10193.3049354,509.665246771,62497.5424471,639.140480687,58439.332098,4058.21034916,19236.4899122,15049.0281169,4788.26386364,1200,10800,3.41060513165e-13,1.81898940355e-12,8304.46750194,7712.76893306,8304.46750194,1709.62204626,4715.38907737,42728.0650278,58383.9573218,4113.58512527,3754.12676579,18595.2620543,14529.633552,1160.62242268,22,1013
2025-05-29,PuLP HiGHS,Optimal,3.99284409999,8304.46750194,7149.06206514,1.124955|0.726615|0.384264,3498.12413|7149.062065|10800,3498.12413027,5238.11249851,35923.1238847,2301.96270511,38225.0865898,33608.2422848,CVaR,0.9,0.05,6808.69466501,12425.3638699,621.268193497,59349.8458577,644.840420104,55931.4344968,3418.41136088,17891.7223964,15532.1600342,5248.24082526,1200,10800,9.09494701773e-13,4.54747350886e-13,7149.06206514,8304.46750194,7149.06206514,1307.96583912,4935.72446059,40858.8483453,57401.5573932,1948.28846454,2352.55758558,17298.4581043,15051.6159576,1073.80836869,22,1030
2025-05-30,PuLP HiGHS,Optimal,3.87854469998,7149.06206514,7637.90964388,1.124955|0.726615|0.384264,4094.861081|7447.430541|10800,4094.8610811,5692.61570527,15449.2883884,963.49017694,16412.7785653,10919.8263914,CVaR,0.9,0.05,1891.13812676,3993.27062692,199.663531346,29519.1381244,256.080309584,27391.3406518,2127.79747251,21772.9010536,17367.5182256,18666.4121514,1200,10800,9.09494701773e-13,4.54747350886e-13,7447.43054055,7149.06206514,7637.90964388,731.728807394,3094.28040575,18543.5687941,27332.5303429,2186.60778141,17756.7782849,17217.2883046,13506.0407058,8417.09026881,38,709
2025-05-31,PuLP HiGHS,Optimal,3.66903200001,7637.90964388,7748.75233565,1.124955|0.726615|0.384264,4377.197536|7588.598768|10800,4377.19753599,5907.6565603,15466.3606449,1101.79733896,16568.1579838,10900.6532247,CVaR,0.9,0.05,1857.27251229,4803.03602361,240.151801181,29339.7996598,280.817754902,27261.2963391,2078.5033207,22520.4864105,18285.9737808,18763.2800211,1200,10800,4.54747350886e-13,4.54747350886e-13,7588.598768,7637.90964388,7748.75233565,555.412884821,2095.08616125,17561.4468061,26993.7009172,2346.09874263,15704.8926507,17659.3746249,14204.3350236,8942.75054287,35,734
2025-06-01,PuLP HiGHS,Optimal,4.60281430001,7748.75233565,7500.27704906,1.124955|0.726615|0.384264,4200.554098|7500.277049|10800,4200.55409813,5773.11652745,36862.9226266,1993.85603185,38856.7786585,33387.0933252,CVaR,0.9,0.05,5583.87201983,6068.62388422,303.431194211,61111.7029267,576.968829755,57615.1470844,3496.55584225,18839.6134853,15483.714681,4004.47813318,1200,10800,4.54747350886e-13,1.81898940355e-12,7500.27704906,7748.75233565,7500.27704906,13641.18929,52387.7206291,89250.6432557,60885.3790939,226.32383278,0,18554.5781149,15252.836031,515.91402037,13,1075
2025-06-02,PuLP HiGHS,Optimal,4.03986649998,7500.27704906,7381.26246458,1.124955|0.726615|0.384264,3962.524929|7381.262465|10800,3962.52492915,5591.82220598,38028.9499257,2780.32226911,40809.2721948,36061.3333724,CVaR,0.9,0.05,5129.18916225,16877.6676706,843.88338353,63164.4870507,749.391394526,59253.8385312,3910.64851954,19111.1705294,15587.1612549,3736.66861126,1200,10800,4.54747350886e-13,1.81898940355e-12,7381.26246458,7500.27704906,7381.26246458,11147.4323051,45423.5548201,83452.5047458,62379.0184729,785.468577854,1373.56038646,19048.4003552,15536.3174137,113.6140154,7,1056
2025-06-03,PuLP HiGHS,Optimal,6.1322883,7381.26246458,7376.64396276,1.124955|0.726615|0.384264,3953.287926|7376.643963|10800,3953.28792551,5584.78686525,38626.497274,2255.21576027,40881.7130343,35758.8966577,CVaR,0.9,0.05,5625.4296369,9239.40977393,461.970488697,64566.3052267,607.636349091,60486.2720276,4080.03319914,20101.5453262,16286.4083659,4006.72647806,1200,10800,4.54747350886e-13,9.09494701773e-13,7376.64396276,7381.26246458,7376.64396276,8179.87658911,34141.0075789,72767.5048529,64229.8245386,336.480688061,411.26988763,20053.7950443,16247.7306375,86.42801027,4,1093
2025-06-04,PuLP HiGHS,Optimal,3.8522891,7376.64396276,7588.59887529,1.124955|0.726615|0.384264,4377.197751|7588.598875|10800,4377.19775058,5907.65672373,39509.4932575,2308.91673079,41818.4099883,36413.6656895,CVaR,0.9,0.05,6426.78181696,10058.2484981,502.912424904,66052.2896607,612.162137209,62143.0136103,3909.27605045,21024.3982907,16839.0031942,3453.4390948,1200,10800,0,9.09494701773e-13,7588.59887529,7376.64396276,7588.59887529,7947.23626377,29490.4179821,68999.9112397,65923.0419451,129.247715602,190.035693099,20232.7488309,16197.7671318,1432.88552216,23,1095
2025-06-05,PuLP HiGHS,Optimal,2.9190395,7588.59887529,8165.74188678,1.124955|0.726615|0.384264,5531.483774|8165.741887|10800,5531.48377355,6786.81578742,42181.1692854,3817.11057753,45998.279863,40572.1852345,CVaR,0.9,0.05,7080.60684189,27214.4231794,1360.72115897,70020.0293634,988.345609762,65249.557515,4770.47184835,22274.0808199,17522.5767537,3623.25357715,1200,10800,9.09494701773e-13,1.81898940355e-12,8165.74188678,7588.59887529,8165.74188678,7005.73782419,26554.3445436,68735.513829,69410.790833,609.238530374,626.548621354,21690.7016253,17050.0396062,1055.91634208,17,1087
2025-06-06,PuLP HiGHS,Optimal,2.8428177,8165.74188678,7274.94724045,1.124955|0.726615|0.384264,3749.894481|7274.94724|10800,3749.89448089,5429.87275664,15388.1046845,1406.60638307,16794.7110675,11813.84153,CVaR,0.9,0.05,1886.38590962,8980.06438189,449.003219095,29024.6083079,358.680448829,26727.1793687,2297.42893926,18238.703097,15575.0646903,12382.7682672,1200,10800,9.09494701773e-13,9.09494701773e-13,7274.94724045,8165.74188678,7274.94724045,7702.80512875,32021.5488606,47409.6535451,28743.0861986,281.522109332,3105.48969922,17300.638999,14815.2327709,1697.89601735,13,730
2025-06-07,PuLP HiGHS,Optimal,3.35835979998,7274.94724045,7469.67579147,1.124955|0.726615|0.384264,4139.351583|7469.675791|10800,4139.35158294,5726.50178477,16920.006511,2350.9125974,19270.9191084,14551.1704624,CVaR,0.9,0.05,8446.12533302,20135.0627747,1006.75313873,31607.4205597,626.758837403,28740.2620507,2867.15850908,17632.9731016,14107.4525164,10084.2234253,1200,10800,4.54747350886e-13,1.81898940355e-12,7469.67579147,7274.94724045,7469.67579147,5365.63957709,21995.9270292,38915.9335403,31127.2108086,480.209751122,1903.05138831,17305.4217622,13842.1359315,592.867924346,11,749
2025-06-08,PuLP HiGHS,Optimal,2.89765509998,7469.67579147,8367.18875027,1.124955|0.726615|0.384264,5934.377501|8367.18875|10800,5934.37750053,7093.67878734,51916.4808399,3490.81759671,55407.2984366,49166.7530075,CVaR,0.9,0.05,9042.34696816,17062.667165,853.13335825,83369.2322114,903.766749258,78209.5953682,5159.63684324,23874.3252791,18530.4418132,2430.94977991,1200,10800,9.09494701773e-13,9.09494701773e-13,8367.18875027,7469.67579147,8367.18875027,135.577638964,546.838863767,52463.3197037,71438.2282071,11931.0040043,2143.85213333,18090.8883326,13845.8578865,10468.0208732,36,1147
2025-06-09,PuLP HiGHS,Optimal,4.4370523,8367.18875027,7499.13727543,1.124955|0.726615|0.384264,4198.274551|7499.137275|10800,4198.27455085,5771.38031597,49905.2415031,3412.30250645,53317.5440096,48572.992027,CVaR,0.9,0.05,10108.7652728,20536.5666685,1026.82833342,79815.4497862,880.213162354,74711.4750554,5103.97473081,21481.7024267,18181.425293,2640.42282251,1200,10800,0,4.54747350886e-13,7499.13727543,8367.18875027,7499.13727543,1062.51627694,3728.78095239,53634.0224555,73640.6128575,6174.83692874,959.679383333,18905.1755005,16094.4384828,4663.51373635,32,1134
2025-06-10,PuLP HiGHS,Optimal,3.7812467,7499.13727543,7707.43946028,1.124955|0.726615|0.384264,4614.878921|7707.43946|10800,4614.87892055,6088.68599264,50372.0562189,3106.81622563,53478.8724446,48158.8484882,CVaR,0.9,0.05,6306.02234835,15373.2407256,768.662036278,81040.3074663,785.637981805,76273.9669326,4766.34053368,22783.9323844,18267.513265,2385.33553747,1200,10800,1.09139364213e-11,9.09494701773e-13,7707.43946028,7499.13727543,7707.43946028,719.86223393,2574.74642165,52946.8026406,75863.7670185,5176.54044778,749.97215,21198.6363303,16983.4234611,2869.38585794,28,1145
2025-06-11,PuLP HiGHS,Optimal,3.6410645,7707.43946028,7712.76876355,1.124955|0.726615|0.384264,4625.537527|7712.768764|10800,4625.53752711,6096.80409368,50767.9383205,2651.71137001,53419.6496905,47807.3222859,CVaR,0.9,0.05,6450.04527266,9689.53378194,484.476689097,82063.8196621,703.809818663,77147.1184612,4916.70120082,22921.0464119,18561.2512207,2643.63848774,1200,10800,4.54747350886e-13,2.27373675443e-13,7712.76876355,7707.43946028,7712.76876355,2556.18561847,11904.3147805,62672.253101,77827.7270551,4236.09260694,0,22603.5262314,18304.0598745,574.711526675,11,1174
2025-06-12,PuLP HiGHS,Optimal,5.73818289998,7712.76876355,8253.6646659,1.124955|0.726615|0.384264,5707.329332|8253.664666|10800,5707.3293318,6920.74811724,51967.1532609,2846.12681128,54813.2800722,48556.6075255,CVaR,0.9,0.05,7571.83828022,13281.5114115,664.075570576,83495.704115,754.81270671,78506.1928458,4989.51126918,23401.5579752,18468.4556478,2848.63558576,1200,10800,9.09494701773e-13,9.09494701773e-13,8253.6646659,7712.76876355,8253.6646659,866.111582022,3604.66410224,55571.8173631,76366.2698951,7129.43421995,275.903166667,21143.5819209,16639.4950438,4086.93665818,27,1176
2025-06-13,PuLP HiGHS,Optimal,7.9270353,8253.6646659,7960.94738478,1.124955|0.726615|0.384264,4881.574102|7840.787051|10800,4881.57410247,6291.81371121,22922.0380988,2687.89214411,25609.9302429,20329.2264907,CVaR,0.9,0.05,2654.85350667,20222.1991811,1011.10995905,39954.1674704,708.704103351,37198.0959612,2756.07150915,15775.4490321,13149.7035692,8713.23992787,1200,10800,0,1.81898940355e-12,7840.78705123,8253.6646659,7960.94738478,523.926515983,2644.12312412,25566.1612229,36663.2868167,3290.88065369,6235.98817429,15101.8790072,12495.9675488,1327.30604522,26,889
2025-06-14,PuLP HiGHS,Optimal,3.1872207,7960.94738478,7777.26122136,1.124955|0.726615|0.384264,4557.562541|7678.781271|10800,4557.56254106,6045.03111549,22351.2496607,1912.56812994,24263.8177906,18814.9463998,CVaR,0.9,0.05,3741.01052907,11923.1944932,596.15972466,38838.9457774,507.625055645,36227.0275778,2611.91819962,16965.9004134,13996.3288377,7042.4767162,1200,10800,0,1.81898940355e-12,7678.78127053,7960.94738478,7777.26122136,251.02984268,767.775436257,23119.0250969,36233.1018841,2605.84389327,7452.8142301,15806.8015462,12968.8267995,2186.60090539,30,924
2025-06-15,PuLP HiGHS,Optimal,3.8962936,7777.26122136,7726.08551038,1.124955|0.726615|0.384264,4625.140428|7712.570214|10800,4625.14042817,6096.50164427,53524.9371728,4141.77862517,57666.7157979,53014.0501395,CVaR,0.9,0.05,21912.382803,28876.7197169,1443.83598584,84986.559399,1080.54399739,78421.9755509,6564.58384813,23263.7651319,18901.8716634,2979.48282836,1200,10800,1.25055521494e-12,9.09494701773e-13,7712.57021409,7777.26122136,7726.08551038,264.174338551,1205.70294692,54730.6401197,74267.2445775,10719.3148215,0,20792.1195925,16887.6750098,4485.84219313,31,1034
2025-06-16,PuLP HiGHS,Optimal,6.93588190002,7726.08551038,7827.46972671,1.124955|0.726615|0.384264,4854.939453|7827.469727|10800,4854.93945342,6271.52749735,52483.9197847,3648.05794861,56131.9777333,51071.2888931,CVaR,0.9,0.05,10304.5177812,24216.773143,1210.83865715,84058.3140786,928.871447764,78587.2011998,5471.11287874,23115.8379273,18632.5829264,2661.46145523,1200,10800,9.09494701773e-13,9.09494701773e-13,7827.46972671,7726.08551038,7827.46972671,416.974344336,1580.77606666,54064.6958514,76715.9208966,7342.39318194,196.574416667,21847.4853313,17605.2173236,2295.71819885,22,1112
2025-06-17,PuLP HiGHS,Optimal,3.8077945,7827.46972671,8165.74190634,1.124955|0.726615|0.384264,5531.483813|8165.741906|10800,5531.48381269,6786.81581722,52901.8749469,3422.54290169,56324.4178486,50659.6757612,CVaR,0.9,0.05,8374.05489868,22441.4745979,1122.07372989,84847.9335374,882.915707084,79067.4104856,5780.52305177,23751.2737951,18934.0868123,2573.38168181,1200,10800,1.13686837722e-12,9.09494701773e-13,8165.74190634,7827.46972671,8165.74190634,1363.59285633,5891.7808358,58793.6557827,77585.5240125,7262.40952489,0,21092.9510025,16780.8453504,4811.56425455,29,1117
2025-06-18,PuLP HiGHS,Optimal,2.8902577,8165.74190634,7659.43574816,1.124955|0.726615|0.384264,4518.871496|7659.435748|10800,4518.87149631,6015.56217799,52684.027381,3277.91226647,55961.9396475,50977.7166923,CVaR,0.9,0.05,7272.70013113,20626.7844555,1031.33922278,84015.5085082,826.927621988,78653.1435305,5362.36497774,22604.1042687,18765,2298.52743403,1200,10800,4.54747350886e-13,1.81898940355e-12,7659.43574816,8165.74190634,7659.43574816,200.589120443,795.636502137,53479.6638832,73888.7589889,10126.7495193,159.75675,18194.0842195,15192.8837602,7982.13628896,32,1145
2025-06-19,PuLP HiGHS,Optimal,4.81540329999,7659.43574816,8028.87687053,1.124955|0.726615|0.384264,5257.753741|8028.876871|10800,5257.75374105,6578.32999249,52476.0095119,2866.88843546,55342.8979474,49405.3358787,CVaR,0.9,0.05,6856.86555468,12815.3584757,640.767923786,83903.4662917,752.056797113,78729.5846651,5173.88162664,24135.5062111,19217.2630208,2833.56635235,1200,10800,4.54747350886e-13,9.09494701773e-13,8028.87687053,7659.43574816,8028.87687053,591.59650136,2164.22236345,54640.2318754,73438.9882002,10464.4780915,1646.43013333,19958.7018847,15834.0515165,7560.01583073,32,1192
2025-06-20,PuLP HiGHS,Optimal,3.36036430002,8028.87687053,8284.08184195,1.124955|0.726615|0.384264,5583.385387|8191.692693|10800,5583.38538659,6826.34652123,23741.699023,2876.83337083,26618.5323939,20908.9492504,CVaR,0.9,0.05,16396.2540539,22335.2675557,1116.76337778,41136.0178447,778.321725502,37710.8622994,3425.15554537,15285.7189051,12234.8980726,8910.17092142,1200,10800,0,9.09494701773e-13,8191.6926933,8028.87687053,8284.08184195,128.20622115,309.277738852,24050.9767619,36692.7452264,4443.27261837,11479.1998621,14270.9803219,11329.8095865,1919.82706931,31,839
2025-06-21,PuLP HiGHS,Optimal,3.09336490001,8284.08184195,8023.46098412,1.124955|0.726615|0.384264,4904.610409|7852.305205|10800,4904.61040925,6309.35925668,21653.6620349,2001.46053817,23655.122573,17871.2196695,CVaR,0.9,0.05,7026.70420251,10509.1270622,525.45635311,37439.4960838,511.532764108,34619.4860126,2820.0100712,18058.116894,15015.6736578,6813.84215752,1200,10800,3.02868841118e-13,9.09494701773e-13,7852.30520462,8284.08184195,8023.46098412,150.358676545,388.803403492,22042.4654384,33144.1638261,4295.33225771,10873.7049161,17477.0313613,14390.9541747,1205.80501579,23,897
2025-06-22,PuLP HiGHS,Optimal,1.0615525,8023.46098412,7837.44215626,1.124955|0.726615|0.384264,4874.884313|7837.442156|10800,4874.88431252,6286.71844942,49884.7624765,3705.40500136,53590.1674778,48465.8316505,CVaR,0.9,0.05,7814.76422432,23247.6524431,1162.38262216,80177.4710469,936.71111213,75073.5699908,5103.90105606,22126.6457468,18090,2347.92654421,1200,10800,9.09494701773e-13,1.81898940355e-12,7837.44215626,8023.46098412,7837.44215626,663.63802718,2501.90196466,52386.6644411,71448.7517231,8728.71932378,1262.33675,18737.5202388,15344.8083385,6134.3171695,31,1152
2025-06-23,PuLP HiGHS,Optimal,4.19631520001,7837.44215626,8319.03004454,1.124955|0.726615|0.384264,5838.060089|8319.030045|10800,5838.06008908,7020.31887169,51257.879391,4156.38745164,55414.2668426,49783.9834215,CVaR,0.9,0.05,8522.4351248,27800.7090108,1390.03545054,82464.643562,1076.54886749,76708.042731,5756.60083099,23574.4901563,18661.9079272,3037.43403003,1200,10800,4.54747350886e-13,9.09494701773e-13,8319.03004454,7837.44215626,8319.03004454,326.554136165,951.813185627,52209.6925766,72554.0894612,9910.5541008,1411.62098844,20917.4079448,16509.6713358,4809.31880287,33,1107
2025-06-24,PuLP HiGHS,Optimal,3.49496060002,8319.03004454,7699.16686616,1.124955|0.726615|0.384264,4598.333732|7699.166866|10800,4598.33373233,6076.08439139,49102.5107067,2742.87406026,51845.384767,46501.4215635,CVaR,0.9,0.05,7501.23666103,14642.4237576,732.121187879,78843.0926509,722.760274471,73970.1658662,4872.9267847,21785.2899886,18203.9617513,3184.58304014,1200,10800,2.27373675443e-13,4.54747350886e-13,7699.16686616,8319.03004454,7699.16686616,4243.64344818,16982.5742695,66085.0849762,75605.6768547,3237.41579619,43.5466666667,21551.8855094,18014.9041231,422.462107437,10,1141
2025-06-25,PuLP HiGHS,Optimal,5.0127781,7699.16686616,7596.85264909,1.124955|0.726615|0.384264,4393.705298|7596.852649|10800,4393.70529817,5920.22965609,49510.5178086,3384.50623589,52895.0240445,47996.2844637,CVaR,0.9,0.05,9383.1109104,20429.8015069,1021.49007535,79769.5555415,876.491568642,74741.1716939,5028.38384758,22465.159023,18288.861604,2973.29445333,1200,10800,1.13686837722e-12,1.81898940355e-12,7596.85264909,7699.16686616,7596.85264909,1386.10116083,5034.54475235,54545.062561,73018.4558034,6751.09973806,86.6427,20908.293121,17027.8002233,2817.92728272,24,1135
2025-06-26,PuLP HiGHS,Optimal,4.75028450001,7596.85264909,7551.97746527,1.124955|0.726615|0.384264,4303.954931|7551.977465|10800,4303.95493054,5851.87151296,49430.7130836,3394.69813822,52825.4112218,48032.1429984,CVaR,0.9,0.05,6088.54692829,21172.0657921,1058.60328961,79468.3165247,892.65603856,74522.9067925,4945.40973222,22835.4475497,18537.1001807,2775.36547495,1200,10800,7.27595761418e-12,9.09494701773e-13,7551.97746527,7596.85264909,7551.97746527,717.540463538,2705.86934242,52136.582426,70933.4393707,8534.87715403,214.80050599,20679.9113702,16791.1158753,3901.52048477,25,1152
2025-06-27,PuLP HiGHS,Optimal,3.58525439998,7551.97746527,8415.86614703,1.124955|0.726615|0.384264,5531.483631|8165.741815|10800,5531.48363075,6786.81567866,20945.5368162,2601.91391864,23547.4507348,17684.5536491,CVaR,0.9,0.05,6074.27679785,18478.3718586,923.918592931,37068.7174819,677.279239407,34218.3042276,2850.41325425,17959.2874283,13994.6349018,7889.82088701,1200,10800,4.54747350886e-13,1.81898940355e-12,8165.74181538,7551.97746527,8415.86614703,152.024271579,656.825245372,21602.3620615,33930.3804039,3138.33707799,10224.4136476,17414.9755139,13328.6303527,1210.31646352,23,877
2025-06-28,PuLP HiGHS,Optimal,3.33672769999,8415.86614703,8400.98406934,1.124955|0.726615|0.384264,5770.833084|8285.416542|10800,5770.83308415,6969.11559146,21080.1441043,2690.41395949,23770.5580638,17769.9254641,CVaR,0.9,0.05,8795.08033311,19369.659834,968.4829917,37619.1989117,686.493154862,34569.8507993,3049.34811244,17437.4466027,14241.7363927,8734.46948826,1200,10800,0,1.81898940355e-12,8285.41654207,8415.86614703,8400.98406934,510.008430229,2267.20681799,23347.3509223,34193.2514276,3425.9474841,9784.13641148,16608.3747348,13466.1774051,1604.63085549,28,870
2025-06-29,PuLP HiGHS,Optimal,3.89650160001,8400.98406934,7717.6520831,1.124955|0.726615|0.384264,4635.304166|7717.652083|10800,4635.30416619,6104.24282992,48808.0187887,3082.81770527,51890.836494,46560.2295018,CVaR,0.9,0.05,6329.46305834,15472.7167556,773.635837781,78519.7171088,802.1664406,73514.9168754,5004.80023342,22069.784731,18491.5244198,2665.30329873,1200,10800,9.09494701773e-13,2.27373675443e-13,7717.6520831,8400.98406934,7717.6520831,1158.04908258,3855.83698837,52663.8557771,71886.938961,6632.77814776,757.539043359,19129.8908135,16110.2103465,5321.20799075,30,1165
2025-06-30,PuLP HiGHS,Optimal,3.9912207,7717.6520831,7775.02679739,1.124955|0.726615|0.384264,4710.672113|7755.336057|10800,4710.6721133,6161.64663841,50463.2917976,4300.28498196,54763.5767796,50274.0182978,CVaR,0.9,0.05,5756.69326419,33441.7631327,1672.08815663,80776.4742278,1096.70545939,75297.481741,5478.99248686,23044.5912905,18632.2033691,2943.89432204,1200,10800,5.68434188608e-13,9.09494701773e-13,7755.33605665,7717.6520831,7775.02679739,1221.13951107,4308.88247521,54772.1742728,72636.2062654,8140.26796244,155.12825,19857.3489488,16032.8154056,5786.63030529,33,1076
2025-07-01,PuLP HiGHS,Optimal,4.62229989999,7775.02679739,7987.68677942,1.124955|0.726615|0.384264,5175.373559|7987.686779|10800,5175.37355885,6515.58533266,52712.0894492,4035.18455631,56747.2740055,51659.6533017,CVaR,0.9,0.05,18843.5113938,28559.2925776,1427.96462888,84367.7181751,1035.1342202,77819.3807196,6548.33745549,23885.2479055,19155.6568197,3317.93820844,1200,10800,3.12638803734e-13,1.81898940355e-12,7987.68677942,7775.02679739,7987.68677942,4757.7077038,16327.2312166,69039.3206658,78994.5206915,5373.19748352,830.784421208,20334.2418788,16279.341938,6427.32090843,32,1050
2025-07-02,PuLP HiGHS,Optimal,3.90521709999,7987.68677942,7756.42547733,1.124955|0.726615|0.384264,4712.850955|7756.425477|10800,4712.85095466,6163.30614749,48144.5576231,3126.88388957,51271.4415127,45836.3986827,CVaR,0.9,0.05,7794.90101123,14565.2663512,728.263317559,77673.3713319,796.67423486,72788.9638975,4884.40743435,22076.376331,18090,2718.97698416,1200,10800,9.09494701773e-13,9.09494701773e-13,7756.42547733,7987.68677942,7756.42547733,6756.2104981,23344.8496558,71489.4072789,71367.9744388,6305.3968931,2087.36698333,17579.9303094,14447.8787225,8138.56729912,37,1185
2025-07-03,PuLP HiGHS,Optimal,2.79774509999,7756.42547733,7267.6411464,1.124955|0.726615|0.384264,3735.282293|7267.641146|10800,3735.28229279,5418.7434201,47703.2305848,3990.55845544,51693.7890402,47816.8805819,CVaR,0.9,0.05,8907.09885445,30836.6992353,1541.83496176,76843.615131,1017.16264645,71754.5004173,5089.11471369,21898.262907,18177.4988525,3491.79163947,1200,10800,4.54747350886e-13,4.54747350886e-13,7267.6411464,7756.42547733,7267.6411464,8373.10018177,30285.6578221,77988.8884068,75326.6577074,1516.95742364,462.3635375,20615.1648219,17138.1894036,2322.40753402,24,1094
2025-07-04,PuLP HiGHS,Optimal,2.74244700003,7267.6411464,7867.27257537,1.124955|0.726615|0.384264,4934.545151|7867.272575|10800,4934.54515073,6332.15897769,20332.5082923,2434.66316221,22767.1714545,17426.9441015,CVaR,0.9,0.05,5161.62202953,19838.6324942,991.931624712,35925.6604172,628.653697275,32908.3762967,3017.28412049,18284.4352129,14270.7242363,10752.4524651,1200,10800,4.54747350886e-13,4.54747350886e-13,7867.27257537,7267.6411464,7867.27257537,6898.34950751,24363.9090045,44696.4172968,35848.6374058,77.0230113932,9919.97525646,17928.8205481,13982.6763579,643.662543277,10,678
2025-07-05,PuLP HiGHS,Optimal,3.1118752,7867.27257537,7738.96990797,1.124955|0.726615|0.384264,4677.939816|7738.969908|10800,4677.93981594,6136.71616596,19870.2892381,1662.50283841,21532.7920765,15951.0447293,CVaR,0.9,0.05,2056.77432629,11099.3763761,554.968818806,35463.6219417,450.851033835,32587.305704,2876.31623776,17932.1887866,14640.5453178,11336.3379994,1200,10800,4.54747350886e-13,9.09494701773e-13,7738.96990797,7867.27257537,7738.96990797,7182.95501768,27038.4162662,46908.7055043,35463.6219417,0,10612.0400374,17683.8387159,14439.3817605,449.513628022,9,749
2025-07-06,PuLP HiGHS,Optimal,4.02188659998,7738.96990797,8019.23380675,1.124955|0.726615|0.384264,5238.467613|8019.233807|10800,5238.46761349,6563.64076165,46856.5676321,4009.33046494,50865.8980971,45754.8775292,CVaR,0.9,0.05,23398.3874235,29052.4038758,1452.62019379,76017.8744739,1072.01496831,70603.8169938,5414.05748007,22458.549892,17939.1879036,3711.91460037,1200,10800,6.25277607469e-13,4.54747350886e-13,8019.23380675,7738.96990797,8019.23380675,9235.25005454,36080.9628712,82937.5305033,75045.7271536,972.14732029,125.839768359,21625.8862151,17264.7303254,1507.12125519,20,1027
2025-07-07,PuLP HiGHS,Optimal,3.67676850001,8019.23380675,8194.65903998,1.124955|0.726615|0.384264,5589.31808|8194.65904|10800,5589.31807995,6830.8651423,44890.2238408,3104.20902405,47994.4328649,41893.5166893,CVaR,0.9,0.05,8930.76300266,14598.9793334,729.948966672,73310.8347827,825.247792637,68828.4586788,4482.3761039,21861.7782519,17550.1576742,3567.30657736,1200,10800,9.09494701773e-13,2.27373675443e-13,8194.65903998,8019.23380675,8194.65903998,7548.00052936,26909.8872815,71800.1111224,70989.2230526,2321.61173016,1256.66681294,19543.1120653,15672.038063,4196.78579772,35,1127
2025-07-08,PuLP HiGHS,Optimal,3.0752814,8194.65903998,7435.08813863,1.124955|0.726615|0.384264,4070.176277|7435.088139|10800,4070.17627725,5673.81458613,54023.7242179,3897.18801405,57920.9122319,53556.0353284,CVaR,0.9,0.05,9677.97678361,26178.7536531,1308.93768265,85441.3459523,1042.62444739,80660.2201683,4781.12578398,21546.9965245,18136.6809961,2883.12908427,1200,10800,4.54747350886e-13,9.09494701773e-13,7435.08813863,8194.65903998,7435.08813863,1178.57401216,4651.28201505,58675.0062329,79169.5154808,6271.83047149,1677.18617891,19911.2110979,16811.6948005,2960.77162221,23,1106
2025-07-09,PuLP HiGHS,Optimal,2.96454059999,7435.08813863,8225.19947837,1.124955|0.726615|0.384264,5650.398957|8225.199478|10800,5650.39895674,6877.38723941,55489.4463904,3706.78667724,59196.2330676,53331.0412649,CVaR,0.9,0.05,5669.56860079,20243.9087332,1012.19543666,88043.8200532,959.792730322,82986.7366331,5057.08342003,23291.3043206,18154.8562939,3061.41742439,1200,10800,4.54747350886e-13,4.54747350886e-13,8225.19947837,7435.08813863,8225.19947837,592.013450995,2276.44139379,57765.8877842,79947.8086048,8096.01144831,1823.66435469,20770.1709406,16112.7382561,4563.25141784,34,1092
2025-07-10,PuLP HiGHS,Optimal,3.53510549999,8225.19947837,8271.78023173,1.124955|0.726615|0.384264,5743.560463|8271.780232|10800,5743.56046346,6948.34346809,56790.1135945,3576.16319404,60366.2767886,54556.551578,CVaR,0.9,0.05,14928.9504938,22772.36515,1138.6182575,89295.9615313,930.014739376,83488.9673845,5806.99414685,23040.7686439,18621.0999235,3275.81618388,1200,10800,4.54747350886e-13,1.81898940355e-12,8271.78023173,8225.19947837,8271.78023173,312.270666627,1003.69614879,57793.8097433,78366.8766409,10929.0848904,2044.56433776,19679.1416232,15898.1820368,6084.54490743,33,1067
2025-07-11,PuLP HiGHS,Optimal,3.48497220001,8271.78023173,7752.85330068,1.124955|0.726615|0.384264,4652.242605|7726.121303|10800,4652.24260535,6117.14394975,27529.9766508,2214.51488621,29744.491537,24458.653609,CVaR,0.9,0.05,5911.50175871,16626.1204356,831.306021778,45738.2178732,588.090251024,42337.3866331,3400.83124009,17924.564414,15009.9902115,10823.5483878,1200,10800,9.09494701773e-13,1.81898940355e-12,7726.12130267,8271.78023173,7752.85330068,447.304363356,1340.71459609,28870.6912469,41513.1043576,4225.11351559,6538.32367083,17738.642832,14835.3349318,360.576861686,10,744
2025-07-12,PuLP HiGHS,Optimal,3.1697275,7752.85330068,7492.74851712,1.124955|0.726615|0.384264,4054.367565|7427.183782|10800,4054.36756462,5661.77391967,26551.1419238,1149.60676802,27700.7486918,22242.231096,CVaR,0.9,0.05,2214.24082327,4065.12647811,203.256323906,44682.6319927,307.726665683,42068.2667037,2614.36528898,17590.027497,14541.0248391,10689.7043046,1200,10800,3.41060513165e-13,1.81898940355e-12,7427.18378231,7752.85330068,7492.74851712,518.793205821,1747.35497041,28298.4968942,42058.349581,2624.28241164,8472.36096256,17129.6462956,14109.1078046,892.298235922,18,807
2025-07-13,PuLP HiGHS,Optimal,4.60273479999,7492.74851712,8664.0497329,1.124955|0.726615|0.384264,6528.099466|8664.049733|10800,6528.09946579,7545.88563787,58510.4215248,4387.23085252,62897.6523773,56785.654694,CVaR,0.9,0.05,27548.7692916,28677.7590913,1433.88795456,92093.2458461,1166.28291834,85004.0468005,7089.19904557,24353.8743977,18672.467168,3565.00154419,1200,10800,4.54747350886e-13,9.09494701773e-13,8664.0497329,7492.74851712,8664.0497329,79.6578229563,266.945285542,58777.3668103,78225.562537,13867.683309,4205.11836354,19885.3184328,15052.9368364,8088.08629656,36,1035
2025-07-14,PuLP HiGHS,Optimal,2.99647310001,8664.0497329,8471.41491216,1.124955|0.726615|0.384264,6142.829824|8471.414912|10800,6142.82982432,7252.44597862,54725.5036457,3977.30439673,58702.8080425,52601.0282203,CVaR,0.9,0.05,7810.02611908,23013.3231292,1150.66615646,86805.7222505,1040.09492893,81430.8318825,5374.89036792,21959.6471706,17960.6855469,3319.19071777,1200,10800,4.54747350886e-13,2.27373675443e-13,8471.41491216,8664.0497329,8471.41491216,247.129954638,1240.16274606,55965.6663918,76714.9336678,10090.7885827,1930.29778333,17881.3576899,14657.2710674,7381.7039602,39,1111
2025-07-15,PuLP HiGHS,Optimal,2.99504350001,8471.41491216,7786.70369211,1.124955|0.726615|0.384264,4773.407384|7786.703692|10800,4773.40738423,6209.42880068,53853.3262043,4084.25223254,57937.5784368,53137.2371853,CVaR,0.9,0.05,8479.08615635,28181.7509822,1409.08754911,85125.4676782,1062.85988934,80325.3645524,4800.10312575,21731.4193879,18218.6898022,3334.86618535,1200,10800,0,4.54747350886e-13,7786.70369211,8471.41491216,7786.70369211,822.398353892,2334.60313705,56187.9293414,76337.2845013,8788.18317683,1620.24751432,17929.6045033,15139.2197457,6881.28494116,37,1106
2025-07-16,PuLP HiGHS,Optimal,0.992645799997,7786.70369211,8588.3490898,1.124955|0.726615|0.384264,6376.69818|8588.34909|10800,6376.69817959,7430.57122674,56129.7888819,3966.25153216,60096.0404141,53828.2060966,CVaR,0.9,0.05,18339.8333799,23254.7381858,1162.73690929,88956.1443521,1025.7048944,82853.9013685,6102.24298362,23156.3265832,18035.1436745,3561.27497965,1200,10800,9.09494701773e-13,1.81898940355e-12,8588.3490898,7786.70369211,8588.3490898,518.33874993,1907.04497561,58036.8338575,78658.4510983,10297.6932537,2707.38593333,19017.6824931,14682.8419615,7490.94580302,37,1055
2025-07-17,PuLP HiGHS,Optimal,3.48033780002,8588.3490898,8215.11398226,1.124955|0.726615|0.384264,5630.227965|8215.113982|10800,5630.22796453,6862.02405361,54704.4020075,4387.25966035,59091.6616679,53810.4523208,CVaR,0.9,0.05,21180.7009554,31616.2941304,1580.81470652,86512.6323347,1155.88521974,80367.1715211,6145.46081359,21947.4223843,18113.323728,3764.22965347,1200,10800,9.09494701773e-13,4.54747350886e-13,8215.11398226,8588.3490898,8215.11398226,782.438024773,3046.68982774,57751.0918352,77441.442995,9071.18933962,2006.41157852,20173.4998496,16676.4464749,3210.79978777,32,1024
2025-07-18,PuLP HiGHS,Optimal,3.4597761,8215.11398226,7829.23514282,1.124955|0.726615|0.384264,4751.337315|7775.668658|10800,4751.3373154,6192.61918793,26334.3357208,1647.42623578,27981.7619566,22299.0751028,CVaR,0.9,0.05,2452.07897325,10198.6466825,509.932334125,44327.2792331,435.864163622,41450.0473924,2877.23184073,18679.7231912,15526.076577,11739.4620126,1200,10800,4.54747350886e-13,1.81898940355e-12,7775.6686577,8215.11398226,7829.23514282,209.912974849,834.853423975,27169.1891448,41007.5466604,3319.73257271,7015.30785888,17237.8664835,14309.9628072,2657.97047743,26,744
2025-07-19,PuLP HiGHS,Optimal,3.0683139,7829.23514282,7787.82845222,1.124955|0.726615|0.384264,4775.656904|7787.828452|10800,4775.65690445,6211.14214213,26975.0076347,2249.79888369,29224.8065184,23890.8681983,CVaR,0.9,0.05,5650.64920548,17544.0764401,877.203822004,45350.5599283,596.683328825,42106.1358054,3244.42412287,17986.476058,14606.3116285,11450.1829821,1200,10800,4.54747350886e-13,1.81898940355e-12,7787.82845222,7829.23514282,7787.82845222,282.986726425,964.581635914,27939.5892706,42193.1684338,3157.3914945,12126.3843633,16864.3040448,13697.3522978,2031.13134401,21,718
2025-07-20,PuLP HiGHS,Optimal,3.73477030001,7787.82845222,7571.54628425,1.124955|0.726615|0.384264,4343.092569|7571.546284|10800,4343.09256851,5881.68059707,51984.7838397,2897.12945566,54881.9132953,49760.5031533,CVaR,0.9,0.05,5626.11919054,15205.4091001,760.270455006,82231.3500261,772.646848326,77859.4945099,4371.85551618,21725.1455297,17792.0218302,3555.06635173,1200,10800,5.96855898038e-13,2.27373675443e-13,7571.54628425,7787.82845222,7571.54628425,1023.46046935,3140.60212998,55125.3859696,76217.8837226,6013.46630346,1663.15573488,19383.4957454,15895.2855049,4238.38610968,33,1114
2025-07-21,PuLP HiGHS,Optimal,3.20938430002,7571.54628425,8274.5671516,1.124955|0.726615|0.384264,5749.134303|8274.567152|10800,5749.1343032,6952.5887692,55482.4027477,4227.38085846,59709.7836062,54131.8706234,CVaR,0.9,0.05,20357.7473793,27493.5157285,1374.67578643,87860.6597545,1103.5961252,82150.6886343,5709.97112016,23130.9461098,18103.3475684,3452.91648843,1200,10800,9.09494701773e-13,2.27373675443e-13,8274.5671516,7571.54628425,8274.5671516,425.661046354,1506.4762686,56988.8790163,79798.4182324,8062.24152206,1620.92581367,20950.9754446,16337.5713295,3945.74690406,35,1037
2025-07-22,PuLP HiGHS,Optimal,3.59138169998,8274.5671516,7712.57010562,1.124955|0.726615|0.384264,4625.140211|7712.570106|10800,4625.14021125,6096.50147905,53343.4247023,3883.10705435,57226.5317567,52503.3108902,CVaR,0.9,0.05,7589.96905542,27465.6122525,1373.28061262,84589.5120219,1004.46628622,79322.06471,5267.44731193,21802.6212805,18165.9205786,3552.09096619,1200,10800,4.54747350886e-13,2.27373675443e-13,7712.57010562,8274.5671516,7712.57010562,789.153237977,2679.24586829,56022.6705706,76837.9276257,7751.58439622,616.08881277,19587.6040823,16371.756648,4009.18112887,31,1079
2025-07-23,PuLP HiGHS,Optimal,4.1428263,7712.57010562,7837.44203439,1.124955|0.726615|0.384264,4874.884069|7837.442034|10800,4874.88406878,6286.71826378,54236.9780215,3457.51207418,57694.4900956,52560.009891,CVaR,0.9,0.05,6831.89337404,23044.7611835,1152.23805917,86090.1458575,887.204201775,80912.9913308,5177.15452675,22109.2526659,17796.1099235,3547.90618767,1200,10800,2.27373675443e-13,4.54747350886e-13,7837.44203439,7712.57010562,7837.44203439,669.963812048,2497.26006267,56734.2380841,79584.5867568,6505.55910075,2026.72508791,20520.4927808,16509.2144166,2875.65539204,30,1081
2025-07-24,PuLP HiGHS,Optimal,3.0975071,7837.44203439,8411.66488954,1.124955|0.726615|0.384264,6023.329779|8411.66489|10800,6023.32977908,7161.42906791,54601.2314883,3801.44953762,58402.681026,52478.2163127,CVaR,0.9,0.05,12806.7818948,24739.2870941,1236.96435471,86776.3981259,992.124620484,81372.6223845,5403.77574143,23272.6536759,18334.0489079,3447.55260495,1200,10800,9.09494701773e-13,2.27373675443e-13,8411.66488954,7837.44203439,8411.66488954,849.710910404,3462.64454956,58063.8760379,78215.8796122,8560.51851374,1192.53542331,19683.0659456,15426.4828463,6497.15379194,35,1094
2025-07-25,PuLP HiGHS,Optimal,3.48216880002,8411.66488954,8808.32627886,1.124955|0.726615|0.384264,6684.667201|8742.333601|10800,6684.66720127,7665.13506218,28611.6560118,2515.9473425,31127.6033543,24267.8958702,CVaR,0.9,0.05,15437.3340659,16108.5515616,805.427578082,47689.6476503,711.126928955,42784.8957393,4904.75191106,19047.037334,15130.4984006,10449.899422,1200,10800,3.41060513165e-13,1.81898940355e-12,8742.33360064,8411.66488954,8808.32627886,88.3605795573,280.436429693,28892.0924415,41689.4500262,6000.19762418,11471.1264953,18128.2594387,14326.894895,1722.38140091,22,725
2025-07-26,PuLP HiGHS,Optimal,4.05486189999,8808.32627886,8310.84189246,1.124955|0.726615|0.384264,5632.307268|8216.153634|10800,5632.30726752,6863.60774954,27323.7681994,2333.38999719,29657.1581966,23739.9021739,CVaR,0.9,0.05,5283.71735546,18927.0345369,946.351726847,45604.0494506,622.637217595,42170.0445759,3434.00487474,19003.0756014,15925.4466177,10934.3446301,1200,10800,4.09272615798e-12,1.36424205266e-12,8216.15363376,8808.32627886,8310.84189246,248.822727002,717.264669923,28041.0328693,40953.3625177,4650.68693292,9812.45481313,17728.2884876,14807.6496227,2392.58410869,24,680
2025-07-27,PuLP HiGHS,Optimal,3.2363284,8310.84189246,7711.56658157,1.124955|0.726615|0.384264,4623.133163|7711.566582|10800,4623.13316313,6094.97281587,52974.8596052,4104.07870783,57078.938313,52410.9743944,CVaR,0.9,0.05,6449.15472531,28540.1779447,1427.00889723,84046.5590479,1059.01676955,78932.2063808,5114.35266704,21672.7237831,18094.2540441,3581.61196704,1200,10800,4.54747350886e-13,4.54747350886e-13,7711.56658157,8310.84189246,7711.56658157,1250.64741828,5099.70725826,58074.5668635,77085.95148,6960.60756794,1275.42397214,20607.0152942,17231.0301681,1928.93236477,22,1080
2025-07-28,PuLP HiGHS,Optimal,3.68159369999,7711.56658157,7754.28172547,1.124955|0.726615|0.384264,4708.563451|7754.281725|10800,4708.56345095,6160.04058101,52913.3990127,3126.41347533,56039.812488,50680.6409436,CVaR,0.9,0.05,7512.88803082,16017.380731,800.869036551,84137.5605852,834.372590162,79286.4508062,4851.10977899,22496.2646685,18183.530752,3204.30722223,1200,10800,4.54747350886e-13,2.27373675443e-13,7754.28172547,7711.56658157,7754.28172547,2326.39314789,8469.5277514,61382.9267641,79982.4974755,4155.06310965,208.244844141,21617.4995602,17471.7310142,1590.56484603,21,1129
2025-07-29,PuLP HiGHS,Optimal,4.91192010001,7754.28172547,8165.74206976,1.124955|0.726615|0.384264,5531.48414|8165.74207|10800,5531.48413953,6786.81606616,55091.4356126,4229.97448144,59321.410094,53931.9694616,CVaR,0.9,0.05,16656.9023018,27947.5086754,1397.37543377,87442.9448208,1088.43550311,81865.1377574,5577.80706338,22810.6039938,18106.2749251,3225.15996663,1200,10800,4.54747350886e-13,9.09494701773e-13,8165.74206976,7754.28172547,8165.74206976,1290.00910552,4149.43204053,59240.8676531,79526.2788523,7916.66596852,465.236978629,20586.7932594,16304.9882303,4025.09742928,34,1041
2025-07-30,PuLP HiGHS,Optimal,2.9522455,8165.74206976,9260.78219995,1.124955|0.726615|0.384264,7721.5644|9260.7822|10800,7721.56439991,8454.88522128,57173.5614316,4419.99730779,61593.5587394,54118.1707628,CVaR,0.9,0.05,17810.5133694,19589.944895,979.497244752,90614.2714405,1196.50786876,83995.0416422,6619.22979837,23823.5703274,18311.555848,2985.43351929,1200,10800,9.09494701773e-13,9.09494701773e-13,9260.78219995,8165.74206976,9260.78219995,271.621819206,1099.25974697,58272.8211786,80818.4007086,9795.87073198,1941.39453333,21367.5675119,16322.1935674,4445.36509601,33,1083
2025-07-31,PuLP HiGHS,Optimal,4.13268530002,9260.78219995,7759.20547291,1.124955|0.726615|0.384264,4718.410946|7759.205473|10800,4718.41094581,6167.54090085,53272.2253116,3446.5933257,56718.8186373,51452.3772942,CVaR,0.9,0.05,8456.91297659,18021.9911548,901.09955774,84287.8622297,936.551734642,79138.1233163,5149.73891341,20681.2985368,18103.2708691,3085.67113408,1200,10800,9.09494701773e-13,1.81898940355e-12,7759.20547291,9260.78219995,7759.20547291,752.666079589,3075.06500378,56347.2903154,76988.6466852,7299.21554449,832.955116667,18762.0022939,16548.6409124,3473.9261997,32,1159
2025-08-01,PuLP HiGHS,Optimal,3.25481099999,7759.20547291,8799.90686536,1.124955|0.726615|0.384264,6630.919696|8715.459848|10800,6630.91969581,7624.19840902,27891.6715492,2248.10803434,30139.7795835,23346.8555887,CVaR,0.9,0.05,13776.8245712,16625.4882837,831.274414183,46967.6636539,623.601441467,43053.2806402,3914.38301367,19017.1776088,14543.2849256,9946.88303173,1200,10800,2.27373675443e-13,1.81898940355e-12,8715.45984791,7759.20547291,8799.90686536,144.627107147,346.841341821,28238.512891,42149.5615668,4818.10208708,16816.6963248,17313.1654174,13087.0327349,3160.26438217,24,715
2025-08-02,PuLP HiGHS,Optimal,3.15036639999,8799.90686536,7736.00051991,1.124955|0.726615|0.384264,4665.939758|7732.969879|10800,4665.93975828,6127.57635205,25802.9290758,2036.28482458,27839.2139003,22447.0537884,CVaR,0.9,0.05,3005.56919739,14708.3248018,735.416240089,43342.5200796,532.742751425,40356.4472441,2986.0728355,17925.5220879,15479.9161788,9931.48005172,1200,10800,0,1.81898940355e-12,7732.96987914,8799.90686536,7736.00051991,184.693664586,659.203185538,26462.1322613,39202.8588308,4139.66124875,16220.5544118,16828.8887428,14588.9155925,1987.63393145,23,799
2025-08-03,PuLP HiGHS,Optimal,4.7858059,7736.00051991,8325.44739803,1.124955|0.726615|0.384264,5850.894796|8325.447398|10800,5850.89479606,7030.09439418,54111.7538087,4537.78357878,58649.5373874,53016.9972447,CVaR,0.9,0.05,17033.3233818,27951.0850293,1397.55425147,86063.0355415,1204.93575598,80344.4438146,5718.59172689,22843.5595738,17972.7810645,3291.20881856,1200,10800,4.54747350886e-13,9.09494701773e-13,8325.44739803,7736.00051991,8325.44739803,96.389302918,380.783767652,54492.5375763,73921.1608516,12141.8746899,7203.46973482,18126.8328742,14152.2324378,8537.27532624,38,1060
2025-08-04,PuLP HiGHS,Optimal,3.46902309998,8325.44739803,8336.61177399,1.124955|0.726615|0.384264,5873.223548|8336.611774|10800,5873.22354797,7047.10103225,52272.6185099,4134.86185607,56407.480366,50447.9893018,CVaR,0.9,0.05,14595.5145289,21752.1993624,1087.60996812,83393.2099487,1096.07660742,78283.8911766,5109.31877211,22110.0036668,17899.0550317,3359.24561841,1200,10800,6.25277607469e-13,2.27373675443e-13,8336.61177399,8325.44739803,8336.61177399,285.9056703,936.937736795,53209.5562467,73448.1142248,9945.09572392,4841.35540446,18247.165626,14770.1562187,6991.73685379,43,1107
2025-08-05,PuLP HiGHS,Optimal,3.21487599998,8336.61177399,8766.83845873,1.124955|0.726615|0.384264,6733.676917|8766.838459|10800,6733.67691746,7702.46318999,53470.537922,4183.06358414,57653.6015062,51183.3476072,CVaR,0.9,0.05,17726.9325548,24644.1858208,1232.20929104,84841.7879335,1124.63979147,78297.2859433,6544.50199021,22965.9244693,18215.1948039,3972.92942851,1200,10800,4.54747350886e-13,2.27373675443e-13,8766.83845873,8336.61177399,8766.83845873,83.7405871745,312.661233231,53783.1991553,73646.9652152,11194.8227183,4549.86664494,19164.8705675,15136.3411434,6879.90756224,41,1031
2025-08-06,PuLP HiGHS,Optimal,3.06163819999,8766.83845873,10594.9066409,1.124955|0.726615|0.384264,10389.81328|10594.90664|10800,10389.8132819,10487.1503116,54517.1261898,3987.31458533,58504.4407752,48978.2055649,CVaR,0.9,0.05,14909.7946845,19218.3020267,960.915101335,86817.3285828,1087.07259217,79584.7702721,7232.55831068,23864.4437452,17684.9380697,4257.51036524,1200,10800,1.13686837722e-12,1.81898940355e-12,10594.9066409,8766.83845873,10594.9066409,338.568187158,1201.01435213,55718.140542,76844.8253211,9972.50326162,3448.23790321,20923.6577601,15302.9014217,5322.82263307,33,1032
2025-08-07,PuLP HiGHS,Optimal,4.78871319999,10594.9066409,7749.84714169,1.124955|0.726615|0.384264,4699.694283|7749.847142|10800,4699.69428338,6153.2854017,48116.8271157,3263.91174461,51380.7388603,46195.9946903,CVaR,0.9,0.05,8347.09253738,19370.8246346,968.541231728,74981.9892171,881.427766255,70508.4721099,4473.51710718,17435.0094251,16682.9111837,4694.2233313,1200,10800,4.54747350886e-13,9.09494701773e-13,7749.84714169,10594.9066409,7749.84714169,598.789891973,1794.3003367,49911.1274524,68184.0366128,6797.95260433,4994.97079583,15581.1789907,15181.3085318,3355.43308635,28,1030
2025-08-08,PuLP HiGHS,Optimal,3.47323479998,7749.84714169,8031.59709916,1.124955|0.726615|0.384264,5263.194198|8031.597099|10800,5263.19419832,6582.47370317,26869.2892038,2506.10650139,29375.3957052,23708.4936403,CVaR,0.9,0.05,15424.2238645,18311.4327663,915.571638317,45108.1277367,670.00880307,41259.7144172,3848.41331952,19832.8048823,15810.996993,17055.0355566,1200,10800,8.84625706021e-13,1.81898940355e-12,8031.59709916,7749.84714169,8031.59709916,130.417247103,455.477044107,27324.7662479,39539.5470953,5568.5806414,20236.4872353,17919.6362916,14261.3304344,3462.83514927,24,690
2025-08-09,PuLP HiGHS,Optimal,2.71113540002,8031.59709916,8203.5953049,1.124955|0.726615|0.384264,5518.634648|8159.317324|10800,5518.63464793,6777.02928301,25831.826225,2266.34677324,28098.1729982,22275.1977604,CVaR,0.9,0.05,16288.8301615,19081.0809022,954.05404511,43581.3860347,599.814009343,40178.4369463,3402.94908836,21474.0452227,17279.0284281,17033.4342756,1200,10800,4.54747350886e-13,9.09494701773e-13,8159.31732396,8031.59709916,8203.5953049,286.708172713,999.389768967,26831.215994,39776.39326,3804.99277465,17577.236385,17942.8298027,14378.893755,6431.35009305,26,674
2025-08-10,PuLP HiGHS,Optimal,3.25592570001,8203.5953049,8318.79755281,1.124955|0.726615|0.384264,5837.595106|8318.797553|10800,5837.59510562,7019.96471821,50505.6663522,3328.56329322,53834.2296454,47938.6343346,CVaR,0.9,0.05,10730.5808997,22487.3881487,1124.36940744,79467.519856,881.985003585,74222.9459458,5244.57391017,20759.5187416,16711.5281576,5126.45862946,1200,10800,0,9.09494701773e-13,8318.79755281,8203.5953049,8318.79755281,218.461955924,633.34254302,51139.0088952,72155.1611396,7312.35871638,3508.80643698,18192.1872919,14631.9896833,4646.86992387,36,980
2025-08-11,PuLP HiGHS,Optimal,3.4102175,8318.79755281,7727.0476551,1.124955|0.726615|0.384264,4654.09531|7727.047655|10800,4654.09531021,6118.55505778,48339.5651454,2743.79738189,51083.3625272,45652.1435434,CVaR,0.9,0.05,4126.37992416,13746.7214781,687.336073904,76383.8262161,759.0582134,72101.4226058,4282.40361031,19459.0715102,16294.4228312,4270.11110533,1200,10800,4.54747350886e-13,9.09494701773e-13,7727.0476551,8318.79755281,7727.0476551,760.837118937,3122.26800575,51461.8331511,71293.3831604,5090.44305569,4546.47597519,18310.8730461,15364.3820753,2078.2392201,28,1043
2025-08-12,PuLP HiGHS,Optimal,4.8147858,7727.0476551,7849.2823521,1.124955|0.726615|0.384264,4898.564704|7849.282352|10800,4898.56470421,6304.75456055,48519.1090827,3067.83840741,51586.9474901,46178.1920336,CVaR,0.9,0.05,8912.17133153,17919.9820807,895.999104034,77165.461503,832.80260801,72251.096483,4914.36501991,20626.1301888,16597.1542257,5220.54964521,1200,10800,1.13686837722e-12,1.81898940355e-12,7849.2823521,7727.0476551,7849.2823521,1249.39247592,5058.93905136,53578.0481341,72587.7683543,4577.69314866,2492.77663128,18283.3122191,14699.4716702,4240.50052522,34,1015
2025-08-13,PuLP HiGHS,Optimal,4.11822039998,7849.2823521,7715.15905007,1.124955|0.726615|0.384264,4630.3181|7715.15905|10800,4630.31810015,6100.44520518,48174.8741537,2848.58638394,51023.4605376,45721.1338096,CVaR,0.9,0.05,4804.77931115,15962.3695439,798.118477196,76528.7042379,765.785735301,72145.8348496,4382.86938829,20251.3873269,16524.3347066,4526.30489001,1200,10800,0,2.27373675443e-13,7715.15905007,7849.2823521,7715.15905007,879.697898671,3003.46760705,51178.3417607,70984.467713,5544.23652485,2416.26951965,18145.408494,14818.491852,3811.82168753,32,1049
2025-08-14,PuLP HiGHS,Optimal,3.50577719999,7715.15905007,8414.25105138,1.124955|0.726615|0.384264,6028.502103|8414.251051|10800,6028.50210277,7165.36855532,49455.4374619,3506.85781498,52962.2952769,46908.1033526,CVaR,0.9,0.05,7387.70778104,22223.5326191,1111.17663096,78583.5268447,923.664402604,73328.9936225,5254.53322214,21300.6411968,16624.3365682,4309.01459291,1200,10800,1.13686837722e-12,4.54747350886e-13,8414.25105138,7715.15905007,8414.25105138,821.500615488,4015.61891534,53471.0563773,73036.6053616,5546.9214831,3406.38914739,20506.542343,15981.1164966,1437.31892539,24,985
2025-08-15,PuLP HiGHS,Optimal,3.63486339999,8414.25105138,7925.59588275,1.124955|0.726615|0.384264,4816.077986|7808.038993|10800,4816.07798592,6241.92875778,25129.3174104,2180.07283273,27309.3902431,21937.4600147,CVaR,0.9,0.05,6424.1304217,17399.9705878,869.99852939,42353.5238512,578.556353938,39032.5663542,3320.95749699,20354.8113437,17032.988041,16958.3520977,1200,10800,3.18323145621e-12,9.09494701773e-13,7808.03899296,8414.25105138,7925.59588275,283.668843665,824.217568263,25953.5349786,39133.7024125,3219.82143873,19327.1435393,17738.3709751,14807.8701416,4841.55826798,23,692
2025-08-16,PuLP HiGHS,Optimal,3.48405909998,7925.59588275,7891.53959257,1.124955|0.726615|0.384264,4943.478282|7871.739141|10800,4943.478282,6338.96287479,24861.8017609,1643.48028969,26505.2820506,20686.7054789,CVaR,0.9,0.05,2334.70507476,10407.7260603,520.386303013,42309.8808329,422.940975389,39493.1573248,2816.72350816,20971.9144361,17035.7217608,17618.2324541,1200,10800,2.27373675443e-13,9.09494701773e-13,7871.739141,7925.59588275,7891.53959257,371.589756097,1431.66636282,26293.4681238,39478.910774,2830.97005895,19605.7630524,17611.0935376,14295.6364266,6100.90623269,29,741
2025-08-17,PuLP HiGHS,Optimal,3.81243970001,7891.53959257,7831.99009915,1.124955|0.726615|0.384264,4863.980198|7831.990099|10800,4863.98019831,6278.41335809,48169.5224683,3255.9141063,51425.4365746,46069.7617665,CVaR,0.9,0.05,6407.7174649,18454.7709986,922.73854993,76121.0484662,896.917009342,71628.7965397,4492.25192658,19893.4703176,16167.3055013,4258.4383256,1200,10800,9.09494701773e-13,4.54747350886e-13,7831.99009915,7891.53959257,7831.99009915,667.832261251,2771.68073625,50941.2032046,71034.5799343,5086.46853193,5064.778162,18557.0261103,15084.7856935,2418.96401506,27,1033
2025-08-18,PuLP HiGHS,Optimal,4.62949659998,7831.99009915,7745.88858058,1.124955|0.726615|0.384264,4691.777161|7745.888581|10800,4691.77716116,6147.25534536,48877.6113839,3520.51485091,52398.1262348,47470.6402244,CVaR,0.9,0.05,10095.7576506,24395.3866993,1219.76933496,77643.7155717,972.323551028,72728.6777119,4915.03785979,21011.8281572,17097.0721741,4763.40919576,1200,10800,4.54747350886e-13,4.54747350886e-13,7745.88858058,7831.99009915,7745.88858058,601.133400757,2498.93146392,51376.5428478,70979.986287,6663.72928467,3583.04069857,19376.0775748,15772.1142023,2960.70855415,34,1002
2025-08-19,PuLP HiGHS,Optimal,4.63738059998,7745.88858058,7987.61138193,1.124955|0.726615|0.384264,5175.222764|7987.611382|10800,5175.22276387,6515.47048004,49453.3673416,3643.98984647,53097.3571881,47858.1361426,CVaR,0.9,0.05,11485.6948726,25524.9886923,1276.24943462,78253.470522,968.114134355,73132.3230354,5121.14748658,21065.3907988,16845.4160258,5015.14648376,1200,10800,9.09494701773e-13,1.81898940355e-12,7987.61138193,7745.88858058,7987.61138193,352.802026302,1312.71291404,50766.0802556,72487.734535,5765.73598703,4782.68327284,18540.2248275,14800.0315891,4570.55040801,34,996
2025-08-20,PuLP HiGHS,Optimal,3.36150619999,7987.61138193,7870.77933487,1.124955|0.726615|0.384264,4941.55867|7870.779335|10800,4941.55866975,6337.50080692,48227.37772,3734.22096367,51961.5986837,46876.8314033,CVaR,0.9,0.05,13381.450798,25054.6705308,1252.73352654,76250.6286918,1006.90461043,71623.9530059,4626.67568583,20109.0820338,16393.5052897,4264.3895225,1200,10800,1.13686837722e-12,9.09494701773e-13,7870.77933487,7987.61138193,7870.77933487,2942.32609535,12292.5043595,60519.8820795,72223.2298937,4027.39879802,822.228384333,19988.3441076,16295.7075695,218.535646406,8,1010
2025-08-21,PuLP HiGHS,Optimal,3.51372000002,7870.77933487,7868.69265664,1.124955|0.726615|0.384264,4937.385313|7868.692657|10800,4937.38531328,6334.32218039,49390.6965775,3189.37858162,52580.0751591,47334.6841251,CVaR,0.9,0.05,6050.60710959,21778.6229283,1088.93114641,77917.5884932,832.820900039,72989.1702129,4928.41828027,21554.6358721,17461.1330668,4660.50775879,1200,10800,9.09494701773e-13,4.54747350886e-13,7868.69265664,7870.77933487,7868.69265664,453.852628461,1533.69404694,50924.3906244,71966.0335826,5951.55491067,3086.13517057,18374.7924606,14885.4599035,5755.51657478,39,1020
2025-08-22,PuLP HiGHS,Optimal,2.81917489998,7868.69265664,7734.6190214,1.124955|0.726615|0.384264,4629.942563|7714.971282|10800,4629.94256335,6100.15917852,24842.2218314,1806.60454959,26648.826381,21164.1556741,CVaR,0.9,0.05,2624.66535281,12309.769432,615.488471599,42317.8055032,471.151257055,39524.4561442,2793.34935899,19761.0603081,16144.808087,17522.2156377,1200,10800,1.81898940355e-12,1.81898940355e-12,7714.97128167,7868.69265664,7734.6190214,819.136879288,3191.40638859,28033.62822,40025.2627804,2292.54272274,16454.6192331,17262.5120965,14103.3010699,4540.05522865,18,739
2025-08-23,PuLP HiGHS,Optimal,2.87315989999,7734.6190214,7759.22034775,1.124955|0.726615|0.384264,4691.258059|7745.62903|10800,4691.25805936,6146.85997276,25187.9814487,1599.64463436,26787.626083,21103.9267069,CVaR,0.9,0.05,2317.303725,9263.21193227,463.160596613,42723.184817,431.047725133,39850.4451098,2872.73970729,20114.6638159,16282.9686834,17668.7077487,1200,10800,2.27373675443e-11,3.63797880709e-12,7745.62902968,7734.6190214,7759.22034775,365.451332806,1316.41125627,26504.392705,40155.6404182,2567.54439884,14719.0564536,17104.6734408,13832.6442933,5460.31476511,21,740
2025-08-24,PuLP HiGHS,Optimal,4.94685820001,7759.22034775,7787.694392,1.124955|0.726615|0.384264,4775.388784|7787.694392|10800,4775.388784,6210.93792886,49196.5216375,3334.13625407,52530.6578916,47396.3720819,CVaR,0.9,0.05,4494.43301231,21533.0423842,1076.65211921,77860.2699179,885.278075211,73126.7098314,4733.56008655,20899.8828552,16903.2784729,4009.41529363,1200,10800,1.13686837722e-12,9.09494701773e-13,7787.694392,7759.22034775,7787.694392,570.756215991,2310.08703065,51506.6086681,71769.7859393,6090.48397866,4832.05617807,19732.9992317,15958.1027379,2112.05935848,27,1044
2025-08-25,PuLP HiGHS,Optimal,4.3304601,7787.694392,8428.13114279,1.124955|0.726615|0.384264,6056.262286|8428.131143|10800,6056.26228559,7186.51202916,51082.8489825,3525.36426732,54608.2132498,48563.5601371,CVaR,0.9,0.05,11457.7436092,22837.1783291,1141.85891646,80850.7441988,933.115221145,75454.391444,5396.35275479,22877.7705178,17954.6010437,4232.48688332,1200,10800,1.42108547152e-14,9.09494701773e-13,8428.13114279,7787.694392,8428.13114279,935.305925493,3594.81011312,54677.6590956,75794.6540906,5056.09010825,1424.05093099,20823.310488,16290.4884195,3718.57265401,31,1014
2025-08-26,PuLP HiGHS,Optimal,4.29308460001,8428.13114279,8088.20817139,1.124955|0.726615|0.384264,5376.416343|8088.208171|10800,5376.41634279,6668.70906644,49152.0977278,2875.05631544,52027.1540433,46048.0075107,CVaR,0.9,0.05,7413.79695438,13791.2506765,689.562533824,77637.1859406,786.034138338,73193.8381833,4443.34775729,20725.4524011,17093.5471191,4099.63330932,1200,10800,9.09494701773e-13,9.09494701773e-13,8088.20817139,8428.13114279,8088.20817139,626.79806167,2667.13983676,51819.2375646,71184.4135017,6452.77243888,2905.19100183,19384.9097498,16007.7075716,2426.38219883,29,1091
2025-08-27,PuLP HiGHS,Optimal,3.99665849999,8088.20817139,8248.3583733,1.124955|0.726615|0.384264,5696.716747|8248.358373|10800,5696.71674661,6912.66506826,51365.6274792,3638.59855884,55004.226038,49406.3382403,CVaR,0.9,0.05,12764.8864052,26295.5454096,1314.77727048,81098.8627083,964.653316917,75340.3647025,5758.49800578,21992.8451086,17670.0693563,4776.56220256,1200,10800,9.09494701773e-13,4.54747350886e-13,8248.3583733,8088.20817139,8248.3583733,293.014980534,1223.87022418,52589.4977034,74946.0490205,6152.81368773,3197.22416224,20966.0831075,16838.3921354,1858.43922208,30,1020
2025-08-28,PuLP HiGHS,Optimal,3.6810831,8248.3583733,8102.24209929,1.124955|0.726615|0.384264,5404.484199|8102.242099|10800,5404.48419859,6690.08687864,50375.3093376,3466.08973402,53841.3990716,48324.2317294,CVaR,0.9,0.05,7954.59713875,23458.3907289,1172.91953645,79573.4202839,934.43114389,74481.0312168,5092.38906715,21843.2061132,17824.5015983,4579.00563881,1200,10800,4.54747350886e-13,2.27373675443e-13,8102.24209929,8248.3583733,8102.24209929,2451.23955625,9524.67335276,59899.9826903,73788.4952104,5784.92507349,1768.65571667,20183.0984909,16479.8144243,3004.79479635,28,1034
2025-08-29,PuLP HiGHS,Optimal,3.62817539999,8102.24209929,8354.41956702,1.124955|0.726615|0.384264,5838.060204|8319.030102|10800,5838.06020391,7020.31895916,27718.8481376,2329.23267892,30048.0808165,23918.6248379,CVaR,0.9,0.05,13479.3162603,17817.2596107,890.862980533,46176.2005582,614.025750248,42091.2213641,4084.97919406,19783.7027988,15829.6900647,14758.4338385,1200,10800,5.48538992007e-12,2.27373675443e-12,8319.03010196,8102.24209929,8354.41956702,294.846714969,1287.76671145,29006.614849,40479.5865927,5696.61396555,14483.3605224,18467.8563909,14732.0039557,2413.53251696,18,696
2025-08-30,PuLP HiGHS,Optimal,3.17207169998,8354.41956702,8341.41680199,1.124955|0.726615|0.384264,5857.111781|8328.555891|10800,5857.11178106,7034.82954526,26413.525566,1945.27618565,28358.8017517,21973.0503017,CVaR,0.9,0.05,5712.6317845,12981.5619058,649.078095289,44386.0570384,503.147830727,41137.1764727,3248.88056561,19414.8609423,15749.3146721,15297.5789552,1200,10800,9.09494701773e-13,4.54747350886e-13,8328.55589053,8354.41956702,8341.41680199,167.686694724,563.734590002,26977.260156,41300.190409,3085.86662939,19700.9173422,17189.1706139,13934.9306858,4040.07431467,28,743
2025-08-31,PuLP HiGHS,Optimal,4.2462736,8341.41680199,7847.08168171,1.124955|0.726615|0.384264,4894.163363|7847.081682|10800,4894.16336343,6301.40229035,51040.6767493,3679.62361433,54720.3003636,49683.7944312,CVaR,0.9,0.05,5571.02696121,25297.9271595,1264.89635797,80029.0589158,978.788527644,74507.9260101,5521.13290577,21731.2895887,18047.2461751,4095.70698076,1200,10800,9.09494701773e-13,9.09494701773e-13,7847.08168171,8341.41680199,7847.08168171,367.285533564,1409.43911634,52450.1158656,72677.0191176,7352.03979828,3238.54804649,18968.605945,15809.4724237,5000.45739518,31,1002
2025-09-01,PuLP HiGHS,Optimal,6.0418216,7847.08168171,7999.73983219,1.124955|0.726615|0.384264,4613.683924|7706.841962|10800,4613.68392364,6087.77582623,50332.3723252,3312.5474297,53644.9197549,48647.9044704,CVaR,0.9,0.05,6176.37248205,21815.2108342,1090.76054171,79605.3763398,880.486967509,74671.5626699,4933.81366984,21678.4057004,17685.7243652,3926.75026774,1200,10800,9.09494701773e-13,1.81898940355e-12,7706.84196182,7847.08168171,7999.73983219,11.9187897135,27.7826988223,50360.155024,62795.3057326,16810.0706072,5711.33369733,17812.441875,14290.6855833,7261.00260729,45,1027
2025-09-02,PuLP HiGHS,Optimal,4.0617664,7999.73983219,8345.85360727,1.124955|0.726615|0.384264,5589.318638|8194.659319|10800,5589.31863816,6830.86556746,50220.8461738,3816.79038486,54037.6365587,48286.9624634,CVaR,0.9,0.05,13801.0454312,21603.8294428,1080.19147214,79457.8642733,1051.15191208,74614.7026334,4843.16163998,22135.9036759,17754.6544393,4257.1265239,1200,10800,4.54747350886e-13,4.54747350886e-13,8194.65931908,7999.73983219,8345.85360727,99.3351211711,371.513168409,50592.3593422,62093.9962404,17363.8680329,4009.08712083,20078.8736482,15952.3852575,3859.29920949,41,1035
2025-09-03,PuLP HiGHS,Optimal,3.8206027,8345.85360727,7951.55917529,1.124955|0.726615|0.384264,4885.833072|7842.916536|10800,4885.83307194,6295.05754466,49657.3806967,3064.28370675,52721.6644035,47232.1184651,CVaR,0.9,0.05,8534.94783047,16110.2321253,805.511606267,78272.186972,828.261740402,73129.9206883,5142.26628373,21445.5783637,17823.5618388,4118.43107451,1200,10800,9.09494701773e-13,1.81898940355e-12,7842.91653597,8345.85360727,7951.55917529,4.95446328125,19.3793831246,49676.7600799,63450.1814964,14822.0054756,4945.96023165,17454.334036,14492.8755579,7321.93060856,43,1052
2025-09-04,PuLP HiGHS,Optimal,3.5134769,7951.55917529,8141.95275648,1.124955|0.726615|0.384264,5280.576409|8040.288205|10800,5280.57640907,6595.71282053,50500.4937471,3164.61806826,53665.1118154,47965.60726,CVaR,0.9,0.05,6961.7884562,17924.1653032,896.208265159,79788.5139749,845.073568899,74694.8936105,5093.62036441,21993.3471384,17734.7550557,3856.48735011,1200,10800,9.09494701773e-13,0,8040.28820454,7951.55917529,8141.95275648,1.89001852214,8.12802465444,50508.6217718,64276.2139481,15512.3000268,6522.76297708,19254.8485076,15425.0730681,5048.18061846,41,1067
2025-09-05,PuLP HiGHS,Optimal,2.8176295,8141.95275648,8730.43820497,1.124955|0.726615|0.384264,6028.47471|8414.237355|10800,6028.47471015,7165.3476918,26177.2727864,2195.27201642,28372.5448028,22025.759392,CVaR,0.9,0.05,2717.76932263,16371.2456194,818.562280972,44046.2981032,563.036200808,40586.1999537,3460.09814948,20028.882231,15978.3384684,16516.1502007,1200,10800,2.72848410532e-12,9.09494701773e-13,8414.23735507,8141.95275648,8730.43820497,0,0,26177.2727864,32413.3607817,11632.9373215,21742.8926157,17455.6294511,13609.4229517,4942.16829661,27,739
2025-09-06,PuLP HiGHS,Optimal,3.02611809998,8730.43820497,8046.3313453,1.124955|0.726615|0.384264,4625.140424|7712.570212|10800,4625.14042439,6096.50164138,25627.6656478,1830.82942854,27458.4950763,21907.6104383,CVaR,0.9,0.05,2168.42421287,10912.3400664,545.617003318,42696.6110082,479.018518898,39497.1882496,3199.42275861,18938.4476289,16256.2237729,17335.7130491,1200,10800,7.27595761418e-12,9.09494701773e-13,7712.57021219,8730.43820497,8046.3313453,130.551436458,643.163423695,26270.8290715,30722.3823611,11974.2286471,20398.4426823,17626.8609949,14893.4535796,2674.35682725,20,761
2025-09-07,PuLP HiGHS,Optimal,4.5478996,8046.3313453,7837.41048807,1.124955|0.726615|0.384264,4512.713991|7656.356996|10800,4512.71399148,6010.87232982,48697.7796437,3180.10853956,51877.8881833,46864.4089886,CVaR,0.9,0.05,5528.92628715,19947.8627038,997.39313519,76353.0985298,850.788236933,71650.2447266,4702.8538032,21250.8774417,17564.1876424,4218.14862006,1200,10800,9.09494701773e-13,9.09494701773e-13,7656.35699574,8046.3313453,7837.41048807,153.426918034,714.077233502,49411.8568772,61765.3537645,14587.7447653,3509.21324661,19140.0662673,15691.482448,3983.51636878,40,1026
2025-09-08,PuLP HiGHS,Optimal,3.5865718,7837.41048807,7531.85955417,1.124955|0.726615|0.384264,4263.719108|7531.859554|10800,4263.71910833,5821.22599956,39206.6690571,2528.2669427,41734.9359998,36467.5080139,CVaR,0.9,0.05,4292.36420285,11075.9602727,553.798013637,63350.5474415,687.227825455,59181.2492607,4169.29818081,20082.3056306,16541.6634013,4640.67308817,1200,10800,9.09494701773e-13,9.09494701773e-13,7531.85955417,7837.41048807,7531.85955417,2607.23141471,10481.1771633,49687.8462204,61369.896542,1980.65089954,1295.939466,18740.0778836,15454.4589262,2429.43222206,28,1081
2025-09-09,PuLP HiGHS,Optimal,3.74222629998,7531.85955417,7825.93809571,1.124955|0.726615|0.384264,4851.876191|7825.938096|10800,4851.87619142,6269.1943715,42256.9531131,3226.83966632,45483.7927795,40286.4617183,CVaR,0.9,0.05,7724.71500823,21437.2662071,1071.86331035,68145.534137,867.439133556,62815.0230879,5330.51104912,21762.2754352,17362.7724152,4471.68047726,1200,10800,1.13686837722e-12,9.09494701773e-13,7825.93809571,7531.85955417,7825.93809571,529.163238707,2094.47412578,44351.4272389,62479.8422719,5665.69186514,5926.42695361,19553.0189629,15573.2746725,3998.75421502,36,1001
2025-09-10,PuLP HiGHS,Optimal,3.63317080002,7825.93809571,7764.14529435,1.124955|0.726615|0.384264,4728.290589|7764.145294|10800,4728.2905887,6175.06570616,41875.534311,3575.8412039,45451.3755149,40528.3329428,CVaR,0.9,0.05,9599.7287107,25040.4626801,1252.02313401,67173.3613491,967.648285839,62061.2403323,5112.12101688,20707.6426868,16828.8040975,5115.48561094,1200,10800,1.13686837722e-12,1.81898940355e-12,7764.14529435,7825.93809571,7764.14529435,2548.94212228,10967.6363493,52843.1706604,62867.1257815,4306.23556764,232.98918776,20645.7557224,16778.6756563,112.015405523,5,1001
2025-09-11,PuLP HiGHS,Optimal,5.18561299998,7764.14529435,8434.69336873,1.124955|0.726615|0.384264,6049.049635|8424.524817|10800,6049.04963474,7181.01853167,42660.5462338,3515.84593807,46176.3921719,40009.5433005,CVaR,0.9,0.05,10366.0818913,20283.3932063,1014.16966031,68933.1087316,941.431116654,63697.3512136,5235.75751801,22338.9547185,17500.2117513,4259.63787896,1200,10800,1.13686837722e-12,1.81898940355e-12,8424.52481737,7764.14529435,8434.69336873,364.821139927,1649.14564026,44309.691874,63102.5624764,5830.54625519,5413.42072843,20812.5465138,16254.6694092,2771.95054679,33,1046
2025-09-12,PuLP HiGHS,Optimal,2.87503900001,8434.69336873,7854.25045319,1.124955|0.726615|0.384264,4854.014837|7827.007418|10800,4854.01483694,6270.82326552,19752.5269076,2475.07466588,22227.6015735,16980.3959612,CVaR,0.9,0.05,15657.8776079,20472.3530648,1023.61765324,34740.9394706,650.352108829,30929.1946044,3811.74486616,18818.1150543,15789.5905492,19574.4329632,1200,10800,9.09494701773e-13,1.81898940355e-12,7827.00741847,8434.69336873,7854.25045319,370.644507511,1411.15657729,21163.6834849,31314.9459241,3425.99354649,17267.7640895,17834.5724533,14968.4023111,1804.73083903,10,688
2025-09-13,PuLP HiGHS,Optimal,2.59180859997,7854.25045319,8035.30548798,1.124955|0.726615|0.384264,5167.731386|7983.865693|10800,5167.73138612,6509.76469091,19696.9874349,1965.61143791,21662.5988728,15786.8057019,CVaR,0.9,0.05,2219.34984463,12679.4304005,633.971520023,34795.4149824,529.643844684,31679.8977141,3115.51726836,21355.0089189,17180.9035085,17462.5021603,1200,10800,6.8212102633e-13,9.09494701773e-13,7983.86569306,7854.25045319,8035.30548798,559.35066782,2270.91109548,21967.8985303,31867.1364506,2928.27853187,20854.5709679,17904.5533466,14339.7386795,6291.62040128,31,761
2025-09-14,PuLP HiGHS,Optimal,3.44073140001,8035.30548798,7826.57270595,1.124955|0.726615|0.384264,4853.145412|7826.572706|10800,4853.1454119,6270.16107011,41801.6290944,3372.84055878,45174.4696532,39991.0635424,CVaR,0.9,0.05,7932.51047146,21735.0991866,1086.75495933,67223.7158855,889.260034995,61723.8636489,5499.85223663,21397.3513296,17519.7140808,4405.30747825,1200,10800,7.27595761418e-12,1.81898940355e-12,7826.57270595,8035.30548798,7826.57270595,1356.93613655,4999.56263481,46801.1917292,63920.0544754,3303.66141008,1466.33396563,20522.0600008,16810.7281045,1584.27730514,22,1030
2025-09-15,PuLP HiGHS,Optimal,3.1950339,7826.57270595,7731.26453552,1.124955|0.726615|0.384264,4662.529071|7731.264536|10800,4662.52907103,6124.97861063,42343.4235358,3208.43415049,45551.8576863,40484.2257905,CVaR,0.9,0.05,5969.94024123,21146.9342968,1057.34671484,68282.0313368,844.926523688,63082.8788299,5199.15250694,21646.9173862,17619.7804362,4314.6469067,1200,10800,4.54747350886e-13,9.09494701773e-13,7731.26453552,7826.57270595,7731.26453552,491.476787292,1991.73622531,44335.1597611,62710.2311058,5571.80023101,4306.65465546,20598.9471459,16770.9245416,1896.82613484,22,1023
2025-09-16,PuLP HiGHS,Optimal,3.8564363,7731.26453552,7703.60192359,1.124955|0.726615|0.384264,4607.203847|7703.601924|10800,4607.20384718,6082.84029219,42556.2212585,3048.04768792,45604.2689464,40511.0901092,CVaR,0.9,0.05,4887.3795555,19793.2291008,989.661455038,68196.2979268,817.749988855,62984.4671746,5211.83075215,21731.626021,17627.5134277,4458.06442823,1200,10800,4.54747350886e-13,1.81898940355e-12,7703.60192359,7731.26453552,7703.60192359,1124.34957672,3054.30724663,45610.5285051,65238.6659315,2957.63199526,3037.50178242,20308.6320695,16474.888327,2575.61905222,28,1034
2025-09-17,PuLP HiGHS,Optimal,3.07762989998,7703.60192359,8285.41793812,1.124955|0.726615|0.384264,5770.835876|8285.417938|10800,5770.83587623,6969.11771804,43309.0044534,3277.97692788,46586.9813813,40581.1469317,CVaR,0.9,0.05,6969.08452474,19265.6653694,963.283268471,69922.2401097,865.712285405,64686.4381241,5235.80198565,22532.7253597,17727.8731283,3787.00004622,1200,10800,4.54747350886e-13,9.09494701773e-13,8285.41793812,7703.60192359,8285.41793812,786.232876345,2943.78854829,46252.7930017,65286.9207225,4635.31938724,1503.64173924,21503.9949816,16894.6015221,1862.00198423,22,1080
2025-09-18,PuLP HiGHS,Optimal,2.85136499998,8285.41793812,7658.48865267,1.124955|0.726615|0.384264,4516.977305|7658.488653|10800,4516.97730535,6014.11947217,42277.4997849,3209.57268755,45487.0724724,40424.3330149,CVaR,0.9,0.05,7158.98790527,19027.600294,951.380014702,67465.4978265,838.512496593,62450.3211453,5015.17668118,20838.1755207,17443.1585286,4248.70423038,1200,10800,4.54747350886e-13,9.09494701773e-13,7658.48865267,8285.41793812,7658.48865267,622.323606694,2776.50481476,45054.0045996,63405.4420205,4060.05580594,1906.11130094,19630.7345606,16465.131351,2185.46813775,26,1085
2025-09-19,PuLP HiGHS,Optimal,3.13618869998,7658.48865267,8095.61268648,1.124955|0.726615|0.384264,5389.714305|8094.857153|10800,5389.71430526,6678.83742631,20154.7698533,2149.98157972,22304.751433,16445.3905347,CVaR,0.9,0.05,2219.59142379,16389.5305608,819.476528038,35913.9123408,564.954270383,32713.8012229,3200.1111179,19875.6260165,15706.5254234,17326.7942181,1200,10800,3.41060513165e-13,9.09494701773e-13,8094.85715263,7658.48865267,8095.61268648,420.455894719,1510.61055687,21665.3804101,32891.8021978,3022.11014296,13431.5347027,17820.8391724,14041.4680993,3719.84416817,21,730
2025-09-20,PuLP HiGHS,Optimal,3.34495829997,8095.61268648,7713.51503515,1.124955|0.726615|0.384264,4627.03007|7713.515035|10800,4627.0300703,6097.94088547,19583.5151543,1377.32014607,20960.8353003,15170.3306541,CVaR,0.9,0.05,2346.06211094,6148.72478569,307.436239285,34300.3891189,374.754073678,31430.2671435,2870.12197542,21187.2841768,17505.5880694,16774.7410036,1200,10800,4.54747350886e-13,1.81898940355e-12,7713.51503515,8095.61268648,7713.51503515,705.920917534,3098.55392335,22682.0690776,31760.8315612,2539.55755764,13788.27792,17773.3090088,14740.2681833,6179.29505413,25,773
2025-09-21,PuLP HiGHS,Optimal,4.49307150001,7713.51503515,8194.65943901,1.124955|0.726615|0.384264,5589.318878|8194.659439|10800,5589.31887802,6830.86575014,44338.4530627,3383.40261817,47721.8556808,41792.1408065,CVaR,0.9,0.05,8789.37770413,18023.0175158,901.150875791,71438.8563084,914.60937326,66569.5911935,4869.2651149,22205.108285,17553.1077474,3412.81616037,1200,10800,9.09494701773e-13,9.09494701773e-13,8194.65943901,7713.51503515,8194.65943901,445.119391748,1507.54848714,45846.0015498,65581.3528601,5857.50344827,3564.14776979,19693.7212384,15518.8842396,4545.61055442,29,1087
2025-09-22,PuLP HiGHS,Optimal,3.13795880001,8194.65943901,7699.139333,1.124955|0.726615|0.384264,4598.278666|7699.139333|10800,4598.27866601,6076.04245027,43251.0933814,3160.53206022,46411.6254416,41272.7823759,CVaR,0.9,0.05,4213.29691336,18743.9876907,937.199384533,69170.3504259,833.784724094,64209.1652923,4961.18513363,21004.7549786,17459.8196281,3822.67378663,1200,10800,4.54747350886e-13,9.09494701773e-13,7699.139333,8194.65943901,7699.139333,909.659284586,3582.45838915,46833.5517706,65895.5492142,3274.80121168,2999.61824128,19144.9393137,15953.3689395,3366.26635357,31,1093
2025-09-23,PuLP HiGHS,Optimal,2.91881029998,7699.139333,7780.84375507,1.124955|0.726615|0.384264,4761.68751|7780.843755|10800,4761.68751014,6200.50238788,44479.2947754,2622.59108338,47101.8858588,41336.0884463,CVaR,0.9,0.05,5298.04398282,8694.09950786,434.704975393,71694.4373003,693.309984634,66348.1855873,5346.25171298,21693.1403894,17497.9097355,3916.91445422,1200,10800,4.54747350886e-13,9.09494701773e-13,7780.84375507,7699.139333,7780.84375507,1028.4038273,4556.26482736,49035.5596028,67330.7255054,4363.71179488,2281.60527478,20459.8657617,16498.9572871,2232.22707603,24,1158
2025-09-24,PuLP HiGHS,Optimal,2.71450229999,7780.84375507,8235.84667815,1.124955|0.726615|0.384264,5671.693356|8235.846678|10800,5671.6933563,6893.60606559,45131.9814835,3695.19346093,48827.1749444,43045.8539875,CVaR,0.9,0.05,8206.88521184,22245.7021743,1112.28510871,72593.9926987,970.827235735,67177.0655678,5416.92713089,22316.8676383,17667.1601562,3744.98135423,1200,10800,9.09494701773e-13,9.09494701773e-13,8235.84667815,7780.84375507,8235.84667815,395.630110187,1431.46505736,46563.4465408,68217.9534382,4376.03926049,3174.77035863,20874.1339948,16498.545905,2611.34789474,30,1103
2025-09-25,PuLP HiGHS,Optimal,3.775413,8235.84667815,8314.93685875,1.124955|0.726615|0.384264,5829.873718|8314.936859|10800,5829.8737175,7014.08374225,45967.6935542,3699.82244604,49667.5160002,43808.8860731,CVaR,0.9,0.05,7329.98773656,23109.0763038,1155.45381519,73024.3322037,990.513931948,66911.8106728,6112.52153092,21741.5260191,17539.4549129,3774.67693922,1200,10800,4.54747350886e-13,9.09494701773e-13,8314.93685875,8235.84667815,8314.93685875,294.41199488,1159.09590749,47126.7894617,67311.5049841,5712.82721966,3391.11635911,20043.0029332,16163.6512133,3074.32678547,31,1060
2025-09-26,PuLP HiGHS,Optimal,3.27960990003,8314.93685875,8353.04977488,1.124955|0.726615|0.384264,5734.685149|8267.342575|10800,5734.68514901,6941.58360703,21508.3951596,2283.35450926,23791.7496689,17793.3307361,CVaR,0.9,0.05,15895.5189144,18863.293484,943.164674198,36903.7914026,609.952665609,32806.930878,4096.86052455,21224.8141206,17234.9342935,14684.2244142,1200,10800,4.54747350886e-13,9.09494701773e-13,8267.3425745,8314.93685875,8353.04977488,196.495761514,877.938391436,22386.3335511,32688.7572966,4215.03410599,11761.1439279,17871.3895037,14441.5238735,6146.83503691,28,692
2025-09-27,PuLP HiGHS,Optimal,2.676156,8353.04977488,8140.64137948,1.124955|0.726615|0.384264,5414.936943|8107.468471|10800,5414.93694284,6698.04818517,20424.2862393,1681.12187,22105.4081093,15937.5818737,CVaR,0.9,0.05,2102.60899076,10604.4389922,530.221949608,35893.0216673,450.306127601,32720.7725635,3172.24910387,20326.3271916,16685.3481983,14610.6648193,1200,10800,9.09494701773e-13,4.54747350886e-13,8107.46847142,8353.04977488,8140.64137948,846.889418808,3219.62283582,23643.9090751,33241.6684568,2651.35321057,13062.269109,17979.7582759,14754.7717593,4277.14535459,21,758
2025-09-28,PuLP HiGHS,Optimal,3.51041360002,8140.64137948,8204.07351403,1.124955|0.726615|0.384264,5608.147028|8204.073514|10800,5608.14702805,6845.20616355,45228.0077475,3198.79238809,48426.8001356,42350.5721172,CVaR,0.9,0.05,6028.65465812,15379.5629024,768.978145121,72471.1039999,845.802893781,67554.2937563,4916.81024355,21929.2457022,17705.6000977,3592.45348528,1200,10800,4.54747350886e-13,9.09494701773e-13,8204.07351403,8140.64137948,8204.07351403,544.81257583,2125.18239913,47353.1901467,67833.2589232,4637.84507669,764.73481081,21413.7821076,17288.0745861,932.98910607,22,1140
2025-09-29,PuLP HiGHS,Optimal,3.25247180002,8204.07351403,8197.04543634,1.124955|0.726615|0.384264,5594.090873|8197.045436|10800,5594.09087267,6834.50032794,46550.8663238,3691.14510105,50242.0114249,44431.811314,CVaR,0.9,0.05,9293.85783047,20486.004342,1024.3002171,74312.8913279,974.51462958,68458.2430536,5854.64827432,21887.0935092,17734.8710124,3226.43984824,1200,10800,9.09494701773e-13,9.09494701773e-13,8197.04543634,8204.07351403,8197.04543634,347.547089633,1360.64879678,47911.5151206,68198.2313787,6114.65994926,1869.25698451,20647.132388,16730.5025042,2244.32962941,29,1121
2025-09-30,PuLP HiGHS,Optimal,2.89868379998,8197.04543634,8106.78422286,1.124955|0.726615|0.384264,5413.568446|8106.784223|10800,5413.56844571,6697.00587276,46995.4539958,3845.3846626,50840.8386584,45301.9921095,CVaR,0.9,0.05,7904.82721966,23163.1864774,1158.15932387,74631.2108103,1000.14084018,68473.2625722,6157.94823809,22012.6466037,17911.4788411,3350.48570616,1200,10800,4.54747350886e-13,9.09494701773e-13,8106.78422286,8197.04543634,8106.78422286,665.263319617,2862.08168931,49857.5356851,69550.9597483,5080.25106201,770.120987834,21606.1179241,17582.1906106,735.816910205,17,1102
2025-10-01,PuLP HiGHS,Optimal,3.25102890001,8106.78422286,8449.36757479,1.124955|0.726615|0.384264,6052.373741|8426.186871|10800,6052.37374116,7183.55032902,46506.7783733,4007.37800911,50514.1563824,44525.2629368,CVaR,0.9,0.05,10396.1852461,23893.1376695,1194.65688348,74628.1314973,1056.75693927,68741.6575186,5886.47397876,22082.320377,17599.2171224,3548.77639736,1200,10800,0,1.81898940355e-12,8426.18687058,8106.78422286,8449.36757479,25.9825544922,61.7623009862,46568.5406742,61320.7953596,13307.3361377,7819.18600938,18724.9755509,14858.9051795,6097.65676897,36,1094
2025-10-02,PuLP HiGHS,Optimal,4.1001672,8449.36757479,8386.60006063,1.124955|0.726615|0.384264,5779.551496|8289.775748|10800,5779.55149568,6975.7559478,45746.9745447,3426.12409268,49173.0986374,43015.8350202,CVaR,0.9,0.05,8854.03647017,16369.8466115,818.492330575,72805.4137127,911.85033986,66749.1317173,6056.28199537,21887.9110271,17872.8405762,3172.53095602,1200,10800,9.09494701773e-13,4.54747350886e-13,8289.77574784,8449.36757479,8386.60006063,104.009237301,256.380535011,46003.3550797,60873.7533749,11931.6603377,5537.61396446,19820.2962834,16110.9307523,3829.52456758,31,1116
2025-10-03,PuLP HiGHS,Optimal,3.4025736,8386.60006063,8100.5045857,1.124955|0.726615|0.384264,5215.883199|8007.9416|10800,5215.88319931,6546.43939905,20435.2089375,1462.6910857,21897.9000232,15787.3955511,CVaR,0.9,0.05,6419.76520705,8718.69853812,435.934926906,35460.0799762,378.81317983,32017.8193113,3442.26066498,19720.1308979,16314.0986422,15080.3960632,1200,10800,2.27373675443e-13,9.09494701773e-13,8007.94159966,8386.60006063,8100.5045857,117.504525231,313.516652279,20748.7255898,29646.2853114,5813.7946648,18906.0704816,17358.1662235,14317.6005685,4358.46274813,27,731
2025-10-04,PuLP HiGHS,Optimal,2.73515659999,8100.5045857,7959.39607306,1.124955|0.726615|0.384264,5106.068996|7953.034498|10800,5106.06899643,6460.59477404,21193.1925162,1694.65195537,22887.8444716,16958.0141742,CVaR,0.9,0.05,2836.01886307,10615.2895335,530.764476674,36820.7404612,443.477249962,33418.7092876,3402.03117368,19424.5998942,15869.3800414,15688.919826,1200,10800,7.67386154621e-12,2.72848410532e-12,7950,8100.5045857,7959.39607306,127.857489801,493.590613599,21686.7831298,30874.7054126,5946.03504864,14662.4726007,17742.6606826,14498.5528143,3052.76643878,15,764
2025-10-05,PuLP HiGHS,Optimal,3.1407556,7959.39607306,8109.34530921,1.124955|0.726615|0.384264,5418.690618|8109.345309|10800,5418.69061843,6700.9071628,45323.4458147,3876.09964859,49199.5454633,43736.4325226,CVaR,0.9,0.05,15200.0419752,24755.8844414,1237.79422207,72416.6814279,1019.10998481,66479.4954024,5937.18602554,22079.1354802,17749.1454264,3759.03699411,1200,10800,4.54747350886e-13,1.81898940355e-12,8109.34530921,7959.39607306,8109.34530921,40.531821782,87.7146927388,45411.1605074,63212.7371821,9203.9442458,4627.72268766,19761.2154581,15871.6302085,4195.43524008,30,1059
2025-10-06,PuLP HiGHS,Optimal,3.4316326,8109.34530921,7840.64448945,1.124955|0.726615|0.384264,4756.773777|7778.386888|10800,4756.77377665,6196.75985505,44982.9384811,3683.88686288,48666.825344,43808.5231461,CVaR,0.9,0.05,8985.500725,26769.1531435,1338.45765718,71297.8637498,986.796225621,65443.5826002,5854.28114959,21448.0916473,17670.8168132,4046.10665853,1200,10800,4.54747350886e-13,9.09494701773e-13,7778.38688832,8109.34530921,7840.64448945,152.484313593,431.597781664,45414.5362628,64215.2664061,7082.59734374,3118.06512031,19781.0899324,16264.513583,3073.30494504,32,1047
2025-10-07,PuLP HiGHS,Optimal,3.69839410001,7840.64448945,7758.64062768,1.124955|0.726615|0.384264,4673.428932|7736.714466|10800,4673.42893215,6133.2804626,43063.1490669,2371.60731712,45434.756384,39603.561915,CVaR,0.9,0.05,4637.89604186,6041.71987244,302.085993622,68798.3118238,627.187980926,63846.1063754,4952.20544839,21490.8501605,17501.125651,3871.1972295,1200,10800,9.09494701773e-13,4.54747350886e-13,7736.71446607,7840.64448945,7758.64062768,400.396462144,1361.72673557,44424.8758025,63119.5061955,5678.80562828,1844.16574867,20936.7230767,17032.5491677,1022.70356711,20,1172
2025-10-08,PuLP HiGHS,Optimal,4.23883270001,7758.64062768,7781.34247463,1.124955|0.726615|0.384264,4762.684949|7781.342475|10800,4762.68494927,6201.2620849,41013.9074144,3419.58340442,44433.4908188,39369.8325616,CVaR,0.9,0.05,21727.432394,22752.0765542,1137.60382771,66684.2749901,922.33906082,60821.8206202,5862.45436986,21576.5151052,17456.5455729,3582.27622142,1200,10800,9.09494701773e-13,4.54747350886e-13,7781.34247463,7758.64062768,7781.34247463,801.473518579,2532.75205264,43546.6594671,62104.2170993,4580.05789079,2477.85899359,20678.4436598,16729.1077022,1625.50931602,19,976
2025-10-09,PuLP HiGHS,Optimal,3.70975169999,7781.34247463,7755.31449436,1.124955|0.726615|0.384264,4710.628989|7755.314494|10800,4710.62898872,6161.61379269,40654.9497778,3452.2619537,44107.2117315,39005.5718536,CVaR,0.9,0.05,7483.95712208,21199.4782975,1059.97391487,66595.2423449,907.953607836,61436.0390891,5159.20325583,21455.1319124,17402.0820312,4027.48347626,1200,10800,9.09494701773e-13,1.81898940355e-12,7755.31449436,7781.34247463,7755.31449436,374.95787185,1651.16416588,42306.1139436,62993.710541,3601.53180391,3704.40017177,20672.1670525,16767.8804948,1417.16639632,22,1096
2025-10-10,PuLP HiGHS,Optimal,2.71454449999,7755.31449436,7766.56204216,1.124955|0.726615|0.384264,4733.124084|7766.562042|10800,4733.12408432,6178.74712601,17406.9654782,1281.74561254,18688.7110908,12779.8121507,CVaR,0.9,0.05,2015.54875616,5396.96371854,269.848185927,32127.6473248,336.402178704,29397.4991112,2730.14821361,19702.2292412,15948.6828923,16570.0938857,1200,10800,1.70530256582e-13,9.09494701773e-13,7766.56204216,7755.31449436,7766.56204216,660.973349694,2338.21016373,19745.175642,30533.0929958,1594.55432902,18451.7071651,17834.8708984,14436.1226347,3379.91860046,13,804
2025-10-11,PuLP HiGHS,Optimal,2.98691360001,7766.56204216,8594.51989642,1.124955|0.726615|0.384264,6347.949403|8573.974701|10800,6347.94940264,7408.67479265,19259.4955716,2304.38873853,21563.8843101,15004.1555933,CVaR,0.9,0.05,3457.6467505,16978.9215168,848.94607584,35039.1260472,589.75773292,31844.5946455,3194.53140173,21276.6535717,16507.4179998,16699.196076,1200,10800,4.54747350886e-13,4.54747350886e-13,8573.97470132,7766.56204216,8594.51989642,125.038007853,615.895950879,19875.3915225,32277.1583062,2761.96774099,14052.4545365,18411.9269756,14168.4987814,5203.64581452,25,760
2025-10-12,PuLP HiGHS,Optimal,3.05910150002,8594.51989642,8714.54868611,1.124955|0.726615|0.384264,6629.097372|8714.548686|10800,6629.09737221,7622.8104408,44320.3380779,3444.52121474,47764.8592927,41125.7345661,CVaR,0.9,0.05,16739.3399352,19673.7142854,983.685714271,71251.1702612,941.032031189,64295.7635772,6955.40668402,21966.91587,17685.175944,3377.0136985,1200,10800,0,9.09494701773e-13,8714.54868611,8594.51989642,8714.54868611,325.157784554,1027.55178509,45347.889863,64259.6993345,6991.47092676,2024.17524514,20724.736736,16679.0108454,2248.3442326,25,1011
2025-10-13,PuLP HiGHS,Optimal,2.93583569999,8714.54868611,7929.35342554,1.124955|0.726615|0.384264,5058.706851|7929.353426|10800,5058.70685109,6426.72642636,43264.6476005,3657.50356857,46922.1511691,41642.5931613,CVaR,0.9,0.05,14881.3780962,22943.3683717,1147.16841858,69732.150126,1004.10887754,63615.7030511,6116.4470749,20793.4657293,17549.3829753,3399.85300122,1200,10800,9.09494701773e-13,9.09494701773e-13,7929.35342554,8714.54868611,7929.35342554,78.1845842448,222.641132289,43487.2887328,62946.3618181,6785.78830789,2930.8099423,19857.9836553,16791.6424953,1693.22255396,24,1017
2025-10-14,PuLP HiGHS,Optimal,4.34127840001,7929.35342554,7783.32297689,1.124955|0.726615|0.384264,4766.645954|7783.322977|10800,4766.64595377,6204.27897407,41715.5928683,2343.68347661,44059.2763449,38268.5954805,CVaR,0.9,0.05,4533.00338338,8271.96219325,413.598109662,68015.2332576,627.068287308,63153.0847856,4862.14847206,21350.6963596,17425.4914551,3707.70704396,1200,10800,4.54747350886e-13,9.09494701773e-13,7783.32297689,7929.35342554,7783.32297689,786.151332634,2975.22937897,44690.8222472,65133.9545403,2881.27871728,1312.47127513,20869.6458858,17035.8405713,870.70135753,19,1162
2025-10-15,PuLP HiGHS,Optimal,2.9380774,7783.32297689,7749.18053675,1.124955|0.726615|0.384264,4698.361074|7749.180537|10800,4698.36107351,6152.26996573,41827.2289844,2962.9767094,44790.2056938,39415.0369843,CVaR,0.9,0.05,6026.09399193,15542.0251238,777.101256191,67962.5108301,789.213136655,62896.6585277,5065.8523024,21504.3435858,17449.2465007,3765.07847182,1200,10800,9.09494701773e-13,9.09494701773e-13,7749.18053675,7783.32297689,7749.18053675,1062.32017003,4170.77342227,45998.0024067,65237.7446594,2724.76617074,404.996189323,21083.0167695,17107.9717794,762.601537623,17,1112
2025-10-16,PuLP HiGHS,Optimal,3.91957890001,7749.18053675,8179.21051384,1.124955|0.726615|0.384264,5558.421028|8179.210514|10800,5558.42102768,6807.33247968,43385.6319954,3433.35476328,46818.9867587,41055.6074649,CVaR,0.9,0.05,5544.33348571,20879.063718,1043.9531859,70290.4368826,889.773513581,64948.6111166,5341.82576592,22123.8459606,17533.2882487,3914.50685451,1200,10800,4.54747350886e-13,1.81898940355e-12,8179.21051384,7749.18053675,8179.21051384,1612.97720436,6463.01886428,49848.6508597,67302.4257426,2988.01113998,1424.06936739,21778.0718431,17253.2112135,625.851152706,16,1102
2025-10-17,PuLP HiGHS,Optimal,3.3863365,8179.21051384,8132.50832176,1.124955|0.726615|0.384264,5401.63327|8100.816635|10800,5401.63326968,6687.91547577,19063.5872946,1566.01937189,20629.6066665,14382.6598278,CVaR,0.9,0.05,2327.44077433,8819.37274115,440.968637058,34535.5425053,407.683400309,31390.6025916,3144.93991363,19639.4811884,15978.5342537,14316.6229764,1200,10800,2.50111042988e-12,1.81898940355e-12,8100.81663484,8179.21051384,8132.50832176,82.2104107344,392.652886693,19456.2401813,31643.5290232,2892.01348205,12375.756214,17830.6098747,14484.8259714,3302.57959598,23,803
2025-10-18,PuLP HiGHS,Optimal,4.1501687,8132.50832176,7766.08514948,1.124955|0.726615|0.384264,4729.723684|7764.861842|10800,4729.72368424,6176.15721979,19095.9376197,1746.01622944,20841.9538491,15208.8773339,CVaR,0.9,0.05,2455.29020127,10861.614091,543.080704548,33953.00815,453.586055638,30827.7106674,3125.29748262,18675.4500747,15457.9963922,14277.3106591,1200,10800,3.63797880709e-12,1.81898940355e-12,7764.86184212,8132.50832176,7766.08514948,337.525188216,1121.38993748,20217.3275572,31473.0324859,2479.97566408,12789.5194614,17232.7673742,14288.3224282,2612.35666442,24,799
2025-10-19,PuLP HiGHS,Optimal,4.0508383,7766.08514948,8371.41801931,1.124955|0.726615|0.384264,5942.836039|8371.418019|10800,5942.83603862,7100.12121172,46511.1767021,3948.43885232,50459.6155544,44686.1160428,CVaR,0.9,0.05,18606.9488422,26532.4340031,1326.62170016,75120.3849677,1026.89531745,68541.5159752,6578.86899251,23122.300214,18184.2635905,3414.71801721,1200,10800,0,9.09494701773e-13,8371.41801931,7766.08514948,8371.41801931,491.396009636,1854.54129019,48365.7179923,69551.0405448,5569.34442284,1387.83142383,22232.0158656,17463.1332683,1611.4146706,23,1042
2025-10-20,PuLP HiGHS,Optimal,3.81269719999,8371.41801931,7999.04707716,1.124955|0.726615|0.384264,5198.094154|7999.047077|10800,5198.09415432,6532.8904174,44842.7173778,3393.51754904,48236.2349268,42594.8461668,CVaR,0.9,0.05,7494.34964167,17830.0331467,891.501657333,72194.9842193,889.0662698,66785.5739128,5409.41030656,21901.6848995,18075.4986165,3278.07197439,1200,10800,5.68434188608e-13,9.09494701773e-13,7999.04707716,8371.41801931,7999.04707716,785.810370151,3533.51769117,48376.235069,67971.82404,4223.16017932,630.182891014,21167.3842126,17480.7150602,1329.08424327,13,1147
2025-10-21,PuLP HiGHS,Optimal,3.160951,7999.04707716,7801.0821578,1.124955|0.726615|0.384264,4802.164316|7801.082158|10800,4802.1643156,6231.33144557,45427.0398147,2748.01820542,48175.0580201,42557.0062022,CVaR,0.9,0.05,7577.44764808,12265.5925526,613.279627632,73410.7470594,715.424251592,68055.6310617,5355.11599772,22066.8414195,18052.3099772,3038.30885831,1200,10800,4.54747350886e-13,1.81898940355e-12,7801.0821578,7999.04707716,7801.0821578,730.02063468,2628.85731542,48055.8971301,70104.5137388,3306.23332061,450.878888077,21574.960857,17653.8867216,890.303818067,18,1175
2025-10-22,PuLP HiGHS,Optimal,2.9139749,7801.0821578,8222.62773268,1.124955|0.726615|0.384264,5645.255465|8222.627733|10800,5645.25546536,6873.46971205,45931.8199259,3082.93666952,49014.7565954,42881.5352737,CVaR,0.9,0.05,9778.02919056,14804.9678069,740.248390343,74264.5914853,817.412590948,68327.860585,5936.73090032,23063.1744331,18301.7802734,3481.0155871,1200,10800,2.27373675443e-13,4.54747350886e-13,8222.62773268,7801.0821578,8222.62773268,1336.24610936,5934.38830247,51866.2082284,69958.5240288,4306.06745645,1223.03708128,21776.0281027,17259.1917458,2329.73485798,15,1148
2025-10-23,PuLP HiGHS,Optimal,3.01822120001,8222.62773268,7459.82724088,1.124955|0.726615|0.384264,4119.654482|7459.827241|10800,4119.65448175,5711.49953689,45571.2368094,3048.31185712,48619.5486665,43865.697466,CVaR,0.9,0.05,6543.49360795,19152.9667276,957.648336382,73311.0670423,781.514313671,68224.7526591,5086.31438319,21564.1733982,18153.5008952,2871.67201274,1200,10800,1.13686837722e-12,9.09494701773e-13,7459.82724088,8222.62773268,7459.82724088,415.635598879,1649.16636923,47220.4031786,68029.5054703,5281.56157208,1831.4965793,20635.0942059,17400.9467494,1681.63333807,22,1128
2025-10-24,PuLP HiGHS,Optimal,3.32887659999,7459.82724088,7583.28588985,1.124955|0.726615|0.384264,4366.57178|7583.28589|10800,4366.5717797,5899.56347958,19596.8757529,1752.23799435,21349.1137473,15899.8710617,CVaR,0.9,0.05,2535.28941122,9006.41588064,450.320794032,34632.1852095,458.883280817,31303.9387762,3328.24643332,18449.7116305,14833.1536367,11411.4215014,1200,10800,7.38964445191e-13,4.54747350886e-13,7583.28588985,7459.82724088,7583.28588985,478.782657491,2093.6489899,21690.5247428,32534.5459582,2097.6392513,11149.4848937,17540.4222172,14096.6292119,1645.81383807,13,829
2025-10-25,PuLP HiGHS,Optimal,2.8838636,7583.28588985,7813.06383347,1.124955|0.726615|0.384264,4741.429916|7770.714958|10800,4741.42991575,6185.07324176,19709.7366739,2089.52266506,21799.2593389,16264.3834097,CVaR,0.9,0.05,3066.88637557,13003.9462513,650.197312565,35192.5741649,546.789057792,31847.6846384,3344.88952641,18318.0497687,14668.9341514,11714.744519,1200,10800,4.54747350886e-13,9.09494701773e-13,7770.71495787,7583.28588985,7813.06383347,353.266745146,1342.85861926,21052.5952931,32825.5220699,2367.05209496,10307.2569684,17191.0471793,13717.9480659,2077.98867499,19,818
2025-10-26,PuLP HiGHS,Optimal,3.14497800003,7813.06383347,8209.04650272,1.124955|0.726615|0.384264,5618.093005|8209.046503|10800,5618.09300544,6852.78149236,48794.012095,4479.51727632,53273.5293713,47982.4427204,CVaR,0.9,0.05,17991.7204485,31233.8968306,1561.69484153,78187.4984546,1176.5248945,71993.3382234,6194.16023119,24042.0020873,19117.6372884,3200.81233734,1200,10800,0,9.09494701773e-13,8209.04650272,7813.06383347,8209.04650272,100.833310331,304.131964235,49098.1440592,70292.1720564,7895.32639824,1423.33246927,21415.6656759,16990.3047952,4753.66890462,32,1078
2025-10-27,PuLP HiGHS,Optimal,2.79265389999,8209.04650272,7774.85411792,1.124955|0.726615|0.384264,4749.708236|7774.854118|10800,4749.70823585,6191.37840356,46740.8371112,3017.51463985,49758.351751,44344.6640412,CVaR,0.9,0.05,7145.25939336,15553.8138749,777.690693746,75027.4666093,799.159152405,69886.5903703,5140.87623895,22669.3008313,18752.9068197,2884.2085222,1200,10800,9.09494701773e-13,9.09494701773e-13,7774.85411792,8209.04650272,7774.85411792,506.453675311,1937.30443429,48678.1415455,68540.7600146,6486.70659472,1978.09873255,20564.7707209,17048.2374302,3809.19949989,30,1178
2025-10-28,PuLP HiGHS,Optimal,4.71653909999,7774.85411792,8194.65932771,1.124955|0.726615|0.384264,5589.318655|8194.659328|10800,5589.31865543,6830.86558061,48166.3960188,3011.76485478,51178.1608736,45071.0074623,CVaR,0.9,0.05,4705.64996357,14474.2433864,723.71216932,77744.7356375,777.901473301,72355.137128,5389.59850953,23996.0606731,19058.9844564,2903.33195037,1200,10800,3.41060513165e-13,1.81898940355e-12,8194.65932771,7774.85411792,8194.65932771,201.370975718,811.093736471,48977.4897553,71298.074303,6446.66133454,973.036697695,21979.8010115,17425.8141305,3649.42998739,28,1167
2025-10-29,PuLP HiGHS,Optimal,4.52035410001,8194.65932771,8161.05184451,1.124955|0.726615|0.384264,5522.103689|8161.051845|10800,5522.10368902,6779.67146948,47606.244758,3840.76508307,51447.0098411,45841.3907332,CVaR,0.9,0.05,8306.2257971,23481.0472323,1174.05236161,76366.5622293,963.373667676,70501.3003532,5865.26187616,23429.5526823,19008.1844076,3335.84920313,1200,10800,9.09494701773e-13,9.09494701773e-13,8161.05184451,8194.65932771,8161.05184451,1080.27989923,3457.58933921,51063.8340972,72733.0086878,3633.55354152,176.735091016,22918.6496365,18594.3529404,924.734512953,16,1141
2025-10-30,PuLP HiGHS,Optimal,2.84154610001,8161.05184451,7728.2525995,1.124955|0.726615|0.384264,4656.505199|7728.252599|10800,4656.50519899,6120.39054355,47828.9704953,3766.57886599,51595.5493613,46811.2344095,CVaR,0.9,0.05,3733.67785271,26721.5118362,1336.07559181,76465.3943186,971.141997848,70716.8386443,5748.55567431,23075.4240431,19080.6127954,3187.09959085,1200,10800,4.54747350886e-13,9.09494701773e-13,7728.2525995,8161.05184451,7728.2525995,237.775342329,889.499769371,48718.4702647,70207.509195,6257.88512366,2170.93153138,20400.2877707,16913.7524147,4841.99665309,30,1116
2025-10-31,PuLP HiGHS,Optimal,3.09990599999,7728.2525995,7694.3759669,1.124955|0.726615|0.384264,4588.751934|7694.375967|10800,4588.75193381,6068.78643851,20559.4122549,2220.73158583,22780.1438407,17395.2839297,CVaR,0.9,0.05,2495.79741972,13678.5305501,683.926527503,36231.1425669,592.241683044,32760.5569008,3470.5856661,17967.172449,14583.898653,10806.1996892,1200,10800,4.54747350886e-13,9.09494701773e-13,7694.3759669,7728.2525995,7694.3759669,213.674616413,872.709811752,21432.1220666,33486.125962,2745.01660492,6557.01011858,17205.1966446,13966.6982515,1379.17620589,17,859
2025-11-01,PuLP HiGHS,Optimal,3.30312639999,7694.3759669,8101.67932682,1.124955|0.726615|0.384264,5403.358654|8101.679327|10800,5403.35865364,6689.22961015,21521.9459202,2640.13477513,24162.0806953,18523.3865923,CVaR,0.9,0.05,16521.0424432,21010.710143,1050.53550715,37826.9026514,702.248851783,33731.8820245,4095.02062688,18339.6176277,14488.5172545,9341.39735207,1200,10800,2.27373675443e-13,1.81898940355e-12,8101.67932682,7694.3759669,8101.67932682,174.777778898,488.031307851,22009.977228,33815.3528614,4011.54979003,7716.16627504,17701.8574103,13971.9314784,1154.34599341,18,790
2025-11-02,PuLP HiGHS,Optimal,2.865219,8101.67932682,7660.77291282,1.124955|0.726615|0.384264,4521.545826|7660.772913|10800,4521.54582563,6017.59907423,47826.4889149,3179.90090406,51006.389819,45866.6599747,CVaR,0.9,0.05,7470.38762818,17557.3845995,877.869229975,76552.2327458,823.701624702,71603.8904932,4948.34225265,23023.5094206,19045.8584033,3004.37017424,1200,10800,4.54747350886e-13,9.09494701773e-13,7660.77291282,8101.67932682,7660.77291282,568.034273519,2154.93698579,49981.4259007,72379.0783609,4173.15438488,407.873852865,21787.7401099,18044.8852616,2236.74245251,24,1179
2025-11-03,PuLP HiGHS,Optimal,3.00031430001,7660.77291282,7723.30358136,1.124955|0.726615|0.384264,4646.607163|7723.303581|10800,4646.60716272,6112.85172897,48578.1381814,2828.06926793,51406.2074494,45994.3117289,CVaR,0.9,0.05,7444.1357928,14019.120169,700.95600845,77801.2298453,743.619167679,72446.6010621,5354.62878314,23545.2286834,19015.3576318,3028.70875957,1200,10800,4.54747350886e-13,9.09494701773e-13,7723.30358136,7660.77291282,7723.30358136,912.797025296,2709.69195615,51287.8301376,73385.6075416,4415.62230365,627.54755,21629.7322732,17463.8055396,3467.04850244,28,1184
2025-11-04,PuLP HiGHS,Optimal,3.04111070003,7723.30358136,8188.67182634,1.124955|0.726615|0.384264,5577.343653|8188.671826|10800,5577.34365268,6821.7448497,50295.687815,2997.62716117,53293.3149761,47174.9614751,CVaR,0.9,0.05,5597.64586115,14067.8269725,703.391348627,80534.9379871,769.616776656,74817.6009428,5717.33704432,24079.1971288,19085.3182538,3176.9468995,1200,10800,2.72848410532e-12,9.09494701773e-13,8188.67182634,7723.30358136,8188.67182634,227.57105242,854.010484231,51149.6982992,73337.4961554,7197.44183167,1576.33878685,20999.0787746,16590.4223869,5575.01422105,31,1193
2025-11-05,PuLP HiGHS,Optimal,3.13859719998,8188.67182634,8400.09807457,1.124955|0.726615|0.384264,6000.196149|8400.098075|10800,6000.19614913,7143.8093965,50652.2952511,3907.45393405,54559.7491851,48782.8972805,CVaR,0.9,0.05,4927.20065881,27339.149838,1366.9574919,80687.9535053,1005.25105685,74941.1280158,5746.82548943,23864.334445,19139.827277,2986.6052144,1200,10800,9.09494701773e-13,9.09494701773e-13,8400.09807457,8188.67182634,8400.09807457,253.024407017,832.874757568,51485.1700086,74864.8172192,5823.13628607,1068.07773283,22007.6852806,17635.9414539,3360.53498745,28,1126
2025-11-06,PuLP HiGHS,Optimal,4.01949460001,8400.09807457,8173.38619081,1.124955|0.726615|0.384264,5546.772382|8173.386191|10800,5546.77238162,6798.46031753,49819.9827388,3321.11475572,53141.0974946,47208.3980408,CVaR,0.9,0.05,9831.6011563,17315.2172754,865.760863772,79374.5836407,882.813312728,73878.4462894,5496.13735126,22964.5121322,18805.2955225,2774.10385734,1200,10800,4.54747350886e-13,4.54747350886e-13,8173.38619081,8400.09807457,8173.38619081,1129.82102549,4460.07678479,54280.0595236,74397.0663435,4977.51729715,209.825916667,21850.0926195,17902.6157172,2017.09931796,16,1146
2025-11-07,PuLP HiGHS,Optimal,4.1087208,8173.38619081,7740.28143358,1.124955|0.726615|0.384264,4680.562867|7740.281434|10800,4680.56286716,6138.71400636,20256.8203375,1791.52693804,22048.3472755,16300.6365853,CVaR,0.9,0.05,2930.72057706,7820.06632254,391.003316127,35970.9184479,472.663702416,32659.3748406,3311.5436073,17954.7378749,14933.1319602,8100.37924734,1200,10800,4.54747350886e-13,1.81898940355e-12,7740.28143358,8173.38619081,7740.28143358,436.128561374,1990.52495858,22247.345296,33202.1840675,2768.7343804,7313.99451991,17871.8453007,14865.9889751,150.035559205,5,871
2025-11-08,PuLP HiGHS,Optimal,3.16248540001,7740.28143358,7705.1738898,1.124955|0.726615|0.384264,4610.34778|7705.17389|10800,4610.3477796,6085.23486047,20506.2510963,2129.39158243,22635.6426787,17143.938494,CVaR,0.9,0.05,2917.59454115,11870.6135149,593.530675747,36285.4687715,569.052214513,32796.1831371,3489.28563438,17914.3288988,14542.2031974,7471.93598994,1200,10800,1.81898940355e-12,1.81898940355e-12,7705.1738898,7740.28143358,7705.1738898,189.764167196,815.918987551,21322.1700839,33643.2164069,2642.25236458,6806.96943988,17191.5832821,13956.7792479,1308.16956623,18,942
2025-11-09,PuLP HiGHS,Optimal,6.98012980001,7705.1738898,8187.34707372,1.124955|0.726615|0.384264,5574.694147|8187.347074|10800,5574.69414745,6819.72686067,50692.0467218,2716.84039743,53408.8871192,47063.6237365,CVaR,0.9,0.05,7919.00831326,9489.26955813,474.463477907,80799.0304294,715.62796332,75376.3021844,5422.72824496,23767.9524906,18818.0856519,3034.92301547,1200,10800,4.54747350886e-13,9.09494701773e-13,8187.34707372,7705.1738898,8187.34707372,735.346313704,2984.81020766,53676.8569295,76005.6196266,4793.41080276,812.726933333,21828.7682007,17247.3463771,3509.92356469,26,1203
2025-11-10,PuLP HiGHS,Optimal,2.572029,8187.34707372,8386.08523063,1.124955|0.726615|0.384264,5972.170461|8386.085231|10800,5972.17046127,7122.4637014,50804.5729568,3607.76631528,54412.3392721,48230.2823518,CVaR,0.9,0.05,7825.84790522,18808.1356216,940.406781078,81102.7247981,948.960404939,75977.6925875,5125.03221062,23482.3623293,18841.8491455,2698.47502591,1200,10800,4.54747350886e-13,9.09494701773e-13,8386.08523063,8187.34707372,8386.08523063,1046.76081467,4026.42787826,54831.0008351,77427.7225728,3675.00222529,203.77825,22281.0405067,17868.7784692,2174.39249882,20,1176
2025-11-11,PuLP HiGHS,Optimal,4.1096612,8386.08523063,8252.97851207,1.124955|0.726615|0.384264,5705.957024|8252.978512|10800,5705.95702413,6919.70290254,51662.9457951,3967.78105766,55630.7268528,49737.7344299,CVaR,0.9,0.05,10316.7431855,20534.2095944,1026.71047972,81702.9930955,1028.63197808,75762.9038605,5940.08923497,23131.4287188,18856.2533089,3208.90010428,1200,10800,6.25277607469e-13,9.09494701773e-13,8252.97851207,8386.08523063,8252.97851207,238.131174528,854.969668603,52517.9154637,75701.4832405,6001.509855,492.4509,21094.4205002,17206.2766519,3686.98487566,30,1184
2025-11-12,PuLP HiGHS,Optimal,2.66457759999,8252.97851207,8017.46971986,1.124955|0.726615|0.384264,5234.93944|8017.46972|10800,5234.93943973,6560.95353692,51766.947125,4330.33549034,56097.2826153,50890.417315,CVaR,0.9,0.05,8154.64666391,27081.7647333,1354.08823666,82244.0301823,1119.83148042,76708.9282479,5535.10193442,23202.1138926,19005.670166,2771.56665088,1200,10800,1.13686837722e-12,4.54747350886e-13,8017.46971986,8252.97851207,8017.46971986,157.681862515,773.103999431,52540.0511244,75208.3753227,7035.6548596,507.68905,21654.4120958,17752.0317106,2801.34025227,26,1135
2025-11-13,PuLP HiGHS,Optimal,2.5482471,8017.46971986,8260.19952167,1.124955|0.726615|0.384264,5720.399043|8260.199522|10800,5720.39904335,6930.70263037,53676.4240339,4607.95004207,58284.374076,52943.5928188,CVaR,0.9,0.05,23313.173328,31798.4274642,1589.92137321,84662.3387392,1176.51731451,78336.2935664,6326.04517275,23891.2978861,19133.4944661,2841.23167733,1200,10800,4.54747350886e-13,4.54747350886e-13,8260.19952167,8017.46971986,8260.19952167,107.722356358,406.282869857,54082.7069038,76798.9596281,7863.37911104,335.8885,20823.5018221,16648.5796543,5552.71087593,29,1087
2025-11-14,PuLP HiGHS,Optimal,3.05452479998,8260.19952167,8230.48398742,1.124955|0.726615|0.384264,5660.967975|8230.483987|10800,5660.96797484,6885.43710562,22078.2231034,2283.27763192,24361.5007353,18129.7168107,CVaR,0.9,0.05,6921.99956031,13073.0636199,653.653180996,38401.4089021,613.642971974,34735.2094625,3666.19943966,18478.3155416,14994.1795695,6526.53466498,1200,10800,4.54747350886e-13,1.81898940355e-12,8230.48398742,8260.19952167,8230.48398742,88.3448956543,325.891275014,22404.1143784,35210.6825137,3190.72638847,4459.40725462,17199.520187,13958.3553323,2314.61959186,23,952
2025-11-15,PuLP HiGHS,Optimal,3.07942899998,8230.48398742,8070.0890147,1.124955|0.726615|0.384264,5340.178029|8070.089015|10800,5340.1780294,6641.10824565,21933.7947359,2465.43631132,24399.2310473,18548.2231185,CVaR,0.9,0.05,4508.36872032,15802.0063371,790.100316855,38686.5672755,650.348157184,34983.7448547,3702.82242078,17560.4420897,14368.3135681,6464.66922851,1200,10800,2.27373675443e-13,9.09494701773e-13,8070.0890147,8230.48398742,8070.0890147,219.703146594,761.066933132,22694.8616691,35836.9190295,2849.64824599,4760.35668112,16993.3371252,13908.9585469,1026.45998577,17,984
2025-11-16,PuLP HiGHS,Optimal,4.54210389999,8070.0890147,8106.46867558,1.124955|0.726615|0.384264,5412.937351|8106.468676|10800,5412.93735116,6696.52520117,53082.7578341,3411.93016328,56494.6879974,50690.4541562,CVaR,0.9,0.05,7085.3029468,17845.8272003,892.291360017,83895.9914696,906.705126562,78086.5410506,5809.45041903,23714.7837482,19176.2331413,2611.5683025,1200,10800,4.54747350886e-13,1.81898940355e-12,8106.46867558,8070.0890147,8106.46867558,635.928950571,2163.37179367,55246.1296277,78381.7455664,5514.24590322,270.200666667,22527.3040639,18214.3745969,2149.3382287,22,1157
2025-11-17,PuLP HiGHS,Optimal,2.715967,8106.46867558,8519.3051223,1.124955|0.726615|0.384264,6238.610245|8519.305122|10800,6238.61024459,7325.39689627,54744.6616541,3792.55283603,58537.2144901,52329.1551483,CVaR,0.9,0.05,9093.89673971,22346.7510897,1117.33755449,86317.1993446,999.48825744,80249.3397602,6067.85958442,24458.707163,19440,2619.49079254,1200,10800,0,1.81898940355e-12,8519.3051223,8106.46867558,8519.3051223,149.085149815,439.772157257,55184.4338113,77374.8543408,8942.34500381,269.16135,22039.3210801,17480.2972728,4379.08881012,27,1157
2025-11-18,PuLP HiGHS,Optimal,3.7702768,8519.3051223,8069.16651562,1.124955|0.726615|0.384264,5338.333031|8069.166516|10800,5338.33303124,6639.70300741,53190.4295763,3806.00770958,56996.4372858,51361.618586,CVaR,0.9,0.05,7182.06842841,20097.6861511,1004.88430756,83742.4607195,981.465803,78021.6778383,5720.78288122,23084.8748474,19103.8733724,2342.43727311,1200,10800,9.09494701773e-13,4.54747350886e-13,8069.16651562,8519.3051223,8069.16651562,441.698924258,1441.29648383,54631.7260601,78144.5643973,5597.89632224,71.1391833333,21208.9318469,17584.359542,3395.4568309,23,1173
2025-11-19,PuLP HiGHS,Optimal,2.5813622,8069.16651562,7684.97607145,1.124955|0.726615|0.384264,4569.952143|7684.976071|10800,4569.9521429,6054.46762476,53353.9817454,4173.31535187,57527.2970973,52970.0125277,CVaR,0.9,0.05,24379.691737,29943.6611023,1497.18305512,84118.2638286,1092.5540161,77907.9338244,6210.33000419,23282.102738,19204.2746175,2499.87599369,1200,10800,4.54747350886e-13,9.09494701773e-13,7684.97607145,8069.16651562,7684.97607145,710.989795237,3037.48468673,56391.4664322,78709.6062091,5408.65761951,105.079533333,22594.6119514,18647.4070804,1244.35832374,17,1071
2025-11-20,PuLP HiGHS,Optimal,2.65187300002,7684.97607145,8502.82289416,1.124955|0.726615|0.384264,6205.645788|8502.822894|10800,6205.64578832,7300.28960056,55191.1151597,3769.84662023,58960.96178,52716.5007484,CVaR,0.9,0.05,8433.52387961,21116.5713807,1055.82856903,87096.0743417,963.435393986,81420.4375867,5675.63675499,25052.6993194,19556.6243083,2444.5213362,1200,10800,2.27373675443e-13,1.81898940355e-12,8502.82289416,7684.97607145,8502.82289416,235.593078172,807.471338338,55998.5864981,79748.0225551,7348.05178663,117.18455,22827.8574184,17754.5023685,4026.96384074,26,1170
2025-11-21,PuLP HiGHS,Optimal,2.9683483,8502.82289416,7776.83434953,1.124955|0.726615|0.384264,4753.668699|7776.83435|10800,4753.66869905,6194.39488046,22314.0093342,2740.14511555,25054.1544498,19730.4247211,CVaR,0.9,0.05,8105.92550261,17413.3030361,870.665151803,39293.012874,743.09165152,35400.3280132,3892.6848608,17448.5634967,14786.7261225,5891.22002299,1200,10800,0,1.81898940355e-12,7776.83434953,8502.82289416,7776.83434953,244.780165109,656.013874676,22970.0232089,36119.3657013,3173.64717272,4997.62632376,16608.0271903,14105.8917143,1521.37071465,19,995
2025-11-22,PuLP HiGHS,Optimal,3.17047919999,7776.83434953,8598.32808407,1.124955|0.726615|0.384264,6396.656168|8598.328084|10800,6396.65616814,7445.77217883,24269.0907341,3290.07877386,27559.169508,21291.7631071,CVaR,0.9,0.05,9037.75850624,23567.3155589,1178.36577795,43930.1402146,872.145800799,39583.0037075,4347.13650708,19418.5108335,14989.6494141,6529.76361108,1200,10800,0,1.81898940355e-12,8598.32808407,7776.83434953,8598.32808407,133.077830302,541.329428346,24810.4201625,40297.7103672,3632.42984737,5978.64479574,18384.0503018,14151.7363834,1872.37356235,24,977
2025-11-23,PuLP HiGHS,Optimal,2.77624030001,8598.32808407,8257.28449153,1.124955|0.726615|0.384264,5714.568983|8257.284492|10800,5714.56898306,6926.26217952,55688.2285687,3809.83784728,59498.066416,53727.9784608,CVaR,0.9,0.05,11855.8124654,23123.4844871,1156.17422436,87292.2799167,974.422604076,80804.7970803,6487.48283637,24454.3960083,20115,2754.97797381,1200,10800,9.09494701773e-13,1.81898940355e-12,8257.28449153,8598.32808407,8257.28449153,372.68318368,1524.59231203,57212.8208807,79344.0573723,7948.22254431,557.4432,22284.9489788,18357.7479062,3926.69912329,20,1137
2025-11-24,PuLP HiGHS,Optimal,2.5590676,8257.28449153,7678.08247005,1.124955|0.726615|0.384264,4556.16494|7678.08247|10800,4556.1649401,6043.96663622,53263.5266032,3255.83769571,56519.3642989,51404.7538017,CVaR,0.9,0.05,7495.00495088,18587.1227796,929.356138982,83993.5463123,843.101584203,78693.2695244,5300.27678789,23003.256113,19153.9192708,2045.68996235,1200,10800,4.54747350886e-13,9.09494701773e-13,7678.08247005,8257.28449153,7678.08247005,411.831838873,1520.77760705,54784.3042102,77648.0752763,6345.47103598,458.714083333,20844.9007957,17405.6514639,3906.62312421,28,1166
2025-11-25,PuLP HiGHS,Optimal,3.09510000001,7678.08247005,8387.03882974,1.124955|0.726615|0.384264,5974.077659|8387.03883|10800,5974.07765948,7123.91631415,55531.4088577,3412.98633939,58944.3951971,52764.8480414,CVaR,0.9,0.05,8388.46481647,18887.3831685,944.369158425,87740.5263224,895.058990495,81953.5157381,5787.01058432,25621.0626219,20115,2698.72679831,1200,10800,4.54747350886e-13,9.09494701773e-13,8387.03882974,7678.08247005,8387.03882974,334.819935457,979.458991744,56510.8678495,80993.9563812,6746.56994115,100.006583333,23273.9396999,18213.8304332,4248.29248884,27,1189
2025-11-26,PuLP HiGHS,Optimal,3.08343260002,8387.03882974,7817.76733852,1.124955|0.726615|0.384264,4835.534677|7817.767339|10800,4835.53467705,6256.74789794,54432.832639,2849.49762566,57282.3302647,51470.9223221,CVaR,0.9,0.05,6531.23479932,8906.79910836,445.339955418,85706.0837796,744.380058546,80172.5795263,5533.50425329,23972.3838498,19929.9752604,2347.01153256,1200,10800,4.54747350886e-13,9.09494701773e-13,7817.76733852,8387.03882974,7817.76733852,321.532370862,1213.14630869,55645.9789477,80218.0904706,5487.99330902,2.94833333333,22586.0629834,18807.0553587,2509.24076813,25,1245
2025-11-27,PuLP HiGHS,Optimal,3.0427734,7817.76733852,8183.5388775,1.124955|0.726615|0.384264,5567.077755|8183.538877|10800,5567.077755,6813.9258544,55376.6950967,3254.31433308,58631.0094298,52648.0325054,CVaR,0.9,0.05,6399.96397019,16618.9785999,830.948929997,87272.8170621,828.023751929,81914.6170036,5358.20005844,25176.9865415,20064.1647135,2287.32601631,1200,10800,9.09494701773e-13,9.09494701773e-13,8183.5388775,7817.76733852,8183.5388775,159.879842936,544.249697222,55920.944794,80353.3652942,6919.45176792,82.3215,22741.2448351,18091.2139314,4408.69248853,28,1182
2025-11-28,PuLP HiGHS,Optimal,6.92441790001,8183.5388775,8219.17458541,1.124955|0.726615|0.384264,5638.349171|8219.174585|10800,5638.34917082,6868.20955008,24137.9903174,3511.37266308,27649.3629805,21951.5333819,CVaR,0.9,0.05,18264.9810739,23407.5990295,1170.37995147,42459.5735249,953.380516445,37849.2284382,4610.34508677,18591.7942423,15027.2811991,5307.61255043,1200,10800,3.05533376377e-13,1.81898940355e-12,8219.17458541,8183.5388775,8219.17458541,163.708494133,494.829585989,24632.8199034,38087.2024441,4372.37108085,3903.41354892,17864.1405378,14437.8816985,1317.05320519,20,965
2025-11-29,PuLP HiGHS,Optimal,3.51978840001,8219.17458541,8183.58055032,1.124955|0.726615|0.384264,5567.161101|8183.58055|10800,5567.16110064,6813.9893344,24426.4421026,3448.10223153,27874.5443341,22328.7290857,CVaR,0.9,0.05,11690.8116326,25363.4817196,1268.17408598,43328.514207,914.363319627,39164.3597951,4164.15441197,19150.6590392,15544.0684534,5700.7017972,1200,10800,4.54747350886e-13,1.81898940355e-12,8183.58055032,8219.17458541,8183.58055032,994.33960013,2925.0559095,27351.4980121,39311.190542,4017.32366504,1959.52663949,18150.4633379,14733.9099353,1810.35421942,20,965
2025-11-30,PuLP HiGHS,Optimal,3.37064439998,8183.58055032,7867.44137368,1.124955|0.726615|0.384264,4934.882747|7867.441374|10800,4934.88274736,6332.41610732,55676.0194843,3546.08623373,59222.1057181,53855.7962733,CVaR,0.9,0.05,8068.50795619,19322.1332513,966.106662567,87538.2678668,896.89967665,81767.382885,5770.88498179,24349.8105768,20007.8718262,2362.70851166,1200,10800,9.09494701773e-13,9.09494701773e-13,7867.44137368,8183.58055032,7867.44137368,765.921896285,2803.12350913,58479.1429935,83703.2851785,3834.98268834,0,23731.0748267,19506.6958686,1119.91170762,16,1191
2025-12-01,PuLP HiGHS,Optimal,0.976368500007,7867.44137368,7950,1.124955|0.726615|0.384264,5121.374675|7960.687337|10800,5121.37467481,6466.69163796,56551.411739,2835.83032829,59387.2420673,53459.6431204,CVaR,0.9,0.05,7259.97033867,10781.8538211,539.092691055,88858.678104,722.899603009,83049.1106196,5809.56748445,24925.0651404,20115,2407.49273645,1200,10800,9.09494701773e-13,1.81898940355e-12,7950,7867.44137368,7950,4255.70513639,15830.9534677,72382.3652067,86850.77531,2007.902794,0,24911.8418389,20104.2891258,23.9341755779,3,1213
2025-12-02,PuLP HiGHS,Optimal,4.3534546,7950,8725.03402696,1.124955|0.726615|0.384264,6650.068054|8725.034027|10800,6650.06805392,7638.7827081,58283.6941535,4354.82108057,62638.5152341,56179.4062097,CVaR,0.9,0.05,21017.9381655,23593.4736749,1179.67368374,91638.54909,1139.90673733,84831.2536295,6807.29546058,25694.4822522,20115,2471.79760871,1200,10800,2.27373675443e-13,9.09494701773e-13,8725.03402696,7950,8725.03402696,4553.87624505,17923.536263,76207.2304165,89649.8147351,1988.73435491,0,25622.8968733,20057.0158431,129.569535791,3,1105
2025-12-03,PuLP HiGHS,Optimal,3.36429270002,8725.03402696,7703.99172617,1.124955|0.726615|0.384264,4607.983452|7703.991726|10800,4607.98345235,6083.43407652,56435.8512567,3247.88411328,59683.73537,54427.1333377,CVaR,0.9,0.05,5790.29898457,16536.6408839,826.832044197,88211.9056092,846.686036525,82115.3472852,6096.55832401,23795.8024377,20193.5380452,2025.20671854,1200,10800,4.54747350886e-13,9.09494701773e-13,7703.99172617,8725.03402696,7703.99172617,4177.73975443,13957.049933,70392.9011897,86518.6155205,1693.29008872,0,23434.4462051,19900.8394968,654.054781076,10,1211
2025-12-04,PuLP HiGHS,Optimal,3.4985591,7703.99172617,7645.71838678,1.124955|0.726615|0.384264,4491.436774|7645.718387|10800,4491.43677355,5994.66658998,57541.4714979,2953.18732205,60494.65882,55338.3459318,CVaR,0.9,0.05,11424.8491193,16767.0740367,838.353701834,89968.6785171,757.679484119,84010.3591822,5958.31933496,24935.0548246,20249.8404134,2134.40503772,1200,10800,3.41060513165e-13,9.09494701773e-13,7645.71838678,7703.99172617,7645.71838678,3916.46400099,14034.4775937,71575.9490916,87467.6416426,2501.03687449,0,24554.4363109,19941.5394173,688.91950979,10,1182
2025-12-05,PuLP HiGHS,Optimal,5.10532499998,7645.71838678,8153.63816232,1.124955|0.726615|0.384264,5507.276325|8153.638162|10800,5507.27632463,6768.37824446,25425.3449031,2700.43546899,28125.7803721,22013.2610043,CVaR,0.9,0.05,7614.35338774,13117.1775342,655.858876708,46081.0708314,730.801056437,41876.3359654,4204.73486599,20002.1776371,15744.6360881,4088.89491366,1200,10800,9.09494701773e-13,1.81898940355e-12,8153.63816232,7645.71838678,8153.63816232,2382.33764537,8142.40722042,33567.7521235,43932.6172578,2148.45357355,755.122273112,19953.0376251,15704.8326784,88.9434216765,7,1063
2025-12-06,PuLP HiGHS,Optimal,4.32307809999,8153.63816232,8729.25495686,1.124955|0.726615|0.384264,6658.509914|8729.254957|10800,6658.50991373,7645.21242951,26948.4576679,3092.22131425,30040.6789821,23323.8410455,CVaR,0.9,0.05,8060.93342472,18567.4898575,928.374492874,48434.4087878,826.598245023,43460.0651678,4974.34361996,20477.5792758,16068.7840983,4818.64166327,1200,10800,2.27373675443e-13,9.09494701773e-13,8729.25495686,8153.63816232,8729.25495686,3226.02341769,9572.74747276,36521.2051406,46205.0560767,2229.3527111,1464.84896941,19913.3925958,15611.7928875,1021.17789082,14,1037
2025-12-07,PuLP HiGHS,Optimal,1.062404,8729.25495686,7931.32036048,1.124955|0.726615|0.384264,5062.640721|7931.32036|10800,5062.64072096,6429.72264852,59068.3516677,4454.86297124,63523.2146389,58698.5177365,CVaR,0.9,0.05,14812.5511396,32100.5149219,1605.0257461,91824.0161037,1151.24221461,84956.6447268,6867.37137689,24462.2844642,20532.5915527,2019.8451645,1200,10800,3.41060513165e-13,4.54747350886e-13,7931.32036048,8729.25495686,7931.32036048,2322.22246535,7892.58389954,66960.9355672,89120.0533581,2703.96274557,0,23724.9247904,19935.330217,1334.6210095,15,1121
2025-12-08,PuLP HiGHS,Optimal,1.0538425,7931.32036048,7920.81380679,1.124955|0.726615|0.384264,5041.627614|7920.813807|10800,5041.62761357,6413.71806781,64073.1729263,3668.06277252,67741.2356988,62259.8645995,CVaR,0.9,0.05,10240.7801919,18646.9393698,932.346968491,99269.0998529,950.551539096,92816.2407651,6452.85908782,25413.7725374,20594.6116536,1220.99917874,1200,10800,4.54747350886e-13,4.54747350886e-13,7920.81380679,7931.32036048,7920.81380679,308.294699642,1397.23198727,65470.4049136,92031.0591862,7238.04066672,0,23692.6245655,19200.4817964,3115.27782911,18,1195
2025-12-09,PuLP HiGHS,Optimal,2.8942906,7920.81380679,7715.13578038,1.124955|0.726615|0.384264,4630.271561|7715.13578|10800,4630.27156076,6100.40975857,63842.2539197,3425.88055586,67268.1344756,62128.676484,CVaR,0.9,0.05,9779.36014693,19219.0353404,960.95176702,99023.0016683,899.807312233,92675.838809,6347.16285921,25438.1355262,20790,1475.17718018,1200,10800,4.54747350886e-13,9.09494701773e-13,7715.13578038,7920.81380679,7715.13578038,349.003909007,1573.39159972,65415.6455194,91456.1872894,7566.81437886,0,24220.2481869,19803.5112551,2204.37608419,15,1201
2025-12-10,PuLP HiGHS,Optimal,3.7921742,7715.13578038,8528.93794991,1.124955|0.726615|0.384264,6257.8759|8528.93795|10800,6257.87589983,7340.07053441,66426.1396284,4169.07273141,70595.2123598,64489.9024821,CVaR,0.9,0.05,17137.7953975,24695.2131341,1234.76065671,102936.444907,1080.59279595,94639.9530731,8296.49183352,26570.8912995,20790,1688.2560633,1200,10800,4.54747350886e-13,9.09494701773e-13,8528.93794991,7715.13578038,8528.93794991,126.630389792,457.055308102,66883.1949365,93590.1200425,9346.32486416,0,24193.2105949,18864.0786293,4303.60207527,19,1115
2025-12-11,PuLP HiGHS,Optimal,4.69017330001,8528.93794991,7775.99461983,1.124955|0.726615|0.384264,4751.98924|7775.99462|10800,4751.98923966,6193.11572441,63852.417311,3362.34989061,67214.7672016,61820.4487087,CVaR,0.9,0.05,8434.96014203,15975.9446314,798.79723157,98529.0540928,874.631623103,91933.6187523,6595.43534047,24733.6243554,20711.8847249,1400.97660528,1200,10800,9.09494701773e-13,9.09494701773e-13,7775.99461983,8528.93794991,7775.99461983,146.90140306,395.094466055,64247.511777,89454.0728974,9074.98119535,0,22722.9926186,19083.2730182,3639.24344352,21,1214
2025-12-12,PuLP HiGHS,Optimal,3.5316443,7775.99461983,8465.07773943,1.124955|0.726615|0.384264,6130.155479|8465.077739|10800,6130.15547887,7242.79259509,30309.8405862,3553.8454164,33863.6860026,27703.2050724,CVaR,0.9,0.05,10725.4475204,21646.2332966,1082.31166483,55023.6520397,937.739592589,49645.8280308,5377.82400884,22207.7872607,17368.1328735,3356.16424628,1200,10800,9.09494701773e-13,2.27373675443e-13,8465.07773943,7775.99461983,8465.07773943,302.373089787,886.947365861,31196.7879521,50056.380166,4967.27187367,2116.93651823,20564.3602453,16036.956991,2974.60289798,30,1085
2025-12-13,PuLP HiGHS,Optimal,4.6340511,8465.07773943,8176.21788531,1.124955|0.726615|0.384264,5552.435771|8176.217885|10800,5552.43577063,6802.77382361,30065.2537653,3070.80840929,33136.0621745,27123.2384595,CVaR,0.9,0.05,9335.73201489,15799.0021703,789.950108515,54798.1555852,820.619461011,49583.2306431,5214.92494205,21373.7682303,17572.7261353,3463.00128649,1200,10800,3.41060513165e-13,9.09494701773e-13,8176.21788531,8465.07773943,8176.21788531,150.746579895,759.958492933,30825.2122582,48587.852522,6210.30306316,1428.64982643,19849.4197939,16338.0039018,2759.07066991,30,1115
2025-12-14,PuLP HiGHS,Optimal,2.9928869,8176.21788531,8641.60808276,1.124955|0.726615|0.384264,6483.216166|8641.608083|10800,6483.21616552,7511.70038443,65890.2133795,3713.12379418,69603.3371736,63068.704671,CVaR,0.9,0.05,10481.4771962,19541.3576356,977.067881778,101707.273625,947.956627333,94517.5432457,7189.73037936,26183.7668861,20790,1473.38894988,1200,10800,9.09494701773e-13,9.09494701773e-13,8641.60808276,8176.21788531,8641.60808276,129.545470306,455.091309745,66345.3046892,93758.3968791,7948.87674595,0,24686.1545881,19576.9340387,2710.67825926,19,1166
2025-12-15,PuLP HiGHS,Optimal,1.004277,8641.60808276,7946.47868853,1.124955|0.726615|0.384264,5092.957377|7946.478689|10800,5092.95737706,6452.81325385,63028.4122434,3401.75571014,66430.1679536,60763.383109,CVaR,0.9,0.05,6270.09452879,15720.5681845,786.028409227,97785.6283335,871.997771473,91460.362494,6325.26583953,24587.9338774,20541.8428955,1427.75831809,1200,10800,9.09494701773e-13,4.54747350886e-13,7946.47868853,8641.60808276,7946.47868853,316.598220958,1127.92473871,64156.3369821,93028.693031,4756.93530257,0,23691.3144213,19815.5811361,1622.88121554,16,1221
2025-12-16,PuLP HiGHS,Optimal,3.39344380001,7946.47868853,7664.62813306,1.124955|0.726615|0.384264,4529.256266|7664.628133|10800,4529.25626612,6023.47171195,64221.2040596,3203.9333715,67425.1374311,62216.9514301,CVaR,0.9,0.05,8141.22549062,16305.7142179,815.285710897,99207.9182014,837.751242409,92431.8992298,6776.01897157,25353.4993828,20790,1485.82857869,1200,10800,9.09494701773e-13,9.09494701773e-13,7664.62813306,7946.47868853,7664.62813306,160.395666732,549.289129524,64770.4931892,93604.9382253,5602.97997612,0,24215.3055716,19868.063013,2060.13079821,15,1184
2025-12-17,PuLP HiGHS,Optimal,4.64857700001,7664.62813306,8021.93848211,1.124955|0.726615|0.384264,5243.876964|8021.938482|10800,5243.87696423,6567.76078011,65212.3763839,3675.75257452,68888.1289585,63485.2783416,CVaR,0.9,0.05,7255.1663011,23298.2032657,1164.91016329,101206.025106,930.204048094,94465.9495018,6740.07560417,25919.7181846,20673.3924154,1513.64368892,1200,10800,4.54747350886e-13,4.54747350886e-13,8021.93848211,7664.62813306,8021.93848211,329.775016211,1277.69846308,66490.074847,92770.6075179,8435.41758798,0,24141.8744913,19233.3390238,3217.89708491,18,1139
2025-12-18,PuLP HiGHS,Optimal,3.18467820002,8021.93848211,8110.73278576,1.124955|0.726615|0.384264,5421.465572|8110.732786|10800,5421.46557152,6703.02069888,64347.2520777,3510.80347267,67858.0555503,61994.4934737,CVaR,0.9,0.05,7524.6282498,16789.1724444,839.458622219,99705.9392773,910.506942118,93343.8566431,6362.08263411,25521.6801359,20592.6460368,1315.88412551,1200,10800,4.54747350886e-13,1.81898940355e-12,8110.73278576,8021.93848211,8110.73278576,436.892237037,1388.51104688,65735.7631245,91663.0779877,8042.86128952,0,24493.623078,19759.9198199,1860.78327472,16,1191
2025-12-19,PuLP HiGHS,Optimal,2.8487067,8110.73278576,8782.85405369,1.124955|0.726615|0.384264,6765.708107|8782.854054|10800,6765.70810739,7726.85966572,31496.4906205,3660.75481572,35157.2454362,28474.0670891,CVaR,0.9,0.05,17784.3036883,20873.6263714,1043.68131857,57465.7773797,983.168850275,51743.0967381,5722.68064159,22369.8226069,17514.6471704,3299.8925739,1200,10800,2.27373675443e-13,9.09494701773e-13,8782.85405369,8110.73278576,8782.85405369,48.4979459635,151.826519535,31648.3171401,50203.3572501,7262.42012958,2900.00230645,20202.9076238,15759.4460341,3922.11611934,31,1066
2025-12-20,PuLP HiGHS,Optimal,2.9303138,8782.85405369,8551.48916051,1.124955|0.726615|0.384264,6302.978321|8551.489161|10800,6302.97832101,7374.42268075,30752.5789662,3447.79107372,34200.3700399,27842.5486241,CVaR,0.9,0.05,8078.87365935,20332.0252995,1016.60126498,54964.0810643,911.951549222,49375.7682592,5588.3128051,21461.9397262,17592.3995821,3354.60997604,1200,10800,4.54747350886e-13,9.09494701773e-13,8551.48916051,8782.85405369,8551.48916051,123.509733895,424.253460045,31176.8324262,48755.6086429,6208.47242133,2401.89873352,20153.1357747,16532.2683813,2368.93515233,30,1097
2025-12-21,PuLP HiGHS,Optimal,1.00281040001,8551.48916051,7950,1.124955|0.726615|0.384264,5101.519049|7950.759525|10800,5101.51904906,6458.782348,64213.3670895,2945.44318409,67158.8102736,61292.9519245,CVaR,0.9,0.05,8169.32102991,11858.4799783,592.923998917,99135.3546437,756.521630698,93278.5503319,5856.80431183,24998.3453772,20790,1203.78647359,1200,10800,3.63797880709e-12,9.09494701773e-13,7950,8551.48916051,7950,669.180973783,2018.59455231,66231.9616418,92254.0154176,6881.33922609,0,23298.7093114,19413.2947867,3076.34127906,18,1229
2025-12-22,PuLP HiGHS,Optimal,3.33369610002,7950,8499.51002121,1.124955|0.726615|0.384264,6199.020042|8499.510021|10800,6199.02004242,7295.24311776,65358.5444127,4072.84140845,69431.3858211,63287.2417228,CVaR,0.9,0.05,8124.92277043,23021.980389,1151.09901945,101497.256669,1051.57289597,94987.6664507,6509.5902179,26262.9186285,20778.40507,1324.16248544,1200,10800,0,9.09494701773e-13,8499.51002121,7950,8499.51002121,223.293574862,634.312621728,65992.8570344,93931.5390553,7565.71761323,0,24857.0869882,19639.6814414,2544.55526888,18,1184
2025-12-23,PuLP HiGHS,Optimal,3.14565239998,8499.51002121,8566.14324587,1.124955|0.726615|0.384264,6332.286492|8566.143246|10800,6332.28649175,7396.74517572,64796.9834827,3644.16244601,68441.1459287,61842.1954338,CVaR,0.9,0.05,9090.37634676,15955.893617,797.794680849,100330.854128,956.171105006,94156.0172888,6174.83683922,25725.5346135,20777.7131348,1339.1335265,1200,10800,9.09494701773e-13,9.09494701773e-13,8566.14324587,8499.51002121,8566.14324587,65.2240358838,153.411948557,64950.3954313,91826.4054442,8504.44868379,0,24071.4054978,19437.868551,2993.97369943,19,1200
2025-12-24,PuLP HiGHS,Optimal,0.949782500014,8566.14324587,8582.99473688,1.124955|0.726615|0.384264,6365.989474|8582.994737|10800,6365.98947375,7422.41496771,65004.8534684,3734.4350164,68739.2884848,62333.24739,CVaR,0.9,0.05,8155.72575401,20327.4774588,1016.37387294,100738.160933,952.440480847,94301.1604088,6437.00052423,25685.3905456,20790,1193.76526457,1200,10800,4.54747350886e-13,9.09494701773e-13,8582.99473688,8566.14324587,8582.99473688,112.286659003,362.54407752,65367.3975459,92331.8213903,8406.33954265,0,24075.6967935,19486.1480609,2913.54569114,18,1180
2025-12-25,PuLP HiGHS,Optimal,3.46700259999,8582.99473688,8258.58564677,1.124955|0.726615|0.384264,5717.171294|8258.585647|10800,5717.17129353,6928.24422279,63916.3038116,2893.22096181,66809.5247734,60319.5168283,CVaR,0.9,0.05,6362.33982701,8764.72555363,438.236277682,99047.7880236,752.726282815,92393.8214976,6653.96652604,25267.0944142,20758.3146566,1275.68840945,1200,10800,9.09494701773e-13,1.81898940355e-12,8258.58564677,8582.99473688,8258.58564677,527.660882951,1946.50419803,65862.8080096,91405.9681174,7641.8199062,0,23227.098148,19105.917681,3692.39324181,19,1252
2025-12-26,PuLP HiGHS,Optimal,3.41249689998,8258.58564677,7933.53431161,1.124955|0.726615|0.384264,5067.068623|7933.534312|10800,5067.06862322,6433.0951492,30053.7503277,2649.33829593,32703.0886237,26960.3546257,CVaR,0.9,0.05,6962.44093607,13807.223025,690.361151252,54077.8105322,699.876539296,48959.3095598,5118.50097237,21217.4245097,17478.6600545,3328.1298683,1200,10800,4.54747350886e-13,1.81898940355e-12,7933.53431161,8258.58564677,7933.53431161,199.419179543,732.54976115,30786.3000889,48342.6876227,5735.12290948,2085.74395658,19690.982179,16242.2417666,2762.86061869,29,1107
2025-12-27,PuLP HiGHS,Optimal,3.44872409999,7933.53431161,7694.18488467,1.124955|0.726615|0.384264,4588.369769|7694.184885|10800,4588.36976935,6068.4953639,29296.5412643,3205.52449162,32502.0657559,27505.7981634,CVaR,0.9,0.05,5967.01717007,21444.5554285,1072.22777142,53466.2760716,856.235962003,48502.4956944,4963.78037721,21427.7549529,17571.8959961,3393.27016268,1200,10800,4.54747350886e-13,1.81898940355e-12,7694.18488467,7933.53431161,7694.18488467,180.050471338,676.865378473,29973.4066428,48504.6306608,4961.64541078,1821.84567187,19681.2677781,16157.2413845,3161.14178639,31,1091
2025-12-28,PuLP HiGHS,Optimal,3.07584119999,7694.18488467,8471.11941559,1.124955|0.726615|0.384264,6142.238831|8471.119416|10800,6142.23883119,7251.99585018,65686.2699435,3882.89079951,69569.160743,63473.6984929,CVaR,0.9,0.05,8030.88577773,23130.6720014,1156.53360007,101898.901938,989.217583383,95269.6458614,6629.25607645,26529.9272566,20790,1191.71195569,1200,10800,4.54747350886e-13,9.09494701773e-13,8471.11941559,7694.18488467,8471.11941559,272.361037928,992.231035658,66678.5009792,91811.2267687,10087.6751691,0,24079.4314676,18805.0984109,4435.39737803,19,1166
2025-12-29,PuLP HiGHS,Optimal,4.1198554,8471.11941559,7766.10710787,1.124955|0.726615|0.384264,4732.214216|7766.107108|10800,4732.21421574,6178.05412688,64472.3291934,3948.38859195,68420.7177853,63535.0680922,CVaR,0.9,0.05,8661.95462584,25848.0886747,1292.40443374,99474.5049509,1025.40460564,92495.3855717,6979.11937919,24883.3196581,20790,1385.15952022,1200,10800,9.09494701773e-13,1.81898940355e-12,7766.10710787,8471.11941559,7766.10710787,152.50203865,514.359074095,64986.6882675,91049.1941864,8425.31076452,0,22697.0580806,19019.1281223,3957.13345518,19,1152
2025-12-30,PuLP HiGHS,Optimal,5.1153031,7766.10710787,8060.18525155,1.124955|0.726615|0.384264,5320.370503|8060.185252|10800,5320.3705031,6626.02189276,64357.143601,3517.54048631,67874.6840873,62257.9542341,CVaR,0.9,0.05,7993.88927739,20185.8407915,1009.29203958,99809.6375166,905.291231518,93088.9171676,6720.720349,25930.8029621,20739.28007,1467.79543686,1200,10800,2.27373675443e-13,2.27373675443e-13,8060.18525155,7766.10710787,8060.18525155,167.212429112,450.558108693,64807.7017097,90868.6071341,8941.03038254,0,23930.2454414,19118.8284783,3621.00911239,20,1163
2025-12-31,PuLP HiGHS,Optimal,0.980544799997,8060.18525155,7834.33049198,1.124955|0.726615|0.384264,4868.660984|7834.330492|10800,4868.66098395,6281.97846677,63951.3667561,2980.05873508,66931.4254912,61258.8950124,CVaR,0.9,0.05,6570.26653613,12188.9597595,609.447987977,99125.1322149,779.909905853,93042.6761529,6082.45606204,25216.2357075,20628.4202067,1344.71215987,1200,10800,4.54747350886e-13,9.09494701773e-13,7834.33049198,8060.18525155,7834.33049198,392.178656014,990.645151845,64942.011908,92650.0302229,6475.10199208,0,24205.5538377,19809.7678921,1829.33418444,19,1228
