date,solver,status,runtime_seconds,initial_energy_kwh,final_energy_kwh,terminal_value_rates_yuan_per_kwh,terminal_value_breakpoints_kwh,terminal_uncertainty_reserve_kwh,terminal_value_credit_yuan,planned_purchase_cost_yuan,expected_emergency_cost_yuan,expected_total_cost_yuan,optimization_objective_yuan,risk_method,cvar_alpha,risk_weight,var_cost_yuan,cvar_cost_yuan,lambda_cvar_term_yuan,planned_purchase_energy_kwh,expected_emergency_energy_kwh,expected_planned_grid_used_energy_kwh,expected_unused_planned_grid_energy_kwh,charge_energy_kwh,discharge_energy_kwh,expected_spill_energy_kwh,minimum_energy_kwh,maximum_energy_kwh,maximum_power_balance_residual_kw,maximum_soc_residual_kwh,planned_final_energy_kwh,actual_initial_energy_kwh,actual_final_energy_kwh,realized_emergency_energy_kwh,realized_emergency_cost_yuan,realized_total_cost_yuan,realized_planned_grid_used_energy_kwh,realized_unused_planned_grid_energy_kwh,realized_pv_spill_energy_kwh,actual_charge_energy_kwh,actual_discharge_energy_kwh,battery_clipping_energy_kwh,battery_clipping_intervals,scenario_emergency_interval_count
2025-02-01,PuLP HiGHS,Optimal,3.4068312,6000,7189.18008607,1.124955|0.726615|0.384264,3506.12668|7153.06334|10800,3506.12668024,5244.20762069,26102.8205847,1256.21356253,27359.0341473,22324.526213,CVaR,0.9,0.1,1884.15868891,2096.99686407,209.699686407,49221.847756,347.742168132,45831.3550947,3390.49266131,21609.7676638,16466.1548015,2700.79754547,1200,10800,4.54747350886e-13,1.81898940355e-12,7153.06334012,6000,7189.18008607,149.50264694,762.842908743,26865.6634935,43540.9744239,5680.87333217,4410.18427511,20167.6567626,15265.5399003,2642.72580242,31,961
2025-02-02,PuLP HiGHS,Optimal,0.992832400007,7189.18008607,7055.40240761,1.124955|0.726615|0.384264,3310.804815|7055.402408|10800,3310.80481523,5095.44121051,59501.2976788,1687.78492711,61189.082606,56354.1192312,CVaR,0.9,0.1,2496.34216252,2604.77835778,260.477835778,93767.6943674,437.267984025,88965.3648354,4802.32953205,24684.6914684,20115,1118.64881308,1200,10800,4.54747350886e-13,9.09494701773e-13,7055.40240761,7189.18008607,7055.40240761,60.9457473028,216.032350552,59717.3300294,82419.3121568,11348.3822106,59.1740666667,22027.3989373,17962.5930498,4809.69948131,27,1075
2025-02-03,PuLP HiGHS,Optimal,1.000702,7055.40240761,7055.40235185,1.124955|0.726615|0.384264,3310.804704|7055.402352|10800,3310.80470371,5095.44112557,58283.9645374,1603.97301611,59887.9375536,55114.2735922,CVaR,0.9,0.1,2873.49625487,3217.7716418,321.77716418,92284.9834396,414.029312741,87613.8446868,4671.13875278,24833.3332714,20115,1269.7928749,1200,10800,4.54747350886e-13,1.81898940355e-12,7055.40235185,7055.40240761,7055.40235185,128.471583832,500.507617418,58784.4721549,84382.7440792,7902.2393604,0,22601.5748062,18307.2756432,4039.48282202,25,1069
2025-02-04,PuLP HiGHS,Optimal,0.997596599991,7055.40235185,7079.21568092,1.124955|0.726615|0.384264,3315.626909|7057.813454|10800,3315.62690857,5099.11394585,58523.2277371,1683.25306813,60206.4808052,55407.4099641,CVaR,0.9,0.1,2943.32924292,3000.43104742,300.043104742,92690.712049,432.501885693,87744.6055254,4946.10652365,24669.0850518,19979.7888997,1247.57486736,1200,10800,4.54747350886e-13,9.09494701773e-13,7057.81345429,7055.40235185,7079.21568092,417.3818998,1524.3506648,60047.5784019,85309.6518794,7381.06016966,0,23740.7254368,19208.5556077,1699.59290698,22,1036
2025-02-05,PuLP HiGHS,Optimal,0.981975999995,7079.21568092,6873.5491149,1.124955|0.726615|0.384264,2947.09823|6873.549115|10800,2947.0982298,4818.42499898,57348.3428311,1666.69857754,59015.0414086,54574.0968548,CVaR,0.9,0.1,3302.86198644,3774.80445187,377.480445187,90976.1131518,442.003881539,86341.4307758,4634.68237592,24255.1012644,19831.7319336,1234.45710217,1200,10800,4.54747350886e-13,9.09494701773e-13,6873.5491149,7079.21568092,6873.5491149,268.898248834,1054.68572179,58403.0285529,84703.4042935,6272.70885827,2.0525,23194.3314126,18972.5083536,1919.99343174,22,1100
2025-02-06,PuLP HiGHS,Optimal,3.737069,6873.5491149,7092.43511486,1.124955|0.726615|0.384264,3337.542418|7068.771209|10800,3337.54241809,5115.80583888,58950.2458329,1674.69345463,60624.9392876,55799.3581324,CVaR,0.9,0.1,2853.39634717,2902.24683758,290.224683758,92988.0401511,437.886332478,88283.0109894,4705.02916167,25050.2467713,20115,1167.40427268,1200,10800,9.09494701773e-13,9.09494701773e-13,7068.77120905,6873.5491149,7092.43511486,97.1099639323,335.645373531,59285.8912065,84746.2669149,8241.77323622,1.40081666667,23020.639187,18449.7203415,3694.8872428,26,1107
2025-02-07,PuLP HiGHS,Optimal,5.62564090001,7092.43511486,7058.30191845,1.124955|0.726615|0.384264,3288.933463|7044.466731|10800,3288.93346291,5078.78294969,24773.1542657,1209.59450541,25982.7487712,21096.066277,CVaR,0.9,0.1,1912.07951606,1921.00455487,192.100455487,46493.5864949,332.738331381,43083.0387455,3410.54774946,20233.7157253,16432.4812826,2812.97010027,1200,10800,0,9.09494701773e-13,7044.46673145,7092.43511486,7058.30191845,105.756747145,607.797248961,25380.9515147,40680.2614002,5813.32509476,5389.76938886,19059.415624,15468.8465322,2137.9348516,28,939
2025-02-08,PuLP HiGHS,Optimal,3.36750199999,7058.30191845,7044.46668684,1.124955|0.726615|0.384264,3288.933374|7044.466687|10800,3288.93337368,5078.78288173,22472.4575449,1203.52418403,23675.9817289,18821.425094,CVaR,0.9,0.1,2229.56487963,2242.26246816,224.226246816,42126.5489541,343.167809451,38994.2410894,3132.30786469,19611.68865,15897.919515,3648.37525536,1200,10800,4.54747350886e-13,3.63797880709e-12,7044.46668684,7058.30191845,7044.46668684,150.245731571,676.233916945,23148.6914618,39104.3780176,3022.17093653,4166.77235606,18542.844131,15032.1554546,1934.60857938,24,930
2025-02-09,PuLP HiGHS,Optimal,1.15959510001,7044.46668684,7044.46672119,1.124955|0.726615|0.384264,3288.933442|7044.466721|10800,3288.93344238,5078.78293405,54738.9903437,1680.41066496,56419.4010086,51687.2075739,CVaR,0.9,0.1,3370.58001569,3465.89499365,346.589499365,87242.7681588,439.967138557,82627.1215604,4615.64659838,24550.2494517,19885.702025,1409.1955439,1200,10800,4.54747350886e-13,1.81898940355e-12,7044.46672119,7044.46668684,7044.46672119,915.219317792,3110.05737632,57849.04772,83108.0514272,4134.71673157,0,23515.0249866,19047.1702082,1873.75628198,21,1079
2025-02-10,PuLP HiGHS,Optimal,1.1159917,7044.46672119,6903.82552941,1.124955|0.726615|0.384264,2997.494005|6898.747002|10800,2997.494005,4856.80881517,55553.0391975,1631.81390412,57184.8531016,52671.2064032,CVaR,0.9,0.1,2743.24277579,3431.62116707,343.162116707,88232.3175575,449.831742979,83825.3608705,4406.95668698,24364.5583516,19866.4400116,1416.29937019,1200,10800,9.09494701773e-13,4.54747350886e-13,6898.7470025,7044.46672119,6903.82552941,156.276256631,524.409571575,56077.4487691,78429.963358,9802.35419948,499.663033333,20455.3477397,16695.4087418,7080.24188176,31,1092
2025-02-11,PuLP HiGHS,Optimal,3.812269,6903.82552941,6962.26373559,1.124955|0.726615|0.384264,3124.527471|6962.263736|10800,3124.52747118,4953.56353711,54219.2240758,1626.74850962,55845.9725854,51237.0882332,CVaR,0.9,0.1,3446.79184921,3446.79184921,344.679184921,86615.5812178,435.078694822,82141.6666169,4473.9146009,24509.7196357,19800.2785193,1511.70456279,1200,10800,0,9.09494701773e-13,6962.26373559,6903.82552941,6962.26373559,180.128155689,941.381674507,55160.6057503,79498.8452127,7116.73600511,162.0573,22335.3923657,18039.0734307,3935.53235867,27,1045
2025-02-12,PuLP HiGHS,Optimal,4.09853680001,6962.26373559,7010.44572894,1.124955|0.726615|0.384264,3220.891458|7010.445729|10800,3220.89145788,5026.95892667,53888.9406523,1653.81441292,55542.7550653,50846.9720188,CVaR,0.9,0.1,3115.30165316,3311.75880217,331.175880217,86187.6581719,450.564167199,81884.3867819,4303.27138993,24377.8331164,19702.6810303,1575.98074205,1200,10800,4.54747350886e-13,9.09494701773e-13,7010.44572894,6962.26373559,7010.44572894,256.550589272,1052.91156637,54941.8522187,79441.1244008,6746.53377111,163.384283333,22232.5830492,17965.0284758,3882.90262162,27,1106
2025-02-13,PuLP HiGHS,Optimal,5.4609851,7010.44572894,7112.23946393,1.124955|0.726615|0.384264,3424.478928|7112.239464|10800,3424.47892786,5182.02081421,53851.5801203,1567.43129112,55419.0114114,50524.968788,CVaR,0.9,0.1,2708.26276674,2879.78190871,287.978190871,85961.0168012,426.332658306,81615.5222702,4345.49453101,24352.1951331,19633.6636963,1529.7403031,1200,10800,2.27373675443e-13,2.27373675443e-13,7112.23946393,7010.44572894,7112.23946393,288.270895554,1237.83165281,55089.4117731,75614.218269,10346.7985322,684.727033333,19982.4671215,16094.1840069,7909.20770098,31,1094
2025-02-14,PuLP HiGHS,Optimal,3.7752399,7112.23946393,7112.23946833,1.124955|0.726615|0.384264,3424.478937|7112.239468|10800,3424.47893665,5182.02082091,20636.0675233,1210.29816522,21846.3656885,16907.3688035,CVaR,0.9,0.1,2107.13195329,2430.23935928,243.023935928,38308.0677531,343.070205306,35421.0739217,2886.99383141,18798.5505957,15226.8259786,4176.03556347,1200,10800,0,1.81898940355e-12,7112.23946833,7112.23946393,7112.23946833,907.838992636,3074.08051103,23710.1480343,36038.5704872,2269.49726588,3737.91527731,17929.9599047,14523.2675188,1572.1491508,19,897
2025-02-15,PuLP HiGHS,Optimal,3.523132,7112.23946833,7011.21957793,1.124955|0.726615|0.384264,3222.439156|7011.219578|10800,3222.43915585,5028.13772696,20345.3493471,1253.85306841,21599.2024155,16805.0758588,CVaR,0.9,0.1,2029.89454006,2340.11170207,234.011170207,37653.2113291,354.69980193,34839.8758505,2813.33547861,18387.8221881,14985.0538737,4342.31270578,1200,10800,4.54747350886e-13,1.81898940355e-12,7011.21957793,7112.23946833,7011.21957793,709.240778121,2527.77564031,22873.1249874,35709.26312,1943.94820907,3948.31641026,17268.4962593,14078.3998714,2025.97993116,20,925
2025-02-16,PuLP HiGHS,Optimal,4.5598058,7011.21957793,7041.73258312,1.124955|0.726615|0.384264,3283.465166|7041.732583|10800,3283.46516625,5074.61803521,51807.6159305,1804.23899096,53611.8549215,48875.2298548,CVaR,0.9,0.1,3219.32508892,3379.9296853,337.99296853,83174.7023345,478.985836292,78921.3674318,4253.3349027,23384.6215948,18914.0817871,1663.85991619,1200,10800,4.54747350886e-13,1.81898940355e-12,7041.73258312,7011.21957793,7041.73258312,836.776251044,3174.70678831,54982.3227188,78796.1231858,4378.57914872,30.5391666667,22092.2077132,17867.226543,2339.26912565,18,1112
2025-02-17,PuLP HiGHS,Optimal,1.28823979999,7041.73258312,6992.55534051,1.124955|0.726615|0.384264,3185.110681|6992.555341|10800,3185.11068102,4999.70658742,50979.1741377,1758.76336794,52737.9375056,48032.6862374,CVaR,0.9,0.1,2890.84994909,2944.5531916,294.45531916,82262.9420298,462.08849943,77915.858833,4347.08319686,23102.8392672,18757.5593248,1598.26314396,1200,10800,0,9.09494701773e-13,6992.55534051,7041.73258312,6992.55534051,260.073635323,1067.31493556,52046.4890733,75541.774494,6721.16753583,801.467166667,20319.8806019,16503.3628059,5037.15518431,29,1104
2025-02-18,PuLP HiGHS,Optimal,5.1311863,6992.55534051,6967.98942508,1.124955|0.726615|0.384264,3135.97885|6967.989425|10800,3135.97885015,4962.28545127,50889.9238145,1644.71869233,52534.6425069,47888.9263305,CVaR,0.9,0.1,2964.32865838,3165.69274917,316.569274917,81866.6974399,442.773940413,77618.9961933,4247.70124655,23181.2324518,18798.9076099,1845.86072707,1200,10800,3.41060513165e-13,9.09494701773e-13,6967.98942508,6992.55534051,6967.98942508,262.997725319,1018.52409572,51908.4479102,76112.2025077,5754.49493212,325.035966667,20952.0305629,16993.2540798,4034.85541898,28,1071
2025-02-19,PuLP HiGHS,Optimal,3.6966158,6967.98942508,6999.39992283,1.124955|0.726615|0.384264,3198.799846|6999.399923|10800,3198.79984566,5010.13290545,50658.2645444,1614.21204565,52272.47659,47609.9485514,CVaR,0.9,0.1,3024.55649854,3476.04866841,347.604866841,81586.5283031,430.647933255,77380.4933122,4206.03499084,23214.8362627,18775.7479248,1879.46398228,1200,10800,9.09494701773e-13,9.09494701773e-13,6999.39992283,6967.98942508,6999.39992283,719.608356315,2427.27959139,53085.5441358,76600.0611173,4986.46718581,167.243216667,22341.2075031,18068.1086296,1581.26805481,21,1078
2025-02-20,PuLP HiGHS,Optimal,7.1528994,6999.39992283,7044.46675123,1.124955|0.726615|0.384264,3288.933502|7044.466751|10800,3288.93350246,5078.78297982,50246.211016,1637.9274617,51884.1384777,47112.7742696,CVaR,0.9,0.1,3010.71366786,3074.18771731,307.418771731,81155.6141344,446.42991151,77083.6362176,4071.97791674,23251.3336125,18793.0200806,1838.20069041,1200,10800,3.41060513165e-13,9.09494701773e-13,7044.46675123,6999.39992283,7044.46675123,431.810274821,1849.50183765,52095.7128537,75072.5545829,6083.05955149,391.814483333,21467.6657657,17348.2491247,3228.43880272,22,1104
2025-02-21,PuLP HiGHS,Optimal,3.4264862,7044.46675123,6833.88426606,1.124955|0.726615|0.384264,2867.768532|6833.884266|10800,2867.76853212,4758.00373307,19834.7166354,876.664393725,20711.3810291,16109.0242913,CVaR,0.9,0.1,1432.92527062,1556.46995284,155.646995284,36800.9223536,232.998017065,34125.1420496,2675.78030409,18012.9680171,14780.0283305,5791.59868345,1200,10800,4.54747350886e-13,1.81898940355e-12,6833.88426606,7044.46675123,6833.88426606,205.54581482,732.412430895,20567.1290663,34275.2626437,2525.65970991,5800.68245552,17417.832665,14297.9686953,1077.19498724,19,764
2025-02-22,PuLP HiGHS,Optimal,7.1593665,6833.88426606,7007.71173531,1.124955|0.726615|0.384264,3215.423471|7007.711735|10800,3215.42347061,5022.79424783,19963.3129315,980.483036149,20943.7959676,16087.1647535,CVaR,0.9,0.1,1653.42160869,1661.63033686,166.163033686,37045.6997304,262.440703305,34416.8670011,2628.83272934,18016.0649992,14436.567927,5816.23357342,1200,10800,2.27373675443e-13,1.81898940355e-12,7007.71173531,6833.88426606,7007.71173531,250.818202325,894.580215789,20857.8931472,34735.8106864,2309.88904403,3671.31382917,17442.6708099,13972.1186337,1037.84348257,18,789
2025-02-23,PuLP HiGHS,Optimal,5.04899720001,7007.71173531,6975.53149333,1.124955|0.726615|0.384264,3135.978874|6967.989437|10800,3135.9788744,4962.28546974,49693.6554292,1492.96109822,51186.6165274,46533.4943955,CVaR,0.9,0.1,2691.80609938,3091.6333787,309.16333787,80139.5909898,401.167471097,75941.1945314,4198.3964585,23124.8076354,18766.8442529,1871.87290914,1200,10800,4.54747350886e-13,1.81898940355e-12,6967.9894372,7007.71173531,6975.53149333,576.65586729,1895.25113068,51588.9065599,75514.7292684,4624.86172147,462.153433333,21717.5801935,17620.2021745,2553.86952019,23,1094
2025-02-24,PuLP HiGHS,Optimal,5.11574349999,6975.53149333,6916.90828048,1.124955|0.726615|0.384264,3033.816561|6916.90828|10800,3033.81656096,4884.47379911,48921.6930838,1677.74231969,50599.4354035,46065.8822806,CVaR,0.9,0.1,3294.50479606,3509.20676228,350.920676228,79291.4866232,450.72473363,75183.3382467,4108.14837652,23211.425841,18854.0158228,2005.50112209,1200,10800,3.41060513165e-13,1.81898940355e-12,6916.90828048,6975.53149333,6916.90828048,298.506621039,1270.47397971,50192.1670635,72963.981526,6327.50509719,1162.30248333,20789.0154666,16891.8634195,4384.56277764,32,1112
2025-02-25,PuLP HiGHS,Optimal,4.2406223,6916.90828048,6999.39998421,1.124955|0.726615|0.384264,3198.799968|6999.399984|10800,3198.79996841,5010.13299894,48994.0848997,1621.65982675,50615.7447264,45959.4262569,CVaR,0.9,0.1,3311.29329602,3538.14529425,353.814529425,79298.9749134,435.849923338,75242.3989848,4056.57592863,23319.9036237,18814.8794019,1957.72887782,1200,10800,4.54747350886e-13,1.81898940355e-12,6999.39998421,6916.90828048,6999.39998421,262.71783892,939.500663749,49933.5855634,71501.9303693,7797.04454408,2095.20718137,19862.5013695,16014.3835759,6257.89808017,33,1115
2025-02-26,PuLP HiGHS,Optimal,3.6669122,6999.39998421,7011.21925609,1.124955|0.726615|0.384264,3222.438512|7011.219256|10800,3222.43851219,5028.13723671,48932.7226756,1476.88036006,50409.6030356,45671.9022728,CVaR,0.9,0.1,2552.10199474,2904.36473863,290.436473863,79293.4167141,399.392214547,75309.7963438,3983.62037024,23242.8200243,18816.046875,1982.31713689,1200,10800,4.54747350886e-13,9.09494701773e-13,7011.21925609,6999.39998421,7011.21925609,361.277404157,1364.60896021,50297.3316358,73326.9951045,5966.42160958,908.304604316,20813.0659279,16847.9460569,4397.8549145,29,1065
2025-02-27,PuLP HiGHS,Optimal,3.42432780001,7011.21925609,6999.40009554,1.124955|0.726615|0.384264,3198.800191|6999.400096|10800,3198.80019108,5010.13316854,47882.3577902,1522.91367222,49405.2714624,44699.3934082,CVaR,0.9,0.1,2779.09756127,3042.55114334,304.255114334,77850.646478,411.466484842,73960.4303694,3890.21610859,23160.4104918,18770.5697428,1940.52248944,1200,10800,9.09494701773e-13,9.09494701773e-13,6999.40009554,7011.21925609,6999.40009554,416.889914308,1985.34132682,49867.699117,71788.7351086,6061.91136937,1020.76413715,22310.0733174,18081.7966316,1539.11028566,21,1115
2025-02-28,PuLP HiGHS,Optimal,3.5789754,6999.40009554,6999.20647392,1.124955|0.726615|0.384264,3198.412948|6999.206474|10800,3198.41294784,5009.83822569,19088.9697866,909.575807325,19998.5455939,15143.7146646,CVaR,0.9,0.1,1479.67722895,1550.07296338,155.007296338,35671.5179198,246.200160057,33133.3109707,2538.20694916,18261.9388523,14792.3447298,8472.88301141,1200,10800,4.54747350886e-13,9.09494701773e-13,6999.20647392,6999.40009554,6999.20647392,366.545112082,1315.68958343,20404.6593701,33420.4311689,2251.08675095,7304.90022281,16787.6671978,13598.1846897,2668.43169455,21,772
2025-03-01,PuLP HiGHS,Optimal,5.6179448,6999.20647392,6982.29975284,1.124955|0.726615|0.384264,3135.978833|6967.989416|10800,3135.97883293,4962.28543815,19197.9990003,891.291418125,20089.2904184,15283.7958901,CVaR,0.9,0.1,1359.78736879,1567.90909832,156.790909832,35634.8455266,243.594450387,33094.0208541,2540.82467242,17575.2920392,14264.0819035,8181.13632013,1200,10800,4.54747350886e-13,1.81898940355e-12,6967.98941647,6999.20647392,6982.29975284,672.125410249,2794.21253035,21992.2115307,32173.7343084,3461.11121816,6098.45782213,16336.0632219,13247.4272587,2255.88346207,23,794
2025-03-02,PuLP HiGHS,Optimal,4.96780870001,6982.29975284,6999.20626443,1.124955|0.726615|0.384264,3198.412529|6999.206264|10800,3198.41252885,5009.83790657,47529.1828304,1638.33392505,49167.5167555,44516.568976,CVaR,0.9,0.1,2847.19113184,3588.9012709,358.89012709,77316.5656561,430.322053158,73227.7944852,4088.77117091,23068.9935873,18670.6689453,2214.91919663,1200,10800,7.27595761418e-12,1.81898940355e-12,6999.20626443,6982.29975284,6999.20626443,3540.92873791,13438.2588792,60967.4417096,73028.3424447,4288.22321148,0,22082.8855551,17871.9214392,1784.85553837,25,1087
2025-03-03,PuLP HiGHS,Optimal,4.96402839999,6999.20626443,7000.17357342,1.124955|0.726615|0.384264,3200.347147|7000.173573|10800,3200.34714684,5011.31140352,47471.5568018,1724.63286736,49196.1896692,44621.7070192,CVaR,0.9,0.1,3388.85560236,4368.28753531,436.828753531,77115.3332375,463.668319292,73084.0706431,4031.26259444,23264.2309564,18843.1564966,2178.83299921,1200,10800,4.54747350886e-13,9.09494701773e-13,7000.17357342,6999.20626443,7000.17357342,2459.81509905,9975.30292343,57446.8597252,74055.4578225,3059.87541503,117.967622917,23048.8846694,18668.7260041,389.776779387,15,1099
2025-03-04,PuLP HiGHS,Optimal,7.49054480001,7000.17357342,6969.64161754,1.124955|0.726615|0.384264,3139.283235|6969.641618|10800,3139.28323509,4964.8022278,48805.4934695,1913.93003739,50719.4235069,46615.6306522,CVaR,0.9,0.1,2811.33662165,8610.09373035,861.009373035,78931.482489,522.398535239,74578.0194968,4353.46299217,23147.6922224,18777.1094604,2178.5828442,1200,10800,4.54747350886e-13,4.54747350886e-13,6969.64161754,7000.17357342,6969.64161754,505.14752578,1529.50170883,50334.9951784,73549.3493733,5382.13311569,786.1691,21559.7296108,17490.8597451,2874.212327,29,1094
2025-03-05,PuLP HiGHS,Optimal,5.39293820001,6969.64161754,7055.40230692,1.124955|0.726615|0.384264,3310.804614|7055.402307|10800,3310.80461383,5095.44105711,49186.3355101,1667.42986508,50853.7653752,46141.7794695,CVaR,0.9,0.1,3034.18243377,3834.55151446,383.455151446,79705.7847348,445.502143239,75769.6338361,3936.1508987,23297.6605045,18793.9203882,1876.40127173,1200,10800,9.09494701773e-13,9.09494701773e-13,7055.40230692,6969.64161754,7055.40230692,131.02543976,557.706339244,49744.0418493,70792.3600868,8913.42464796,938.239595313,19881.522601,16026.8486864,6183.20960527,31,1120
2025-03-06,PuLP HiGHS,Optimal,1.1462336,7055.40230692,7044.46662736,1.124955|0.726615|0.384264,3288.933255|7044.466627|10800,3288.93325472,5078.78279112,49216.0983815,1822.81072016,51038.9091016,46584.5936894,CVaR,0.9,0.1,3237.22971941,6244.67378928,624.467378928,79329.2966471,480.91016172,75107.992514,4221.30413313,23154.5159116,18765,1917.20597267,1200,10800,4.54747350886e-13,9.09494701773e-13,7044.46662736,7055.40230692,7044.46662736,221.615651921,620.304069923,49836.4024514,70846.2038369,8483.09281027,1432.09211667,19499.5544758,15804.481237,6615.48019885,31,1093
2025-03-07,PuLP HiGHS,Optimal,3.07905330001,7044.46662736,7141.18579235,1.124955|0.726615|0.384264,3365.839156|7082.919578|10800,3365.83915559,5137.35797826,18889.5172776,1054.95127672,19944.4685543,15078.9150972,CVaR,0.9,0.1,1665.59494975,2718.04521132,271.804521132,35187.0644331,286.61124706,32683.3435035,2503.72092965,17207.6059545,13903.5531677,5437.92213157,1200,10800,4.54747350886e-13,9.09494701773e-13,7082.9195778,7044.46662736,7141.18579235,178.307938514,618.466443807,19507.9837214,31720.226081,3466.83835214,7870.27869974,15889.0659892,12783.0962028,2438.99693029,26,835
2025-03-08,PuLP HiGHS,Optimal,2.79833949999,7141.18579235,7007.02421081,1.124955|0.726615|0.384264,3185.11047|6992.555235|10800,3185.11046951,4999.70642633,17964.897849,963.781184537,18928.6790335,14103.7155034,CVaR,0.9,0.1,1575.19309197,1747.4289623,174.74289623,33077.597334,260.084709887,30507.5269561,2570.07037788,17218.4938942,14080.7475561,7024.72434105,1200,10800,4.54747350886e-13,1.81898940355e-12,6992.55523476,7141.18579235,7007.02421081,328.288650475,1000.95917111,18965.8570201,30885.424076,2192.173258,9086.44292952,16762.5037035,13698.3734233,838.364323528,19,812
2025-03-09,PuLP HiGHS,Optimal,3.9840006,7007.02421081,6919.15171244,1.124955|0.726615|0.384264,3038.303425|6919.151712|10800,3038.30342488,4887.8912078,46641.1598981,1797.8740084,48439.0339065,44141.7152899,CVaR,0.9,0.1,2733.27346956,5905.72591211,590.572591211,75834.1354432,474.57337175,71698.0316735,4136.1037697,23170.2650951,18846.9999756,2181.89947729,1200,10800,1.70530256582e-13,9.09494701773e-13,6919.15171244,7007.02421081,6919.15171244,200.446833315,805.317560663,47446.4774587,68655.3150072,7178.82043598,1656.00393711,20764.8321155,16898.5992621,4353.83369308,31,1121
2025-03-10,PuLP HiGHS,Optimal,4.6985333,6919.15171244,6916.60194938,1.124955|0.726615|0.384264,3033.203899|6916.601949|10800,3033.20389877,4884.00716649,45802.0425676,1592.64854215,47394.6911098,42851.6022245,CVaR,0.9,0.1,3283.57305724,3409.18281255,340.918281255,74703.6060631,426.644080036,70520.305738,4183.30032507,22898.9932626,18550.4793294,2111.67330067,1200,10800,1.45519152284e-11,3.63797880709e-12,6916.60194938,6919.15171244,6916.60194938,1681.68177877,4922.3913275,50724.4338951,70860.8138697,3842.79219338,426.118516667,21455.7919397,17381.4862579,2612.19439445,28,1129
2025-03-11,PuLP HiGHS,Optimal,4.59919199999,6916.60194938,7049.88018076,1.124955|0.726615|0.384264,3283.465275|7041.732637|10800,3283.46527472,5074.61811783,45520.5585535,1657.45869374,47178.0172473,42605.0015582,CVaR,0.9,0.1,2642.43574303,5016.02428764,501.602428764,74642.047004,444.727803328,70652.7384176,3989.30858641,22742.4375808,18308.7568213,2289.01461581,1200,10800,4.54747350886e-13,9.09494701773e-13,7041.73263736,6916.60194938,7049.88018076,412.183523944,1576.38184175,47096.9403953,68815.0002298,5827.04677423,1334.9507863,20175.5987325,16222.2845651,4653.31110458,32,1105
2025-03-12,PuLP HiGHS,Optimal,5.177191,7049.88018076,6992.74876028,1.124955|0.726615|0.384264,3185.497521|6992.74876|10800,3185.49752057,5000.0012228,45140.5045822,1822.76865703,46963.2732392,42637.3178352,CVaR,0.9,0.1,3104.74889674,6740.45818743,674.045818743,73961.3588132,489.667960816,69721.9698082,4239.38900497,22194.6257815,18029.0651614,2254.03379973,1200,10800,9.09494701773e-13,9.09494701773e-13,6992.74876028,7049.88018076,6992.74876028,393.507617306,1394.39240921,46534.8969914,67794.8049925,6166.55382067,2020.69796016,19913.1486566,16181.0686903,4129.47359595,31,1086
2025-03-13,PuLP HiGHS,Optimal,6.7540251,6992.74876028,7083.21237648,1.124955|0.726615|0.384264,3366.424753|7083.212376|10800,3366.42475297,5137.80399704,44566.4496152,1685.9573384,46252.4069535,41624.0192994,CVaR,0.9,0.1,2994.95370348,5094.16342935,509.416342935,73182.2852389,455.459776191,69169.8314704,4012.45376848,22656.6257009,18270.4495631,2086.44136227,1200,10800,4.54747350886e-13,1.81898940355e-12,7083.21237648,6992.74876028,7083.21237648,2552.72046291,9818.67397389,54385.123589,69130.8511129,4051.43412598,59.5862,21036.5794978,16958.2121387,2932.28362753,26,1078
2025-03-14,PuLP HiGHS,Optimal,3.1060229,7083.21237648,6999.39990829,1.124955|0.726615|0.384264,3198.799817|6999.399908|10800,3198.79981659,5010.1328833,17326.4637363,855.906246597,18182.3699828,13320.3546071,CVaR,0.9,0.1,1372.82933943,1481.17507538,148.117507538,32149.3983961,233.185301861,29654.7859074,2494.61248867,17936.7652247,14604.2110534,9584.01522905,1200,10800,9.09494701773e-13,9.09494701773e-13,6999.39990829,7083.21237648,6999.39990829,249.108265371,1065.66971297,18392.1334492,30078.2536432,2071.14475288,11214.7647689,16624.2230403,13541.051884,2375.70135381,20,789
2025-03-15,PuLP HiGHS,Optimal,3.37124159999,6999.39990829,7097.66774419,1.124955|0.726615|0.384264,3372.443829|7086.221914|10800,3372.44382894,5142.3884112,17598.5626839,802.704752702,18401.2674366,13395.7063194,CVaR,0.9,0.1,1352.0969958,1368.27294029,136.827294029,32721.4714055,220.522573834,30154.5163658,2566.95503965,17948.169498,14459.8774879,9441.44531752,1200,10800,7.27595761418e-12,4.09272615798e-12,7086.22191447,6999.39990829,7097.66774419,348.390838847,1531.26632789,19129.8290118,30734.8571612,1986.61424424,6835.13733842,17029.181365,13705.1958534,1673.66976747,20,746
2025-03-16,PuLP HiGHS,Optimal,4.92660119999,7097.66774419,7012.64005706,1.124955|0.726615|0.384264,3216.970856|7008.485428|10800,3216.97085646,5023.9728104,44328.9832161,1698.29838359,46027.2815997,41488.4292022,CVaR,0.9,0.1,2324.40512823,4851.2041289,485.12041289,72820.7022451,444.798550908,68728.1293198,4092.57292533,22232.0565614,18088.2298991,2160.60948234,1200,10800,9.09494701773e-13,9.09494701773e-13,7008.48542823,7097.66774419,7012.64005706,484.930032995,1965.72652126,46294.7097374,67394.9238338,5425.7784113,759.595689583,20240.7166439,16471.5053999,3608.06441669,31,1080
2025-03-17,PuLP HiGHS,Optimal,6.7881565,7012.64005706,7046.79454496,1.124955|0.726615|0.384264,3288.933146|7044.466573|10800,3288.93314576,5078.78270813,44631.3378268,1966.96832551,46598.3061523,42219.4381388,CVaR,0.9,0.1,3989.04477029,6999.14694598,699.914694598,73432.0374937,523.09286742,69281.5216587,4150.51583497,22089.9412861,17864.2085775,2558.64428062,1200,10800,0,9.09494701773e-13,7044.46657288,7012.64005706,7046.79454496,206.491770707,906.240948759,45537.5787756,64234.4779596,9197.55953413,2974.66193333,18828.6174974,15220.4411338,5905.09123235,39,1117
2025-03-18,PuLP HiGHS,Optimal,8.00179079999,7046.79454496,7086.22206112,1.124955|0.726615|0.384264,3372.444122|7086.222061|10800,3372.44412223,5142.38863459,43124.4043816,1648.52431388,44772.9286955,40164.5815705,CVaR,0.9,0.1,2718.51599933,5340.41509669,534.041509669,71168.4267263,442.764280096,67208.4747027,3959.95202364,21966.337181,17757.2483521,2431.19354629,1200,10800,6.25277607469e-13,1.81898940355e-12,7086.22206112,7046.79454496,7086.22206112,865.591134394,3932.48831521,47056.8926968,65975.905283,5192.52144331,1681.25761771,21046.292992,17012.012559,1665.27998204,23,1110
2025-03-19,PuLP HiGHS,Optimal,6.67738789998,7086.22206112,6969.84548795,1.124955|0.726615|0.384264,3139.690976|6969.845488|10800,3139.69097589,4965.11278256,43061.0736539,1843.66971669,44904.7433706,40598.3266928,CVaR,0.9,0.1,2708.10517766,6586.96104822,658.696104822,71022.1344955,501.705906805,66956.8952284,4065.23926717,21823.7235567,17781.9549967,2518.99764619,1200,10800,4.54747350886e-13,9.09494701773e-13,6969.84548795,7086.22206112,6969.84548795,279.674420819,1314.48970277,44375.5633567,65214.1402574,5807.99423809,2143.91963172,20995.5974337,17111.1728371,1498.90828257,24,1112
2025-03-20,PuLP HiGHS,Optimal,3.56520740001,6969.84548795,6992.74856714,1.124955|0.726615|0.384264,3185.497134|6992.748567|10800,3185.49713427,5000.00092857,43068.7074978,1954.04544651,45022.7529443,40839.279955,CVaR,0.9,0.1,3402.50060414,8165.27939264,816.527939264,70850.091318,540.602308699,66654.3239432,4195.76737472,22059.6949682,17847.740153,2476.18302346,1200,10800,9.09494701773e-13,9.09494701773e-13,6992.74856714,6969.84548795,6992.74856714,688.321786814,2549.45387865,45618.1613765,66726.6570754,4123.43424258,1223.40229935,20852.6419732,16870.027227,2184.76592097,33,1085
2025-03-21,PuLP HiGHS,Optimal,3.43445110001,6992.74856714,7135.71955549,1.124955|0.726615|0.384264,3283.465073|7041.732537|10800,3283.46507308,5074.61796425,17040.2663957,854.961595028,17895.2279907,12972.2947706,CVaR,0.9,0.1,1324.72252272,1516.84744136,151.684744136,31801.6966331,226.793032373,29294.6284864,2507.06814663,18350.4487237,14819.7778938,12156.3711143,1200,10800,4.54747350886e-13,9.09494701773e-13,7041.73253654,6992.74856714,7135.71955549,338.895245707,943.748401441,17984.0147972,29644.4738696,2157.22276348,14629.9183089,16796.381054,13476.3947642,2897.45079938,24,765
2025-03-22,PuLP HiGHS,Optimal,3.14473610002,7135.71955549,7122.80025959,1.124955|0.726615|0.384264,3310.806324|7055.403162|10800,3310.80632383,5095.44235953,17341.7672164,883.234519775,18225.0017362,13288.9224352,CVaR,0.9,0.1,1382.48299044,1593.63058483,159.363058483,32272.6604119,240.429964521,29760.6705707,2511.98984115,18660.4619686,15187.2589488,12593.8643425,1200,10800,3.63797880709e-12,9.09494701773e-13,7055.40316191,7135.71955549,7122.80025959,161.026927548,516.101180693,17857.8683971,29600.5242981,2672.13611373,10718.1847011,16704.1797768,13542.0129855,3601.52815514,28,780
2025-03-23,PuLP HiGHS,Optimal,4.6924728,7122.80025959,6986.45927392,1.124955|0.726615|0.384264,3172.918548|6986.459274|10800,3172.91854784,4990.42047967,41136.0893488,1576.44534966,42712.5346985,38091.2915894,CVaR,0.9,0.1,2735.38060484,3691.77370575,369.177370575,68213.2534082,425.578958285,64222.5287446,3990.72466358,21644.1091551,17654.4353027,2560.63840201,1200,10800,9.09494701773e-13,1.81898940355e-12,6986.45927392,7122.80025959,6986.45927392,786.338132202,3006.77781592,44142.8671647,64077.1823424,4136.07106583,2319.82064284,20508.8768534,16734.8971384,2054.77046607,25,1080
2025-03-24,PuLP HiGHS,Optimal,3.0370943,6986.45927392,7044.46652785,1.124955|0.726615|0.384264,3288.933056|7044.466528|10800,3288.93305569,5078.78263954,41792.732908,1927.05805524,43719.7909632,39363.2968731,CVaR,0.9,0.1,7156.2429537,7222.88549379,722.288549379,69091.6439593,536.499032847,64629.4893626,4462.15459671,21954.0857584,17730.6029358,3509.33291636,1200,10800,9.09494701773e-13,9.09494701773e-13,7044.46652785,6986.45927392,7044.46652785,498.214171276,1409.15526581,43201.8881738,64404.5454726,4687.09848671,2900.92171347,20795.4437816,16792.1029346,2097.141978,20,1095
2025-03-25,PuLP HiGHS,Optimal,4.6655957,7044.46652785,6999.20667292,1.124955|0.726615|0.384264,3198.413346|6999.206673|10800,3198.41334583,5009.83852882,41123.3042521,1765.07587088,42888.3801229,38488.0941755,CVaR,0.9,0.1,3274.73745952,6095.52581395,609.552581395,68117.2460178,477.509605844,63907.4290363,4209.81698151,21682.678897,17603.703776,2782.44442214,1200,10800,4.54747350886e-13,9.09494701773e-13,6999.20667292,7044.46652785,6999.20667292,1254.97790596,4517.53820617,45640.8424582,65535.2570321,2581.98898562,1986.52322852,20496.4255914,16642.8385984,2147.11848329,27,1072
2025-03-26,PuLP HiGHS,Optimal,2.89855820002,6999.20667292,7086.2219877,1.124955|0.726615|0.384264,3372.443975|7086.221988|10800,3372.44397539,5142.38852275,40953.1528669,1770.55958324,42723.7124501,38210.8644418,CVaR,0.9,0.1,2592.98858751,6295.40514391,629.540514391,68102.9298837,481.709691174,63906.194566,4196.73531764,21845.5177358,17616.5555827,2575.03168946,1200,10800,9.09494701773e-13,9.09494701773e-13,7086.2219877,6999.20667292,7086.2219877,330.10112408,1051.70392463,42004.8567915,62755.7075705,5347.22231314,3571.28131784,20229.7827727,16307.8102626,2924.48028321,32,1091
2025-03-27,PuLP HiGHS,Optimal,3.59537249999,7086.2219877,7114.74893512,1.124955|0.726615|0.384264,3424.648821|7112.324411|10800,3424.64882104,5182.15021293,40765.5145212,1662.61780209,42428.1323232,37661.0534767,CVaR,0.9,0.1,2322.87542823,4150.71366346,415.071366346,67534.4864863,456.224536575,63475.8200132,4058.66647305,21659.8936144,17521.0216471,2493.20540232,1200,10800,9.09494701773e-13,9.09494701773e-13,7112.32441052,7086.2219877,7114.74893512,573.152267497,1907.1252291,42672.6397503,63304.9270057,4229.55948055,1236.06926724,20522.8755437,16597.8549377,2060.18478019,30,1070
2025-03-28,PuLP HiGHS,Optimal,3.20162660003,7114.74893512,7227.0536682,1.124955|0.726615|0.384264,3560.562882|7180.281441|10800,3560.56288211,5285.66881776,16601.163626,815.021200631,17416.1848266,12283.3518929,CVaR,0.9,0.1,1376.96405475,1528.35884028,152.835884028,31342.6420414,226.916499478,28984.4151679,2358.22687357,19477.1889601,15717.5438023,13761.8856111,1200,10800,1.13686837722e-13,1.81898940355e-12,7180.28144106,7114.74893512,7227.0536682,264.257897424,929.874467121,17531.0380931,28985.2644567,2357.37758473,15107.9223362,16940.2367972,13620.517546,4633.97841932,26,741
2025-03-29,PuLP HiGHS,Optimal,3.1153293,7227.0536682,7043.03744404,1.124955|0.726615|0.384264,3198.799783|6999.399892|10800,3198.79978312,5010.13285781,16230.8652954,825.501856973,17056.3671523,12200.7178864,CVaR,0.9,0.1,1375.89465845,1544.83591905,154.483591905,30748.5194051,227.856021325,28315.9987477,2432.5206574,19500.6164431,16000.3877179,14431.3987805,1200,10800,4.54747350886e-13,1.81898940355e-12,6999.39989156,7227.0536682,7043.03744404,252.444207031,1101.67083277,17332.5361281,28951.2712093,1797.24819581,18503.5494881,16624.0597192,13631.1029743,5245.84146752,33,740
2025-03-30,PuLP HiGHS,Optimal,3.66031610002,7043.03744404,7012.48069411,1.124955|0.726615|0.384264,3222.439224|7011.219612|10800,3222.43922386,5028.13777876,40199.2097303,2012.67252565,42211.8822559,37948.1214484,CVaR,0.9,0.1,5433.41481464,7643.76971196,764.376971196,66628.6819556,544.878789223,62490.2171463,4138.46480933,21671.2098154,17582.3159993,3349.65971006,1200,10800,4.54747350886e-13,9.09494701773e-13,7011.21961193,7043.03744404,7012.48069411,364.04233701,1231.32231252,41430.5320428,61749.8364469,4878.84550872,2961.21745022,20181.8037295,16374.7620958,2696.95998935,33,1097
2025-03-31,PuLP HiGHS,Optimal,3.37234310003,7012.48069411,6993.01343874,1.124955|0.726615|0.384264,3185.110355|6992.555178|10800,3185.11035549,4999.70633948,38758.3236602,1616.54715929,40374.8708194,35792.9959153,CVaR,0.9,0.1,2692.07843344,4178.314353,417.8314353,64433.7967517,440.596437822,60650.121097,3783.67565477,21467.8764919,17406.9129232,2847.58180824,1200,10800,5.68434188608e-13,9.09494701773e-13,6992.55517774,7012.48069411,6993.01343874,941.213095522,3511.7097323,42270.0333925,61434.7022601,2999.09449167,1804.20902645,19146.5125034,15526.1956576,4202.08125418,31,1095
2025-04-01,PuLP HiGHS,Optimal,3.43435120001,6993.01343874,7041.73254319,1.124955|0.726615|0.384264,3283.465086|7041.732543|10800,3283.46508638,5074.61797438,39634.7638361,1979.1034463,41613.8672824,37298.4060987,CVaR,0.9,0.1,2577.56739817,7591.56790766,759.156790766,65913.4620168,526.102886585,62123.3755642,3790.08645254,21550.8203647,17412.3173014,3007.13435793,1200,10800,2.27373675443e-13,2.27373675443e-13,7041.73254319,6993.01343874,7041.73254319,2296.48945411,6279.28921989,45914.053056,63207.1894585,2706.27255822,1539.58062227,19533.6819984,15778.4352247,3651.02044302,32,1094
2025-04-02,PuLP HiGHS,Optimal,3.80085460001,7041.73254319,7011.2196354,1.124955|0.726615|0.384264,3222.439271|7011.219635|10800,3222.43927081,5028.13781451,38860.0818913,1678.18983219,40538.2717235,36069.1325808,CVaR,0.9,0.1,3002.67742994,5589.98671842,558.998671842,64856.4241633,451.567031738,60924.1564834,3932.2676798,21351.0588118,17321.8192546,3173.20493819,1200,10800,4.54747350886e-13,1.81898940355e-12,7011.2196354,7041.73254319,7011.2196354,3365.37934417,13064.6340095,51924.7159008,61721.4465883,3134.97757495,654.242727805,21182.6811667,17185.433362,304.763537591,11,1047
2025-04-03,PuLP HiGHS,Optimal,9.27035790001,7011.2196354,7053.95056592,1.124955|0.726615|0.384264,3307.901132|7053.950566|10800,3307.90113184,5093.22962731,39430.4013464,1839.82093919,41270.2222856,36793.2519269,CVaR,0.9,0.1,3536.65950153,6162.5926863,616.25926863,66012.0187405,503.489777434,62036.5341295,3975.48461097,21579.4101951,17440.8644206,2707.66063868,1200,10800,4.54747350886e-13,9.09494701773e-13,7053.95056592,7011.2196354,7053.95056592,492.060277968,1791.46690661,41221.868253,61971.4542361,4040.56450437,2564.33560906,21037.8463205,17002.1976822,980.230612994,21,1082
2025-04-04,PuLP HiGHS,Optimal,0.961864799989,7053.95056592,7318.82963778,1.124955|0.726615|0.384264,3506.316513|7153.158256|10800,3506.31651286,5244.35220623,15931.6306809,833.127179889,16764.7578608,11677.774449,CVaR,0.9,0.1,1344.00942146,1573.68794395,157.368794395,30396.8877127,226.486418697,28114.9075384,2281.98017434,17322.808558,13942.1880105,15728.1325253,1200,10800,5.91171556152e-12,9.09494701773e-13,7153.15825643,7053.95056592,7318.82963778,313.104491654,1169.55213894,17101.1828198,28141.6689635,2255.21874923,18589.8318969,16819.7270713,13385.5877631,1059.68173419,16,751
2025-04-05,PuLP HiGHS,Optimal,2.69737870002,7318.82963778,6992.36310203,1.124955|0.726615|0.384264,3184.726204|6992.363102|10800,3184.72620406,4999.41375151,15705.8162189,835.788679637,16541.6048986,11708.4268992,CVaR,0.9,0.1,1480.10870852,1662.35752147,166.235752147,30002.6421689,229.851318866,27712.7441809,2289.897988,19301.339943,15927.905236,16270.0357387,1200,10800,1.81898940355e-12,1.81898940355e-12,6992.36310203,7318.82963778,6992.36310203,262.866237378,914.493068661,16620.3092876,28207.0852277,1795.55694114,13598.2305805,16428.5567551,13600.9508538,5199.73757007,19,721
2025-04-06,PuLP HiGHS,Optimal,6.67764309997,6992.36310203,7597.54945185,1.124955|0.726615|0.384264,4395.098904|7597.549452|10800,4395.0989037,5921.29109226,39926.1958025,1935.31530374,41861.5111063,36650.5162789,CVaR,0.9,0.1,4575.71489795,7102.96264908,710.296264908,67447.0914883,521.683918118,62651.0949971,4795.99649126,22144.6314059,17392.483724,3265.43795202,1200,10800,9.09494701773e-13,1.81898940355e-12,7597.54945185,6992.36310203,7597.54945185,354.636961263,1483.64481446,41409.840617,62652.3717505,4794.71973786,4119.45266,20699.0108959,16221.5311108,2616.57312314,31,1073
2025-04-07,PuLP HiGHS,Optimal,3.98518729999,7597.54945185,7010.44579921,1.124955|0.726615|0.384264,3220.891598|7010.445799|10800,3220.89159842,5026.95903371,38182.5211017,1677.75826158,39860.2793633,35415.1992939,CVaR,0.9,0.1,3046.89841922,5818.78964315,581.878964315,63985.918115,472.205299186,60244.1295442,3741.78857079,20862.4747103,17426.9978027,3050.99867511,1200,10800,9.09494701773e-13,9.09494701773e-13,7010.44579921,7597.54945185,7010.44579921,329.418906261,790.895458353,38973.41656,59940.4938921,4045.42422291,3931.22831888,19075.5709657,15979.6057696,3234.29577772,39,1049
2025-04-08,PuLP HiGHS,Optimal,4.18584720002,7010.44579921,7041.73286278,1.124955|0.726615|0.384264,3283.465726|7041.732863|10800,3283.46572557,5074.61846121,38825.2056641,1694.48810952,40519.6937736,36083.5361665,CVaR,0.9,0.1,2724.25770104,6384.60854058,638.460854058,65164.3509749,462.308447897,61513.31331,3651.03766487,21731.2748052,17574.174235,3109.54025362,1200,10800,1.13686837722e-13,9.09494701773e-13,7041.73286278,7010.44579921,7041.73286278,749.074553124,3382.47078402,42207.6764481,60372.8677734,4791.48320154,2770.80877964,20893.5872261,16895.647296,1516.21451815,20,1060
2025-04-09,PuLP HiGHS,Optimal,3.79254379999,7041.73286278,6954.03953959,1.124955|0.726615|0.384264,3108.079079|6954.03954|10800,3108.07907918,4941.03566046,38184.0677821,1690.52168853,39874.5894706,35496.6573954,CVaR,0.9,0.1,2555.81059373,5631.03585251,563.103585251,63805.5728925,460.37717451,60100.2518678,3705.32102477,21375.6188915,17393.175293,3293.92548335,1200,10800,4.54747350886e-13,9.09494701773e-13,6954.03953959,7041.73286278,6954.03953959,2279.73029076,7491.48673025,45675.5545123,61436.439968,2369.13292454,749.421379948,20586.1150159,16753.6771537,1429.00201485,24,1087
2025-04-10,PuLP HiGHS,Optimal,5.88312810002,6954.03953959,7105.51518763,1.124955|0.726615|0.384264,3396.515539|7098.257769|10800,3396.51553875,5160.7225688,38564.1162056,1625.54464546,40189.660851,35609.2237393,CVaR,0.9,0.1,4179.59535255,5802.85457117,580.285457117,64744.5498048,457.716166935,60844.9115678,3899.63823703,21717.2497154,17461.1758626,3416.83119135,1200,10800,1.5916157281e-12,9.09494701773e-13,7098.25776938,6954.03953959,7105.51518763,641.446267677,2843.28438892,41407.4005945,59882.8270166,4861.72278822,1988.54942686,20730.3046008,16655.2186434,1792.90233378,28,1017
2025-04-11,PuLP HiGHS,Optimal,2.79180020001,7105.51518763,7120.8968556,1.124955|0.726615|0.384264,3219.036446|7009.518223|10800,3219.03644581,5025.54606136,15308.9483445,785.850669413,16094.7990139,11218.379426,CVaR,0.9,0.1,1286.53527293,1491.26473475,149.126473475,29519.1638987,218.596460636,27325.2921217,2193.87177705,18494.8274987,15067.2075422,17239.2482556,1200,10800,4.54747350886e-13,9.09494701773e-13,7009.51822291,7105.51518763,7120.8968556,353.668142559,1368.65076727,16677.5991118,27685.8959766,1833.26792212,19564.2220719,16551.8335758,13393.1416952,3617.05976984,19,740
2025-04-12,PuLP HiGHS,Optimal,0.978400099993,7120.8968556,7273.60687718,1.124955|0.726615|0.384264,3467.920713|7133.960357|10800,3467.92071327,5215.10814146,15724.2357644,738.517766678,16462.7535311,11386.8432352,CVaR,0.9,0.1,1227.54101341,1391.97845558,139.197845558,30289.3756416,202.889834478,28117.6831405,2171.69250116,18481.3111764,14958.104902,16781.3686301,1200,10800,3.63797880709e-12,1.81898940355e-12,7133.96035664,7120.8968556,7273.60687718,115.03209684,398.625202512,16122.860967,27925.7347894,2363.64085221,15806.8876415,16164.6298701,12955.9111754,4318.87503286,22,730
2025-04-13,PuLP HiGHS,Optimal,3.8337431,7273.60687718,7029.032355,1.124955|0.726615|0.384264,3214.471704|7007.235852|10800,3214.47170435,5022.06933744,37941.917961,1764.2017371,39706.1196981,35408.2716705,CVaR,0.9,0.1,5436.14917555,7242.21309763,724.221309763,63757.1958055,473.68528979,59391.6441529,4365.55165268,21221.5913307,17429.2229004,4027.88333018,1200,10800,9.09494701773e-13,1.81898940355e-12,7007.23585217,7273.60687718,7029.032355,466.640554722,2111.58497887,40053.5029399,60067.4432939,3689.75251161,2700.35675459,19881.5035826,16324.1349719,2445.17567663,34,997
2025-04-14,PuLP HiGHS,Optimal,6.9406606,7029.032355,7126.06848736,1.124955|0.726615|0.384264,3405.63398|7102.81699|10800,3405.63397993,5167.66760673,37394.6621717,1579.5990357,38974.2612074,34314.2394063,CVaR,0.9,0.1,2699.38808627,5076.45805634,507.645805634,63196.051181,435.906731323,59330.2517906,3865.7993904,21159.0697398,17072.4403178,3568.40935049,1200,10800,3.12638803734e-13,1.81898940355e-12,7102.81698997,7029.032355,7126.06848736,406.109171536,1677.11024736,39071.772419,59266.7078225,3929.34335846,3259.65103775,19988.4296692,16103.295513,2139.78487542,34,1027
2025-04-15,PuLP HiGHS,Optimal,6.2215243,7126.06848736,7088.53966094,1.124955|0.726615|0.384264,3377.079322|7088.539661|10800,3377.07932188,5145.91902281,37413.3321441,1462.69603489,38876.028179,34106.8587457,CVaR,0.9,0.1,2336.12672189,3767.49589474,376.749589474,62691.0057693,405.701507209,58907.5586445,3783.44712472,20995.0597193,17039.7743164,3462.35176961,1200,10800,9.09494701773e-13,9.09494701773e-13,7088.53966094,7126.06848736,7088.53966094,264.539263328,1131.7203728,38545.0525169,57775.9032788,4915.10249044,4367.84748465,18773.3798313,15240.2136071,4021.24059739,36,1010
2025-04-16,PuLP HiGHS,Optimal,3.18118479999,7088.53966094,7077.67958956,1.124955|0.726615|0.384264,3308.031418|7054.015709|10800,3308.03141841,5093.32885975,37123.5754568,1619.43035393,38743.0058107,34101.0663744,CVaR,0.9,0.1,3012.4809079,4513.89423484,451.389423484,62355.5596188,465.132760895,58730.441801,3625.11781786,20405.7310593,16559.7137146,3639.29063923,1200,10800,4.54747350886e-13,1.81898940355e-12,7054.0157092,7088.53966094,7077.67958956,1225.52751796,4477.29789158,41600.8733483,60029.7211009,2325.83851792,1772.79513328,19540.1873676,15837.325832,1587.93157438,24,1027
2025-04-17,PuLP HiGHS,Optimal,6.676859,7077.67958956,6998.73211743,1.124955|0.726615|0.384264,3197.464235|6998.732117|10800,3197.46423486,5009.11564082,36838.3889858,1489.22921614,38327.618202,33800.3952924,CVaR,0.9,0.1,2939.76531957,4818.92731289,481.892731289,61854.5864935,410.626337494,58214.4457074,3640.14078604,20524.3142955,16695.7473043,4168.82879916,1200,10800,3.12638803734e-13,1.81898940355e-12,6998.73211743,7077.67958956,6998.73211743,318.130010526,1218.08682133,38056.4758072,58819.9545372,3034.63195628,2647.62630816,19437.7295498,15815.6136603,1966.71838967,32,995
2025-04-18,PuLP HiGHS,Optimal,0.916784499976,6998.73211743,7480.91651195,1.124955|0.726615|0.384264,3496.324925|7148.162462|10800,3496.3249248,5236.74213816,15251.0483434,726.805967672,15977.8543111,10893.2511276,CVaR,0.9,0.1,1437.95227778,1521.38954728,152.138954728,29702.7115914,204.670319309,27515.287251,2187.42434035,18177.251084,14589.0860676,17954.2243907,1200,10800,1.36424205266e-12,1.81898940355e-12,7148.1624624,6998.73211743,7480.91651195,257.412776157,833.991270777,16085.0396142,27196.4528902,2506.25870117,17522.8408935,16541.7980758,12964.8904863,3259.64858943,23,729
2025-04-19,PuLP HiGHS,Optimal,2.46144499999,7480.91651195,7875.85405243,1.124955|0.726615|0.384264,4036.946522|7418.473261|10800,4036.94652161,5648.50522581,14734.0239924,801.870291788,15535.8942842,10046.5480052,CVaR,0.9,0.1,1376.36304251,1591.5894685,159.15894685,28744.9484807,223.599347445,26863.2027769,1881.74570389,21591.6838179,17545.4628185,16789.8070026,1200,10800,9.09494701773e-13,4.54747350886e-13,7418.4732608,7480.91651195,7875.85405243,355.568531785,1299.25000052,16033.2739929,26814.1998176,1930.7486631,16773.6086266,17137.0351916,13525.5547188,8474.556726,34,709
2025-04-20,PuLP HiGHS,Optimal,3.8570241,7875.85405243,7046.71680592,1.124955|0.726615|0.384264,3285.438866|7042.719433|10800,3285.43886575,5076.1212985,36335.8599004,1576.62220628,37912.4821067,33398.6949759,CVaR,0.9,0.1,2322.13427551,5623.34167732,562.334167732,60977.5955313,433.138924773,57283.1753445,3694.42018683,19776.9494443,16769.1502075,3959.62889785,1200,10800,4.54747350886e-13,4.54747350886e-13,7042.71943288,7875.85405243,7046.71680592,698.960484673,2604.42149303,38940.2813935,57373.058091,3604.5374403,3291.09374262,18786.3340611,15963.1541113,1796.61147946,28,1013
2025-04-21,PuLP HiGHS,Optimal,6.56992549999,7046.71680592,7053.56229237,1.124955|0.726615|0.384264,3307.124585|7053.562292|10800,3307.12458475,5092.63817216,36719.3726283,1662.72753554,38382.1001639,33818.8065667,CVaR,0.9,0.1,2588.50521317,5293.44574996,529.344574996,62021.082712,447.908501005,58584.4683458,3436.61436615,20792.1023752,16835.4419861,3802.62847113,1200,10800,2.84217094304e-13,1.81898940355e-12,7053.56229237,7046.71680592,7053.56229237,326.496793855,1001.14429984,37720.5169282,57360.4688431,4660.61386886,5640.05759491,18546.5090574,15016.5113987,4064.52390515,36,1015
2025-04-22,PuLP HiGHS,Optimal,2.77403230002,7053.56229237,7155.13937485,1.124955|0.726615|0.384264,3441.664373|7120.832187|10800,3441.66437346,5195.11006589,35895.1738762,1546.09258681,37441.266463,32665.01822,CVaR,0.9,0.1,2883.66196764,4188.6182285,418.86182285,60201.1954723,434.649571753,56862.7115012,3338.48397102,20271.8692949,16359.671224,3938.26255425,1200,10800,9.09494701773e-13,4.54747350886e-13,7120.83218673,7053.56229237,7155.13937485,1040.68423603,2991.22013964,38886.3940159,57707.4926437,2493.7028285,2890.29260066,19018.6083591,15313.6533966,2299.27876312,29,1036
2025-04-23,PuLP HiGHS,Optimal,4.18067930001,7155.13937485,7178.85471943,1.124955|0.726615|0.384264,3424.085786|7112.042893|10800,3424.08578623,5181.72137887,36426.210528,1652.4866279,38078.6971559,33439.7804525,CVaR,0.9,0.1,3149.14129441,5428.04675442,542.804675442,61551.8307107,447.265027792,58042.9029358,3508.92777483,20155.0611597,16364.3863729,4276.3273824,1200,10800,9.09494701773e-13,9.09494701773e-13,7112.04289312,7155.13937485,7178.85471943,401.61519873,1364.2878883,37790.4984163,58336.4128241,3215.41788656,3780.8146206,18610.2782918,15052.9816062,2856.18763447,33,1043
2025-04-24,PuLP HiGHS,Optimal,6.537931,7178.85471943,7054.00846072,1.124955|0.726615|0.384264,3308.016921|7054.008461|10800,3308.01692145,5093.31781818,35878.7220354,1687.35208149,37566.0741169,33036.1133111,CVaR,0.9,0.1,3460.36545005,5633.57012366,563.357012366,60358.7064702,467.872158171,56786.4568394,3572.24963077,20245.7724495,16511.4373169,4085.79112468,1200,10800,9.09494701773e-13,0,7054.00846072,7178.85471943,7054.00846072,158.215971316,673.369325565,36552.091361,56600.027372,3758.67909814,6304.42550755,18295.1198349,14931.4086991,3530.68123238,36,1018
2025-04-25,PuLP HiGHS,Optimal,5.91913600001,7054.00846072,7660.30633907,1.124955|0.726615|0.384264,4055.684266|7427.842133|10800,4055.68426613,5662.77678209,14338.8723193,740.312662313,15079.1849816,9551.08083506,CVaR,0.9,0.1,1094.27681866,1346.72635536,134.672635536,28527.9029095,201.683145622,26534.5867047,1993.31620488,22780.7269767,18115.938546,19240.1398057,1200,10800,9.09494701773e-13,9.09494701773e-13,7427.84213307,7054.00846072,7660.30633907,121.57958284,325.051851186,14663.9241705,26569.3417496,1958.56115993,20916.2430593,16992.9080663,13218.5874432,10685.1700133,44,709
2025-04-26,PuLP HiGHS,Optimal,7.32473930001,7660.30633907,7472.71987224,1.124955|0.726615|0.384264,3713.556947|7256.778473|10800,3713.5569468,5402.19636464,13924.8003951,705.819693029,14630.6200881,9376.04364514,CVaR,0.9,0.1,1251.7293144,1476.19921692,147.619921692,27656.0965924,199.947527281,25726.3860765,1929.71051585,22880.4537794,18896.3426404,18957.1127727,1200,10800,1.13686837722e-13,9.09494701773e-13,7256.7784734,7660.30633907,7472.71987224,456.582854605,1663.67074577,15588.4711408,26122.1712681,1533.92532426,23518.2501505,16627.0429421,13636.7326033,11513.0208743,41,694
2025-04-27,PuLP HiGHS,Optimal,6.22432919999,7472.71987224,7086.22206749,1.124955|0.726615|0.384264,3372.444135|7086.222067|10800,3372.44413498,5142.3886443,33604.6349512,1529.46115313,35134.0961043,30372.0804852,CVaR,0.9,0.1,2751.02784155,3803.7302521,380.37302521,56900.3925685,427.860637753,53985.3799806,2915.01258793,19598.4876631,16222.6230314,3982.40223111,1200,10800,4.54747350886e-13,9.09494701773e-13,7086.22206749,7472.71987224,7086.22206749,1223.30458004,5377.38669878,38982.02165,54037.7481129,2862.64445559,3448.23125546,18879.9909393,15640.6406851,1300.47907021,25,1020
2025-04-28,PuLP HiGHS,Optimal,8.6965283,7086.22206749,7122.84242774,1.124955|0.726615|0.384264,3310.806093|7055.403047|10800,3310.80609347,5095.44218408,34373.5271691,1488.04742719,35861.5745963,31156.27111,CVaR,0.9,0.1,2885.81958463,3901.38697783,390.138697783,57878.7112966,429.988878222,54646.5317141,3232.17958257,20019.8394937,16243.8071086,4134.6747188,1200,10800,9.09494701773e-13,1.81898940355e-12,7055.40304674,7086.22206749,7122.84242774,5219.37563236,18682.283357,53055.810526,55678.4848574,2200.22643927,604.635991786,19148.9413528,15477.6841715,1637.02107789,26,1016
2025-04-29,PuLP HiGHS,Optimal,4.47605530001,7122.84242774,7332.39658085,1.124955|0.726615|0.384264,3864.793162|7332.396581|10800,3864.79316171,5517.38504963,35512.6803233,1701.05222819,37213.7325515,32338.3402479,CVaR,0.9,0.1,4552.85668368,6419.92746026,641.992746026,60196.3204311,470.344437387,56894.619079,3301.70135219,19889.5088283,15921.9034131,4653.57657574,1200,10800,9.09494701773e-13,1.81898940355e-12,7332.39658085,7122.84242774,7332.39658085,805.789716101,3412.71903537,38925.3993587,56692.0408412,3504.27958997,6565.87348633,17421.8137709,13923.0704167,4466.52805373,37,1011
2025-04-30,PuLP HiGHS,Optimal,14.4148343,7332.39658085,7081.23153017,1.124955|0.726615|0.384264,3296.432646|7048.216323|10800,3296.43264644,5084.49468408,34532.5079172,1588.87397847,36121.3818957,31554.5754803,CVaR,0.9,0.1,2522.49842483,5176.88268689,517.688268689,58135.5161406,440.301769909,55043.5422072,3091.97393341,19372.1195496,15947.179067,4037.80928,1200,10800,2.27373675443e-13,9.09494701773e-13,7048.21632322,7332.39658085,7081.23153017,1197.78769635,3883.56719378,38416.075111,54574.5265431,3560.98959749,4339.19235914,17906.9262769,14730.6588299,2681.71350979,30,989
2025-05-01,PuLP HiGHS,Optimal,5.90477720002,7081.23153017,7419.29633729,1.124955|0.726615|0.384264,4038.592675|7419.296337|10800,4038.59267459,5649.75901412,35241.1228597,1693.73771832,36934.860578,31997.6258764,CVaR,0.9,0.1,2042.20423694,7125.24312502,712.524312502,59258.4957322,479.121658536,55848.9705591,3409.52517309,19617.7830137,15586.1459147,4603.85410056,1200,10800,4.54747350886e-13,9.09494701773e-13,7419.29633729,7081.23153017,7419.29633729,2590.66133665,12014.3153214,47255.438181,57100.0042497,2158.49148255,4733.41389385,19166.392453,15220.5195605,817.016915012,17,996
2025-05-02,PuLP HiGHS,Optimal,3.26382220001,7419.29633729,7466.93697064,1.124955|0.726615|0.384264,4106.586078|7453.293039|10800,4106.58607837,5701.54602012,14342.8361931,852.281686853,15195.1178799,9802.08715403,CVaR,0.9,0.1,1048.82911874,3085.15294227,308.515294227,27979.2362294,236.00512021,25892.7292042,2086.50702524,21972.6970048,17767.2875422,20116.5758567,1200,10800,4.54747350886e-13,9.09494701773e-13,7453.29303918,7419.29633729,7466.93697064,2419.39638123,11003.00386,25345.840053,27306.4371513,672.799078075,12068.5910138,17494.9782389,14128.0558035,8116.95050458,28,689
2025-05-03,PuLP HiGHS,Optimal,0.976549799991,7466.93697064,7230.50596721,1.124955|0.726615|0.384264,3525.711523|7162.855761|10800,3525.71152253,5259.12436686,14235.1072232,710.797572307,14945.9047955,9823.39167451,CVaR,0.9,0.1,1268.03322248,1366.11245881,136.611245881,27909.1267696,203.201938524,25817.9551946,2091.17157505,18634.3367779,15367.4858786,19660.7226392,1200,10800,9.37916411203e-13,5.45696821064e-12,7162.85576127,7466.93697064,7230.50596721,1701.96432434,8525.90999079,22761.017214,26960.3728122,948.753957423,16793.2761858,16919.3537045,13917.4644038,3165.00454818,19,689
2025-05-04,PuLP HiGHS,Optimal,4.27850259998,7230.50596721,7418.63785873,1.124955|0.726615|0.384264,4037.275717|7418.637859|10800,4037.27571747,5648.75595702,35931.4119829,1706.52294183,37637.9349248,32688.8572299,CVaR,0.9,0.1,3241.18937056,6996.7826219,699.67826219,60538.1379931,471.075607295,56834.3931714,3703.74482166,19840.7115383,15901.6576436,4393.55823182,1200,10800,4.54747350886e-13,1.81898940355e-12,7418.63785873,7230.50596721,7418.63785873,2007.61526118,9023.04270209,44954.454685,57890.8284393,2647.30955377,4708.91229853,17292.344033,13837.4799644,4612.54518449,36,985
2025-05-05,PuLP HiGHS,Optimal,5.11461259998,7418.63785873,7309.72430696,1.124955|0.726615|0.384264,3819.448614|7309.724307|10800,3819.44861392,5482.84848817,35856.200434,1809.12824338,37665.3286774,32992.3762124,CVaR,0.9,0.1,6662.47631115,8098.96023103,809.896023103,60303.4745059,494.355016628,56703.093019,3600.38148689,19074.2657318,15548.1774394,4280.80689214,1200,10800,3.41060513165e-13,1.81898940355e-12,7309.72430696,7418.63785873,7309.72430696,2918.85664144,13362.7535796,49218.9540136,57351.097592,2952.37691388,1691.21339237,18951.3486195,15448.6145784,222.479973242,8,921
2025-05-06,PuLP HiGHS,Optimal,4.47336490001,7309.72430696,7469.67590358,1.124955|0.726615|0.384264,4139.351807|7469.675904|10800,4139.35180716,5726.50195554,36085.8182988,1949.00854121,38034.8268401,33287.1640229,CVaR,0.9,0.1,4614.34968605,9788.39138364,978.839138364,61128.1261137,546.53431421,57349.4062741,3778.71983962,20043.3348803,16091.1448161,4963.48222162,1200,10800,4.54747350886e-13,9.09494701773e-13,7469.67590358,7309.72430696,7469.67590358,2693.5002181,11752.8547039,47838.6730027,58208.2208815,2919.9052322,4204.41869926,19385.5978777,15558.3778439,1190.50397477,23,931
2025-05-07,PuLP HiGHS,Optimal,6.63494330001,7469.67590358,7728.61555356,1.124955|0.726615|0.384264,4657.231107|7728.615554|10800,4657.23110711,6120.94342966,36254.164829,1807.93575915,38062.1005882,32674.258223,CVaR,0.9,0.1,3818.55783789,7331.01064499,733.101064499,61546.7535199,504.83247367,57511.4538343,4035.29968563,20014.8731124,15979.0015361,4427.3890871,1200,10800,6.25277607469e-13,9.09494701773e-13,7728.61555356,7469.67590358,7728.61555356,2702.43497018,12519.8216987,48773.9865277,59291.6682091,2255.08531086,3006.79586179,19402.1878025,15482.726435,1108.96041093,25,952
2025-05-08,PuLP HiGHS,Optimal,3.4242222,7728.61555356,7757.94037811,1.124955|0.726615|0.384264,4672.954548|7736.477274|10800,4672.95454759,6132.91914879,39633.9753416,1895.05969636,41529.035038,36397.1691276,CVaR,0.9,0.1,6721.27584421,10010.5323847,1001.05323847,65071.724497,497.84840918,61047.9797655,4023.74473145,20277.760355,16417.9103394,4822.50206959,1200,10800,3.05533376377e-13,9.09494701773e-13,7736.4772738,7728.61555356,7757.94037811,1110.99761855,4532.33715902,44166.3125006,60797.5193837,4274.20511331,2511.81864943,18651.5453195,15081.3593667,2962.76600825,35,937
2025-05-09,PuLP HiGHS,Optimal,0.978952100006,7757.94037811,7197.19642976,1.124955|0.726615|0.384264,3194.370481|6997.185241|10800,3194.37048134,5006.75929119,15866.6321481,726.36572162,16592.9978697,11721.0747472,CVaR,0.9,0.1,1141.31220851,1348.36168691,134.836168691,29785.5159765,205.249713924,27653.2040806,2132.31189592,17634.2481678,14968.4206396,18513.5040369,1200,10800,2.72848410532e-12,9.09494701773e-13,6997.18524067,7757.94037811,7197.19642976,522.425313946,2050.38342803,17917.0155761,27491.2462454,2294.26973104,16841.2105274,16724.9722919,14051.89711,1825.79940551,18,715
2025-05-10,PuLP HiGHS,Optimal,2.70558479999,7197.19642976,7259.17506035,1.124955|0.726615|0.384264,3457.168565|7128.584282|10800,3457.16856477,5206.91879444,16449.8670393,868.553615153,17318.4206544,12388.8470915,CVaR,0.9,0.1,1282.99466245,2773.4523147,277.34523147,30679.6229135,234.72738427,28598.8975668,2080.72534677,18754.9979168,15253.2992453,18573.0504139,1200,10800,3.63797880709e-12,3.63797880709e-12,7128.58428239,7197.19642976,7259.17506035,738.325699288,3242.28958502,19692.1566243,28406.4079193,2273.21499427,13804.4104721,16649.9847135,13430.7068504,3927.60559818,24,712
2025-05-11,PuLP HiGHS,Optimal,3.40174569999,7259.17506035,7112.53497356,1.124955|0.726615|0.384264,3425.069947|7112.534974|10800,3425.06994712,5182.47096255,38874.316139,1848.78447597,40723.100615,36427.0286207,CVaR,0.9,0.1,5781.86181831,8863.98968285,886.398968285,64200.9840098,497.740845677,60438.9522294,3762.03178035,20144.6718521,16449.1602783,4055.74899542,1200,10800,9.09494701773e-13,9.09494701773e-13,7112.53497356,7259.17506035,7112.53497356,812.244705887,2996.64210242,41870.9582414,60650.5815549,3550.40245485,2670.33303646,18107.3169429,14798.9028018,3687.61238575,36,954
2025-05-12,PuLP HiGHS,Optimal,3.1358699,7112.53497356,7130.78195923,1.124955|0.726615|0.384264,3446.586293|7123.293147|10800,3446.58629318,5198.85883374,38525.2475664,1897.28648138,40422.5340478,36081.8499397,CVaR,0.9,0.1,3994.19070705,8581.74725633,858.174725633,64009.7131718,528.364079746,60244.8613587,3764.85181307,20629.6724584,16700.3523356,3972.76834558,1200,10800,4.54747350886e-13,4.54747350886e-13,7123.29314659,7112.53497356,7130.78195923,809.724816818,2811.018636,41336.2662024,59101.0348819,4908.67828986,4849.51000391,16387.5377599,13257.4832984,7685.00373576,42,1001
2025-05-13,PuLP HiGHS,Optimal,3.79373579999,7130.78195923,7423.74393707,1.124955|0.726615|0.384264,4047.487874|7423.743937|10800,4047.48787413,5656.53402061,39173.8401404,1966.76502388,41140.6051643,36371.3023281,CVaR,0.9,0.1,6273.31445823,8872.31184428,887.231184428,64881.6717311,519.499242694,61049.1693621,3832.50236897,20354.2372319,16223.2663778,3845.08903747,1200,10800,9.09494701773e-13,0,7423.74393707,7130.78195923,7423.74393707,270.493726023,1012.41930557,40186.259446,59946.1890625,4935.48266863,3271.24607578,18697.6745578,14881.4506118,2998.37844011,37,945
2025-05-14,PuLP HiGHS,Optimal,3.0027443,7423.74393707,7224.23871532,1.124955|0.726615|0.384264,3583.632972|7191.816486|10800,3583.63297172,5303.24009383,39792.4124696,1927.26588261,41719.6783522,37462.8253963,CVaR,0.9,0.1,6157.36576748,10463.871379,1046.3871379,65628.1872909,524.417318221,61396.1430497,4232.0442412,20154.9912498,16534.2776184,4046.61326648,1200,10800,9.09494701773e-13,9.09494701773e-13,7191.81648586,7423.74393707,7224.23871532,178.923707985,552.899676455,40345.3121461,60109.689094,5518.49819688,4073.17728997,17793.902254,14592.6155253,4302.75108885,38,917
2025-05-15,PuLP HiGHS,Optimal,5.7432731,7224.23871532,7635.89168897,1.124955|0.726615|0.384264,4279.327987|7539.663994|10800,4279.32798702,5833.11446299,39434.8859993,1762.45365621,41197.3396555,36076.04925,CVaR,0.9,0.1,6295.11022174,7118.24057482,711.824057482,65286.6434314,479.231112126,61264.5323728,4022.11105863,20306.8714521,16164.6831258,4049.36824175,1200,10800,6.8212102633e-13,9.09494701773e-13,7539.66399351,7224.23871532,7635.89168897,968.618288503,3839.20136653,43274.0873659,59568.1104288,5718.53300266,3881.10248107,18526.7382978,14636.1703449,3308.64593519,36,939
2025-05-16,PuLP HiGHS,Optimal,3.80951720002,7635.89168897,7515.55899622,1.124955|0.726615|0.384264,3704.274618|7252.137309|10800,3704.27461806,5395.12650216,15824.5801695,840.255000661,16664.8351701,11652.7991184,CVaR,0.9,0.1,1077.63066211,3830.90450461,383.090450461,29486.5052319,224.052107989,27170.2131703,2316.29206162,20805.0701807,17197.4857883,17117.6439425,1200,10800,1.1823431123e-11,1.81898940355e-12,7252.13730903,7635.89168897,7515.55899622,389.631912909,1080.36192064,16904.9420901,27199.0978001,2287.40743181,21793.2442168,16780.4125599,13700.433597,7521.70981202,38,635
2025-05-17,PuLP HiGHS,Optimal,3.47340840002,7515.55899622,7644.67727899,1.124955|0.726615|0.384264,4153.532788|7476.766394|10800,4153.53278846,5737.3028645,16017.1963326,940.92538383,16958.1217164,11646.7591199,CVaR,0.9,0.1,1220.59696079,4259.40268048,425.940268048,30049.2587562,245.094956625,27777.0600989,2272.19865726,21145.2667103,17162.5793771,17845.7881342,1200,10800,4.54747350886e-13,4.54747350886e-13,7476.76639423,7515.55899622,7644.67727899,538.152126368,1902.75167531,17919.9480079,28385.4686907,1663.79006547,15150.9064382,16882.678111,13558.7628154,7866.40516101,37,681
2025-05-18,PuLP HiGHS,Optimal,6.48161799999,7644.67727899,7562.88942811,1.124955|0.726615|0.384264,4200.554523|7500.277262|10800,4200.55452346,5773.11685141,38099.7056334,1772.29171752,39871.9973509,34789.2989986,CVaR,0.9,0.1,4814.72041851,6904.18499136,690.418499136,62857.2588419,482.576020348,59234.8975752,3622.36126675,18255.1063397,14916.5961507,4486.8979872,1200,10800,5.68434188608e-13,3.63797880709e-12,7500.27726173,7644.67727899,7562.88942811,1384.46114309,4831.45220111,42931.1578345,59099.3474834,3757.91135851,3515.67483413,17713.5513589,14421.5856665,1036.56546512,27,975
2025-05-19,PuLP HiGHS,Optimal,6.68849840001,7562.88942811,8191.44137442,1.124955|0.726615|0.384264,5582.882749|8191.441374|10800,5582.88274885,6825.96368845,38965.2868104,2038.61291519,41003.8997256,35097.3362117,CVaR,0.9,0.1,5873.90695037,9194.00174615,919.400174615,64569.6949943,571.670984295,60285.5599781,4284.13501615,20040.2955543,15666.9426473,4814.69676677,1200,10800,4.54747350886e-13,9.09494701773e-13,8191.44137442,7562.88942811,8191.44137442,234.784973154,1235.76820004,40201.0550104,57490.8945575,7078.8004368,6207.99746972,18088.2566276,14085.7911167,3533.19045734,38,921
2025-05-20,PuLP HiGHS,Optimal,8.55301939999,8191.44137442,6997.18580041,1.124955|0.726615|0.384264,3194.371601|6997.1858|10800,3194.37160083,5006.76014384,36152.6459377,1710.25022186,37862.8961596,33503.9146391,CVaR,0.9,0.1,3929.94556188,6477.78623385,647.778623385,59357.392475,473.699611823,55732.2246218,3625.1678532,17836.8275589,15522.6603394,4248.9198597,1200,10800,3.63797880709e-12,1.81898940355e-12,6997.18580041,8191.44137442,6997.18580041,1342.80678124,4530.78409983,40683.4300376,57159.7462287,2197.64624626,1954.11175169,16294.0866221,14273.0401805,2792.36109564,33,937
2025-05-21,PuLP HiGHS,Optimal,5.87643199999,6997.18580041,7083.53810447,1.124955|0.726615|0.384264,3366.75276|7083.37638|10800,3366.75275986,5138.05382266,37249.3149845,1703.79731818,38953.1123027,34587.1821799,CVaR,0.9,0.1,4013.85907407,7721.23699923,772.123699923,61735.3028611,470.335514455,58123.2299353,3612.07292582,18762.9143214,15120.3890788,4240.82918631,1200,10800,4.54747350886e-13,9.09494701773e-13,7083.37637993,6997.18580041,7083.53810447,1040.65105279,4052.17403818,41301.4890227,58166.9981879,3568.3046732,4575.46464765,16799.222295,13529.6529853,3554.42811992,36,958
2025-05-22,PuLP HiGHS,Optimal,3.82764859998,7083.53810447,7489.92159115,1.124955|0.726615|0.384264,4179.843182|7489.921591|10800,4179.84318231,5757.34211019,37270.7115244,1821.40439621,39092.1159206,34205.2937575,CVaR,0.9,0.1,6509.73230637,8705.19947154,870.519947154,61714.6264292,500.134815779,57795.9534856,3918.67294367,19084.4735108,15092.6784058,4558.11449732,1200,10800,4.54747350886e-13,9.09494701773e-13,7489.92159115,7083.53810447,7489.92159115,334.011777019,1683.06715009,38953.7786745,58290.8903389,3423.73609029,4052.32554104,17843.1611591,14087.2154008,2246.77535666,31,923
2025-05-23,PuLP HiGHS,Optimal,3.2194035,7489.92159115,7748.27393956,1.124955|0.726615|0.384264,4332.106424|7566.053212|10800,4332.10642387,5873.31302747,15776.4849762,882.479189094,16658.9641653,11223.1342262,CVaR,0.9,0.1,1211.46973303,4374.83088389,437.483088389,29722.5489751,231.767380132,27463.147517,2259.40145814,22033.2391781,17778.4052755,18594.8594231,1200,10800,9.09494701773e-13,9.09494701773e-13,7566.05321193,7489.92159115,7748.27393956,330.517375651,1295.87439042,17072.3593667,27293.9296311,2428.61934402,17650.3332653,17477.0933924,13923.9285343,8410.62252689,37,638
2025-05-24,PuLP HiGHS,Optimal,3.54003929999,7748.27393956,7799.71845311,1.124955|0.726615|0.384264,4153.532363|7476.766182|10800,4153.53236322,5737.30254061,16092.3642749,970.689617188,17063.0538921,11855.9481264,CVaR,0.9,0.1,1050.59372408,5301.96774876,530.196774876,30018.5380094,258.640544229,27664.403818,2354.13419148,22304.3698716,18310.8965782,18280.5533145,1200,10800,5.45696821064e-12,1.81898940355e-12,7476.76618161,7748.27393956,7799.71845311,140.237957715,532.434366693,16624.7986416,27320.8598684,2697.67814101,20392.0971233,17201.048723,13886.5494034,9527.66832337,36,644
2025-05-25,PuLP HiGHS,Optimal,9.43045049999,7799.71845311,7091.15225723,1.124955|0.726615|0.384264,3382.304514|7091.152257|10800,3382.30451446,5149.89877768,36639.0157992,1795.00722975,38434.023029,34215.786219,CVaR,0.9,0.1,5195.21178852,9316.61967749,931.661967749,60768.2206857,489.593178739,57202.7283352,3565.49235049,18060.290525,15266.5449015,4782.97092752,1200,10800,9.09494701773e-13,1.81898940355e-12,7091.15225723,7799.71845311,7091.15225723,355.205295247,1753.17277152,38392.1885707,56063.3134423,4704.90724338,5482.58366823,15940.1813806,13549.2564946,3837.3975513,32,951
2025-05-26,PuLP HiGHS,Optimal,4.52020880001,7091.15225723,7146.10711423,1.124955|0.726615|0.384264,3382.458276|7091.229138|10800,3382.45827621,5150.01588993,36606.8109265,1778.96376252,38385.774689,33873.5352112,CVaR,0.9,0.1,4410.40345268,6377.76412055,637.776412055,60655.6434914,492.388858448,57078.7150784,3576.92841301,18304.8001063,14826.8188933,5405.71869499,1200,10800,2.27373675443e-13,9.09494701773e-13,7091.22913811,7091.15225723,7146.10711423,2823.67393332,11035.8117803,47642.6227068,57466.8143649,3188.82912649,2273.44083283,17830.2902323,14393.0757169,908.253050476,19,983
2025-05-27,PuLP HiGHS,Optimal,4.3326199,7146.10711423,7712.76893306,1.124955|0.726615|0.384264,4625.537866|7712.768933|10800,4625.53786612,6096.80435189,38804.8098694,1696.81103238,40501.6209017,35351.6646688,CVaR,0.9,0.1,5426.46392368,9468.48118984,946.848118984,64167.3594365,467.683112199,59855.603379,4311.75605757,19396.9267304,15201.5150146,5505.66492311,1200,10800,4.54747350886e-13,9.09494701773e-13,7712.76893306,7146.10711423,7712.76893306,276.848606193,795.149150848,39599.9590202,57861.1030907,6306.25634585,4893.32684039,17601.3785239,13747.1209674,3249.94225377,33,873
2025-05-28,PuLP HiGHS,Optimal,7.1164041,7712.76893306,8304.46750194,1.124955|0.726615|0.384264,5808.935004|8304.467502|10800,5808.93500388,6998.13582337,38774.4751985,1818.86111071,40593.3363092,34351.3632647,CVaR,0.9,0.1,5792.63299641,7561.62778901,756.162778901,63603.945308,503.685014848,58964.4721544,4639.47315362,19490.5871166,15254.8468525,5129.6699854,1200,10800,9.09494701773e-13,1.81898940355e-12,8304.46750194,7712.76893306,8304.46750194,1434.85011101,3781.92932367,42556.4045221,58944.7193727,4659.2259353,4016.39947259,18720.0905219,14630.7446107,1394.59883649,26,876
2025-05-29,PuLP HiGHS,Optimal,3.7241388,8304.46750194,7149.06206514,1.124955|0.726615|0.384264,3498.12413|7149.062065|10800,3498.12413027,5238.11249851,36425.3098962,1945.00752489,38370.3174211,34173.5836988,CVaR,0.9,0.1,4580.60694812,10413.7877624,1041.37877624,60275.2742788,548.767166033,56437.7833507,3837.49092812,18141.209902,15734.2449137,5611.11379896,1200,10800,9.09494701773e-13,4.54747350886e-13,7149.06206514,8304.46750194,7149.06206514,1075.90781531,4014.09662509,40439.4065213,58110.9551486,2164.3191302,2808.1816437,17412.7511227,15144.1933025,1318.51039045,24,913
2025-05-30,PuLP HiGHS,Optimal,3.5081712,7149.06206514,7649.01174666,1.124955|0.726615|0.384264,4094.861081|7447.430541|10800,4094.8610811,5692.61570527,15621.5299955,833.178472557,16454.708468,11097.1538395,CVaR,0.9,0.1,1359.49027449,3350.61076741,335.061076741,29698.5938071,229.814854331,27434.039978,2264.55382912,21620.1179048,17243.763875,18711.8748205,1200,10800,4.54747350886e-13,9.09494701773e-13,7447.43054055,7149.06206514,7649.01174666,650.071336691,2702.86136331,18324.3913588,27432.611123,2265.9826841,17767.1874415,17206.879148,13487.6173965,8169.38523525,37,668
2025-05-31,PuLP HiGHS,Optimal,2.76455759999,7649.01174666,7755.82637808,1.124955|0.726615|0.384264,4377.197536|7588.598768|10800,4377.19753599,5907.6565603,15603.7540031,979.780451313,16583.5344544,11122.3825111,CVaR,0.9,0.1,1718.12676913,4465.04616965,446.504616965,29484.4399143,254.421138844,27284.1487531,2200.29116126,22520.4864105,18295.9656733,18769.7277115,1200,10800,4.54747350886e-13,4.54747350886e-13,7588.598768,7649.01174666,7755.82637808,519.849550674,1919.01752269,17522.7715258,27026.4210608,2458.01885354,15705.8581615,17658.409114,14207.1782141,8950.86475572,36,681
2025-06-01,PuLP HiGHS,Optimal,4.13974849999,7755.82637808,7500.27704906,1.124955|0.726615|0.384264,4200.554098|7500.277049|10800,4200.55409813,5773.11652745,37163.8630796,1754.05028032,38917.9133599,33653.4262661,CVaR,0.9,0.1,4650.03927094,5086.29433602,508.629433602,61688.4215037,501.96630625,57891.2670378,3797.15446588,18864.2835187,15510.0640462,4207.27489492,1200,10800,9.09494701773e-13,1.81898940355e-12,7500.27704906,7755.82637808,7500.27704906,13077.3456783,50378.5154761,87542.3785557,61443.5896981,244.831805577,0,18558.4393295,15262.330253,553.577982401,15,1009
2025-06-02,PuLP HiGHS,Optimal,3.5314645,7500.27704906,7381.26246458,1.124955|0.726615|0.384264,3962.524929|7381.262465|10800,3962.52492915,5591.82220598,38467.5636802,2446.57956527,40914.1432455,36850.750695,CVaR,0.9,0.1,3896.17607655,15284.2965553,1528.42965553,63886.9265955,655.459719521,59626.5171806,4260.40941486,19220.2564539,15675.5208537,3994.68926009,1200,10800,5.68434188608e-13,9.09494701773e-13,7381.26246458,7500.27704906,7381.26246458,10508.4594217,42951.3804274,81418.9441077,63045.2513577,841.675237854,1379.82611695,19158.8965183,15625.8193058,111.061483471,5,953
2025-06-03,PuLP HiGHS,Optimal,4.05922209998,7381.26246458,7376.64396276,1.124955|0.726615|0.384264,3953.287926|7376.643963|10800,3953.28792551,5584.78686525,39096.5355296,1913.5855961,41010.1211257,36153.1965018,CVaR,0.9,0.1,4881.70300869,7278.62241393,727.862241393,65456.1858615,514.395678295,61086.8237705,4369.36209104,20536.5406157,16638.7545503,4431.3884452,1200,10800,9.09494701773e-13,9.09494701773e-13,7376.64396276,7381.26246458,7376.64396276,7687.32975389,32235.9725305,71332.5080601,65038.5074869,417.678374666,685.83690544,20272.5797559,16424.9462539,477.769156123,9,1011
2025-06-04,PuLP HiGHS,Optimal,3.83575169998,7376.64396276,7588.59887529,1.124955|0.726615|0.384264,4377.197751|7588.598875|10800,4377.19775058,5907.65672373,39805.9575531,2073.89826766,41879.8558207,36885.3060867,CVaR,0.9,0.1,5889.75021379,9131.06989661,913.106989661,66466.1278963,557.496160208,62352.4760604,4113.65183585,21169.5343162,16956.5633748,3580.65972305,1200,10800,9.09494701773e-13,9.09494701773e-13,7588.59887529,7376.64396276,7588.59887529,7549.36510294,27972.4785922,67778.4361453,66331.7985386,134.329357673,191.170359766,20284.0686517,16239.3361866,1602.69285275,26,993
2025-06-05,PuLP HiGHS,Optimal,2.98704130002,7588.59887529,8165.74188678,1.124955|0.726615|0.384264,5531.483774|8165.741887|10800,5531.48377355,6786.81578742,42922.5507186,3268.26923851,46190.8199571,41846.7024582,CVaR,0.9,0.1,5591.92633917,24426.9828854,2442.69828854,71001.983626,857.40973532,65701.4613899,5300.52223611,22420.9032503,17641.5029224,3916.32531583,1200,10800,4.54747350886e-13,9.09494701773e-13,8165.74188678,7588.59887529,8165.74188678,6290.51887452,23500.7002179,66423.2509365,70135.5044429,866.479183108,643.431922135,21651.8140436,17018.5406649,1392.05146412,19,922
2025-06-06,PuLP HiGHS,Optimal,2.91288829999,8165.74188678,7274.94724045,1.124955|0.726615|0.384264,3749.894481|7274.94724|10800,3749.89448089,5429.87275664,15637.4679928,1212.52598709,16849.9939799,12233.6915756,CVaR,0.9,0.1,1420.30755843,8135.70352349,813.570352349,29342.1598679,315.183641013,26868.1123001,2474.04756775,18238.703097,15575.0646903,12480.2043908,1200,10800,9.09494701773e-13,9.09494701773e-13,7274.94724045,8165.74188678,7274.94724045,7386.94903739,30536.3888142,46173.8568069,29048.4271186,293.732749285,3105.48969922,17245.2959919,14770.4049352,1798.06686019,15,634
2025-06-07,PuLP HiGHS,Optimal,4.1316425,7274.94724045,7483.32692808,1.124955|0.726615|0.384264,4139.351583|7469.675791|10800,4139.35158294,5726.50178477,17618.0594829,1892.63087319,19510.6903561,15453.2273591,CVaR,0.9,0.1,5713.96840684,16690.3878772,1669.03878772,32577.8836588,513.762791582,29134.645297,3443.23836177,17632.9731016,14107.4525164,10365.6106258,1200,10800,4.54747350886e-13,1.81898940355e-12,7469.67579147,7274.94724045,7483.32692808,4669.20581541,19038.1198538,36656.1793368,32015.168763,562.71489576,2125.46825897,17078.1654417,13645.7722889,1016.48788745,16,610
2025-06-08,PuLP HiGHS,Optimal,3.52662749999,7483.32692808,8367.18875027,1.124955|0.726615|0.384264,5934.377501|8367.18875|10800,5934.37750053,7093.67878734,52671.7495808,2878.29987325,55550.0494541,49930.8382954,CVaR,0.9,0.1,7237.34119792,14744.6762868,1474.46762868,84357.4025713,750.870499641,78549.1671451,5808.23542622,23999.9817813,18644.5096029,2606.03659469,1200,10800,0,9.09494701773e-13,8367.18875027,7483.32692808,8367.18875027,107.101647088,448.987836354,53120.7374172,71425.6602401,12931.7423311,2143.85213333,17939.5307751,13735.5442878,10969.4163213,36,978
2025-06-09,PuLP HiGHS,Optimal,4.2619142,8367.18875027,7499.13727543,1.124955|0.726615|0.384264,4198.274551|7499.137275|10800,4198.27455085,5771.38031597,50769.5796227,2779.87162273,53549.4512454,49512.8800524,CVaR,0.9,0.1,7987.66385076,17348.0912298,1734.80912298,80960.8901613,723.597517741,75226.2970057,5734.59315568,21649.5132388,18317.3520508,2966.74507386,1200,10800,4.54747350886e-13,4.54747350886e-13,7499.13727543,8367.18875027,7499.13727543,865.243960423,2951.75073755,53721.3303603,73779.6064848,7181.28367654,959.679383333,18598.4455575,15845.9872289,5522.43250318,31,967
2025-06-10,PuLP HiGHS,Optimal,3.42365140002,7499.13727543,7707.43946028,1.124955|0.726615|0.384264,4614.878921|7707.43946|10800,4614.87892055,6088.68599264,50852.6309033,2713.59179065,53566.2226939,48892.3814548,CVaR,0.9,0.1,5471.73587811,14148.4475351,1414.84475351,81672.3886061,690.899711333,76577.2616547,5095.12695143,22902.3825837,18363.4579264,2571.38645119,1200,10800,8.18545231596e-12,4.54747350886e-13,7707.43946028,7499.13727543,7707.43946028,583.005673656,1979.04242852,52831.6733318,75989.8023098,5682.58629626,749.97215,21141.6822832,16937.290683,3186.86754396,28,1020
2025-06-11,PuLP HiGHS,Optimal,3.2603469,7707.43946028,7712.76876355,1.124955|0.726615|0.384264,4625.537527|7712.768764|10800,4625.53752711,6096.80409368,51172.2535205,2333.24929308,53505.5028136,48257.2753661,CVaR,0.9,0.1,5823.98210162,8485.76646197,848.576646197,82595.1602029,623.075418045,77326.9276749,5268.23252802,22946.3788651,18581.7705078,2737.90013465,1200,10800,9.09494701773e-13,2.27373675443e-13,7712.76876355,7707.43946028,7712.76876355,2329.31753427,10856.7650589,62029.0185794,78054.7307416,4540.42946127,0,22604.2399278,18304.6379686,619.27147654,10,1065
2025-06-12,PuLP HiGHS,Optimal,7.13313569999,7712.76876355,8253.6646659,1.124955|0.726615|0.384264,5707.329332|8253.664666|10800,5707.3293318,6920.74811724,52508.0937894,2418.16685256,54926.2606419,49163.7250332,CVaR,0.9,0.1,6689.12317995,11582.125085,1158.2125085,84214.5340965,647.283991329,78874.2149549,5340.31914156,23473.7627157,18526.9414876,3095.41007876,1200,10800,9.09494701773e-13,9.09494701773e-13,8253.6646659,7712.76876355,8253.6646659,809.472509952,3333.00598199,55841.0997714,76374.679028,7839.85506848,275.903166667,20889.740136,16433.883198,4677.08086932,29,1052
2025-06-13,PuLP HiGHS,Optimal,7.72573080001,8253.6646659,7960.94738478,1.124955|0.726615|0.384264,4881.574102|7840.787051|10800,4881.57410247,6291.81371121,23512.8174611,2259.59377712,25772.4112382,21268.9855298,CVaR,0.9,0.1,1985.20853828,17883.8800283,1788.38800283,40976.0408629,604.16445884,37913.7233903,3062.31747257,15168.5892698,12658.1471617,9439.63106728,1200,10800,2.84217094304e-14,1.81898940355e-12,7840.78705123,8253.6646659,7960.94738478,439.097610756,2170.63913896,25683.4566001,37362.557189,3613.48367386,7001.39993656,14307.2985063,11852.3573431,1667.08058203,30,740
2025-06-14,PuLP HiGHS,Optimal,3.44631960001,7960.94738478,7778.35971854,1.124955|0.726615|0.384264,4557.562541|7678.781271|10800,4557.56254106,6045.03111549,22778.7389433,1599.9010941,24378.6400374,19364.1506569,CVaR,0.9,0.1,3021.43214473,10305.4173497,1030.54173497,39574.0937815,429.313902181,36733.5677001,2840.5260814,16478.5844472,13601.6029051,7563.29571867,1200,10800,4.54747350886e-12,1.81898940355e-12,7678.78127053,7960.94738478,7778.35971854,199.725688709,608.665169528,23387.4041129,36717.4116745,2856.68210702,7993.31013549,15235.8598807,12505.375403,2338.95206853,32,788
2025-06-15,PuLP HiGHS,Optimal,3.1137357,7778.35971854,7726.08551038,1.124955|0.726615|0.384264,4625.140428|7712.570214|10800,4625.14042817,6096.50164427,55126.2029278,3036.54408426,58162.7470121,54234.9889366,CVaR,0.9,0.1,15028.4139917,21687.4356875,2168.74356875,87218.4380574,781.408136935,78939.0249331,8279.41312432,23385.3476153,19001.3421224,3175.28432576,1200,10800,0,9.09494701773e-13,7712.57021409,7778.35971854,7726.08551038,150.348879306,700.756252355,55826.9591802,74368.3841856,12850.0538718,0,20730.5553627,16838.7966311,4817.33774388,32,816
2025-06-16,PuLP HiGHS,Optimal,3.97850209998,7726.08551038,7827.46972671,1.124955|0.726615|0.384264,4854.939453|7827.469727|10800,4854.93945342,6271.52749735,53387.0978667,2983.93693322,56371.0348,52172.5078475,CVaR,0.9,0.1,7853.068613,20730.0054486,2073.00054486,85227.8046792,767.5073901,79073.8404566,6153.96422265,23330.1164365,18806.1485189,2946.02373754,1200,10800,9.09494701773e-13,1.81898940355e-12,7827.46972671,7726.08551038,7827.46972671,293.572354378,1082.02084025,54469.118707,76814.9445945,8412.86008474,196.574416667,21719.1785306,17501.2888151,2915.79760967,24,918
2025-06-17,PuLP HiGHS,Optimal,3.9977608,7827.46972671,8165.74190634,1.124955|0.726615|0.384264,5531.483813|8165.741906|10800,5531.48381269,6786.81581722,53846.4907968,2718.36832531,56564.8591221,51670.9416164,CVaR,0.9,0.1,6864.80871535,18928.9831157,1892.89831157,86121.7759759,714.043711838,79671.6869777,6450.08899822,24235.0726282,19325.9638672,2916.86440031,1200,10800,4.54747350886e-13,2.27373675443e-13,8165.74190634,7827.46972671,8165.74190634,1163.40487072,5003.00211269,58849.4929095,77804.6554673,8317.12050857,11.8491666667,21130.2894369,16811.0894822,5619.65757627,32,927
2025-06-18,PuLP HiGHS,Optimal,2.82558629999,8165.74190634,7659.43574816,1.124955|0.726615|0.384264,4518.871496|7659.435748|10800,4518.87149631,6015.56217799,53259.5691094,2832.0717873,56091.6408967,51944.0966146,CVaR,0.9,0.1,5998.53399048,18680.1789581,1868.01789581,84833.9528561,721.240225255,79159.1967168,5674.7561393,23208.3704,19254.4555664,2584.08265864,1200,10800,1.13686837722e-12,9.09494701773e-13,7659.43574816,8165.74190634,7659.43574816,160.544831087,611.38180438,53870.9509138,73955.1917152,10878.7611409,159.75675,18332.9707297,15305.3818334,8824.47340332,34,984
2025-06-19,PuLP HiGHS,Optimal,5.14726140001,7659.43574816,8028.87687053,1.124955|0.726615|0.384264,5257.753741|8028.876871|10800,5257.75374105,6578.32999249,53014.0277436,2446.16476688,55460.1925105,49989.1819752,CVaR,0.9,0.1,5599.20421345,11073.1945716,1107.31945716,84644.9043739,653.107584777,79172.7426957,5472.1616782,24519.4809912,19528.2825928,3104.81996237,1200,10800,4.54747350886e-13,9.09494701773e-13,8028.87687053,7659.43574816,8028.87687053,565.127162251,2035.93248728,55049.9602309,73639.6330236,11005.2713502,1819.06278086,19966.8220784,15840.6288734,8240.31263217,33,1080
2025-06-20,PuLP HiGHS,Optimal,3.29810650001,8028.87687053,8284.08184195,1.124955|0.726615|0.384264,5583.385387|8191.692693|10800,5583.38538659,6826.34652123,24610.7972984,2303.38729363,26914.184592,21905.079434,CVaR,0.9,0.1,12939.3150186,18172.4136324,1817.24136324,42527.7141991,618.897176557,38387.9209185,4139.79328063,14638.568311,11710.7060914,9550.76360445,1200,10800,0,1.81898940355e-12,8191.6926933,8028.87687053,8284.08184195,25.5570093657,55.0471460486,24665.8444445,37353.2714997,5174.44269936,12170.410704,13569.2235829,10761.3866279,2018.66419159,30,681
2025-06-21,PuLP HiGHS,Optimal,3.40798839999,8284.08184195,8029.55050687,1.124955|0.726615|0.384264,4904.610409|7852.305205|10800,4904.61040925,6309.35925668,22043.0436087,1728.11752347,23771.1611321,18333.4788767,CVaR,0.9,0.1,5613.08154653,8716.77001249,871.677001249,37890.9752579,451.395381897,34747.6450871,3143.3301708,18058.116894,15015.6736578,6881.86384982,1200,10800,2.27373675443e-13,9.09494701773e-13,7852.30520462,8284.08184195,8029.55050687,139.56663286,365.37225831,22408.415867,33227.021564,4663.95369396,10955.9087725,17394.8275049,14318.8884805,1360.07456638,22,795
2025-06-22,PuLP HiGHS,Optimal,1.0491573,8029.55050687,7837.44215626,1.124955|0.726615|0.384264,4874.884313|7837.442156|10800,4874.88431252,6286.71844942,50531.9466175,3207.7120768,53739.6586943,49557.0007512,CVaR,0.9,0.1,6855.24939769,21040.6050636,2104.06050636,81023.5259774,811.956107385,75379.2490244,5644.27695305,22119.8796104,18090,2535.61670941,1200,10800,7.27595761418e-12,1.81898940355e-12,7837.44215626,8029.55050687,7837.44215626,608.101038604,2286.40431044,52818.3509279,71461.1542828,9562.37169467,1262.33675,18539.3420364,15189.7645651,6480.77300891,30,1004
2025-06-23,PuLP HiGHS,Optimal,3.60962920001,7837.44215626,8319.03004454,1.124955|0.726615|0.384264,5838.060089|8319.030045|10800,5838.06008908,7020.31887169,52339.4870524,3360.7190785,55700.2061309,51065.5825411,CVaR,0.9,0.1,6303.62775899,23856.9528188,2385.69528188,83938.715219,874.865311469,77345.1292432,6593.58597578,23875.8593001,18906.0169336,3415.57684891,1200,10800,1.25055521494e-12,9.09494701773e-13,8319.03004454,7837.44215626,8319.03004454,175.107182361,436.821165612,52776.308218,72738.3924354,11200.3227836,1488.52779375,20685.5617083,16321.8758843,5774.43864107,36,925
2025-06-24,PuLP HiGHS,Optimal,3.66337369999,8319.03004454,7699.16686616,1.124955|0.726615|0.384264,4598.333732|7699.166866|10800,4598.33373233,6076.08439139,49740.0785789,2256.43353852,51996.5121175,47167.1347042,CVaR,0.9,0.1,6092.47541776,12467.0697817,1246.70697817,79723.8052427,597.655780936,74352.3494048,5371.45583794,21922.8387163,18315.3762207,3415.52782693,1200,10800,2.27373675443e-13,4.54747350886e-13,7699.16686616,8319.03004454,7699.16686616,3735.19938438,14945.8538256,64685.9324045,76122.4319394,3601.37330329,43.5466666667,21595.6277247,18050.3353175,592.25189471,11,1014
2025-06-25,PuLP HiGHS,Optimal,3.8626127,7699.16686616,7596.85264909,1.124955|0.726615|0.384264,4393.705298|7596.852649|10800,4393.70529817,5920.22965609,50178.4135563,2872.34890551,53050.7624618,48944.5793687,CVaR,0.9,0.1,7128.04987624,18140.4656295,1814.04656295,80659.7596498,747.844704401,75167.508201,5492.25144885,22600.1455802,18398.2007153,3245.33665026,1200,10800,4.54747350886e-13,9.09494701773e-13,7596.85264909,7699.16686616,7596.85264909,1213.08537831,4281.80352652,54460.2170828,73169.080139,7490.67951083,86.6427,20790.4433999,16932.3419493,3275.56094628,27,989
2025-06-26,PuLP HiGHS,Optimal,8.47635379998,7596.85264909,7551.97746527,1.124955|0.726615|0.384264,4303.954931|7551.977465|10800,4303.95493054,5851.87151296,50046.3992395,2920.63646074,52967.0357002,49020.4806376,CVaR,0.9,0.1,4628.51166117,19053.1645037,1905.31645037,80339.1243572,767.880416747,74909.3031922,5429.82116505,22969.5380183,18645.7134603,3011.50906375,1200,10800,4.54747350886e-13,9.09494701773e-13,7551.97746527,7596.85264909,7551.97746527,601.062352857,2317.63386659,52364.0331061,71074.3834441,9264.74091309,266.523228717,20536.4547389,16674.9160039,4403.88073586,24,1008
2025-06-27,PuLP HiGHS,Optimal,3.43443930001,7551.97746527,8424.4638191,1.124955|0.726615|0.384264,5531.483631|8165.741815|10800,5531.48363075,6786.81567866,21712.1569962,2052.16158275,23764.3185789,18495.3801337,CVaR,0.9,0.1,4947.80814609,15178.7723342,1517.87723342,38426.3919786,545.636855894,35236.619338,3189.77264055,16821.7531266,13073.2321174,8992.62513123,1200,10800,4.54747350886e-13,1.81898940355e-12,8165.74181538,7551.97746527,8424.4638191,99.4632181678,394.806926007,22106.9639222,34939.3853387,3487.00663985,11395.655594,16243.7335676,12372.1864713,1279.06520514,23,735
2025-06-28,PuLP HiGHS,Optimal,3.11047520002,8424.4638191,8409.14541962,1.124955|0.726615|0.384264,5770.833084|8285.416542|10800,5770.83308415,6969.11559146,21770.8840658,2209.82030028,23980.7043661,18648.2232529,CVaR,0.9,0.1,6235.79136157,16366.3447828,1636.63447828,38720.4220816,564.249628404,35264.216888,3456.20519353,16698.5178958,13650.9420449,9454.72640973,1200,10800,4.54747350886e-13,9.09494701773e-13,8285.41654207,8424.4638191,8409.14541962,411.692273003,1828.98480501,23599.8688708,34898.0336119,3822.38846969,10534.8822515,15851.0740852,12853.1565685,1645.22928706,27,727
2025-06-29,PuLP HiGHS,Optimal,3.44976939997,8409.14541962,7717.6520831,1.124955|0.726615|0.384264,4635.304166|7717.652083|10800,4635.30416619,6104.24282992,49344.951518,2651.98038665,51996.9319047,47274.8129294,CVaR,0.9,0.1,5379.10918004,13821.2385466,1382.12385466,79233.2476992,692.411714211,73801.2208856,5432.02681362,22120.3425517,18539.8214697,2839.59181191,1200,10800,9.09494701773e-13,2.27373675443e-13,7717.6520831,8409.14541962,7717.6520831,996.666813963,3283.26855993,52628.2200779,72024.2564306,7208.99126866,769.150778385,18980.778609,15996.7746762,5682.61073621,31,1039
2025-06-30,PuLP HiGHS,Optimal,3.96745500001,7717.6520831,7775.02679739,1.124955|0.726615|0.384264,4710.672113|7755.336057|10800,4710.6721133,6161.64663841,51771.2482442,3406.63278241,55177.8810266,51794.1355053,CVaR,0.9,0.1,3641.30734885,27779.0111709,2777.90111709,82557.9338515,878.829211605,76176.865601,6381.06825055,23774.9992063,19223.8337809,3466.62443027,1200,10800,9.09494701773e-13,9.09494701773e-13,7755.33605665,7717.6520831,7775.02679739,1034.59995022,3599.99629428,55371.2445385,72837.8985748,9720.0352767,155.12825,19937.1002572,16097.4139655,6964.31876459,34,867
2025-07-01,PuLP HiGHS,Optimal,5.19247440001,7775.02679739,7987.68677942,1.124955|0.726615|0.384264,5175.373559|7987.686779|10800,5175.37355885,6515.58533266,54070.1965846,3097.60585827,57167.8024429,52908.4630299,CVaR,0.9,0.1,13480.9494253,22562.4591963,2256.24591963,86184.0059604,800.174906761,78535.5989431,7648.40701734,24145.6315178,19366.5675456,3749.7242322,1200,10800,3.12638803734e-13,1.81898940355e-12,7987.68677942,7775.02679739,7987.68677942,4074.8194221,13857.5685863,67927.7651709,79638.167875,6545.83808546,860.006916667,19973.907175,15987.4708279,7550.82106049,32,852
2025-07-02,PuLP HiGHS,Optimal,3.97332699999,7987.68677942,7756.42547733,1.124955|0.726615|0.384264,4712.850955|7756.425477|10800,4712.85095466,6163.30614749,48703.5670666,2676.4803005,51380.0473671,46518.9994812,CVaR,0.9,0.1,6539.13159074,13022.5826161,1302.25826161,78429.6100537,679.565464156,73075.9017301,5353.70832357,22076.376331,18090,2888.80604599,1200,10800,1.81898940355e-12,9.09494701773e-13,7756.42547733,7987.68677942,7756.42547733,6496.37553373,22314.598807,71018.1658736,71700.5781868,6729.03186683,2202.19326238,17358.5750705,14268.580979,8539.22028156,34,1032
2025-07-03,PuLP HiGHS,Optimal,5.9486649,7756.42547733,7267.6411464,1.124955|0.726615|0.384264,3735.282293|7267.641146|10800,3735.28229279,5418.7434201,48808.8114728,3214.43024132,52023.2417141,49218.1705128,CVaR,0.9,0.1,7206.77250846,26136.7221881,2613.67221881,78346.1152236,817.812074117,72300.6987179,6045.41650579,21969.3999654,18235.1198698,3825.12332658,1200,10800,5.68434188608e-13,9.09494701773e-13,7267.6411464,7756.42547733,7267.6411464,7463.83770497,26732.4105738,75541.2220466,76217.5462312,2128.56899249,481.579683333,20417.3221963,16977.9368769,2809.26076199,25,888
2025-07-04,PuLP HiGHS,Optimal,2.81207350001,7267.6411464,7867.27257537,1.124955|0.726615|0.384264,4934.545151|7867.272575|10800,4934.54515073,6332.15897769,21096.0841238,1927.28486663,23023.3689905,18321.7372236,CVaR,0.9,0.1,2520.93476706,16305.2721079,1630.52721079,36792.0306783,512.244720576,33043.9304923,3748.10018598,18284.4352129,14270.7242363,10771.597684,1200,10800,4.54747350886e-13,9.09494701773e-13,7867.27257537,7267.6411464,7867.27257537,6107.22568393,20913.0550904,42009.1392142,36637.7576407,154.273037622,9917.50169016,17931.2941144,13984.6799466,639.185388271,10,540
2025-07-05,PuLP HiGHS,Optimal,3.14528179998,7867.27257537,7738.96990797,1.124955|0.726615|0.384264,4677.939816|7738.969908|10800,4677.93981594,6136.71616596,20157.4106395,1442.59109583,21600.0017353,16472.1962081,CVaR,0.9,0.1,1743.43826159,10089.1063876,1008.91063876,35825.5195197,395.346024705,32666.2741229,3159.24539671,17932.1887866,14640.5453178,11359.8014093,1200,10800,4.54747350886e-13,9.09494701773e-13,7738.96990797,7867.27257537,7738.96990797,6830.58791665,25615.3213073,45772.7319467,35825.5195197,0,10623.8060582,17672.0726951,14429.8512837,470.81012576,9,651
2025-07-06,PuLP HiGHS,Optimal,5.82698439999,7738.96990797,8019.23380675,1.124955|0.726615|0.384264,5238.467613|8019.233807|10800,5238.46761349,6563.64076165,48129.3477701,3120.62660004,51249.9743701,47042.7078114,CVaR,0.9,0.1,18499.4493068,23563.7420293,2356.37420293,77726.1385658,837.363301144,70970.693133,6755.44543283,22364.9936593,17863.4073551,3861.91475657,1200,10800,4.54747350886e-13,2.27373675443e-13,8019.23380675,7738.96990797,8019.23380675,7907.81324997,30940.3350247,79069.6827948,76370.8667952,1355.27177062,144.495855599,21515.6059507,17175.4033112,1537.39175252,18,826
2025-07-07,PuLP HiGHS,Optimal,3.716178,8019.23380675,8194.65903998,1.124955|0.726615|0.384264,5589.31808|8194.65904|10800,5589.31807995,6830.8651423,45278.571318,2791.76399087,48070.3353088,42586.6248058,CVaR,0.9,0.1,7981.0399158,13471.5463929,1347.15463929,73920.4269869,744.369609588,69194.8858916,4725.54109526,22071.709551,17720.2020264,3812.96866031,1200,10800,1.13686837722e-12,2.27373675443e-13,8194.65903998,8019.23380675,8194.65903998,7318.34251322,26064.015602,71342.58692,71202.5668597,2717.86012717,1236.52581419,19563.2530641,15688.352272,4540.30624123,35,1020
2025-07-08,PuLP HiGHS,Optimal,3.2762503,8194.65903998,7435.08813863,1.124955|0.726615|0.384264,4070.176277|7435.088139|10800,4070.17627725,5673.81458613,54916.0789543,3238.41434916,58154.4933034,54751.6370175,CVaR,0.9,0.1,6546.60589528,22709.5830017,2270.95830017,86551.9457501,885.954621085,81074.8341886,5477.11156153,21657.3937032,18226.1027108,3120.09781433,1200,10800,1.25055521494e-12,4.54747350886e-13,7435.08813863,8194.65903998,7435.08813863,926.772136728,3611.35720381,58527.4361581,79427.2712678,7124.6744823,1703.21034883,19805.5781594,16726.1321203,3351.78613417,28,920
2025-07-09,PuLP HiGHS,Optimal,2.93159569998,7435.08813863,8225.19947837,1.124955|0.726615|0.384264,5650.398957|8225.199478|10800,5650.39895674,6877.38723941,56072.5371883,3245.26918023,59317.8063685,54282.0412856,CVaR,0.9,0.1,4809.65822001,18416.2215646,1841.62215646,88734.1950538,855.1383583,83247.7523723,5486.44268153,23263.8723545,18132.6364014,3222.99086507,1200,10800,9.09494701773e-13,9.09494701773e-13,8225.19947837,7435.08813863,8225.19947837,463.939994745,1792.62757364,57865.164762,80041.0958167,8693.09923712,1823.66435469,20587.0854436,15964.4390036,4844.98430863,33,968
2025-07-10,PuLP HiGHS,Optimal,3.50583930002,8225.19947837,8271.78023173,1.124955|0.726615|0.384264,5743.560463|8271.780232|10800,5743.56046346,6948.34346809,57998.4767306,2728.46156392,60726.9382946,55547.5774268,CVaR,0.9,0.1,9175.24446798,17689.8260038,1768.98260038,90956.9641185,710.038770611,84098.3518963,6858.61222226,23296.5887142,18828.3141805,3616.61891353,1200,10800,1.22213350551e-12,4.54747350886e-13,8271.78023173,8225.19947837,8271.78023173,249.228630106,779.895030364,58778.371761,78454.3269159,12502.6372026,2089.38245299,19571.7212194,15811.1715097,6742.01016569,34,895
2025-07-11,PuLP HiGHS,Optimal,3.5249515,8271.78023173,7795.87422444,1.124955|0.726615|0.384264,4652.242605|7726.121303|10800,4652.24260535,6117.14394975,28202.7052875,1748.94083187,29951.6461194,25200.230849,CVaR,0.9,0.1,3671.27275449,13657.2867944,1365.72867944,46499.4895117,482.437624644,42527.9954866,3971.49402515,17918.586468,15005.1480753,10909.6404246,1200,10800,9.09494701773e-13,1.81898940355e-12,7726.12130267,8271.78023173,7795.87422444,410.809719529,1237.26798741,29439.9732749,41623.1028048,4876.38670693,6581.2680807,17695.6984221,14761.8311285,466.204992724,12,617
2025-07-12,PuLP HiGHS,Optimal,3.4277231,7795.87422444,7495.36931021,1.124955|0.726615|0.384264,4054.367565|7427.183782|10800,4054.36756462,5661.77391967,26677.0721401,1033.73752453,27710.8096647,22417.0719455,CVaR,0.9,0.1,2037.59785675,3680.36200547,368.036200547,44828.5539291,280.817455736,42105.4312169,2723.12271215,17590.027497,14579.7436705,10738.6784393,1200,10800,4.54747350886e-13,1.81898940355e-12,7427.18378231,7795.87422444,7495.36931021,480.422890921,1569.43663006,28246.5087702,42103.6941696,2724.85975947,8525.86021105,17076.1470471,14102.1335309,991.490589473,19,752
2025-07-13,PuLP HiGHS,Optimal,0.995306500001,7495.36931021,8664.0497329,1.124955|0.726615|0.384264,6528.099466|8664.049733|10800,6528.09946579,7545.88563787,60776.9337989,2900.37381638,63677.3076153,57903.3283024,CVaR,0.9,0.1,16206.9559254,17719.0632499,1771.90632499,94987.7540684,807.230365564,86047.0486407,8940.7054277,24974.9121426,19177.8664551,4133.31237386,1200,10800,4.54747350886e-13,9.09494701773e-13,8664.0497329,7495.36931021,8664.0497329,59.1219948753,210.625696748,60987.5594956,78216.0491046,16771.7049638,4208.8599,19719.8864159,14921.2956165,9511.59656528,37,810
2025-07-14,PuLP HiGHS,Optimal,3.0824596,8664.0497329,8471.41491216,1.124955|0.726615|0.384264,6142.829824|8471.414912|10800,6142.82982432,7252.44597862,55638.2224952,3278.61765826,58916.8401535,53685.6226705,CVaR,0.9,0.1,5671.75635551,20212.2849561,2021.22849561,87986.0183184,870.937069923,81948.6295095,6037.38880894,22162.6137354,18125.0884644,3629.26683838,1200,10800,0,1.81898940355e-12,8471.41491216,8664.0497329,8471.41491216,174.424799992,879.388024672,56517.6105199,76757.4438118,11228.5745066,1930.29778333,17722.4365814,14528.5449696,8036.72064871,39,930
2025-07-15,PuLP HiGHS,Optimal,4.69166359998,8471.41491216,7786.70369211,1.124955|0.726615|0.384264,4773.407384|7786.703692|10800,4773.40738423,6209.42880068,54637.9726349,3481.54752802,58119.5201629,54446.1765773,CVaR,0.9,0.1,7713.32151066,25360.8521508,2536.08521508,86110.8220463,917.457000401,80713.713095,5397.10895132,21655.8176144,18157.4523657,3592.17617594,1200,10800,0,9.09494701773e-13,7786.70369211,8471.41491216,7786.70369211,694.364903096,1933.37284596,56571.3454808,76440.5533419,9670.26870445,1650.81522266,17638.3817737,14903.3293347,7271.55887172,36,932
2025-07-16,PuLP HiGHS,Optimal,0.933365800011,7786.70369211,8588.3490898,1.124955|0.726615|0.384264,6376.69818|8588.34909|10800,6376.69817959,7430.57122674,57364.384926,3075.14102702,60439.525953,54820.9777578,CVaR,0.9,0.1,12592.0510432,18120.2303158,1812.02303158,90536.084319,805.172307037,83217.1287716,7318.9555474,23209.2767664,18078.0333229,3693.90926064,1200,10800,5.45696821064e-12,1.81898940355e-12,8588.3490898,7786.70369211,8588.3490898,376.666659407,1409.05559687,58773.4405228,78780.3780479,11755.7062712,2707.38593333,18913.7606983,14598.6653077,7774.88408332,35,889
2025-07-17,PuLP HiGHS,Optimal,3.3672902,8588.3490898,8215.11398226,1.124955|0.726615|0.384264,5630.227965|8215.113982|10800,5630.22796453,6862.02405361,56161.9691596,3395.8220232,59557.7911828,55188.9919696,CVaR,0.9,0.1,15106.6055205,24932.248404,2493.2248404,88518.2587892,898.765393638,81110.684872,7407.57391718,21928.7908256,18098.2321655,4254.16317444,1200,10800,2.27373675443e-13,4.54747350886e-13,8215.11398226,8588.3490898,8215.11398226,579.407599304,2314.48307096,58476.4522306,77717.6384292,10800.62036,2129.09126602,19912.8962768,16465.357581,3648.76913335,28,829
2025-07-18,PuLP HiGHS,Optimal,3.5329774,8215.11398226,7842.03344649,1.124955|0.726615|0.384264,4751.337315|7775.668658|10800,4751.3373154,6192.61918793,26620.9912644,1425.15569185,28046.1469563,22778.6205536,CVaR,0.9,0.1,2072.86318537,9250.92785289,925.092785289,44698.50391,381.243375567,41559.1056404,3139.39826962,18674.9471575,15522.2079897,11794.806919,1200,10800,4.54747350886e-13,1.81898940355e-12,7775.6686577,8215.11398226,7842.03344649,182.227586058,721.059127,27342.0503914,41093.6599414,3604.84396861,7073.22072177,17179.9536206,14251.5349149,2765.66661171,27,662
2025-07-19,PuLP HiGHS,Optimal,3.06453120001,7842.03344649,7787.82845222,1.124955|0.726615|0.384264,4775.656904|7787.828452|10800,4775.65690445,6211.14214213,27567.2337963,1841.44249075,29408.6762871,24683.8217162,CVaR,0.9,0.1,3224.04000022,14862.8757129,1486.28757129,46079.5588773,495.83335304,42229.2105255,3850.34835179,17986.476058,14617.8301018,11483.9261997,1200,10800,4.54747350886e-13,1.81898940355e-12,7787.82845222,7842.03344649,7787.82845222,186.919718938,552.040134045,28119.2739304,42307.8608787,3771.69799857,12163.5990679,16827.0893402,13678.7268604,2098.48995934,21,577
2025-07-20,PuLP HiGHS,Optimal,4.4083639,7787.82845222,7571.54628425,1.124955|0.726615|0.384264,4343.092569|7571.546284|10800,4343.09256851,5881.68059707,52327.0677217,2624.39272894,54951.4604506,50486.034491,CVaR,0.9,0.1,4744.70523727,14162.5463744,1416.25463744,82719.1120261,701.796185147,78069.6730623,4649.43896383,21730.5487385,17796.3984294,3693.36763127,1200,10800,6.25277607469e-13,1.81898940355e-12,7571.54628425,7787.82845222,7571.54628425,891.245402009,2771.09207521,55098.1597969,76395.266437,6323.84558915,1736.75626146,19233.8490108,15774.0716499,4519.02650711,33,1018
2025-07-21,PuLP HiGHS,Optimal,3.3477863,7571.54628425,8274.5671516,1.124955|0.726615|0.384264,5749.134303|8274.567152|10800,5749.1343032,6952.5887692,56780.2686445,3343.09058608,60123.3592305,55324.551562,CVaR,0.9,0.1,15435.1734805,21537.8110065,2153.78110065,89467.0535029,889.728263505,82537.9025828,6929.15092005,23201.9511916,18160.8616846,3612.77160972,1200,10800,4.54747350886e-13,4.54747350886e-13,8274.5671516,7571.54628425,8274.5671516,381.903714844,1337.16475195,58117.4333964,79821.9601812,9645.09332172,1620.92581367,20844.5786932,16251.3899609,4266.84422202,36,849
2025-07-22,PuLP HiGHS,Optimal,3.52070580001,8274.5671516,7712.57010562,1.124955|0.726615|0.384264,4625.140211|7712.570106|10800,4625.14021125,6096.50147905,54283.8114209,3184.81526252,57468.6266835,53761.3541138,CVaR,0.9,0.1,6011.95436352,23892.2890943,2389.22890943,85913.0602912,819.4289691,79745.2054101,6167.85488117,21831.8049918,18189.5593848,3784.64944399,1200,10800,6.8212102633e-13,2.27373675443e-13,7712.57010562,8274.5671516,7712.57010562,622.428130404,2175.02121103,56458.832632,77066.9998227,8846.06046851,708.468317318,19429.5387396,16243.7237204,4348.10191657,33,883
2025-07-23,PuLP HiGHS,Optimal,3.7830887,7712.57010562,7837.44203439,1.124955|0.726615|0.384264,4874.884069|7837.442034|10800,4874.88406878,6286.71826378,55159.0939889,2788.77941743,57947.8734064,53613.3739346,CVaR,0.9,0.1,5430.36908774,19522.1879198,1952.21879198,87334.0667245,720.156329677,81445.2788378,5888.7878867,22255.5685799,17914.6258138,3885.34579895,1200,10800,4.54747350886e-13,4.54747350886e-13,7837.44203439,7712.57010562,7837.44203439,508.076355339,1747.01470915,56906.1086981,79911.0077053,7423.05901925,2223.64817383,20350.0212327,16371.1324626,3449.04069844,30,886
2025-07-24,PuLP HiGHS,Optimal,2.94693890002,7837.44203439,8411.66488954,1.124955|0.726615|0.384264,6023.329779|8411.66489|10800,6023.32977908,7161.42906791,55494.1126976,3126.25611818,58620.3688157,53605.7713719,CVaR,0.9,0.1,10666.4651817,21468.3162413,2146.83162413,87968.758976,818.330543061,81807.9894785,6160.76949748,23304.1248231,18359.5405371,3703.14610352,1200,10800,1.13686837722e-12,4.54747350886e-13,8411.66488954,7837.44203439,8411.66488954,701.194274906,2860.35579038,58354.4684879,78377.1368899,9591.62208602,1239.82814792,19501.2128805,15279.1818635,6883.27061624,34,922
2025-07-25,PuLP HiGHS,Optimal,3.3904116,8411.66488954,8811.76713579,1.124955|0.726615|0.384264,6684.667201|8742.333601|10800,6684.66720127,7665.13506218,29760.9684368,1712.40147263,31473.3699094,24894.4370616,CVaR,0.9,0.1,9706.67572265,10862.0221435,1086.20221435,49294.5764913,501.391328267,43152.0161829,6142.56030835,19047.037334,15130.4984006,10607.2842649,1200,10800,3.41060513165e-13,1.81898940355e-12,8742.33360064,8411.66488954,8811.76713579,70.4916121931,241.427791214,30002.396228,41871.1750625,7423.4014288,11669.5947641,17929.79117,14163.0388261,2084.70573859,24,568
2025-07-26,PuLP HiGHS,Optimal,3.8604917,8811.76713579,8321.73923359,1.124955|0.726615|0.384264,5632.307268|8216.153634|10800,5632.30726752,6863.60774954,27980.6805353,1874.39196697,29855.0725022,24593.3910405,CVaR,0.9,0.1,3404.8842033,16019.2628787,1601.92628787,46450.5376,505.308778978,42311.3174206,4139.2201794,18862.6167797,15814.7717434,10988.0729836,1200,10800,4.54747350886e-13,9.09494701773e-13,8216.15363376,8811.76713579,8321.73923359,213.296187663,632.353483164,28613.0340184,41006.3746934,5444.16290659,9825.75703611,17714.9862646,14790.1639863,2172.23827219,24,541
2025-07-27,PuLP HiGHS,Optimal,3.42859549998,8321.73923359,7711.56658157,1.124955|0.726615|0.384264,4623.133163|7711.566582|10800,4623.13316313,6094.97281587,53737.2440423,3527.76761377,57265.0116561,53759.8459697,CVaR,0.9,0.1,4924.69718977,25898.0712949,2589.80712949,85082.333497,908.309002534,79226.8427864,5855.49071059,21691.0601718,18118.914126,3731.86429871,1200,10800,6.8212102633e-13,9.09494701773e-13,7711.56658157,8321.73923359,7711.56658157,1136.10984223,4574.63359537,58311.8776377,77193.635019,7888.69847802,1298.24233151,20502.463771,17156.1510413,2151.35948542,21,915
2025-07-28,PuLP HiGHS,Optimal,4.86749109998,7711.56658157,7754.28172547,1.124955|0.726615|0.384264,4708.563451|7754.281725|10800,4708.56345095,6160.04058101,53443.8806312,2698.09205004,56141.9726812,51424.2464984,CVaR,0.9,0.1,6090.21754912,14423.1439821,1442.31439821,84881.3467567,722.646519025,79546.8311843,5334.51557235,22597.1754386,18265.2684757,3333.78848289,1200,10800,9.09494701773e-13,9.09494701773e-13,7754.28172547,7711.56658157,7754.28172547,2084.05963241,7639.22037275,61083.1010039,80225.6427462,4655.70401046,208.244844141,21621.7719559,17475.1916548,1765.48030371,22,981
2025-07-29,PuLP HiGHS,Optimal,3.21015119998,7754.28172547,8165.74206976,1.124955|0.726615|0.384264,5531.48414|8165.74207|10800,5531.48413953,6786.81606616,56370.1370389,3354.61932543,59724.7563643,55170.7166998,CVaR,0.9,0.1,12285.814192,22327.7640162,2232.77640162,89100.2432701,872.73375819,82321.179678,6779.06359213,22927.4851265,18200.9486426,3443.29272712,1200,10800,4.54747350886e-13,1.81898940355e-12,8165.74206976,7754.28172547,8165.74206976,1141.63082849,3673.97493898,60044.1119778,79783.9690497,9316.27422048,608.09035,20410.2593068,16161.9957286,4556.17873364,31,863
2025-07-30,PuLP HiGHS,Optimal,3.13686079998,8165.74206976,9260.78219995,1.124955|0.726615|0.384264,7721.5644|9260.7822|10800,7721.56439991,8454.88522128,58408.3361637,3547.75552927,61956.091693,54942.480388,CVaR,0.9,0.1,13113.7461547,14412.739163,1441.2739163,92334.9757828,955.791036645,84338.7922935,7996.18348933,23920.0921342,18389.7385116,3070.12819518,1200,10800,9.09494701773e-13,1.81898940355e-12,9260.78219995,8165.74206976,9260.78219995,249.656425716,1028.70914975,59437.0453135,80839.2188944,11495.7568885,1941.39453333,21361.5295766,16317.3028399,4630.99822924,33,919
2025-07-31,PuLP HiGHS,Optimal,4.7505504,9260.78219995,7759.20547291,1.124955|0.726615|0.384264,4718.410946|7759.205473|10800,4718.41094581,6167.54090085,53815.9763013,2997.72549041,56813.7017918,52304.8483976,CVaR,0.9,0.1,7491.49150026,16586.8750672,1658.68750672,85052.6519385,815.625714168,79389.4294057,5663.22253277,20672.4388363,18096.0945117,3217.7345461,1200,10800,3.41060513165e-13,1.81898940355e-12,7759.20547291,9260.78219995,7759.20547291,620.508012859,2489.29580961,56305.272111,77128.3296407,7924.32229778,832.955116667,18801.6069714,16580.7207012,3386.20567538,31,1018
2025-08-01,PuLP HiGHS,Optimal,3.27451670001,7759.20547291,8832.38718717,1.124955|0.726615|0.384264,6630.919696|8715.459848|10800,6630.91969581,7624.19840902,28799.015656,1642.59583024,30441.6114862,24049.906969,CVaR,0.9,0.1,10079.624671,12324.9389181,1232.49389181,48135.5753743,467.202116819,43246.572949,4889.00242523,19017.1776088,14543.2849256,9983.77601594,1200,10800,2.27373675443e-13,1.81898940355e-12,8715.45984791,7759.20547291,8832.38718717,91.1247242564,230.12393421,29029.1395902,42244.7070771,5890.86829716,16832.0183467,17297.8433954,13045.3896074,3217.2295316,24,559
2025-08-02,PuLP HiGHS,Optimal,3.10623909999,8832.38718717,7742.28073231,1.124955|0.726615|0.384264,4665.939758|7732.969879|10800,4665.93975828,6127.57635205,26022.2519576,1864.0254793,27886.2774369,23141.0713533,CVaR,0.9,0.1,2553.03985883,13823.7026848,1382.37026848,43657.4622082,488.039526725,40450.233846,3207.22836221,17925.5220879,15509.1484685,10009.7957186,1200,10800,0,1.81898940355e-12,7732.96987914,8832.38718717,7742.28073231,142.407495048,508.461132657,26530.7130903,39295.8969535,4361.56525476,16312.3223768,16737.1207778,14538.1636394,2159.38613914,23,701
2025-08-03,PuLP HiGHS,Optimal,7.75873230002,7742.28073231,8325.44739803,1.124955|0.726615|0.384264,5850.894796|8325.447398|10800,5850.89479606,7030.09439418,55683.7082339,3434.75574584,59118.4639798,54239.5339007,CVaR,0.9,0.1,12047.7046397,21511.6431509,2151.16431509,88237.0833464,914.376277511,81075.4421425,7161.6412039,23086.433658,18175.1612638,3691.15378316,1200,10800,4.54747350886e-13,9.09494701773e-13,8325.44739803,7742.28073231,8325.44739803,50.2368672083,172.235216376,55855.9434503,74049.1589274,14187.924419,7342.0283,17858.0921691,13940.2046578,9463.29809487,40,844
2025-08-04,PuLP HiGHS,Optimal,3.44599770001,8325.44739803,8336.61177399,1.124955|0.726615|0.384264,5873.223548|8336.611774|10800,5873.22354797,7047.10103225,53084.0517672,3514.71319959,56598.7649668,51439.8363596,CVaR,0.9,0.1,13645.9177154,18881.7242509,1888.17242509,84445.3553524,941.227938161,78590.4662263,5854.88912611,22108.5866133,17897.9072184,3511.24123901,1200,10800,6.25277607469e-13,4.54747350886e-13,8336.61177399,8325.44739803,8336.61177399,203.626016831,645.114587537,53729.1663547,73539.7768041,10905.5785483,4880.69652852,18089.4908987,14642.4396896,7274.56324346,43,920
2025-08-05,PuLP HiGHS,Optimal,2.9558276,8336.61177399,8766.83845873,1.124955|0.726615|0.384264,6733.676917|8766.838459|10800,6733.67691746,7702.46318999,54804.7466206,3240.11622057,58044.8628412,52252.7579295,CVaR,0.9,0.1,12889.8504224,19103.5827833,1910.35827833,86640.8873152,882.214532972,78801.4945676,7839.3927476,23090.8536484,18316.387439,4210.97625024,1200,10800,4.54747350886e-13,1.81898940355e-12,8766.83845873,8336.61177399,8766.83845873,54.8840856957,213.456929218,55018.2035499,73689.15332,12951.7339952,4566.32541442,19148.411798,15123.0095401,7135.81974922,40,847
2025-08-06,PuLP HiGHS,Optimal,3.03867330001,8766.83845873,10594.9066409,1.124955|0.726615|0.384264,10389.81328|10594.90664|10800,10389.8132819,10487.1503116,55569.1698538,3191.06072702,58760.2305808,49782.1617693,CVaR,0.9,0.1,10700.3278765,15090.8150011,1509.08150011,88411.6555107,862.006429609,79950.3485949,8461.30691582,24015.6815156,17807.4406637,4369.2873491,1200,10800,1.13686837722e-12,2.27373675443e-13,10594.9066409,8766.83845873,10594.9066409,262.036270378,939.407785732,56508.5776395,76911.6616835,11499.9938272,3434.78117086,20943.4534334,15318.9359171,5560.73282871,33,876
2025-08-07,PuLP HiGHS,Optimal,4.45388690001,10594.9066409,7749.84714169,1.124955|0.726615|0.384264,4699.694283|7749.847142|10800,4699.69428338,6153.2854017,48591.7327811,2891.66113075,51483.3939118,47115.713149,CVaR,0.9,0.1,7359.83297453,17856.0463886,1785.60463886,75724.4406739,785.355953454,70855.6995956,4868.74107823,17635.2114565,16845.0748291,4907.34061827,1200,10800,9.09494701773e-13,9.09494701773e-13,7749.84714169,10594.9066409,7749.84714169,518.346274062,1557.80372835,50149.5365094,68353.4721221,7370.96855182,5075.41982848,15626.1414051,15217.7280874,3636.41679311,28,902
2025-08-08,PuLP HiGHS,Optimal,3.51358130001,7749.84714169,8058.25278521,1.124955|0.726615|0.384264,5263.194198|8031.597099|10800,5263.19419832,6582.47370317,27979.9875992,1752.78880426,29732.7764035,24458.1558656,CVaR,0.9,0.1,10546.6344706,13078.531653,1307.8531653,46600.2396305,469.011455343,41496.7131244,5103.52650616,19828.2816076,15807.3331404,17091.8963382,1200,10800,4.09272615798e-12,1.81898940355e-12,8031.59709916,7749.84714169,8058.25278521,121.528743132,421.127015374,28401.1146146,39588.3500535,7011.88957706,20256.1469103,17899.9766166,14221.4159802,3514.22215119,26,543
2025-08-09,PuLP HiGHS,Optimal,3.2623338,8058.25278521,8207.6215342,1.124955|0.726615|0.384264,5518.634648|8159.317324|10800,5518.63464793,6777.02928301,26521.6528272,1792.75811582,28314.410943,23118.6340633,CVaR,0.9,0.1,12964.9941982,15812.5240325,1581.25240325,44418.4559679,483.590457631,40296.2636815,4122.19228638,21474.0452227,17303.0185455,17059.0275766,1200,10800,9.09494701773e-13,9.09494701773e-13,8159.31732396,8058.25278521,8207.6215342,201.75919401,726.535078545,27248.1879058,39865.3251641,4553.13080385,17607.2974177,17912.7687701,14374.9108297,6489.3841685,27,538
2025-08-10,PuLP HiGHS,Optimal,3.77018230001,8207.6215342,8318.79755281,1.124955|0.726615|0.384264,5837.595106|8318.797553|10800,5837.59510562,7019.96471821,51445.1769199,2652.27706922,54097.4539891,48939.9957086,CVaR,0.9,0.1,7007.37683547,18625.064377,1862.5064377,80766.4635092,715.655210644,74632.6905062,6133.77300293,21009.6543376,16917.7615967,5325.97124003,1200,10800,4.54747350886e-13,9.09494701773e-13,8318.79755281,8207.6215342,8318.79755281,129.951229818,334.457839596,51779.6347595,72218.1338186,8548.32969057,3487.74197793,18187.7137038,14631.9896833,5107.71254711,36,797
2025-08-11,PuLP HiGHS,Optimal,3.41841469999,8318.79755281,7727.0476551,1.124955|0.726615|0.384264,4654.09531|7727.047655|10800,4654.09531021,6118.55505778,48627.1983064,2519.04405171,51146.2423581,46310.0893584,CVaR,0.9,0.1,3800.99527134,12824.0205812,1282.40205812,76804.0369995,700.735495716,72200.0304823,4604.00651727,19548.8830095,16367.1701457,4293.33207924,1200,10800,4.54747350886e-13,2.27373675443e-13,7727.0476551,8318.79755281,7727.0476551,687.387776651,2868.11951427,51495.3178207,71314.5941632,5489.44283629,4492.56550906,18319.6737128,15371.5106153,2224.86882713,29,925
2025-08-12,PuLP HiGHS,Optimal,5.25426449999,7727.0476551,7849.2823521,1.124955|0.726615|0.384264,4898.564704|7849.282352|10800,4898.56470421,6304.75456055,49102.0152699,2624.82333593,51726.8386058,47013.1715935,CVaR,0.9,0.1,7362.51488824,15910.8754818,1591.08754818,78095.5500616,714.169336393,72645.7244265,5449.82563506,20796.3625143,16735.0424093,5464.20017522,1200,10800,9.09494701773e-13,9.09494701773e-13,7849.2823521,7727.0476551,7849.2823521,1003.49522849,3995.24129402,53097.2565639,72990.7841121,5104.76594948,2637.05768376,18350.8777869,14754.1997801,4426.32735657,35,872
2025-08-13,PuLP HiGHS,Optimal,4.07055039998,7849.2823521,7715.15905007,1.124955|0.726615|0.384264,4630.3181|7715.15905|10800,4630.31810015,6100.44520518,48683.96,2448.56985648,51132.5298565,46468.0382083,CVaR,0.9,0.1,4229.34113567,14359.5355701,1435.95355701,77359.2178421,662.736856172,72624.7131561,4734.50468599,20479.2753447,16708.9240011,4858.83559405,1200,10800,4.54747350886e-13,2.27373675443e-13,7715.15905007,7849.2823521,7715.15905007,733.970018031,2461.38764049,51145.3476405,71333.3433544,6025.87448776,2611.75618925,18185.7300262,14851.1522931,4151.3170265,33,933
2025-08-14,PuLP HiGHS,Optimal,7.75040210001,7715.15905007,8414.25105138,1.124955|0.726615|0.384264,6028.502103|8414.251051|10800,6028.50210277,7165.36855532,50365.5655334,2838.80870794,53204.3742414,47907.7633378,CVaR,0.9,0.1,5295.21609979,18687.5765177,1868.75765177,79850.2578239,761.771887582,73770.9657562,6079.29206767,21571.4230395,16843.6698608,4537.64566143,1200,10800,9.09494701773e-13,1.81898940355e-12,8414.25105138,7715.15905007,8414.25105138,646.829575516,3056.69530753,53422.260841,73324.4888844,6525.76893948,3504.66349376,20585.1641139,16044.8001311,1785.12865545,27,807
2025-08-15,PuLP HiGHS,Optimal,4.16016290002,8414.25105138,7931.8738459,1.124955|0.726615|0.384264,4816.077986|7808.038993|10800,4816.07798592,6241.92875778,25795.2428927,1711.26336584,27506.5062586,22702.0507132,CVaR,0.9,0.1,4241.23716354,14374.732124,1437.4732124,43200.9430177,460.922097422,39186.1679398,4014.77507783,20354.8113437,17032.988041,16994.3194268,1200,10800,3.18323145621e-12,4.54747350886e-13,7808.03899296,8414.25105138,7931.8738459,200.127193131,501.500761084,26296.7436538,39254.1907183,3946.75229938,19365.7811794,17699.733335,14770.9234863,4917.14256331,23,558
2025-08-16,PuLP HiGHS,Optimal,3.6266743,7931.8738459,7898.09223652,1.124955|0.726615|0.384264,4943.478282|7871.739141|10800,4943.478282,6338.96287479,25091.5257785,1453.90678148,26545.43256,21177.0905195,CVaR,0.9,0.1,1821.09459696,9706.20834326,970.620834326,42575.5166122,378.454440089,39538.6488324,3036.86777983,20971.9144361,17041.3719276,17624.8875932,1200,10800,2.27373675443e-13,9.09494701773e-13,7871.739141,7931.8738459,7898.09223652,327.097009845,1231.38380719,26322.9095857,39525.4606695,3050.05594275,19607.997542,17608.859048,14293.5792773,6110.84803831,29,650
2025-08-17,PuLP HiGHS,Optimal,7.9939957,7898.09223652,7831.99009915,1.124955|0.726615|0.384264,4863.980198|7831.990099|10800,4863.98019831,6278.41335809,48747.1106099,2803.0336678,51550.1442777,46924.8657936,CVaR,0.9,0.1,5190.61153307,16531.3487402,1653.13487402,76993.8721376,775.670086435,71953.8580521,5040.01408556,20054.027026,16303.2538147,4437.64452009,1200,10800,9.09494701773e-13,1.81898940355e-12,7831.99009915,7898.09223652,7831.99009915,561.620166899,2304.45486081,51051.5654707,71240.0963892,5753.77574843,5164.93274232,18583.5901093,15112.1999122,2661.49081922,30,875
2025-08-18,PuLP HiGHS,Optimal,4.59788420002,7831.99009915,7745.88858058,1.124955|0.726615|0.384264,4691.777161|7745.888581|10800,4691.77716116,6147.25534536,49693.7601163,2917.59587492,52611.3559912,48585.9299965,CVaR,0.9,0.1,7248.05428841,21218.2935064,2121.82935064,78999.2728029,816.726100468,73402.2413688,5597.03143413,21316.4804427,17343.8405253,5223.4914679,1200,10800,9.09494701773e-13,4.54747350886e-13,7745.88858058,7831.99009915,7745.88858058,481.986478329,1988.15235247,51681.9124688,71254.5376599,7744.73514302,3735.13028684,19393.5242182,15786.2459834,3480.55076638,34,823
2025-08-19,PuLP HiGHS,Optimal,3.42065640001,7745.88858058,7987.61138193,1.124955|0.726615|0.384264,5175.222764|7987.611382|10800,5175.22276387,6515.47048004,50341.5650193,2997.36073791,53338.9257572,49023.9336431,CVaR,0.9,0.1,7568.44410103,22004.7836588,2200.47836588,79616.1707578,798.551297603,73684.8916536,5931.27910417,21444.4767006,17152.4756063,5326.12594384,1200,10800,9.09494701773e-13,2.27373675443e-13,7987.61138193,7745.88858058,7987.61138193,239.603660027,850.061748277,51191.6267676,72708.2363656,6907.93439217,4882.3709013,18580.3081743,14832.4991,5184.14503256,39,817
2025-08-20,PuLP HiGHS,Optimal,3.31481800001,7987.61138193,7870.77933487,1.124955|0.726615|0.384264,4941.55867|7870.779335|10800,4941.55866975,6337.50080692,49044.6798929,3117.80677597,52162.4866689,48024.6209502,CVaR,0.9,0.1,11842.9119977,21996.3508822,2199.63508822,77455.1663951,845.34058051,72008.6469775,5446.51941754,20208.9151039,16474.3700765,4468.55118084,1200,10800,1.13686837722e-12,2.27373675443e-13,7870.77933487,7987.61138193,7870.77933487,2585.08230722,10975.4061966,60020.0860895,72768.330959,4686.83543601,997.593239966,20054.0936947,16348.964735,280.226750695,10,828
2025-08-21,PuLP HiGHS,Optimal,4.15462769999,7870.77933487,7868.69265664,1.124955|0.726615|0.384264,4937.385313|7868.692657|10800,4937.38531328,6334.32218039,49968.7893083,2766.21085666,52735.000165,48353.4755891,CVaR,0.9,0.1,5002.49908635,19527.9760454,1952.79760454,78798.8948654,727.384352525,73367.5151973,5431.37966802,21678.6095145,17561.5517171,4909.86120361,1200,10800,9.09494701773e-13,9.09494701773e-13,7868.69265664,7870.77933487,7868.69265664,386.616722322,1338.71139231,51307.5007007,72020.9291246,6777.9657407,3071.4498125,18387.1345345,14895.4569833,5957.56971378,40,862
2025-08-22,PuLP HiGHS,Optimal,2.9045065,7868.69265664,7734.6190214,1.124955|0.726615|0.384264,4629.942563|7714.971282|10800,4629.94256335,6100.15917852,25190.6057012,1542.747346,26733.3530472,21732.2871808,CVaR,0.9,0.1,2007.38724322,10990.9331212,1099.09331212,42709.8063243,411.155047807,39592.0105338,3117.79579052,19761.0603081,16144.808087,17529.773818,1200,10800,1.81898940355e-12,1.81898940355e-12,7714.97128167,7868.69265664,7734.6190214,718.41955014,2785.70909219,27976.3147934,40134.195523,2575.6108013,16464.7617188,17252.3696109,14095.0856565,4558.41312776,18,639
2025-08-23,PuLP HiGHS,Optimal,2.75164170002,7734.6190214,7759.22034775,1.124955|0.726615|0.384264,4691.258059|7745.62903|10800,4691.25805936,6146.85997276,25411.2718231,1426.9334933,26838.2053164,21543.8812572,CVaR,0.9,0.1,1913.54255689,8525.3591357,852.53591357,42992.5321946,389.561398886,39900.7029603,3091.82923438,20114.6638159,16282.9686834,17677.4792729,1200,10800,2.27373675443e-11,3.63797880709e-12,7745.62902968,7734.6190214,7759.22034775,328.476489317,1189.60164887,26600.8734719,40202.075365,2790.45682959,14730.7355935,17092.9943009,13823.18419,5481.4540084,21,658
2025-08-24,PuLP HiGHS,Optimal,8.606745,7759.22034775,7787.694392,1.124955|0.726615|0.384264,4775.388784|7787.694392|10800,4775.388784,6210.93792886,49716.020202,2928.69024608,52644.7104481,48421.6743625,CVaR,0.9,0.1,3508.15331497,19879.0184329,1987.90184329,78699.8980837,776.484057749,73436.6230667,5263.27501701,21122.8342843,17083.8691305,4168.17373997,1200,10800,9.09494701773e-13,1.81898940355e-12,7787.694392,7759.22034775,7787.694392,458.227635355,1882.362496,51598.382698,71962.0015703,6737.8965134,4908.84503611,19748.2528758,15970.4581896,2487.99234935,27,905
2025-08-25,PuLP HiGHS,Optimal,4.06407759999,7787.694392,8428.13114279,1.124955|0.726615|0.384264,6056.262286|8428.131143|10800,6056.26228559,7186.51202916,52057.8972137,2797.85860191,54855.7558156,49573.9923381,CVaR,0.9,0.1,10664.9073455,19047.4855171,1904.74855171,82239.6412061,748.390842836,75988.8436902,6250.7975159,23170.0924232,18191.3817871,4526.67358911,1200,10800,1.22213350551e-12,1.81898940355e-12,8428.13114279,7787.694392,8428.13114279,832.270931483,3246.51092575,55304.4081394,75899.2081065,6340.43309961,1424.05093099,20831.3053399,16296.9642496,4233.20462083,32,834
2025-08-26,PuLP HiGHS,Optimal,3.60622310001,8428.13114279,8088.20817139,1.124955|0.726615|0.384264,5376.416343|8088.208171|10800,5376.41634279,6668.70906644,49462.3205623,2625.65067706,52087.9712394,46708.8536232,CVaR,0.9,0.1,6810.04015602,12895.9145022,1289.59145022,78123.0400102,723.051287716,73481.8647658,4641.1752444,20864.6133109,17206.2674561,4298.2364684,1200,10800,4.54747350886e-13,9.09494701773e-13,8088.20817139,8428.13114279,8088.20817139,572.642295943,2429.4087265,51891.7292888,71303.4282711,6819.6117391,2966.27009883,19404.8039957,16023.8219108,2642.2548604,31,996
2025-08-27,PuLP HiGHS,Optimal,3.8471817,8088.20817139,8248.3583733,1.124955|0.726615|0.384264,5696.716747|8248.358373|10800,5696.71674661,6912.66506826,52239.402625,3021.40463494,55260.8072599,50615.411859,CVaR,0.9,0.1,9624.56425441,22672.6966733,2267.26966733,82321.3707494,811.894039663,75795.6056724,6525.76507698,22375.6328304,17980.1274109,5006.31422813,1200,10800,9.09494701773e-13,2.27373675443e-13,8248.3583733,8088.20817139,8248.3583733,231.293789722,969.042411142,53208.4450361,75020.6106548,7300.76009463,3206.74003138,20983.580867,16852.5653206,2519.61405367,31,846
2025-08-28,PuLP HiGHS,Optimal,3.559878,8248.3583733,8102.24209929,1.124955|0.726615|0.384264,5404.484199|8102.242099|10800,5404.48419859,6690.08687864,51142.8750142,2908.35440153,54051.2294157,49408.8656031,CVaR,0.9,0.1,6904.75946326,20477.230661,2047.7230661,80707.2438104,783.35463879,74915.1156626,5792.12814776,21844.7536433,17825.7550977,4861.71954887,1200,10800,9.09494701773e-13,4.54747350886e-13,8102.24209929,8248.3583733,8102.24209929,2095.69247012,8056.4531326,59199.3281468,74114.3906058,6592.85320459,1768.65571667,20027.0369606,16353.4045847,3290.06719554,28,900
2025-08-29,PuLP HiGHS,Optimal,3.6522792,8102.24209929,8354.41956702,1.124955|0.726615|0.384264,5838.060204|8319.030102|10800,5838.06020391,7020.31895916,28462.4238816,1810.49196924,30272.9158509,24715.6196205,CVaR,0.9,0.1,10674.6715637,14630.227288,1463.0227288,47176.1815965,484.285583908,42336.7625319,4839.41906466,19783.7027988,15829.6900647,14874.2348399,1200,10800,2.04636307899e-12,2.27373675443e-12,8319.03010196,8102.24209929,8354.41956702,255.593774707,1132.18527622,29594.6091578,40615.5277955,6560.65380103,14602.7287478,18348.4881655,14635.3156931,2629.58900495,20,559
2025-08-30,PuLP HiGHS,Optimal,3.30895060001,8354.41956702,8341.41680199,1.124955|0.726615|0.384264,5857.111781|8328.555891|10800,5857.11178106,7034.82954526,26881.0001586,1599.48752167,28480.4876802,22561.3011595,CVaR,0.9,0.1,4265.13583262,11156.4302448,1115.64302448,44901.4645576,426.099792148,41225.0217367,3676.44282097,19414.8609423,15749.3146721,15308.3761805,1200,10800,9.09494701773e-13,4.54747350886e-13,8328.55589053,8354.41956702,8341.41680199,104.090734513,318.159471687,27199.1596303,41375.5224837,3525.94207396,19715.4063725,17174.6815837,13923.1945713,4066.29945942,28,642
2025-08-31,PuLP HiGHS,Optimal,4.57713680001,8341.41680199,7847.08168171,1.124955|0.726615|0.384264,4894.163363|7847.081682|10800,4894.16336343,6301.40229035,51870.8985701,3076.28386292,54947.1824331,50843.0040558,CVaR,0.9,0.1,5414.98388633,21972.2391309,2197.22391309,81244.0585223,815.884908102,74925.8940859,6318.16443637,21904.1703878,18187.2796224,4317.92408525,1200,10800,4.54747350886e-13,9.09494701773e-13,7847.08168171,8341.41680199,7847.08168171,315.391688943,1261.46988257,53132.3684527,72856.3130069,8387.74551537,3372.03303134,18936.5799445,15783.5313633,5371.33870239,31,838
2025-09-01,PuLP HiGHS,Optimal,4.9763445,7847.08168171,7999.73983219,1.124955|0.726615|0.384264,4613.683924|7706.841962|10800,4613.68392364,6087.77582623,50979.047365,2824.09005954,53803.1374246,49660.0363459,CVaR,0.9,0.1,5532.02031532,19446.747475,1944.6747475,80470.0125386,753.326740151,74856.2746697,5613.73786889,21720.8084843,17720.0706201,3976.24551121,1200,10800,9.09494701773e-13,4.54747350886e-13,7706.84196182,7847.08168171,7999.73983219,11.9187897135,27.7826988223,51006.8300639,62795.3057326,17674.706806,5711.33369733,17812.441875,14290.6855833,7337.75164606,46,854
2025-09-02,PuLP HiGHS,Optimal,3.75218320001,7999.73983219,8345.85360727,1.124955|0.726615|0.384264,5589.318638|8194.659319|10800,5589.31863816,6830.86556746,50968.7336089,3256.4166325,54225.1502414,49274.2229246,CVaR,0.9,0.1,12658.2819167,18799.382507,1879.9382507,80564.1114535,894.004248517,74890.0357531,5674.07570037,22252.2836532,17848.9222209,4353.19978444,1200,10800,9.09494701773e-13,2.27373675443e-13,8194.65931908,7999.73983219,8345.85360727,88.9967945516,328.328606074,51297.062215,62194.7035806,18369.4078729,4099.45613438,20078.8736482,15952.3852575,4069.94696832,42,862
2025-09-03,PuLP HiGHS,Optimal,4.20268719998,8345.85360727,7951.55917529,1.124955|0.726615|0.384264,4885.833072|7842.916536|10800,4885.83307194,6295.05754466,50342.2636423,2541.18670942,52883.4503517,47961.3447529,CVaR,0.9,0.1,6192.71305649,13729.5194588,1372.95194588,79167.5828775,695.873769546,73371.2167673,5796.36611012,21513.5073404,17878.5843099,4214.43267715,1200,10800,9.09494701773e-13,9.09494701773e-13,7842.91653597,8345.85360727,7951.55917529,0,0,50342.2636423,63528.1442411,15639.4386364,5018.96851303,17454.334036,14492.8755579,7444.88205635,43,920
2025-09-04,PuLP HiGHS,Optimal,3.30053209999,7951.55917529,8141.95275648,1.124955|0.726615|0.384264,5280.576409|8040.288205|10800,5280.57640907,6595.71282053,51143.065623,2656.54548412,53799.6111071,48785.8089595,CVaR,0.9,0.1,5668.61725829,15819.1067292,1581.91067292,80739.7799802,710.490911998,75042.4628008,5697.31717935,22227.4068152,17924.343394,4025.00254496,1200,10800,9.09494701773e-13,4.54747350886e-13,8040.28820454,7951.55917529,8141.95275648,0,0,51143.065623,64305.8282287,16433.9517514,6550.04390156,19257.1818638,15426.9630866,5467.60525877,44,912
2025-09-05,PuLP HiGHS,Optimal,2.78462360002,8141.95275648,8730.43820497,1.124955|0.726615|0.384264,6028.47471|8414.237355|10800,6028.47471015,7165.3476918,26761.4015541,1761.07438619,28522.4759403,22762.4856574,CVaR,0.9,0.1,1983.32308471,14053.5740894,1405.35740894,44740.3809898,459.68621303,40700.5595808,4039.82140896,20028.882231,15978.3384684,16527.1598399,1200,10800,2.72848410532e-12,9.09494701773e-13,8414.23735507,8141.95275648,8730.43820497,0,0,26761.4015541,32425.1166716,12315.2643182,21757.40606,17441.1160067,13597.6670618,4968.43763082,27,598
2025-09-06,PuLP HiGHS,Optimal,3.1362443,8730.43820497,8046.3313453,1.124955|0.726615|0.384264,4625.140424|7712.570212|10800,4625.14042439,6096.50164138,25836.1109289,1664.14413365,27500.2550625,22433.8901266,CVaR,0.9,0.1,1942.37821954,10301.3670546,1030.13670546,42941.8098206,439.013378113,39530.4513468,3411.35847389,18371.4533255,15796.9583872,17436.6999231,1200,10800,1.81898940355e-12,9.09494701773e-13,7712.57021219,8730.43820497,8046.3313453,129.962691341,640.585014454,26476.6959433,30714.7295393,12227.0802814,20388.2679082,17637.035769,14901.6951466,1629.6807971,18,686
2025-09-07,PuLP HiGHS,Optimal,3.63335829999,8046.3313453,7837.41048807,1.124955|0.726615|0.384264,4512.713991|7656.356996|10800,4512.71399148,6010.87232982,49305.5910122,2719.61576977,52025.206782,47802.4306102,CVaR,0.9,0.1,4505.56494019,17880.9615811,1788.09615811,77314.0674681,728.685944125,72094.652338,5219.41513006,21539.7511284,17798.1753286,4485.56793818,1200,10800,9.09494701773e-13,2.27373675443e-13,7656.35699574,8046.3313453,7837.41048807,123.568763737,569.61799516,49875.2090074,61848.8210992,15465.2463689,3557.44492728,19168.3688972,15714.4075783,4455.14998145,40,865
2025-09-08,PuLP HiGHS,Optimal,3.61175829999,7837.41048807,7531.85955417,1.124955|0.726615|0.384264,4263.719108|7531.859554|10800,4263.71910833,5821.22599956,39655.5438628,2186.86656833,41842.4104311,36981.3938446,CVaR,0.9,0.1,3627.03116315,9602.09413011,960.209413011,64172.6621838,595.280202585,59660.2746235,4512.38756033,20192.447099,16630.8779907,5006.82394905,1200,10800,9.09494701773e-13,9.09494701773e-13,7531.85955417,7837.41048807,7531.85955417,2453.14736602,9884.37819168,49539.9220545,61891.2004549,2281.4617289,1661.80657516,18747.1976471,15460.2259347,2615.90150794,29,976
2025-09-09,PuLP HiGHS,Optimal,4.11565669999,7531.85955417,7825.93809571,1.124955|0.726615|0.384264,4851.876191|7825.938096|10800,4851.87619142,6269.1943715,43114.3499515,2596.43619053,45710.786142,41246.1933273,CVaR,0.9,0.1,4519.25105284,18046.0155684,1804.60155684,69356.4131925,708.598106524,63280.5082151,6075.90497737,22018.6444475,17570.4313151,4729.61446509,1200,10800,0,9.09494701773e-13,7825.93809571,7531.85955417,7825.93809571,350.219661483,1301.4127422,44415.7626937,62801.304724,6555.1084685,6060.8280668,19595.7440243,15607.8819723,4385.44976595,37,837
2025-09-10,PuLP HiGHS,Optimal,2.8571926,7825.93809571,7764.14529435,1.124955|0.726615|0.384264,4728.290589|7764.145294|10800,4728.2905887,6175.06570616,42629.2293617,3018.07431955,45647.3036812,41683.9034901,CVaR,0.9,0.1,8053.4587754,22116.65515,2211.665515,68269.082943,825.032846148,62472.4652878,5796.61765516,20902.4184667,16986.5724792,5347.08772864,1200,10800,9.09494701773e-13,4.54747350886e-13,7764.14529435,7825.93809571,7764.14529435,2192.59386421,9440.89391111,52070.1232728,63263.5398939,5005.54304913,243.743534569,20800.0268144,16903.6352409,185.328890626,8,819
2025-09-11,PuLP HiGHS,Optimal,6.97204560001,7764.14529435,8434.69336873,1.124955|0.726615|0.384264,6049.049635|8424.524817|10800,6049.04963474,7181.01853167,43495.1125204,2872.30909165,46367.421612,40929.8088331,CVaR,0.9,0.1,9237.48628061,17434.0575277,1743.40575277,70135.6349863,773.927232223,64047.5715682,6088.06341801,22395.7014392,17546.1765951,4431.57247226,1200,10800,9.09494701773e-13,1.81898940355e-12,8424.52481737,7764.14529435,8434.69336873,224.78695498,1031.97910082,44527.0916212,63165.8380107,6969.79697554,5349.88241198,20742.9658076,16198.3090372,3000.60318948,34,874
2025-09-12,PuLP HiGHS,Optimal,2.82107619999,8434.69336873,7854.25045319,1.124955|0.726615|0.384264,4854.014837|7827.007418|10800,4854.01483694,6270.82326552,20559.029752,1925.82931431,22484.8590663,17887.6619929,CVaR,0.9,0.1,12205.6266643,16736.261921,1673.6261921,35802.8327659,507.746496175,31103.4824361,4699.35032984,18818.1150543,15789.5905492,19606.1151822,1200,10800,9.09494701773e-13,1.81898940355e-12,7827.00741847,8434.69336873,7854.25045319,301.990420589,1104.90625482,21663.9360068,31401.0477903,4401.7849756,17289.3045578,17813.031985,14950.9545318,1843.71908668,11,541
2025-09-13,PuLP HiGHS,Optimal,2.7515397,7854.25045319,8035.30548798,1.124955|0.726615|0.384264,5167.731386|7983.865693|10800,5167.73138612,6509.76469091,19967.5470675,1747.92947421,21715.4765417,16391.9163643,CVaR,0.9,0.1,1842.74999664,11862.045135,1186.2045135,35146.6172403,473.624366595,31750.7574465,3395.85979381,21355.0089189,17180.9035085,17477.3424146,1200,10800,6.8212102633e-13,9.09494701773e-13,7983.86569306,7854.25045319,8035.30548798,440.898714348,1767.29085489,21734.8379224,32001.5508877,3145.06635253,20874.2777379,17884.8465766,14323.7761957,6327.28965503,31,666
2025-09-14,PuLP HiGHS,Optimal,3.55904580001,8035.30548798,7826.57270595,1.124955|0.726615|0.384264,4853.145412|7826.572706|10800,4853.1454119,6270.16107011,42557.5719206,2790.5296505,45348.1015711,40983.2807872,CVaR,0.9,0.1,6456.80897649,19053.4028617,1905.34028617,68313.2344673,744.274873066,62078.9057917,6234.32867562,21485.5537488,17591.1580404,4598.6059995,1200,10800,4.54747350886e-13,1.81898940355e-12,7826.57270595,8035.30548798,7826.57270595,977.125032409,3537.67484514,46095.2467658,64430.0707968,3883.16367046,1596.90849279,20520.1162647,16809.1536782,1747.44184627,21,886
2025-09-15,PuLP HiGHS,Optimal,3.24352819999,7826.57270595,7731.26453552,1.124955|0.726615|0.384264,4662.529071|7731.264536|10800,4662.52907103,6124.97861063,43101.4049009,2650.44074132,45751.8456422,41450.0439752,CVaR,0.9,0.1,4295.64127656,18231.7694362,1823.17694362,69346.1818957,708.232807625,63574.7371256,5771.4447701,21752.1042191,17704.9817708,4649.82598812,1200,10800,9.09494701773e-13,9.09494701773e-13,7731.26453552,7826.57270595,7731.26453552,403.121979708,1657.78454479,44759.1894456,63123.9217138,6222.26018194,4670.64693891,20395.4919719,16606.1258506,2455.46816743,24,884
2025-09-16,PuLP HiGHS,Optimal,7.3929294,7731.26453552,7703.60192359,1.124955|0.726615|0.384264,4607.203847|7703.601924|10800,4607.20384718,6082.84029219,43072.7898726,2659.0997528,45731.8896254,41448.5252581,CVaR,0.9,0.1,4021.25838392,17994.7592489,1799.47592489,68980.216504,718.100942168,63392.9783989,5587.23810507,21759.9749673,17650.4760742,4761.54030607,1200,10800,4.54747350886e-13,1.81898940355e-12,7703.60192359,7731.26453552,7703.60192359,1010.07723711,2666.03005741,45738.81993,65653.6207423,3326.5957617,3351.46274056,20238.745296,16418.2800405,2753.42570502,29,899
2025-09-17,PuLP HiGHS,Optimal,4.36207019998,7703.60192359,8285.41793812,1.124955|0.726615|0.384264,5770.835876|8285.417938|10800,5770.83587623,6969.11771804,43847.6420087,2867.27197354,46714.9139822,41487.2098403,CVaR,0.9,0.1,5576.8791116,17414.1357615,1741.41357615,70675.5150804,759.902353194,64948.314804,5727.20027643,22593.3122215,17776.9484863,3931.55529015,1200,10800,3.41060513165e-13,1.81898940355e-12,8285.41793812,7703.60192359,8285.41793812,706.913887227,2618.20793509,46465.8499438,65498.4164999,5177.09858046,1650.98565552,21424.1679924,16829.9416608,2116.15105456,23,935
2025-09-18,PuLP HiGHS,Optimal,3.0000344,8285.41793812,7658.48865267,1.124955|0.726615|0.384264,4516.977305|7658.488653|10800,4516.97730535,6014.11947217,42859.5315482,2767.59302525,45627.1245734,41315.0743215,CVaR,0.9,0.1,5598.09953903,17020.6922024,1702.06922024,68269.0070864,724.460557436,62754.973087,5514.03399939,20846.6364501,17450.0118815,4437.69665633,1200,10800,1.13686837722e-12,9.09494701773e-13,7658.48865267,8285.41793812,7658.48865267,492.083031544,2322.49017986,45182.021728,63612.8143477,4656.19273868,2016.40854934,19456.1793165,16323.7416033,2516.7274119,28,957
2025-09-19,PuLP HiGHS,Optimal,3.21675170001,7658.48865267,8095.61268648,1.124955|0.726615|0.384264,5389.714305|8094.857153|10800,5389.71430526,6678.83742631,20734.3066709,1738.71939249,22473.0260633,17196.9903696,CVaR,0.9,0.1,1284.89887315,14028.0173258,1402.80173258,36570.9936893,471.438250786,32833.5286878,3737.46500144,19875.6260165,15706.5254234,17353.0056634,1200,10800,3.41060513165e-13,9.09494701773e-13,8094.85715263,7658.48865267,8095.61268648,344.026058774,1225.54016947,21959.8468403,32996.9122299,3574.08145934,13466.9423522,17785.4315229,14012.7879031,3783.93201384,21,597
2025-09-20,PuLP HiGHS,Optimal,3.4344959,8095.61268648,7713.51503515,1.124955|0.726615|0.384264,4627.03007|7713.515035|10800,4627.0300703,6097.94088547,19673.1672648,1304.24321693,20977.4104817,15468.6742356,CVaR,0.9,0.1,2151.48548735,5892.0463933,589.20463933,34435.5110117,354.226763381,31471.8200281,2963.69098355,21187.2841768,17505.5880694,16795.766578,1200,10800,4.54747350886e-13,1.81898940355e-12,7713.51503515,8095.61268648,7713.51503515,720.4687348,3185.89178632,22859.0590511,31802.9135184,2632.59749323,13848.4351992,17754.7431943,14725.2298736,6212.89917834,25,721
2025-09-21,PuLP HiGHS,Optimal,3.95031709998,7713.51503515,8194.65943901,1.124955|0.726615|0.384264,5589.318878|8194.659439|10800,5589.31887802,6830.86575014,44974.6557191,2885.4308293,47860.0865484,42626.7012831,CVaR,0.9,0.1,6613.83672409,15974.8048486,1597.48048486,72302.2877288,784.955913776,66854.0401938,5448.24753497,22210.0827256,17557.1370443,3566.66655751,1200,10800,9.09494701773e-13,9.09494701773e-13,8194.65943901,7713.51503515,8194.65943901,319.561210647,1061.76530671,46036.4210258,65776.2604329,6526.02729592,3657.53921165,19567.184132,15416.3891835,4783.6464544,29,924
2025-09-22,PuLP HiGHS,Optimal,6.2718856,8194.65943901,7699.139333,1.124955|0.726615|0.384264,4598.278666|7699.139333|10800,4598.27866601,6076.04245027,43772.366037,2760.27343411,46532.6394711,42165.3654118,CVaR,0.9,0.1,3381.255331,17087.6839094,1708.76839094,69932.9465737,727.772005033,64518.2510674,5414.69550628,21036.8806699,17485.841438,4019.64296137,1200,10800,1.13686837722e-12,9.09494701773e-13,7699.139333,8194.65943901,7699.139333,756.830006333,3045.71683298,46818.08287,66193.3151516,3739.63142208,3179.71951938,18959.8623717,15803.4566165,3759.40311967,31,958
2025-09-23,PuLP HiGHS,Optimal,4.36423860001,7699.139333,7780.84375507,1.124955|0.726615|0.384264,4761.68751|7780.843755|10800,4761.68751014,6200.50238788,44833.8910966,2344.08360244,47177.974699,41743.8754114,CVaR,0.9,0.1,4355.57712617,7664.03100317,766.403100317,72238.6212732,616.179307473,66579.3404679,5659.28080531,21693.0469152,17497.8340214,4070.95641771,1200,10800,6.8212102633e-13,9.09494701773e-13,7780.84375507,7699.139333,7780.84375507,948.641722862,4199.39259387,49033.2836904,67471.9486777,4766.67259551,2372.08805273,20307.1199189,16375.2331544,2508.52786324,26,1066
2025-09-24,PuLP HiGHS,Optimal,3.75819740002,7780.84375507,8235.84667815,1.124955|0.726615|0.384264,5671.693356|8235.846678|10800,5671.6933563,6893.60606559,45875.5694261,3116.50404167,48992.0734677,44062.8711921,CVaR,0.9,0.1,6677.34155321,19644.0379,1964.40379,73621.6547747,827.085896089,67567.0772479,6054.57752675,22403.9086941,17737.6634115,3974.71389411,1200,10800,9.09494701773e-13,1.81898940355e-12,8235.84667815,7780.84375507,8235.84667815,281.231328085,1056.1154149,46931.684841,68452.9638713,5168.69090339,3323.67363146,20725.230722,16377.934254,3038.40712958,30,941
2025-09-25,PuLP HiGHS,Optimal,3.42572289999,8235.84667815,8314.93685875,1.124955|0.726615|0.384264,5829.873718|8314.936859|10800,5829.8737175,7014.08374225,46812.6198584,3085.22065465,49897.8405131,44868.8830148,CVaR,0.9,0.1,5566.0592812,19851.2624399,1985.12624399,74235.9018904,826.963935727,67297.1388349,6938.76305555,21837.415938,17617.1257473,3978.23602045,1200,10800,9.09494701773e-13,9.09494701773e-13,8314.93685875,8235.84667815,8314.93685875,194.699946995,777.588876746,47590.2087352,67443.3034345,6792.59845589,3437.46987474,19967.9128644,16102.8282576,3383.80056331,30,880
2025-09-26,PuLP HiGHS,Optimal,3.37192210002,8314.93685875,8374.9969546,1.124955|0.726615|0.384264,5734.685149|8267.342575|10800,5734.68514901,6941.58360703,22350.6360109,1727.41227955,24078.0482905,18629.7515428,CVaR,0.9,0.1,11977.3333094,14932.8685935,1493.28685935,37893.3596502,479.3881908,32983.7742933,4909.58535692,21224.8141206,17234.9342935,14730.5033547,1200,10800,4.54747350886e-13,1.5916157281e-12,8267.3425745,8314.93685875,8374.9969546,157.844796057,719.216662385,23069.8526733,32778.2990294,5115.06062073,11799.5862805,17832.947151,14390.633106,6236.168157,29,558
2025-09-27,PuLP HiGHS,Optimal,2.74789480001,8374.9969546,8140.64137948,1.124955|0.726615|0.384264,5414.936943|8107.468471|10800,5414.93694284,6698.04818517,20713.1635231,1457.63494872,22170.7984719,16431.0321001,CVaR,0.9,0.1,1708.73921749,9582.81813387,958.281813387,36254.7670065,393.580142387,32779.1918033,3475.57520319,20326.3271916,16705.10066,14632.1105357,1200,10800,9.09494701773e-13,4.54747350886e-13,8107.46847142,8374.9969546,8140.64137948,722.695360554,2687.60809723,23400.7716204,33369.4206145,2885.34639195,13091.0475797,17950.9798052,14751.2136598,4329.23438659,21,644
2025-09-28,PuLP HiGHS,Optimal,3.49588439998,8140.64137948,8204.07351403,1.124955|0.726615|0.384264,5608.147028|8204.073514|10800,5608.14702805,6845.20616355,45597.5310314,2905.72584078,48503.2568721,43092.8163797,CVaR,0.9,0.1,5404.07185257,14347.6567116,1434.76567116,73010.1604217,778.631104003,67935.0068342,5075.15358745,21969.5261926,17738.2272949,3898.34148019,1200,10800,4.54747350886e-13,2.72848410532e-12,8204.07351403,8140.64137948,8204.07351403,441.402237034,1633.77041199,47231.3014433,68169.97591,4840.18451161,1015.43076357,21322.2594513,17213.9412345,1171.55280178,25,1047
2025-09-29,PuLP HiGHS,Optimal,4.19276139999,8204.07351403,8197.04543634,1.124955|0.726615|0.384264,5594.090873|8197.045436|10800,5594.09087267,6834.50032794,47341.4512891,3071.74316919,50413.1944583,45372.2925953,CVaR,0.9,0.1,7300.67868897,17935.9846493,1793.59846493,75397.5606685,818.004423492,68882.3988464,6515.16182205,21959.8835844,17793.8309733,3480.25532065,1200,10800,9.09494701773e-13,1.81898940355e-12,8197.04543634,8204.07351403,8197.04543634,285.998043332,1093.72034835,48435.1716374,68342.5436728,7055.01699562,1975.59150261,20523.0730709,16630.0144574,2600.6270294,30,954
2025-09-30,PuLP HiGHS,Optimal,2.89728010001,8197.04543634,8106.78422286,1.124955|0.726615|0.384264,5413.568446|8106.784223|10800,5413.56844571,6697.00587276,47721.9141732,3265.80408969,50987.7182628,46388.1736838,CVaR,0.9,0.1,7012.42219291,20974.6129371,2097.46129371,75656.3103213,853.326487736,68940.1215661,6716.18875515,22073.3281077,17960.6308594,3659.00086184,1200,10800,9.09494701773e-13,4.54747350886e-13,8106.78422286,8197.04543634,8106.78422286,482.756843994,2061.60701781,49783.521191,69941.0912048,5715.21911644,1001.83805443,21479.317473,17479.4822452,1075.15924885,22,947
2025-10-01,PuLP HiGHS,Optimal,3.4654669,8106.78422286,8449.36757479,1.124955|0.726615|0.384264,6052.373741|8426.186871|10800,6052.37374116,7183.55032902,47028.7692495,3601.81731381,50630.5865633,45663.6579953,CVaR,0.9,0.1,9167.91455227,22166.2176101,2216.62176101,75370.6094846,950.387083648,69048.593741,6322.01574364,22105.2754229,17617.8107096,3744.9813054,1200,10800,9.09494701773e-13,1.81898940355e-12,8426.18687058,8106.78422286,8449.36757479,18.5816617839,40.6619926562,47069.4312422,61349.7064348,14020.9030498,7859.61976589,18625.3777927,14778.2309953,6319.47734458,36,957
2025-10-02,PuLP HiGHS,Optimal,4.20578419999,8449.36757479,8386.60006063,1.124955|0.726615|0.384264,5779.551496|8289.775748|10800,5779.55149568,6975.7559478,46477.642238,2843.85692986,49321.4991679,43759.6312656,CVaR,0.9,0.1,7327.61645241,14138.8804551,1413.88804551,73812.6054335,759.699526956,67079.5030452,6733.10238833,21938.5161291,17913.8307088,3341.13650159,1200,10800,9.09494701773e-13,4.54747350886e-13,8289.77574784,8449.36757479,8386.60006063,89.6494297486,225.292223522,46702.9344616,60946.5167936,12866.0886399,5609.71718811,19748.1930597,16052.5271411,4051.62663706,31,962
2025-10-03,PuLP HiGHS,Optimal,3.38695459999,8386.60006063,8100.5045857,1.124955|0.726615|0.384264,5215.883199|8007.9416|10800,5215.88319931,6546.43939905,20764.2248619,1235.76432221,21999.9891841,16176.0880586,CVaR,0.9,0.1,5010.62344153,7225.38273545,722.538273545,35826.9487952,328.473819061,32079.4054624,3747.54333281,19718.9640685,16313.1535104,15091.8645511,1200,10800,9.09494701773e-13,9.09494701773e-13,8007.94159966,8386.60006063,8100.5045857,108.255542484,293.492125179,21057.716987,29667.7590663,6159.18972888,18921.1627929,17343.0739123,14305.3757964,4383.66787028,27,654
2025-10-04,PuLP HiGHS,Optimal,2.79960679999,8100.5045857,7959.39607306,1.124955|0.726615|0.384264,5106.068996|7953.034498|10800,5106.06899643,6460.59477404,21578.4944071,1405.8628255,22984.3572326,17438.4449907,CVaR,0.9,0.1,2221.3149434,9146.82532195,914.682532195,37296.096135,375.522402595,33537.519234,3758.57690102,19424.5998942,15869.3800414,15739.7749251,1200,10800,7.67386154621e-12,2.72848410532e-12,7950,8100.5045857,7959.39607306,100.386743545,385.61953949,21964.1139465,30929.5628141,6366.5333209,14696.2832863,17708.8499971,14471.166159,3113.96377958,16,654
2025-10-05,PuLP HiGHS,Optimal,3.51286059999,7959.39607306,8109.34530921,1.124955|0.726615|0.384264,5418.690618|8109.345309|10800,5418.69061843,6700.9071628,46277.2705247,3192.89145902,49470.1619838,44848.82863,CVaR,0.9,0.1,11487.2125991,20795.7380902,2079.57380902,73681.4041154,849.042406305,66777.3360863,6904.06802905,22152.8316305,17808.8393081,3872.80783103,1200,10800,7.27595761418e-12,1.81898940355e-12,8109.34530921,7959.39607306,8109.34530921,9.13142552083,19.9744240891,46297.2449488,63253.0006358,10428.4034796,4638.6647339,19750.2734118,15862.767151,4348.63037572,30,877
2025-10-06,PuLP HiGHS,Optimal,2.8180272,8109.34530921,7840.64448945,1.124955|0.726615|0.384264,4756.773777|7778.386888|10800,4756.77377665,6196.75985505,46160.9509517,2871.18718328,49032.138135,45000.0532864,CVaR,0.9,0.1,6972.72744567,21646.7500647,2164.67500647,73037.4826637,776.502952902,66299.6650882,6737.81757549,21785.6185731,17944.213623,4627.76575786,1200,10800,9.09494701773e-13,9.09494701773e-13,7778.38688832,8109.34530921,7840.64448945,100.140704106,302.067459081,46463.0184108,64416.5853688,8620.89729487,3290.59392891,19657.1243778,16164.1014838,3908.60633451,32,874
2025-10-07,PuLP HiGHS,Optimal,3.580904,7840.64448945,7758.64062768,1.124955|0.726615|0.384264,4673.428932|7736.714466|10800,4673.42893215,6133.2804626,43336.9867594,2145.12515593,45482.1119154,39890.8727378,CVaR,0.9,0.1,4213.07789354,5420.41284987,542.041284987,69205.0291788,566.45681255,64043.1333272,5161.89585155,21498.1099784,17507.0061035,4006.11364755,1200,10800,9.09494701773e-13,1.81898940355e-12,7736.71446607,7840.64448945,7758.64062768,355.482519229,1186.94486721,44523.9316267,63289.8527615,5915.17641721,1977.1265306,20897.1011882,17000.4554381,1107.55945557,21,1079
2025-10-08,PuLP HiGHS,Optimal,4.2247932,7758.64062768,7781.34247463,1.124955|0.726615|0.384264,4762.684949|7781.342475|10800,4762.68494927,6201.2620849,42033.7247988,2729.95949054,44763.6842894,40385.7301753,CVaR,0.9,0.1,16365.0706895,18233.0797082,1823.30797082,68029.6752674,753.627919231,61242.1482201,6787.52704724,21719.5641302,17572.4152832,3806.71336497,1200,10800,9.09494701773e-13,9.09494701773e-13,7781.34247463,7758.64062768,7781.34247463,668.089914512,2043.21830406,44076.9431029,62403.2701988,5626.40506856,2653.07959078,20628.1747033,16688.3898474,1975.41486273,19,808
2025-10-09,PuLP HiGHS,Optimal,3.57229750001,7781.34247463,7755.31449436,1.124955|0.726615|0.384264,4710.628989|7755.314494|10800,4710.62898872,6161.61379269,41361.8504773,2934.40017708,44296.2506544,39986.6772463,CVaR,0.9,0.1,5982.9154092,18520.4038467,1852.04038467,67650.7593568,782.998332298,61986.612668,5664.14668884,21532.8035944,17464.9960938,4438.34416006,1200,10800,0,1.81898940355e-12,7755.31449436,7781.34247463,7755.31449436,309.946445737,1359.98710067,42721.837578,63516.8523322,4133.90702467,4189.48900588,20530.2803733,16652.9522847,1814.56703021,26,954
2025-10-10,PuLP HiGHS,Optimal,2.59612630002,7755.31449436,7766.56204216,1.124955|0.726615|0.384264,4733.124084|7766.562042|10800,4733.12408432,6178.74712601,17584.1571603,1136.71226584,18720.8694261,13033.1174433,CVaR,0.9,0.1,1695.17478155,4909.95143191,490.995143191,32348.9846779,301.827885598,29460.8214671,2888.16321084,19702.2292412,15948.6828923,16598.8419484,1200,10800,1.70530256582e-13,9.09494701773e-13,7766.56204216,7755.31449436,7766.56204216,597.291482996,2091.50935062,19675.6665109,30622.3812671,1726.60341079,18483.3200103,17803.2580532,14410.51623,3437.1378503,13,734
2025-10-11,PuLP HiGHS,Optimal,3.00519970001,7766.56204216,8594.51989642,1.124955|0.726615|0.384264,6347.949403|8573.974701|10800,6347.94940264,7408.67479265,19724.232282,1959.38618785,21683.6184698,15792.4223647,CVaR,0.9,0.1,2784.72945025,15174.7868748,1517.47868748,35566.5675584,512.585969393,31952.1908841,3614.37667432,21276.6535717,16507.4179998,16729.6205511,1200,10800,4.54747350886e-13,4.54747350886e-13,8573.97470132,7766.56204216,8594.51989642,68.3366924662,323.114689981,20047.346972,32367.6645939,3198.90296449,14094.1890703,18370.1924418,14134.6938091,5279.18532059,25,642
2025-10-12,PuLP HiGHS,Optimal,4.11367759999,8594.51989642,8714.54868611,1.124955|0.726615|0.384264,6629.097372|8714.548686|10800,6629.09737221,7622.8104408,45444.5644719,2635.39535699,48079.9598289,41992.2541534,CVaR,0.9,0.1,12748.5209993,15351.0476522,1535.10476522,72957.2075579,718.550933204,64816.1451292,8141.06242864,22067.5725498,17766.7078546,3655.78938339,1200,10800,9.09494701773e-13,9.09494701773e-13,8714.54868611,8594.51989642,8714.54868611,246.811546094,706.644499483,46151.2089714,64557.2900506,8399.91750729,2259.32892617,20641.0040866,16611.1873994,2582.08891841,25,818
2025-10-13,PuLP HiGHS,Optimal,2.90129869999,8714.54868611,7929.35342554,1.124955|0.726615|0.384264,5058.706851|7929.353426|10800,5058.70685109,6426.72642636,44822.1683742,2596.18167444,47418.3500486,42577.6285961,CVaR,0.9,0.1,8072.95693119,15860.0497386,1586.00497386,71731.4344134,737.881446847,64026.3122706,7705.12214279,20823.8219536,17573.9715169,3538.46710746,1200,10800,9.09494701773e-13,9.09494701773e-13,7929.35342554,8714.54868611,7929.35342554,53.7660370514,143.891912066,44966.0602862,63047.2386345,8684.1957789,3029.92681055,19738.7278711,16695.0453101,1964.02028942,26,789
2025-10-14,PuLP HiGHS,Optimal,4.05792970001,7929.35342554,7783.32297689,1.124955|0.726615|0.384264,4766.645954|7783.322977|10800,4766.64595377,6204.27897407,42136.2686733,2012.15901204,44148.4276853,38644.1902053,CVaR,0.9,0.1,3502.27929148,7000.41494028,700.041494028,68652.4555642,538.971183474,63541.0143931,5111.4411711,21364.1418771,17436.3823242,4004.98489931,1200,10800,4.54747350886e-13,9.09494701773e-13,7783.32297689,7929.35342554,7783.32297689,621.756365607,2291.85418838,44428.1228617,65546.9659444,3105.48961973,1599.93518056,20665.185526,16870.2276799,1265.11099537,20,1071
2025-10-15,PuLP HiGHS,Optimal,4.1294948,7783.32297689,7749.18053675,1.124955|0.726615|0.384264,4698.361074|7749.180537|10800,4698.36107351,6152.26996573,42367.9349774,2536.64546812,44904.5804455,40134.750625,CVaR,0.9,0.1,5211.70293457,13824.4014524,1382.44014524,68780.1982407,677.781312804,63349.0629069,5431.13533375,21557.3173794,17492.1552734,4095.98600641,1200,10800,4.54747350886e-13,9.09494701773e-13,7749.18053675,7783.32297689,7749.18053675,771.545920772,2968.82101909,45336.7559965,65694.238881,3085.95935965,593.473170964,20963.2430366,17010.9550557,1075.27456056,21,969
2025-10-16,PuLP HiGHS,Optimal,3.1563879,7749.18053675,8179.21051384,1.124955|0.726615|0.384264,5558.421028|8179.210514|10800,5558.42102768,6807.33247968,43959.7833805,2986.58203963,46946.3654201,42044.6137037,CVaR,0.9,0.1,4454.33154569,19055.8076323,1905.58076323,71043.2555561,778.258756372,65229.5836687,5813.6718874,22133.065434,17540.7560221,4082.21294944,1200,10800,9.09494701773e-13,9.09494701773e-13,8179.21051384,7749.18053675,8179.21051384,1447.1392464,5791.35503602,49751.1384165,67637.5161606,3405.73939553,1620.77601384,21633.5761251,17136.1696819,904.075649093,20,948
2025-10-17,PuLP HiGHS,Optimal,3.40623289999,8179.21051384,8132.50832176,1.124955|0.726615|0.384264,5401.63327|8100.816635|10800,5401.63326968,6687.91547577,19302.7364112,1378.71828432,20681.4546955,14807.3044594,CVaR,0.9,0.1,1835.2950873,8137.65239662,813.765239662,34876.4681468,359.856871657,31502.9632742,3373.50487264,19685.1716995,16015.5435677,14372.4759332,1200,10800,9.09494701773e-12,3.63797880709e-12,8100.81663484,8179.21051384,8132.50832176,72.1087684588,337.931656015,19640.6680672,31727.8747288,3148.59341806,12466.2660797,17745.0003883,14415.4822874,3540.23259155,23,719
2025-10-18,PuLP HiGHS,Optimal,3.6139843,8132.50832176,7766.08514948,1.124955|0.726615|0.384264,4729.723684|7764.861842|10800,4729.72368424,6176.15721979,19300.1903773,1575.46241998,20875.6527973,15727.803759,CVaR,0.9,0.1,2208.43879987,10283.0818149,1028.30818149,34212.6895226,410.67379911,30875.3574088,3337.33211382,19802.6229669,16371.0064349,14067.8822944,1200,10800,9.09494701773e-13,1.81898940355e-12,7764.86184212,8132.50832176,7766.08514948,299.092061035,982.332409379,20282.5227867,31516.6117923,2696.07773029,12795.8727691,17226.4140666,14283.176249,4664.03908625,27,709
2025-10-19,PuLP HiGHS,Optimal,3.03643399998,7766.08514948,8371.41801931,1.124955|0.726615|0.384264,5942.836039|8371.418019|10800,5942.83603862,7100.12121172,47581.2909115,3204.8806267,50786.1715382,45869.2562319,CVaR,0.9,0.1,13868.0062166,21832.0590538,2183.20590538,76527.2610829,838.425973515,68899.5662316,7627.69485123,23224.0854546,18266.7096354,3564.95973403,1200,10800,4.54747350886e-13,9.09494701773e-13,8371.41801931,7766.08514948,8371.41801931,383.640214392,1408.20556059,48989.4964721,69690.3609596,6836.90012326,1413.61047656,22262.4662172,17487.7980531,1740.53081983,23,862
2025-10-20,PuLP HiGHS,Optimal,3.28819729999,8371.41801931,7999.04707716,1.124955|0.726615|0.384264,5198.094154|7999.047077|10800,5198.09415432,6532.8904174,45285.6408875,3032.94114291,48318.5820305,43441.0156947,CVaR,0.9,0.1,6480.74393192,16553.2408162,1655.32408162,72804.1982268,801.065687119,67082.3702825,5721.82794435,21934.6982378,18102.2394206,3480.59522716,1200,10800,3.41060513165e-13,9.09494701773e-13,7999.04707716,8371.41801931,7999.04707716,689.568211611,3115.59624286,48401.2371304,68202.3425751,4601.85565174,769.388640246,21141.4401459,17459.7003661,1435.79714631,15,1026
2025-10-21,PuLP HiGHS,Optimal,3.16618570001,7999.04707716,7801.0821578,1.124955|0.726615|0.384264,4802.164316|7801.082158|10800,4802.1643156,6231.33144557,45820.0346098,2450.96253633,48270.9971462,43133.6063799,CVaR,0.9,0.1,6350.78034061,10939.4067926,1093.94067926,73969.4893539,641.549144586,68397.4606342,5572.02871967,22144.7916028,18115.4496257,3291.45278898,1200,10800,9.09494701773e-13,1.81898940355e-12,7801.0821578,7999.04707716,7801.0821578,584.655998285,2116.46285651,47936.4974664,70309.626463,3659.86289084,524.893307525,21499.874901,17593.0670973,1167.2992301,20,1075
2025-10-22,PuLP HiGHS,Optimal,2.82776800002,7801.0821578,8222.62773268,1.124955|0.726615|0.384264,5645.255465|8222.627733|10800,5645.25546536,6873.46971205,46574.1058785,2580.24200992,49154.3478884,43560.8680802,CVaR,0.9,0.1,8112.5656773,12799.8990385,1279.98990385,75124.436406,693.523537266,68716.0514725,6408.38493349,23236.8852099,18442.4860026,3712.3123734,1200,10800,9.09494701773e-13,4.54747350886e-13,8222.62773268,7801.0821578,8222.62773268,1174.29463148,5270.78510746,51844.890986,70253.3072923,4871.1291137,1365.84026476,21723.5470613,17216.6821023,2739.14204888,19,1002
2025-10-23,PuLP HiGHS,Optimal,2.92757609999,8222.62773268,7459.82724088,1.124955|0.726615|0.384264,4119.654482|7459.827241|10800,4119.65448175,5711.49953689,46023.0071569,2701.32214723,48724.3293041,44771.433653,CVaR,0.9,0.1,5375.81283836,17586.0388581,1758.60388581,73953.9433803,690.783981037,68523.0469006,5430.89647971,21623.6456526,18201.6734212,3067.93619324,1200,10800,4.54747350886e-13,9.09494701773e-13,7459.82724088,8222.62773268,7459.82724088,330.955087107,1303.36663403,47326.3737909,68158.1485808,5795.79479953,1879.02481823,20616.3276787,17385.7458624,1823.24553275,22,992
2025-10-24,PuLP HiGHS,Optimal,3.29208409999,7459.82724088,7583.28588985,1.124955|0.726615|0.384264,4366.57178|7583.28589|10800,4366.5717797,5899.56347958,19844.797666,1550.10326017,21394.9009262,16321.8854729,CVaR,0.9,0.1,2273.06792296,8265.48026263,826.548026263,34951.5634776,411.461331769,31405.9387188,3545.62475877,18393.6680107,14787.7583046,11476.6477827,1200,10800,4.54747350886e-13,4.54747350886e-13,7583.28588985,7459.82724088,7583.28588985,354.862717384,1545.2896217,21390.0872877,32697.3427961,2254.22068148,11197.4810638,17492.4260471,14057.7523141,1631.24795414,14,755
2025-10-25,PuLP HiGHS,Optimal,2.8988471,7583.28588985,7829.50755228,1.124955|0.726615|0.384264,4741.429916|7770.714958|10800,4741.42991575,6185.07324176,19993.8283853,1865.35016187,21859.1785471,16885.1476759,CVaR,0.9,0.1,2332.45358548,12110.423705,1211.0423705,35542.4873594,492.028733009,31929.5986288,3612.88873058,18404.7492723,14739.1607494,11725.4252789,1200,10800,1.5916157281e-12,1.81898940355e-12,7770.71495787,7583.28588985,7829.50755228,289.481819984,1078.37229418,21072.2006794,32919.986001,2622.50135839,10326.8614857,17171.4426619,13687.26906,2285.19829972,21,734
2025-10-26,PuLP HiGHS,Optimal,3.0018121,7829.50755228,8209.04650272,1.124955|0.726615|0.384264,5618.093005|8209.046503|10800,5618.09300544,6852.78149236,49975.8322289,3671.07622335,53646.9084523,49389.9191743,CVaR,0.9,0.1,13735.9616129,25957.922144,2595.7922144,79726.1433283,969.408312383,72348.4721822,7377.67114607,24054.6074059,19142.6469434,3361.23405046,1200,10800,9.09494701773e-13,9.09494701773e-13,8209.04650272,7829.50755228,8209.04650272,53.3822509562,119.695447144,50095.5276761,70311.6628405,9414.4804878,1427.88919128,21322.4148848,16929.5710013,4945.26846312,31,897
2025-10-27,PuLP HiGHS,Optimal,3.1386838,8209.04650272,7774.85411792,1.124955|0.726615|0.384264,4749.708236|7774.854118|10800,4749.70823585,6191.37840356,47257.7060428,2610.06246818,49867.7685109,45065.1063161,CVaR,0.9,0.1,6046.34072665,13887.1620874,1388.71620874,75764.9343135,697.392951742,70293.8465827,5471.08773072,22967.0293188,18994.0668945,3133.13012133,1200,10800,4.54747350886e-13,9.09494701773e-13,7774.85411792,8209.04650272,7774.85411792,391.38273528,1503.22764725,48760.93369,68858.7267236,6906.20758984,2177.94526477,20580.8193357,17061.2368082,4319.04006945,31,1053
2025-10-28,PuLP HiGHS,Optimal,4.660989,7774.85411792,8194.65932771,1.124955|0.726615|0.384264,5589.318655|8194.659328|10800,5589.31865543,6830.86558061,48750.9937335,2551.7598216,51302.7535551,45738.8031039,CVaR,0.9,0.1,4092.7797533,12669.1512938,1266.91512938,78487.8551067,667.800238277,72786.849282,5701.00582473,23950.4719616,19022.0576001,3233.60472455,1200,10800,3.12638803734e-13,1.81898940355e-12,8194.65932771,7774.85411792,8194.65932771,121.559193555,453.689779749,49204.6835132,71441.6649656,7046.19014112,1115.90660703,21563.5324386,17088.6365865,4320.36053657,30,1035
2025-10-29,PuLP HiGHS,Optimal,4.1783344,8194.65932771,8161.05184451,1.124955|0.726615|0.384264,5522.103689|8161.051845|10800,5522.10368902,6779.67146948,48352.9192227,3282.76724024,51635.686463,46943.930543,CVaR,0.9,0.1,7093.03340894,20879.1554949,2087.91554949,77413.381221,817.915034639,70947.4263669,6465.9548541,23467.1289737,19038.6212036,3629.37708846,1200,10800,4.54747350886e-13,9.09494701773e-13,8161.05184451,8194.65932771,8161.05184451,818.862751617,2484.98567259,50837.9048953,73163.1600411,4250.22117997,391.45170085,22676.6369827,18398.3226909,1430.79050382,21,992
2025-10-30,PuLP HiGHS,Optimal,2.59251620001,8161.05184451,7728.2525995,1.124955|0.726615|0.384264,4656.505199|7728.252599|10800,4656.50519899,6120.39054355,48480.8465772,3275.35175005,51756.1983273,48078.776569,CVaR,0.9,0.1,2890.41833324,24429.6878531,2442.96878531,77322.8511557,848.43480627,71093.6339327,6229.21722299,23082.3766888,19086.2444385,3439.86668494,1200,10800,3.63797880709e-12,9.09494701773e-13,7728.2525995,8161.05184451,7728.2525995,175.562062618,605.728581092,49086.5751583,70394.7951308,6928.05602488,2341.60190143,20160.2998026,16719.3621606,5288.95916419,31,939
2025-10-31,PuLP HiGHS,Optimal,2.98128839998,7728.2525995,7694.3759669,1.124955|0.726615|0.384264,4588.751934|7694.375967|10800,4588.75193381,6068.78643851,20825.1836699,2003.45633214,22828.640002,18052.1462165,CVaR,0.9,0.1,2109.01237624,12922.9265298,1292.29265298,36622.2689737,537.530059196,32919.8363895,3702.43258417,17967.172449,14583.898653,10910.7675541,1200,10800,4.54747350886e-13,1.81898940355e-12,7694.3759669,7728.2525995,7694.3759669,191.909857285,760.909632279,21586.0933022,33619.7477768,3002.52119693,6695.10524903,17067.1015142,13854.8411958,1629.128392,18,765
2025-11-01,PuLP HiGHS,Optimal,3.20599459999,7694.3759669,8101.67932682,1.124955|0.726615|0.384264,5403.358654|8101.679327|10800,5403.35865364,6689.22961015,22405.1759272,2043.05983283,24448.23576,19451.64548,CVaR,0.9,0.1,12803.3774243,16926.3933016,1692.63933016,38976.5053343,553.741330445,33991.7010803,4984.80425403,18335.199252,14484.9383702,9453.54837787,1200,10800,2.27373675443e-13,1.81898940355e-12,8101.67932682,7694.3759669,8101.67932682,132.604696676,334.793611862,22739.9695391,33974.2324931,5002.27284125,7860.24843489,17557.7752505,13855.224929,1407.13744282,19,643
2025-11-02,PuLP HiGHS,Optimal,2.7255958,8101.67932682,7660.77291282,1.124955|0.726615|0.384264,4521.545826|7660.772913|10800,4521.54582563,6017.59907423,48339.5735233,2783.00605826,51122.5795815,46699.1403578,CVaR,0.9,0.1,6046.15296301,15941.5985049,1594.15985049,77213.5609317,726.428377624,71988.0718577,5225.48907402,22942.3066212,18980.0841357,3306.70682353,1200,10800,4.54747350886e-13,1.81898940355e-12,7660.77291282,8101.67932682,7660.77291282,458.128847559,1773.4446736,50113.0181969,72564.5702403,4648.99069142,552.77731378,21422.9137542,17749.3759135,2750.10108911,25,1056
2025-11-03,PuLP HiGHS,Optimal,3.3668058,7660.77291282,7723.30358136,1.124955|0.726615|0.384264,4646.607163|7723.303581|10800,4646.60716272,6112.85172897,49085.6477265,2438.5828095,51524.230536,46646.9879766,CVaR,0.9,0.1,6003.84243464,12356.0916961,1235.60916961,78446.2461162,650.072567246,72840.4987114,5605.74740481,23427.582199,18920.0639795,3351.41264046,1200,10800,2.27373675443e-13,9.09494701773e-13,7723.30358136,7660.77291282,7723.30358136,683.859458883,1943.58887323,51029.2365997,73546.2290187,4900.01709751,634.676645052,21232.6523554,17142.1708062,3972.8230169,29,1073
2025-11-04,PuLP HiGHS,Optimal,2.84438530001,7723.30358136,8188.67182634,1.124955|0.726615|0.384264,5577.343653|8188.671826|10800,5577.34365268,6821.7448497,50752.5463941,2639.57255716,53392.1189513,47841.3210622,CVaR,0.9,0.1,4915.94095517,12709.4696064,1270.94696064,81138.7304726,681.088890654,75139.7164228,5999.01404983,24148.9688851,19141.8333765,3397.27785984,1200,10800,4.54747350886e-13,9.09494701773e-13,8188.67182634,7723.30358136,8188.67182634,197.06598728,737.680318694,51490.2267128,73334.4644154,7804.26605725,1578.98836367,20808.6241325,16436.1541269,6046.02400221,31,1104
2025-11-05,PuLP HiGHS,Optimal,2.8092017,8188.67182634,8400.09807457,1.124955|0.726615|0.384264,6000.196149|8400.098075|10800,6000.19614913,7143.8093965,51527.2337741,3268.5530366,54795.7868107,50057.084629,CVaR,0.9,0.1,3490.96293878,24051.0721479,2405.10721479,81822.7011157,845.970934602,75340.7003232,6482.00079243,23963.9283366,19220.4983293,3207.9745601,1200,10800,9.09494701773e-13,9.09494701773e-13,8400.09807457,8188.67182634,8400.09807457,204.084967625,656.558695849,52183.7924699,74993.4306162,6829.27049947,1179.37362826,21841.2540288,17501.1321399,3842.04049713,30,911
2025-11-06,PuLP HiGHS,Optimal,2.9909803,8400.09807457,8173.38619081,1.124955|0.726615|0.384264,5546.772382|8173.386191|10800,5546.77238162,6798.46031753,50367.2469316,2887.13912573,53254.3860573,48019.4807714,CVaR,0.9,0.1,8499.65113683,15635.5503163,1563.55503163,80119.8415105,770.21196013,74215.5544167,5904.28709378,23026.9207965,18855.8465405,2986.75298582,1200,10800,5.68434188608e-13,9.09494701773e-13,8173.38619081,8400.09807457,8173.38619081,867.026344675,3436.69879541,53803.945727,74649.7739367,5470.06757377,209.825916667,21797.0026847,17859.61287,2226.15178239,20,1016
2025-11-07,PuLP HiGHS,Optimal,3.19665260002,8173.38619081,7740.28143358,1.124955|0.726615|0.384264,4680.562867|7740.281434|10800,4680.56286716,6138.71400636,20452.4313316,1625.24617717,22077.6775088,16671.4078586,CVaR,0.9,0.1,2603.2970177,7324.44356165,732.444356165,36210.9901515,433.142569392,32713.2596547,3497.73049685,17954.7378749,14933.1319602,8114.74292837,1200,10800,4.54747350886e-13,1.81898940355e-12,7740.28143358,8173.38619081,7740.28143358,400.727487435,1828.46440104,22280.8957327,33253.544787,2957.44536448,7333.69778607,17852.1420346,14850.0293295,185.698470954,5,795
2025-11-08,PuLP HiGHS,Optimal,3.1291552,7740.28143358,7705.1738898,1.124955|0.726615|0.384264,4610.34778|7705.17389|10800,4610.3477796,6085.23486047,20770.0496778,1925.62995093,22695.6796287,17711.7824676,CVaR,0.9,0.1,2478.54466828,11013.3769937,1101.33769937,36692.4106187,524.619674049,33001.9145746,3690.4960441,17844.7049846,14485.8078269,7646.46343065,1200,10800,2.27373675443e-13,1.81898940355e-12,7705.1738898,7740.28143358,7705.1738898,156.812452354,662.16945346,21432.2191312,33842.3338983,2850.07672033,7012.11237394,16986.4403481,13790.6134713,1553.45899218,20,858
2025-11-09,PuLP HiGHS,Optimal,4.27628789999,7705.1738898,8187.34707372,1.124955|0.726615|0.384264,5574.694147|8187.347074|10800,5574.69414745,6819.72686067,50945.5895314,2514.19245055,53459.781982,47513.5948879,CVaR,0.9,0.1,6881.11242317,8735.39766616,873.539766616,81099.7802435,670.586375331,75568.335955,5531.44428844,23745.7026534,18800.0632837,3186.14266717,1200,10800,4.54747350886e-13,9.09494701773e-13,8187.34707372,7705.1738898,8187.34707372,641.789314469,2555.8621459,53501.4516773,76188.1271795,4911.65306398,925.780242877,21701.9115906,17144.5925229,3699.26182353,26,1131
2025-11-10,PuLP HiGHS,Optimal,2.49144909999,8187.34707372,8386.08523063,1.124955|0.726615|0.384264,5972.170461|8386.085231|10800,5972.17046127,7122.4637014,51248.9691219,3247.95654785,54496.9256698,49129.5866548,CVaR,0.9,0.1,6915.61979221,17551.246864,1755.1246864,81678.5319124,856.575962824,76177.0006828,5501.53122968,23458.7346437,18822.7107202,2809.88793933,1200,10800,4.54747350886e-13,9.09494701773e-13,8386.08523063,8187.34707372,8386.08523063,897.904571099,3441.95932259,54690.9284445,77600.0229337,4078.50897873,250.433828868,22158.8749196,17769.8243437,2352.74610064,23,1032
2025-11-11,PuLP HiGHS,Optimal,3.81587359999,8386.08523063,8252.97851207,1.124955|0.726615|0.384264,5705.957024|8252.978512|10800,5705.95702413,6919.70290254,52403.7483507,3379.65663172,55783.4049825,50696.4781653,CVaR,0.9,0.1,8848.02191739,18327.7608537,1832.77608537,82689.2886563,883.936742448,76284.8117988,6404.47685754,23283.5255271,18979.4517236,3557.21441337,1200,10800,2.27373675443e-13,9.09494701773e-13,8252.97851207,8386.08523063,8252.97851207,176.681287964,632.162314966,53035.9106657,75913.4546262,6775.83403012,705.127316667,20767.2893555,16941.3004246,4554.38747058,31,1046
2025-11-12,PuLP HiGHS,Optimal,2.8597075,8252.97851207,8017.46971986,1.124955|0.726615|0.384264,5234.93944|8017.46972|10800,5234.93943973,6560.95353692,52744.3371658,3596.67527856,56341.0124444,52123.0121606,CVaR,0.9,0.1,6639.64389335,23429.5325313,2342.95325313,83535.1639913,933.27212223,77110.5338312,6424.63016004,23376.4983669,19146.9215902,2953.47982593,1200,10800,4.54747350886e-13,9.09494701773e-13,8017.46971986,8252.97851207,8017.46971986,116.195606582,546.991264827,53291.3284307,75234.2201537,8300.94383762,507.68905,21572.0888064,17685.3498462,3265.98130452,26,927
2025-11-13,PuLP HiGHS,Optimal,2.47098370001,8017.46971986,8260.19952167,1.124955|0.726615|0.384264,5720.399043|8260.199522|10800,5720.39904335,6930.70263037,55147.9228001,3560.30308319,58708.2258833,54336.2385289,CVaR,0.9,0.1,19041.9462758,25587.15276,2558.715276,86587.6766433,914.209711056,78975.1798671,7612.49677624,24098.5092526,19301.335673,3178.44021493,1200,10800,4.54747350886e-13,4.54747350886e-13,8260.19952167,8017.46971986,8260.19952167,69.2893725141,239.169407062,55387.0922072,76786.210733,9801.46591035,335.8885,20554.1235116,16430.3832228,6415.33819125,29,895
2025-11-14,PuLP HiGHS,Optimal,2.97866660001,8260.19952167,8230.48398742,1.124955|0.726615|0.384264,5660.967975|8230.483987|10800,5660.96797484,6885.43710562,22427.4843499,2016.88063455,24444.3649844,18734.606711,CVaR,0.9,0.1,5817.2877187,11756.788322,1175.6788322,38887.0987793,552.317946255,34942.5618794,3944.53689989,18478.3155416,14994.1795695,6672.5620562,1200,10800,4.54747350886e-13,1.81898940355e-12,8230.48398742,8260.19952167,8230.48398742,77.1850460449,285.720745888,22713.2050957,35376.5636798,3510.53509952,4650.42122562,17008.506216,13803.6340158,2660.35487937,25,838
2025-11-15,PuLP HiGHS,Optimal,3.18405809999,8230.48398742,8070.0890147,1.124955|0.726615|0.384264,5340.178029|8070.089015|10800,5340.1780294,6641.10824565,22487.311402,2049.04148125,24536.3528832,19263.6486725,CVaR,0.9,0.1,3341.13340139,13684.040349,1368.4040349,39580.0062696,543.076560838,35450.9977564,4129.0085132,17602.4113451,14402.308665,6816.67637528,1200,10800,4.54747350886e-13,9.09494701773e-13,8070.0890147,8230.48398742,8070.0890147,170.906865864,564.989088385,23052.3004904,36274.4926092,3305.51366042,5149.13398003,16993.3371252,13908.9585469,1102.42433797,19,843
2025-11-16,PuLP HiGHS,Optimal,4.38504769999,8070.0890147,8106.46867558,1.124955|0.726615|0.384264,5412.937351|8106.468676|10800,5412.93735116,6696.52520117,53644.209825,2968.68179528,56612.8916203,51539.1317329,CVaR,0.9,0.1,5938.00289737,16227.6531381,1622.76531381,84623.7857285,796.820222166,78390.2338061,6233.55192241,23782.6246178,19231.1842456,2792.48638844,1200,10800,9.09494701773e-13,1.81898940355e-12,8106.46867558,8070.0890147,8106.46867558,512.594915462,1681.44406886,55325.6538939,78521.4723248,6102.31340372,309.619953427,22406.1116247,18116.2087212,2491.48851745,24,1010
2025-11-17,PuLP HiGHS,Optimal,2.75364920002,8106.46867558,8519.3051223,1.124955|0.726615|0.384264,6238.610245|8519.305122|10800,6238.61024459,7325.39689627,55316.2620636,3333.98680385,58650.2488675,53383.3653584,CVaR,0.9,0.1,7683.13604227,20585.1338718,2058.51338718,87074.889391,878.862896887,80530.0145071,6544.87488392,24458.707163,19440,2779.54017893,1200,10800,0,1.81898940355e-12,8519.3051223,8106.46867558,8519.3051223,120.067922154,356.968584317,55673.2306479,77359.7707032,9715.11868784,269.16135,21807.211263,17292.288321,4799.20757901,27,1015
2025-11-18,PuLP HiGHS,Optimal,3.73586689998,8519.3051223,8069.16651562,1.124955|0.726615|0.384264,5338.333031|8069.166516|10800,5338.33303124,6639.70300741,53816.5281605,3283.21567775,57099.7438383,52305.6668219,CVaR,0.9,0.1,5960.27907747,18456.2599097,1845.62599097,84601.692252,848.280479814,78405.7398984,6195.95235356,23264.8110594,19249.6217041,2559.12612971,1200,10800,5.91171556152e-12,1.81898940355e-12,8069.16651562,8519.3051223,8069.16651562,281.219743666,867.557467838,54684.0856284,78291.6961383,6309.99611368,71.1391833333,21138.6821647,17527.4572994,3848.29329936,26,1037
2025-11-19,PuLP HiGHS,Optimal,2.46296600002,8069.16651562,7684.97607145,1.124955|0.726615|0.384264,4569.952143|7684.976071|10800,4569.9521429,6054.46762476,54543.9391618,3352.44332618,57896.382488,54315.8980272,CVaR,0.9,0.1,19362.6852282,24739.8316395,2473.98316395,85684.1956205,883.268851698,78358.6417579,7325.55386262,23488.9918238,19371.854777,2701.98983646,1200,10800,4.54747350886e-13,4.54747350886e-13,7684.97607145,8069.16651562,7684.97607145,579.819664725,2492.02869845,57035.9678603,78836.222543,6847.97307748,105.079533333,22570.6446009,18627.9935265,1662.20847339,17,863
2025-11-20,PuLP HiGHS,Optimal,3.41288290001,7684.97607145,8502.82289416,1.124955|0.726615|0.384264,6205.645788|8502.822894|10800,6205.64578832,7300.28960056,55675.3477966,3400.03648982,59075.3842865,53715.1790395,CVaR,0.9,0.1,7311.30067882,19400.8435358,1940.08435358,87688.3526876,879.704562172,81662.9190999,6025.43358772,25230.9722355,19701.0253703,2569.40016351,1200,10800,4.54747350886e-13,9.09494701773e-13,8502.82289416,7684.97607145,8502.82289416,190.408053026,635.505718402,56310.853515,79795.3258147,7893.0268729,117.18455,22839.006021,17763.5327366,4329.45884813,27,1033
2025-11-21,PuLP HiGHS,Optimal,3.2825654,8502.82289416,7776.83434953,1.124955|0.726615|0.384264,4753.668699|7776.83435|10800,4753.66869905,6194.39488046,22896.5490387,2299.16580128,25195.71484,20528.3173541,CVaR,0.9,0.1,6272.60751598,15269.9739451,1526.99739451,40168.2221155,629.339352108,35707.3380106,4460.88410486,17567.3785381,14882.9663061,6061.9028631,1200,10800,0,1.81898940355e-12,7776.83434953,8502.82289416,7776.83434953,197.497167309,527.802041771,23424.3510805,36452.9350946,3715.28702083,5283.9127193,16608.0271903,14105.8917143,1736.42593954,20,836
2025-11-22,PuLP HiGHS,Optimal,3.8817155,7776.83434953,8598.32808407,1.124955|0.726615|0.384264,6396.656168|8598.328084|10800,6396.65616814,7445.77217883,25143.8902307,2691.40952375,27835.2997544,22350.7743416,CVaR,0.9,0.1,6565.92483754,19612.4676602,1961.24676602,45132.894772,720.714925745,39937.8747296,5195.0200424,19520.3048527,15072.1025696,6713.86289452,1200,10800,1.70530256582e-13,1.81898940355e-12,8598.32808407,7776.83434953,8598.32808407,85.8486216125,340.590377425,25484.4806081,40504.1761235,4628.71864853,6137.88134334,18384.0503018,14151.7363834,2056.62073702,25,793
2025-11-23,PuLP HiGHS,Optimal,2.93827800002,8598.32808407,8257.28449153,1.124955|0.726615|0.384264,5714.568983|8257.284492|10800,5714.56898306,6926.26217952,56426.2904625,3246.11602251,59672.406485,54793.149293,CVaR,0.9,0.1,9695.38987511,20470.0498756,2047.00498756,88275.3872683,828.476379459,81158.2290963,7117.15817196,24454.3960083,20115,2962.46376523,1200,10800,9.09494701773e-13,9.09494701773e-13,8257.28449153,8598.32808407,8257.28449153,289.624380729,1152.28237334,57578.5728358,79389.1554216,8886.23184666,557.4432,22085.1555385,18195.9152195,4288.32525033,22,989
2025-11-24,PuLP HiGHS,Optimal,2.49183330001,8257.28449153,7678.08247005,1.124955|0.726615|0.384264,4556.16494|7678.08247|10800,4556.1649401,6043.96663622,53807.1277254,2820.5198768,56627.6476023,52274.593137,CVaR,0.9,0.1,5964.97063809,16909.1217092,1690.91217092,84681.394541,736.271722047,78914.9248307,5766.46971035,23071.0481875,19208.8308512,2147.6349123,1200,10800,4.54747350886e-13,9.09494701773e-13,7678.08247005,8257.28449153,7678.08247005,332.22908288,1160.07259388,54967.2003193,77712.5038772,6968.89066388,458.714083333,20765.0368212,17340.9616445,4173.88057301,28,1027
2025-11-25,PuLP HiGHS,Optimal,3.15422609998,7678.08247005,8387.03882974,1.124955|0.726615|0.384264,5974.077659|8387.03883|10800,5974.07765948,7123.91631415,56205.7092539,2899.8814709,59105.5907248,53638.7034476,CVaR,0.9,0.1,6603.69176375,16570.2903698,1657.02903698,88561.0245897,775.131327721,82435.5816333,6125.44295641,25621.0626219,20115,3060.86503073,1200,10800,4.54747350886e-13,1.81898940355e-12,8387.03882974,7678.08247005,8387.03882974,294.868919076,825.972893412,57031.6821473,81013.2006002,7547.82398943,183.10095,22727.6177839,17771.3096812,5237.13515679,28,1048
2025-11-26,PuLP HiGHS,Optimal,4.86761479999,8387.03882974,7817.76733852,1.124955|0.726615|0.384264,4835.534677|7817.767339|10800,4835.53467705,6256.74789794,54745.2646453,2594.50613784,57339.7707832,51880.7288771,CVaR,0.9,0.1,5907.08656605,7977.05991878,797.705991878,86148.6693001,674.265412962,80315.8613997,5832.80790033,23981.0267795,19936.9760335,2418.53660377,1200,10800,2.27373675443e-13,9.09494701773e-13,7817.76733852,8387.03882974,7817.76733852,291.334988049,1123.71217336,55868.9768187,80230.3622452,5918.30705489,2.94833333333,22491.7176771,18730.6356606,2695.64947536,25,1180
2025-11-27,PuLP HiGHS,Optimal,3.71745120001,7817.76733852,8183.5388775,1.124955|0.726615|0.384264,5567.077755|8183.538877|10800,5567.077755,6813.9258544,55893.2327479,2851.41843896,58744.6511868,53417.1395107,CVaR,0.9,0.1,5561.88863095,14864.1417823,1486.41417823,87861.6363942,740.174715914,82126.8706501,5734.7657441,25239.7461544,20115,2399.80630033,1200,10800,2.27373675443e-13,9.09494701773e-13,8183.5388775,7817.76733852,8183.5388775,146.255478312,490.706688572,56383.9394364,80348.763458,7512.87293625,82.3215,22645.3174624,18013.5127595,4695.91593246,28,1059
2025-11-28,PuLP HiGHS,Optimal,4.50961029998,8183.5388775,8219.17458541,1.124955|0.726615|0.384264,5638.349171|8219.174585|10800,5638.34917082,6868.20955008,25103.0428599,2854.68122367,27957.7240836,22986.2617005,CVaR,0.9,0.1,13832.3309151,18967.4716703,1896.74716703,43753.8742153,784.379021859,38110.9916493,5642.88256606,18648.1760958,15072.9505005,5389.66171477,1200,10800,2.98427949019e-13,1.81898940355e-12,8219.17458541,8183.5388775,8219.17458541,113.146177389,291.890422285,25394.9332822,38230.1998241,5523.6743912,3993.93577074,17874.2081245,14446.0364438,1400.88202802,21,796
2025-11-29,PuLP HiGHS,Optimal,3.4744717,8219.17458541,8183.58055032,1.124955|0.726615|0.384264,5567.161101|8183.58055|10800,5567.16110064,6813.9893344,25322.50204,2834.98316744,28157.4852075,23484.1607354,CVaR,0.9,0.1,8606.09706995,21406.6486233,2140.66486233,44752.2690566,760.401885102,39661.1197872,5091.14926944,19409.202764,15753.4888704,5994.37704713,1200,10800,1.36424205266e-12,1.81898940355e-12,8183.58055032,8219.17458541,8183.58055032,724.552810599,1891.32687847,27213.8289185,39973.421278,4778.84777867,2351.82831426,18151.2121363,14734.516462,2276.9630362,21,771
2025-11-30,PuLP HiGHS,Optimal,3.4933571,8183.58055032,7867.44137368,1.124955|0.726615|0.384264,4934.882747|7867.441374|10800,4934.88274736,6332.41610732,56282.151461,3083.08186458,59365.2333256,54758.1119266,CVaR,0.9,0.1,6939.75489163,17252.9470831,1725.29470831,88286.4646104,788.429652678,82138.0296934,6148.43491698,24440.4188989,20081.2645671,2607.66971486,1200,10800,9.09494701773e-13,9.09494701773e-13,7867.44137368,8183.58055032,7867.44137368,524.01573324,1881.29552908,58163.4469901,83922.4528321,4364.01177826,0,23611.3984615,19409.7580128,1500.5269917,22,1049
2025-12-01,PuLP HiGHS,Optimal,1.05010410002,7867.44137368,7950,1.124955|0.726615|0.384264,5121.374675|7960.687337|10800,5121.37467481,6466.69163796,56999.7591478,2477.23013643,59476.9892842,53961.9943684,CVaR,0.9,0.1,6289.91003826,9516.96722144,951.696722144,89404.8163518,638.647940502,83325.7501474,6079.06620442,24925.0651404,20115,2599.88060173,1200,10800,1.13686837722e-13,9.09494701773e-13,7950,7867.44137368,7950,3912.06421336,14233.0305063,71232.7896541,87190.1857471,2214.63060473,0,24889.5761232,20086.2538961,64.2351210745,6,1104
2025-12-02,PuLP HiGHS,Optimal,4.17762230002,7950,8725.03402696,1.124955|0.726615|0.384264,6650.068054|8725.034027|10800,6650.06805392,7638.7827081,59447.5423333,3526.02888421,62973.5712175,57213.0330137,CVaR,0.9,0.1,16438.854155,18782.4450425,1878.24450425,93143.7402229,925.959755483,85141.5060239,8002.23419895,25694.4822522,20115,2568.1030213,1200,10800,2.27373675443e-13,9.09494701773e-13,8725.03402696,7950,8725.03402696,4066.74772056,16241.0333741,75688.5757075,90135.745356,3007.99486684,0,25616.5921175,20051.9089909,140.981143824,3,923
2025-12-03,PuLP HiGHS,Optimal,3.5079882,8725.03402696,7703.99172617,1.124955|0.726615|0.384264,4607.983452|7703.991726|10800,4607.98345235,6083.43407652,57023.3043705,2795.66762027,59818.9719908,55202.1159282,CVaR,0.9,0.1,4788.99859433,14665.7801398,1466.57801398,88966.1533179,735.550977653,82407.0754265,6559.0778914,23897.4198442,20275.8481445,2186.49249371,1200,10800,4.54747350886e-13,9.09494701773e-13,7703.99172617,8725.03402696,7703.99172617,3687.07483172,11962.9793748,68986.2837453,87010.5548164,1955.5985015,0,23441.1534324,19906.2723509,825.842205496,13,1098
2025-12-04,PuLP HiGHS,Optimal,4.96861580003,7703.99172617,7645.71838678,1.124955|0.726615|0.384264,4491.436774|7645.718387|10800,4491.43677355,5994.66658998,58363.5271245,2383.83240783,60747.3595323,56074.0525775,CVaR,0.9,0.1,8739.53126854,13213.5963516,1321.35963516,91002.7080213,616.539933674,84419.8935714,6582.81444994,24975.1302571,20282.3015137,2395.18554431,1200,10800,4.54747350886e-13,9.09494701773e-13,7645.71838678,7703.99172617,7645.71838678,3410.1835745,11927.7414585,70291.268583,87958.3643289,3044.34369237,0,24472.5534677,19875.2143143,909.663988669,11,1035
2025-12-05,PuLP HiGHS,Optimal,7.88409909999,7645.71838678,8153.63816232,1.124955|0.726615|0.384264,5507.276325|8153.638162|10800,5507.27632463,6768.37824446,25719.2399751,2462.36881275,28181.6087879,22642.0340959,CVaR,0.9,0.1,7197.0922309,12288.0355245,1228.80355245,46552.5438957,668.577020777,42132.860939,4419.68295678,19978.7791825,15725.6833398,4287.64155794,1200,10800,4.54747350886e-13,1.81898940355e-12,8153.63816232,7645.71838678,8153.63816232,2116.9697648,7112.68473366,32831.9247088,44285.4126029,2267.13129284,851.817305684,19904.2609511,15665.3235724,134.877998865,8,947
2025-12-06,PuLP HiGHS,Optimal,3.56521480001,8153.63816232,8729.25495686,1.124955|0.726615|0.384264,6658.509914|8729.254957|10800,6658.50991373,7645.21242951,27592.0635218,2610.60088444,30202.6644063,24184.1597063,CVaR,0.9,0.1,6928.44436393,16267.0772959,1626.70772959,49543.2530978,695.560979405,43987.5009795,5555.75211835,20663.3050491,16219.2219747,5179.75231239,1200,10800,4.54747350886e-13,9.09494701773e-13,8729.25495686,8153.63816232,8729.25495686,2916.75369556,8621.34848496,36213.4120068,46961.8751674,2581.3779304,1902.17712919,19967.1884318,15655.3675146,1259.97107741,17,890
2025-12-07,PuLP HiGHS,Optimal,1.04176599998,8729.25495686,7931.32036048,1.124955|0.726615|0.384264,5062.640721|7931.32036|10800,5062.64072096,6429.72264852,60070.0325236,3720.33288918,63790.3654128,60168.7242066,CVaR,0.9,0.1,13138.868391,28080.8144237,2808.08144237,93143.5015619,963.824464343,85361.6312008,7781.87036109,24634.2216547,20671.8606771,2204.74582206,1200,10800,2.27373675443e-13,2.27373675443e-13,7931.32036048,8729.25495686,7931.32036048,1970.68529334,6696.13664173,66766.1691653,89461.3153373,3682.18622464,0,23670.8448281,19891.5254475,1743.71205617,17,914
2025-12-08,PuLP HiGHS,Optimal,1.07052139999,7931.32036048,7920.81380679,1.124955|0.726615|0.384264,5041.627614|7920.813807|10800,5041.62761357,6413.71806781,64669.203671,3199.6953314,67868.8990024,63117.5371596,CVaR,0.9,0.1,8024.9724764,16623.5622495,1662.35622495,99964.811199,841.664653345,93005.1949722,6959.61622683,25462.2351045,20633.866333,1291.85861233,1200,10800,9.09494701773e-13,4.54747350886e-13,7920.81380679,7931.32036048,7920.81380679,256.725253055,1197.22893932,65866.4326103,92069.5076706,7895.30352839,0,23623.56687,19144.545063,3327.98950454,20,1045
2025-12-09,PuLP HiGHS,Optimal,2.89458390002,7920.81380679,7715.13578038,1.124955|0.726615|0.384264,4630.271561|7715.13578|10800,4630.27156076,6100.40975857,64322.9453298,3031.77038507,67354.7157149,63044.7374261,CVaR,0.9,0.1,8832.84761193,17904.314698,1790.4314698,99616.7715871,803.352502208,92819.8708725,6796.90071461,25438.1355262,20790,1522.75443359,1200,10800,4.54747350886e-13,9.09494701773e-13,7715.13578038,7920.81380679,7715.13578038,271.384207885,1229.49418619,65552.439516,91525.9050309,8090.86655625,0,24178.6589255,19769.8239534,2279.65264737,17,1064
2025-12-10,PuLP HiGHS,Optimal,3.99717820002,7715.13578038,8528.93794991,1.124955|0.726615|0.384264,6257.8759|8528.93795|10800,6257.87589983,7340.07053441,67477.1812432,3415.74377078,70892.925014,65580.4758947,CVaR,0.9,0.1,12832.7968824,20276.2141513,2027.62141513,104258.387468,890.333328428,94943.6965161,9314.6909516,26570.8912995,20790,1801.74003873,1200,10800,9.09494701773e-13,9.09494701773e-13,8528.93794991,7715.13578038,8528.93794991,108.771416174,400.331788194,67877.5130314,93575.9513348,10682.4361329,0,24024.6438511,18727.5395668,4608.7078816,19,936
2025-12-11,PuLP HiGHS,Optimal,5.48525930001,8528.93794991,7775.99461983,1.124955|0.726615|0.384264,4751.98924|7775.99462|10800,4751.98923966,6193.11572441,64293.059264,2992.41718564,67285.4764496,62576.2736279,CVaR,0.9,0.1,7781.33964772,14839.129027,1483.9129027,99121.4981291,777.9190529,92140.2639449,6981.23418417,24797.8752355,20763.9279378,1498.70156052,1200,10800,2.84217094304e-13,9.09494701773e-13,7775.99461983,8528.93794991,7775.99461983,100.915845768,266.801751679,64559.8610157,89485.1545356,9636.34359354,0,22644.5509391,19019.7352577,3897.51697647,21,1076
2025-12-12,PuLP HiGHS,Optimal,7.52363450002,7775.99461983,8465.07773943,1.124955|0.726615|0.384264,6130.155479|8465.077739|10800,6130.15547887,7242.79259509,31098.4562483,2972.001739,34070.4579873,28688.8498273,CVaR,0.9,0.1,8216.69716348,18611.8443509,1861.18443509,56161.4824183,797.083218539,50160.9684724,6000.51394587,22361.4526353,17492.601827,3701.45189262,1200,10800,4.54747350886e-13,1.81898940355e-12,8465.07773943,7775.99461983,8465.07773943,256.62454423,733.503408251,31831.9596565,50125.6129238,6035.86949447,2140.42073047,20564.3602453,16036.956991,3252.73722606,30,930
2025-12-13,PuLP HiGHS,Optimal,4.198928,8465.07773943,8176.21788531,1.124955|0.726615|0.384264,5552.435771|8176.217885|10800,5552.43577063,6802.77382361,30576.4409395,2670.79002178,33247.2309613,27862.7117873,CVaR,0.9,0.1,7803.27809756,14182.5464957,1418.25464957,55535.4558549,714.220236421,49888.2449516,5647.21090331,21330.6392507,17537.7916618,3669.81087654,1200,10800,2.27373675443e-13,1.81898940355e-12,8176.21788531,8465.07773943,8176.21788531,116.246996032,568.9911149,31145.4320544,48701.3227167,6834.13313826,1561.9988276,19563.2177394,16106.1802376,3199.03293549,31,955
2025-12-14,PuLP HiGHS,Optimal,2.8732691,8176.21788531,8641.60808276,1.124955|0.726615|0.384264,6483.216166|8641.608083|10800,6483.21616552,7511.70038443,66735.2424679,3077.53848164,69812.7809496,63941.8043932,CVaR,0.9,0.1,7795.2775093,16407.2382812,1640.72382812,102700.763514,798.716134079,94848.8776867,7851.88582696,26183.7668861,20790,1655.48289763,1200,10800,9.09494701773e-13,9.09494701773e-13,8641.60808276,8176.21788531,8641.60808276,100.473281352,344.907681311,67080.1501492,93738.6384278,8962.12508585,0,24429.1512184,19368.7613092,3175.8543585,19,1020
2025-12-15,PuLP HiGHS,Optimal,0.982894099987,8641.60808276,7946.47868853,1.124955|0.726615|0.384264,5092.957377|7946.478689|10800,5092.95737706,6452.81325385,63471.7332517,3035.21944175,66506.9526934,61508.2277708,CVaR,0.9,0.1,5246.28445072,14540.8833125,1454.08833125,98355.646293,781.967952113,91656.4326988,6699.21359423,24668.7000168,20607.2634684,1518.45313702,1200,10800,4.54747350886e-13,4.54747350886e-13,7946.47868853,8641.60808276,7946.47868853,241.746066663,841.168169276,64312.901421,93096.6754636,5258.97082938,0,23655.1579917,19786.2944281,1834.51106551,17,1112
2025-12-16,PuLP HiGHS,Optimal,3.373547,7946.47868853,7664.62813306,1.124955|0.726615|0.384264,4529.256266|7664.628133|10800,4529.25626612,6023.47171195,64775.2844735,2762.80679146,67538.0912649,62976.239082,CVaR,0.9,0.1,6808.71813968,14616.1952901,1461.61952901,99903.6569215,727.934418818,92632.8590287,7270.79789281,25353.4993828,20790,1576.97155396,1200,10800,4.54747350886e-13,9.09494701773e-13,7664.62813306,7946.47868853,7664.62813306,103.569460465,342.231878266,65117.5163518,93645.1688764,6258.48804506,0,24127.9605447,19797.3135411,2218.22529695,17,1046
2025-12-17,PuLP HiGHS,Optimal,3.98431610002,7664.62813306,8021.93848211,1.124955|0.726615|0.384264,5243.876964|8021.938482|10800,5243.87696423,6567.76078011,66187.9808544,2968.89768219,69156.8785366,64546.6037441,CVaR,0.9,0.1,5949.6108579,19574.8598762,1957.48598762,102397.224777,762.794286928,94890.2216981,7507.00307837,26063.6781656,20790,1743.15372775,1200,10800,4.54747350886e-13,1.81898940355e-12,8021.93848211,7664.62813306,8021.93848211,261.064090297,980.739552714,67168.7204071,92804.6649871,9592.55978944,0,23959.4878766,19085.6058659,3808.58442314,18,940
2025-12-18,PuLP HiGHS,Optimal,4.5594151,8021.93848211,8110.73278576,1.124955|0.726615|0.384264,5421.465572|8110.732786|10800,5421.46557152,6703.02069888,65025.4637491,2965.35809403,67990.8218432,62771.5194581,CVaR,0.9,0.1,6200.66612863,14837.1831384,1483.71831384,100564.606906,774.022372621,93547.8928408,7016.71406505,25584.1402495,20643.2387288,1371.56833205,1200,10800,4.54747350886e-13,9.09494701773e-13,8110.73278576,8021.93848211,8110.73278576,377.452055956,1179.90210389,66205.365853,91712.8340441,8851.77286174,0,24442.6540005,19718.6348671,2066.09011075,16,1025
2025-12-19,PuLP HiGHS,Optimal,2.79445460002,8110.73278576,8782.85405369,1.124955|0.726615|0.384264,6765.708107|8782.854054|10800,6765.70810739,7726.85966572,32492.9784022,2973.3721094,35466.3505116,29390.2274015,CVaR,0.9,0.1,13631.7740919,16507.3655564,1650.73655564,58849.1138861,794.10099008,51996.5158036,6852.59808249,22415.9906228,17552.0432633,3355.47185613,1200,10800,4.54747350886e-13,9.09494701773e-13,8782.85405369,8110.73278576,8782.85405369,13.0748177083,50.4670122917,32543.4454145,50233.7579388,8615.35594729,2900.00230645,20176.4737311,15738.0345811,4053.52557394,32,891
2025-12-20,PuLP HiGHS,Optimal,2.87711509998,8782.85405369,8551.48916051,1.124955|0.726615|0.384264,6302.978321|8551.489161|10800,6302.97832101,7374.42268075,31471.5800153,2904.61419925,34376.1942146,28780.863266,CVaR,0.9,0.1,6654.08185225,17790.9173221,1779.09173221,55964.3434545,777.875855844,49986.6360451,5977.70740939,21420.6746659,17558.9748832,3839.2424301,1200,10800,4.54747350886e-13,9.09494701773e-13,8551.48916051,8782.85405369,8551.48916051,94.764894988,352.068033893,31823.6480492,48983.7531193,6980.59033521,2688.37486706,19694.838427,16161.0475297,3123.76359242,30,960
2025-12-21,PuLP HiGHS,Optimal,0.963264799997,8551.48916051,7950,1.124955|0.726615|0.384264,5101.519049|7950.759525|10800,5101.51904906,6458.782348,64495.4874152,2708.54900857,67204.0364238,61860.540556,CVaR,0.9,0.1,7365.71925603,11152.8648017,1115.28648017,99451.5552158,703.909988714,93342.4079976,6109.14721822,24998.3453772,20790,1215.03249735,1200,10800,1.81898940355e-12,9.09494701773e-13,7950,8551.48916051,7950,646.341417468,1925.6012558,66421.0886711,92274.1776776,7177.37753824,0,23284.6182781,19401.8810497,3101.84604935,18,1134
2025-12-22,PuLP HiGHS,Optimal,2.7846867,7950,8499.51002121,1.124955|0.726615|0.384264,6199.020042|8499.510021|10800,6199.02004242,7295.24311776,66026.0054591,3549.13023237,69575.1356914,64366.4852133,CVaR,0.9,0.1,6254.21202981,20865.9263963,2086.59263963,102334.424663,920.648944274,95212.8567694,7121.56789385,26277.2333569,20790,1415.70905404,1200,10800,4.54747350886e-13,9.09494701773e-13,8499.51002121,7950,8499.51002121,169.199465894,480.284049383,66506.2895084,93966.8394802,8367.58518301,0,24758.1728614,19559.5609987,2749.49949681,18,1038
2025-12-23,PuLP HiGHS,Optimal,5.44367000001,8499.51002121,8566.14324587,1.124955|0.726615|0.384264,6332.286492|8566.143246|10800,6332.28649175,7396.74517572,65336.9953552,3220.03251536,68557.0278705,62581.4267126,CVaR,0.9,0.1,7340.68670071,14211.440178,1421.1440178,100993.824335,853.060383572,94306.7361536,6687.08818157,25740.703583,20790,1383.85956572,1200,10800,9.09494701773e-13,1.81898940355e-12,8566.14324587,8499.51002121,8566.14324587,34.7496810823,74.9903951485,65411.9857503,91843.1782066,9150.64612864,0,23999.2918534,19379.456499,3151.95523058,18,1070
2025-12-24,PuLP HiGHS,Optimal,0.960973900015,8566.14324587,8582.99473688,1.124955|0.726615|0.384264,6365.989474|8582.994737|10800,6365.98947375,7422.41496771,65617.7485749,3235.72667583,68853.4752508,63283.9487097,CVaR,0.9,0.1,6889.0074325,18528.8842669,1852.88842669,101465.314706,835.05685267,94548.8282801,6916.48642542,25685.3905456,20790,1324.04950773,1200,10800,9.09494701773e-13,9.09494701773e-13,8582.99473688,8566.14324587,8582.99473688,64.5823994486,202.781672484,65820.5302474,92341.8425685,9123.47213698,0,23877.3647864,19325.4991351,3272.52662406,18,1027
2025-12-25,PuLP HiGHS,Optimal,3.10516830001,8582.99473688,8258.58564677,1.124955|0.726615|0.384264,5717.171294|8258.585647|10800,5717.17129353,6928.24422279,64308.1618447,2564.01228806,66872.1741327,60727.2998476,CVaR,0.9,0.1,5391.50325515,7833.69937627,783.369937627,99572.1628273,666.911207394,92553.1955417,7018.96728554,25306.2121221,20790,1341.8150137,1200,10800,9.09494701773e-13,9.09494701773e-13,8258.58564677,8582.99473688,8258.58564677,503.59488627,1851.96707331,66160.128918,91418.2610429,8153.90178436,0,23165.1346156,19055.7272197,3875.35028682,19,1139
2025-12-26,PuLP HiGHS,Optimal,3.02008010002,8258.58564677,7933.53431161,1.124955|0.726615|0.384264,5067.068623|7933.534312|10800,5067.06862322,6433.0951492,30481.6216819,2317.70644645,32799.3281284,27606.6963558,CVaR,0.9,0.1,6089.18895563,12404.6337658,1240.46337658,54744.1066156,614.057601758,49309.8806839,5434.22593163,21370.8124507,17602.9042867,3563.73834608,1200,10800,4.54747350886e-13,9.09494701773e-13,7933.53431161,8258.58564677,7933.53431161,157.916308779,589.403025193,31071.0247071,48501.6037015,6242.50291406,2203.15716458,19690.982179,16242.2417666,3040.49279183,29,978
2025-12-27,PuLP HiGHS,Optimal,7.69738919998,7933.53431161,7694.18488467,1.124955|0.726615|0.384264,4588.369769|7694.184885|10800,4588.36976935,6068.4953639,29826.3968629,2799.9980855,32626.3949484,28523.3275112,CVaR,0.9,0.1,4282.5661098,19654.2792671,1965.42792671,54259.0518109,746.941086292,48834.7378865,5424.31392443,21454.6209207,17593.65743,3611.11294517,1200,10800,4.54747350886e-13,1.81898940355e-12,7694.18488467,7933.53431161,7694.18488467,137.80703565,490.887693917,30317.2845568,48588.3849121,5670.6668988,1885.09054492,19566.8780021,16064.5856659,3416.81468273,31,960
2025-12-28,PuLP HiGHS,Optimal,2.94481250001,7694.18488467,8471.11941559,1.124955|0.726615|0.384264,6142.238831|8471.119416|10800,6142.23883119,7251.99585018,66553.7842736,3205.84098031,69759.6252539,64519.5685056,CVaR,0.9,0.1,6051.83738275,20119.391019,2011.9391019,102891.330393,834.652648752,95533.4597096,7357.87068293,26529.9272566,20790,1300.96086926,1200,10800,4.54747350886e-13,9.09494701773e-13,8471.11941559,7694.18488467,8471.11941559,204.587739695,721.721273353,67275.5055469,91857.0257811,11034.3046114,0,23963.7773315,18711.4185607,4644.73136441,19,992
2025-12-29,PuLP HiGHS,Optimal,3.44653819999,8471.11941559,7766.10710787,1.124955|0.726615|0.384264,4732.214216|7766.107108|10800,4732.21421574,6178.05412688,65356.6603765,3284.61657197,68641.2769484,64721.0101526,CVaR,0.9,0.1,7159.4490907,22577.8733107,2257.78733107,100542.038746,865.547801863,92786.318064,7755.72068229,24883.3196581,20790,1516.2352087,1200,10800,4.54747350886e-13,4.54747350886e-13,7766.10710787,8471.11941559,7766.10710787,102.488757186,355.610727833,65712.2711043,91061.2009107,9480.83783555,0,22497.0235694,18857.1001682,4319.19592052,20,949
2025-12-30,PuLP HiGHS,Optimal,4.76071089998,7766.10710787,8060.18525155,1.124955|0.726615|0.384264,5320.370503|8060.185252|10800,5320.3705031,6626.02189276,65053.088266,2982.85687593,68035.945142,63200.0431659,CVaR,0.9,0.1,6376.38096307,17901.1991667,1790.11991667,100720.150257,766.560168261,93306.201841,7413.94841551,25970.3411344,20771.3059896,1538.83679428,1200,10800,4.54747350886e-13,9.09494701773e-13,8060.18525155,7766.10710787,8060.18525155,140.327371429,314.806106424,65367.8943725,90878.9127004,9841.23755618,0,23842.9849605,19048.1474887,3850.51467488,20,996
2025-12-31,PuLP HiGHS,Optimal,1.10673299999,8060.18525155,7834.33049198,1.124955|0.726615|0.384264,4868.660984|7834.330492|10800,4868.66098395,6281.97846677,64387.1780234,2627.56198528,67014.7400087,61830.8795133,CVaR,0.9,0.1,5802.13026187,10981.1797145,1098.11797145,99659.3634443,694.86950887,93213.0559601,6446.30748422,25267.1400828,20669.6527507,1420.37973881,1200,10800,4.54747350886e-13,9.09494701773e-13,7834.33049198,8060.18525155,7834.33049198,347.198830131,796.30240414,65183.4804275,92686.4667319,6972.89671247,0,24160.589012,19773.3463833,2002.85743808,19,1123
