date,solver,status,runtime_seconds,initial_energy_kwh,final_energy_kwh,terminal_value_rates_yuan_per_kwh,terminal_value_breakpoints_kwh,terminal_uncertainty_reserve_kwh,terminal_value_credit_yuan,planned_purchase_cost_yuan,expected_emergency_cost_yuan,expected_total_cost_yuan,optimization_objective_yuan,risk_method,cvar_alpha,risk_weight,var_cost_yuan,cvar_cost_yuan,lambda_cvar_term_yuan,planned_purchase_energy_kwh,expected_emergency_energy_kwh,expected_planned_grid_used_energy_kwh,expected_unused_planned_grid_energy_kwh,charge_energy_kwh,discharge_energy_kwh,expected_spill_energy_kwh,minimum_energy_kwh,maximum_energy_kwh,maximum_power_balance_residual_kw,maximum_soc_residual_kwh,planned_final_energy_kwh,actual_initial_energy_kwh,actual_final_energy_kwh,realized_emergency_energy_kwh,realized_emergency_cost_yuan,realized_total_cost_yuan,realized_planned_grid_used_energy_kwh,realized_unused_planned_grid_energy_kwh,realized_pv_spill_energy_kwh,actual_charge_energy_kwh,actual_discharge_energy_kwh,battery_clipping_energy_kwh,battery_clipping_intervals,scenario_emergency_interval_count
2025-02-01,PuLP HiGHS,Optimal,7.4011106,6000,7189.18008607,1.124955|0.726615|0.384264,3506.12668|7153.06334|10800,3506.12668024,5244.20762069,26301.1319228,1103.93953508,27405.0714579,22509.3579702,CVaR,0.9,0.2,1593.52332054,1742.47066493,348.494132987,49536.5633255,306.507535683,45994.0904829,3542.47284262,21660.0277588,16506.8654785,2812.74888309,1200,10800,3.12638803734e-13,1.81898940355e-12,7153.06334012,6000,7189.18008607,141.781552734,722.488527327,27023.6204502,43681.964837,5854.59848851,4543.45359401,20167.6567626,15265.5399003,2733.69657443,32,866
2025-02-02,PuLP HiGHS,Optimal,1.056478,7189.18008607,7055.40240761,1.124955|0.726615|0.384264,3310.804815|7055.402408|10800,3310.80481523,5095.44121051,59885.8212795,1383.73892506,61269.5602045,56582.4682291,CVaR,0.9,0.2,1934.09843378,2041.7461753,408.34923506,94239.9529126,365.724339427,89178.5938783,5061.35903425,24684.6914684,20115,1260.33421146,1200,10800,4.54747350886e-13,2.27373675443e-13,7055.40240761,7189.18008607,7055.40240761,52.712714974,160.45612037,60046.2773999,82385.5144699,11854.4384427,59.1740666667,21806.1846253,17783.4094571,5210.09738606,27,939
2025-02-03,PuLP HiGHS,Optimal,1.1219953,7055.40240761,7055.40235185,1.124955|0.726615|0.384264,3310.804704|7055.402352|10800,3310.80470371,5095.44112557,58589.6179745,1391.90385042,59981.521825,55388.0746115,CVaR,0.9,0.2,2473.06782694,2509.96956039,501.993912079,92703.492866,356.773182063,87720.3175198,4983.17534626,24833.3332714,20115,1319.00957721,1200,10800,3.41060513165e-13,9.09494701773e-13,7055.40235185,7055.40240761,7055.40235185,106.926071722,425.351119612,59014.9690941,84388.7562683,8314.73659776,0,22519.8204746,18241.0546346,4187.45816226,25,950
2025-02-04,PuLP HiGHS,Optimal,1.1393851,7055.40235185,7079.21568092,1.124955|0.726615|0.384264,3315.626909|7057.813454|10800,3315.62690857,5099.11394585,58918.2703812,1373.87136231,60292.1417435,55671.7863917,CVaR,0.9,0.2,2356.63770562,2393.79296982,478.758593964,93205.8611048,354.508074876,87924.1354828,5281.72562197,24724.3165433,20024.5264079,1338.61703063,1200,10800,9.09494701773e-13,9.09494701773e-13,7057.81345429,7055.40235185,7079.21568092,385.829934809,1354.45994163,60272.7303229,85335.7164447,7870.14466015,0,23711.8443859,19185.1619564,1851.83660894,23,878
2025-02-05,PuLP HiGHS,Optimal,1.090855,7079.21568092,6873.5491149,1.124955|0.726615|0.384264,2947.09823|6873.549115|10800,2947.0982298,4818.42499898,57706.002823,1411.39841853,59117.4012415,54904.9431454,CVaR,0.9,0.2,2813.06654432,3029.83451413,605.966902826,91457.7186508,373.753320559,86496.7193426,4960.99930825,24320.7262142,19884.8881429,1309.02636749,1200,10800,2.27373675443e-13,9.09494701773e-13,6873.5491149,7079.21568092,6873.5491149,219.71198782,827.734139353,58533.7369624,84748.0460218,6709.67262907,2.0525,23170.4128194,18953.1342931,2082.06724464,22,940
2025-02-06,PuLP HiGHS,Optimal,3.92834279999,6873.5491149,7092.43511486,1.124955|0.726615|0.384264,3337.542418|7068.771209|10800,3337.54241809,5115.80583888,59329.3600902,1378.63054128,60707.9906314,56052.7682128,CVaR,0.9,0.2,2282.80996031,2302.91710125,460.58342025,93496.1979525,361.961026388,88427.787053,5068.41089949,25050.2467713,20115,1236.25503012,1200,10800,4.54747350886e-13,9.09494701773e-13,7068.77120905,6873.5491149,7092.43511486,94.5929961589,327.339379879,59656.69947,84728.3913281,8767.80662438,1.40081666667,22913.3099523,18362.7836614,3889.15315754,25,972
2025-02-07,PuLP HiGHS,Optimal,3.50297910001,7092.43511486,7058.30191845,1.124955|0.726615|0.384264,3288.933463|7044.466731|10800,3288.93346291,5078.78294969,25039.4901716,1024.38027176,26063.8704434,21265.2034848,CVaR,0.9,0.2,1400.57995545,1400.57995545,280.115991091,46916.6801867,287.866714674,43292.8268684,3623.85331825,20326.9641333,16508.0124931,2960.169409,1200,10800,4.54747350886e-13,4.54747350886e-13,7044.46673145,7092.43511486,7058.30191845,91.2462180432,512.658398228,25552.1485698,40824.28496,6092.39522668,5518.88391379,19061.5130231,15470.5454255,2302.91817789,28,840
2025-02-08,PuLP HiGHS,Optimal,3.4441795,7058.30191845,7044.46668684,1.124955|0.726615|0.384264,3288.933374|7044.466687|10800,3288.93337368,5078.78288173,22733.3586303,1007.62125541,23740.9798857,19018.7068252,CVaR,0.9,0.2,1761.89201851,1782.54910603,356.509821206,42551.73527,286.905594052,39120.3324159,3431.40285413,19645.2026273,15925.0658366,3711.8367107,1200,10800,4.77484718431e-12,1.81898940355e-12,7044.46668684,7058.30191845,7044.46668684,123.282302719,550.483591382,23283.8422217,39172.8025777,3378.9326923,4208.23348732,18542.844131,15032.1554546,1995.26887829,24,811
2025-02-09,PuLP HiGHS,Optimal,1.1503644,7044.46668684,7044.46672119,1.124955|0.726615|0.384264,3288.933442|7044.466721|10800,3288.93344238,5078.78293405,55175.5626544,1355.20974421,56530.7723986,51986.7840074,CVaR,0.9,0.2,2572.9069876,2673.97271406,534.794542811,87858.7739376,352.334066088,82871.5856596,4987.18827801,24628.0599457,19948.7285251,1551.24257676,1200,10800,4.54747350886e-13,9.09494701773e-13,7044.46672119,7044.46668684,7044.46672119,759.097473727,2479.31733769,57654.8799921,83254.3174324,4604.4565052,0,23463.1521503,19005.1532109,2108.48310966,23,932
2025-02-10,PuLP HiGHS,Optimal,1.1171763,7044.46672119,6903.82552941,1.124955|0.726615|0.384264,2997.494005|6898.747002|10800,2997.494005,4856.80881517,55895.6509895,1381.11175178,57276.7627413,52967.3229212,CVaR,0.9,0.2,2382.88784013,2736.84497548,547.368995095,88694.4890101,383.157266815,83994.0409703,4700.44803983,24437.4055939,19925.4462779,1504.46401781,1200,10800,4.54747350886e-13,0,6898.7470025,7044.46672119,6903.82552941,125.87983949,401.965177615,56297.6161671,78450.9610528,10243.5279573,499.663033333,20405.8807801,16655.3405045,7301.63058729,31,936
2025-02-11,PuLP HiGHS,Optimal,3.7243555,6903.82552941,6962.26373559,1.124955|0.726615|0.384264,3124.527471|6962.263736|10800,3124.52747118,4953.56353711,54579.2311867,1371.01966083,55950.2508475,51537.4667534,CVaR,0.9,0.2,2674.00256592,2703.89721527,540.779443054,87099.4810216,369.305406155,82342.4590472,4757.02197437,24558.9934986,19840.1903483,1637.3616705,1200,10800,9.09494701773e-13,9.09494701773e-13,6962.26373559,6903.82552941,6962.26373559,147.530015285,789.885568941,55369.1167556,79566.6339399,7532.84708165,219.779357375,22216.8056787,17943.0182142,4239.35995401,27,905
2025-02-12,PuLP HiGHS,Optimal,5.38097509999,6962.26373559,7010.44572894,1.124955|0.726615|0.384264,3220.891458|7010.445729|10800,3220.89145788,5026.95892667,54323.1678964,1315.94648486,55639.1143812,51125.358558,CVaR,0.9,0.2,2277.14056802,2566.01551712,513.203103425,86808.102927,357.900452771,82063.4651169,4744.63781012,24417.6638054,19734.9438883,1654.82753166,1200,10800,4.36557456851e-11,1.36424205266e-12,7010.44572894,6962.26373559,7010.44572894,201.369986244,822.460698949,55145.6285953,79486.5810954,7321.52183156,163.384283333,22181.4045843,17923.5739192,4047.62919024,27,955
2025-02-13,PuLP HiGHS,Optimal,4.5294006,7010.44572894,7112.23946393,1.124955|0.726615|0.384264,3424.478928|7112.239464|10800,3424.47892786,5182.02081421,54224.0142633,1282.88902807,55506.9032914,50770.4927203,CVaR,0.9,0.2,2117.21280625,2228.05121548,445.610243095,86496.2341371,347.845854358,81782.7347886,4713.49934847,24450.5576038,19713.3372976,1599.77714813,1200,10800,4.54747350886e-13,9.09494701773e-13,7112.23946393,7010.44572894,7112.23946393,250.803054334,1152.61065689,55376.6249202,75651.6861102,10844.5480269,684.727033333,19982.4671215,16094.1840069,8087.24377308,31,930
2025-02-14,PuLP HiGHS,Optimal,3.7528205,7112.23946393,7112.23946833,1.124955|0.726615|0.384264,3424.478937|7112.239468|10800,3424.47893665,5182.02082091,21002.2202685,941.288886445,21943.5091549,17119.0663087,CVaR,0.9,0.2,1596.81312681,1787.88987349,357.577974698,38865.631414,271.275395192,35654.9438249,3210.6875891,18816.6891202,15241.5181834,4334.66433694,1200,10800,2.27373675443e-13,9.09494701773e-13,7112.23946833,7112.23946393,7112.23946833,737.664720301,2488.44573866,23490.6660071,36314.721846,2550.90956805,3843.89236374,17929.9599047,14523.2675188,1604.97988003,19,759
2025-02-15,PuLP HiGHS,Optimal,3.67207099999,7112.23946833,7011.21957793,1.124955|0.726615|0.384264,3222.439156|7011.219578|10800,3222.43915585,5028.13772696,20612.3656335,1063.03358011,21675.3992136,17013.770412,CVaR,0.9,0.2,1682.65441802,1832.54462658,366.508925317,38053.4950668,300.39229106,34947.6848914,3105.81017544,18430.0602493,15019.2667033,4387.78900417,1200,10800,1.36424205266e-12,1.81898940355e-12,7011.21957793,7112.23946833,7011.21957793,629.334763388,2229.95967418,22842.3253077,35825.2214698,2228.27359705,3984.36874529,17268.4962593,14078.3998714,2102.43082198,21,790
2025-02-16,PuLP HiGHS,Optimal,8.6497751,7011.21957793,7041.73258312,1.124955|0.726615|0.384264,3283.465166|7041.732583|10800,3283.46516625,5074.61803521,52283.7086775,1440.10603843,53723.814716,49164.8972577,CVaR,0.9,0.2,2532.68890935,2578.50288462,515.700576925,83785.1450635,388.675334706,79125.7116638,4659.43339973,23438.7935863,18957.9611003,1767.60096816,1200,10800,9.09494701773e-13,1.81898940355e-12,7041.73258312,7011.21957793,7041.73258312,675.520857111,2556.49745596,54840.2061335,78944.2003867,4840.94467682,30.5391666667,22022.8488024,17811.0458253,2562.86005895,19,951
2025-02-17,PuLP HiGHS,Optimal,1.2512386,7041.73258312,6992.55534051,1.124955|0.726615|0.384264,3185.110681|6992.555341|10800,3185.11068102,4999.70658742,51335.1535115,1473.86197909,52809.0154906,48296.1223962,CVaR,0.9,0.2,2431.29646245,2434.06746523,486.813493046,82728.2851834,389.067621299,78059.2310384,4669.054145,23102.8392672,18757.5593248,1668.61447126,1200,10800,4.54747350886e-13,9.09494701773e-13,6992.55534051,7041.73258312,6992.55534051,228.058963452,980.167969938,52315.3214814,75554.2669579,7174.01822547,801.467166667,20217.132139,16420.1365509,5223.12990214,29,950
2025-02-18,PuLP HiGHS,Optimal,6.54661929999,6992.55534051,6967.98942508,1.124955|0.726615|0.384264,3135.97885|6967.989425|10800,3135.97885015,4962.28545127,51207.1652187,1409.33235696,52616.4975757,48175.901382,CVaR,0.9,0.2,2557.14123266,2608.44628772,521.689257545,82318.0452426,378.649724607,77789.5521088,4528.49313382,23181.2091771,18798.8887573,1952.29684893,1200,10800,3.41060513165e-13,4.54747350886e-13,6967.98942508,6992.55534051,6967.98942508,218.882835387,852.569621266,52059.73484,76128.0273777,6190.0178649,325.035966667,20803.1357209,16872.6492578,4304.31295563,28,960
2025-02-19,PuLP HiGHS,Optimal,8.5070284,6967.98942508,6999.39992283,1.124955|0.726615|0.384264,3198.799846|6999.399923|10800,3198.79984566,5010.13290545,50972.0583538,1379.82449647,52351.8828502,47914.9038916,CVaR,0.9,0.2,2582.58261839,2865.76973399,573.153946798,82010.8305775,368.819365544,77523.1458749,4487.68470262,23214.7082516,18775.6442358,1960.31229934,1200,10800,2.72848410532e-12,9.09494701773e-13,6999.39992283,6967.98942508,6999.39992283,642.996969596,2157.96515604,53130.0235098,76660.8060007,5350.02457687,167.243216667,22257.6995909,18000.4672207,1732.18567589,21,921
2025-02-20,PuLP HiGHS,Optimal,10.0387881,6999.39992283,7044.46675123,1.124955|0.726615|0.384264,3288.933502|7044.466751|10800,3288.93350246,5078.78297982,50607.9250326,1368.3241866,51976.2492192,47387.185637,CVaR,0.9,0.2,2361.38950052,2448.59698831,489.719397661,81665.9996524,370.140060467,77306.9002174,4359.09943498,23243.6881047,18786.8272192,1986.62748561,1200,10800,4.54747350886e-13,9.09494701773e-13,7044.46675123,6999.39992283,7044.46675123,367.644697584,1584.55695877,52192.4819914,75109.2030982,6556.79655416,398.105039613,21289.7309331,17204.1219102,3536.66248059,22,957
2025-02-21,PuLP HiGHS,Optimal,3.5020526,7044.46675123,6833.88426606,1.124955|0.726615|0.384264,2867.768532|6833.884266|10800,2867.76853212,4758.00373307,19983.7929719,766.129402946,20749.9223748,16242.2028825,CVaR,0.9,0.2,1203.4301433,1251.42120367,250.284240735,37028.1818614,202.049119558,34188.3326214,2839.84924005,18046.3553921,14807.0721043,5817.4967565,1200,10800,4.54747350886e-13,1.81898940355e-12,6833.88426606,7044.46675123,6833.88426606,175.692031349,639.298264737,20623.0912366,34338.5038023,2689.67805916,5834.06983057,17417.832665,14297.9686953,1137.62613608,19,669
2025-02-22,PuLP HiGHS,Optimal,6.7019306,6833.88426606,7007.71173531,1.124955|0.726615|0.384264,3215.423471|7007.711735|10800,3215.42347061,5022.79424783,20157.1537552,825.821182365,20982.9749376,16235.1453969,CVaR,0.9,0.2,1374.82353553,1374.82353553,274.964707106,37315.7157054,224.276304407,34515.5615967,2800.15410874,18081.1921545,14489.3209229,5864.38961061,1200,10800,2.27373675443e-13,1.81898940355e-12,7007.71173531,6833.88426606,7007.71173531,227.424135041,820.521234713,20977.6749899,34824.331909,2491.38379641,3736.44098451,17442.6708099,13972.1186337,1155.72363373,18,699
2025-02-23,PuLP HiGHS,Optimal,4.6152654,7007.71173531,6975.53149333,1.124955|0.726615|0.384264,3135.978874|6967.989437|10800,3135.9788744,4962.28546974,50016.3512004,1248.52162411,51264.8728245,46803.9137901,CVaR,0.9,0.2,2153.46221162,2506.63217658,501.326435315,80578.6595371,336.722732033,76067.2900037,4511.36953347,23124.8076354,18766.8442529,1933.52364237,1200,10800,4.54747350886e-13,1.81898940355e-12,6967.9894372,7007.71173531,6975.53149333,500.626903069,1601.10702552,51617.4582259,75579.9358312,4998.72370589,462.153433333,21660.6201864,17574.0645688,2656.96713314,24,938
2025-02-24,PuLP HiGHS,Optimal,5.30345779999,6975.53149333,6916.90828048,1.124955|0.726615|0.384264,3033.816561|6916.90828|10800,3033.81656096,4884.47379911,49390.8993181,1346.43690217,50737.3362203,46366.7804113,CVaR,0.9,0.2,2452.29753416,2569.58995035,513.91799007,79943.3663802,361.384223969,75427.165301,4516.20107926,23190.2495714,18836.8630444,2164.0111579,1200,10800,9.09494701773e-13,1.81898940355e-12,6916.90828048,6975.53149333,6916.90828048,232.135843038,967.473224599,50358.3725427,73128.7883243,6814.57805598,1301.83917584,20572.6961387,16716.6447639,4737.77171329,32,938
2025-02-25,PuLP HiGHS,Optimal,3.45127979999,6916.90828048,6999.39998421,1.124955|0.726615|0.384264,3198.799968|6999.399984|10800,3198.79996841,5010.13299894,49342.6241547,1363.252011,50705.8761657,46275.9080303,CVaR,0.9,0.2,2684.12147912,2900.82431782,580.164863564,79755.2817702,369.226450319,75381.2835371,4373.99823304,23300.0463646,18798.795022,2033.76283638,1200,10800,9.09494701773e-13,1.81898940355e-12,6999.39998421,6916.90828048,6999.39998421,201.062901875,692.270976399,50034.8951311,71637.3174314,8117.96433877,2186.2344962,19771.4740546,15940.6514509,6386.71588101,32,970
2025-02-26,PuLP HiGHS,Optimal,7.30263270001,6999.39998421,7011.21925609,1.124955|0.726615|0.384264,3222.438512|7011.219256|10800,3222.43851219,5028.13723671,49229.4940765,1250.55582519,50480.0499017,45937.2993165,CVaR,0.9,0.2,2160.38416287,2426.9332576,485.38665152,79708.4730888,335.956427914,75413.4681402,4295.0049486,23239.7248892,18813.5398156,2023.14122225,1200,10800,4.54747350886e-13,9.09494701773e-13,7011.21925609,6999.39998421,7011.21925609,307.383704824,1184.75050552,50414.244582,73428.7472837,6279.72580501,964.75267909,20767.8575339,16811.3272577,4474.07991314,29,940
2025-02-27,PuLP HiGHS,Optimal,4.95196620001,7011.21925609,6999.40009554,1.124955|0.726615|0.384264,3198.800191|6999.400096|10800,3198.80019108,5010.13316854,48216.7261298,1265.30706292,49482.0331927,44974.1006432,CVaR,0.9,0.2,2291.54739792,2511.00309519,502.200619037,78342.5449855,339.974050748,74131.2532051,4211.29178039,23194.1253074,18797.8787435,2033.44707604,1200,10800,1.13686837722e-13,9.09494701773e-13,6999.40009554,7011.21925609,6999.40009554,368.646616857,1745.76010073,49962.4862305,71875.1592417,6467.38574382,1067.90097117,22262.9364834,18043.615796,1685.4517715,23,949
2025-02-28,PuLP HiGHS,Optimal,3.61290769999,6999.40009554,6999.20647392,1.124955|0.726615|0.384264,3198.412948|6999.206474|10800,3198.41294784,5009.83822569,19344.7587746,708.687506044,20053.4462807,15269.9786317,CVaR,0.9,0.2,1006.4130134,1131.8528837,226.370576739,36031.7019131,192.062002238,33216.3579819,2815.3439312,18610.7931876,15074.9167414,8435.50954111,1200,10800,9.09494701773e-13,9.09494701773e-13,6999.20647392,6999.40009554,6999.20647392,317.738860008,1159.42085173,20504.1796263,33499.9100342,2531.79187886,7335.5728361,16787.6671978,13598.1846897,3299.85804144,23,655
2025-03-01,PuLP HiGHS,Optimal,6.3489119,6999.20647392,6982.29975284,1.124955|0.726615|0.384264,3135.978833|6967.989416|10800,3135.97883293,4962.28543815,19374.1298857,752.405206085,20126.5350918,15422.6282859,CVaR,0.9,0.2,1105.55949497,1291.893161,258.378632199,35911.618206,206.104966775,33193.0553961,2718.56280991,18267.3685843,14824.663905,8111.18683486,1200,10800,4.54747350886e-13,1.81898940355e-12,6967.98941647,6999.20647392,6982.29975284,653.717301297,2759.79787716,22133.9277629,32283.5615927,3628.05661329,6189.87699746,16336.0632219,13247.4272587,3508.54200874,25,684
2025-03-02,PuLP HiGHS,Optimal,4.8310031,6982.29975284,6999.20626443,1.124955|0.726615|0.384264,3198.412529|6999.206264|10800,3198.41252885,5009.83790657,47931.6380753,1347.97432531,49279.6124006,44837.4368539,CVaR,0.9,0.2,2197.39391784,2838.3117991,567.66235982,77898.7767061,352.050843583,73489.4164674,4409.36023864,23118.2778098,18710.5891655,2388.90596697,1200,10800,6.36646291241e-12,1.81898940355e-12,6999.20626443,6982.29975284,6999.20626443,3321.71031523,12659.3031157,60590.941191,73238.3335617,4660.44314436,0,22034.3207886,17832.5839783,1961.96220831,25,919
2025-03-03,PuLP HiGHS,Optimal,4.1246117,6999.20626443,7000.17357342,1.124955|0.726615|0.384264,3200.347147|7000.173573|10800,3200.34714684,5011.31140352,47962.6504203,1402.14097743,49364.7913977,45005.0574522,CVaR,0.9,0.2,2762.67127946,3257.88728993,651.577457985,77787.9890876,377.700110284,73452.4711203,4335.51796732,23241.8508294,18825.0285938,2465.51749154,1200,10800,2.84217094304e-13,9.09494701773e-13,7000.17357342,6999.20626443,7000.17357342,2188.2769266,8821.8181624,56784.4685827,74300.7648567,3487.22423088,128.32215625,22856.3285035,18512.7555097,697.795410022,16,947
2025-03-04,PuLP HiGHS,Optimal,5.5717306,7000.17357342,6969.64161754,1.124955|0.726615|0.384264,3139.283235|6969.641618|10800,3139.28323509,4964.8022278,49215.5543427,1647.56037129,50863.114714,47392.8077223,CVaR,0.9,0.2,2632.22983935,7472.47618042,1494.49523608,79513.4337093,450.942313238,74773.646263,4739.78744636,23170.9751955,18795.9686686,2298.32962343,1200,10800,5.96855898038e-13,9.09494701773e-13,6969.64161754,7000.17357342,6969.64161754,442.455944408,1345.79622661,50561.3505693,73590.8702567,5922.56345262,786.1691,21448.3048845,17400.6057167,3118.03326286,27,943
2025-03-05,PuLP HiGHS,Optimal,5.7649639,6969.64161754,7055.40230692,1.124955|0.726615|0.384264,3310.804614|7055.402307|10800,3310.80461383,5095.44105711,49529.7420582,1408.43737382,50938.179432,46495.1753794,CVaR,0.9,0.2,2472.07338114,3262.18502269,652.437004538,80201.4935197,372.55949798,75945.5313433,4255.96217644,23297.6605045,18793.9203882,1979.35613366,1200,10800,7.91260390542e-11,1.04591890704e-11,7055.40230692,6969.64161754,7055.40230692,112.95122101,459.942245128,49989.6843033,70782.7718187,9418.72170103,938.239595313,19735.9305647,15908.919137,6446.73119095,31,968
2025-03-06,PuLP HiGHS,Optimal,3.5463438,7055.40230692,7044.46662736,1.124955|0.726615|0.384264,3288.933255|7044.466627|10800,3288.93325472,5078.78279112,50092.5173321,1370.65223112,51463.1695633,47074.7376053,CVaR,0.9,0.2,2374.02171761,3451.75416557,690.350833114,80513.7276941,368.671632107,75779.1557782,4734.57191581,23445.2913085,19000.5280715,2420.88338188,1200,10800,9.09494701773e-13,9.09494701773e-13,7044.46662736,7055.40230692,7044.46662736,188.823170801,501.631823891,50594.149156,71028.4350129,9485.2926811,1654.44985,19115.7700633,15493.6158628,7836.43345392,33,902
2025-03-07,PuLP HiGHS,Optimal,3.26018700001,7044.46662736,7141.18579235,1.124955|0.726615|0.384264,3365.839156|7082.919578|10800,3365.83915559,5137.35797826,19082.4855988,941.274945269,20023.7605441,15321.6107067,CVaR,0.9,0.2,1535.46508492,2176.04070427,435.208140854,35478.4054506,261.398554451,32768.0695314,2710.33591921,17207.6059545,13903.5531677,5497.4354669,1200,10800,4.54747350886e-13,9.09494701773e-13,7082.9195778,7044.46662736,7141.18579235,157.714525681,515.115491873,19597.6010907,31795.3677319,3683.03771868,7936.31361135,15828.6098129,12734.1267,2548.42260931,26,746
2025-03-08,PuLP HiGHS,Optimal,2.7434332,7141.18579235,7007.02421081,1.124955|0.726615|0.384264,3185.11047|6992.555235|10800,3185.11046951,4999.70642633,18171.9539045,801.76216081,18973.7160653,14252.9353015,CVaR,0.9,0.2,1329.11669493,1394.62831269,278.925662538,33385.8398325,216.774256612,30618.6189695,2767.22086302,17218.4938942,14080.7475561,7092.50590111,1200,10800,4.54747350886e-13,1.81898940355e-12,6992.55523476,7141.18579235,7007.02421081,284.333601219,888.321402526,19060.275307,31001.0495964,2384.79023603,9174.92499272,16674.0216403,13626.7029521,998.516857919,19,717
2025-03-09,PuLP HiGHS,Optimal,10.8809762,7007.02421081,6919.15171244,1.124955|0.726615|0.384264,3038.303425|6919.151712|10800,3038.30342488,4887.8912078,47184.8937505,1438.4179124,48623.3116629,44662.2197758,CVaR,0.9,0.2,2260.08251409,4633.99660338,926.799320675,76572.1864063,379.004171026,71937.7832648,4634.40314148,23158.2343334,18837.2550586,2328.36771264,1200,10800,1.70530256582e-13,1.81898940355e-12,6919.15171244,7007.02421081,6919.15171244,180.2104645,707.542385372,47892.4361359,68840.4701618,7731.71624449,1859.60737638,20561.2286763,16733.6804763,4700.58023944,30,942
2025-03-10,PuLP HiGHS,Optimal,4.8271355,6919.15171244,6916.60194938,1.124955|0.726615|0.384264,3033.203899|6916.601949|10800,3033.20389877,4884.00716649,46181.9517777,1302.6600091,47484.6117868,43151.0354732,CVaR,0.9,0.2,2622.56646407,2752.1542646,550.430852921,75254.9835755,349.468619189,70729.4440409,4525.53953466,23010.5898418,18640.8725586,2222.43279267,1200,10800,4.54747350886e-13,1.81898940355e-12,6916.60194938,6919.15171244,6916.60194938,1519.0743159,4416.97262331,50598.924401,71029.6610879,4225.32248761,430.110134505,21467.6242425,17391.0704232,2792.7677347,29,949
2025-03-11,PuLP HiGHS,Optimal,5.041776,6916.60194938,7049.88018076,1.124955|0.726615|0.384264,3283.465275|7041.732637|10800,3283.46527472,5074.61811783,45894.2284502,1391.53846896,47285.7669192,43059.8236178,CVaR,0.9,0.2,2123.29058765,4243.37408213,848.674816426,75184.831075,376.290806205,70924.2768577,4260.55421724,22941.6057803,18470.0830629,2454.27410091,1200,10800,2.27373675443e-13,1.81898940355e-12,7041.73263736,6916.60194938,7049.88018076,337.575003593,1276.28704836,47170.5154986,69077.7446659,6107.08640902,1519.09218659,20196.6224984,16239.3138155,4975.75252927,33,967
2025-03-12,PuLP HiGHS,Optimal,6.1695853,7049.88018076,6992.74876028,1.124955|0.726615|0.384264,3185.497521|6992.74876|10800,3185.49752057,5000.0012228,45508.0086197,1574.36525075,47082.3738705,43260.5735531,CVaR,0.9,0.2,2462.09844697,5891.00452696,1178.20090539,74545.772027,418.518570133,69963.3301172,4582.4419098,22335.0729804,18142.8273926,2397.5597502,1200,10800,9.09494701773e-13,9.09494701773e-13,6992.74876028,7049.88018076,6992.74876028,346.79376047,1207.78342458,46715.7920443,67832.4008363,6713.37119068,2021.75606562,19859.5901381,16137.6862903,4480.62394469,33,959
2025-03-13,PuLP HiGHS,Optimal,2.74880820001,6992.74876028,7083.21237648,1.124955|0.726615|0.384264,3366.424753|7083.212376|10800,3366.42475297,5137.80399704,45001.6383158,1379.77211933,46381.4104352,42085.8513662,CVaR,0.9,0.2,2362.52031344,4211.22464047,842.244928095,73844.0473282,366.923822413,69404.723888,4439.32344023,22687.4961042,18295.4545898,2226.93244942,1200,10800,9.09494701773e-13,9.09494701773e-13,7083.21237648,6992.74876028,7083.21237648,2283.66558368,9005.90269361,54007.5410094,69394.1505683,4449.8967599,59.5862,21006.2877935,16933.6758581,3042.98704246,27,904
2025-03-14,PuLP HiGHS,Optimal,2.73735010001,7083.21237648,6999.39990829,1.124955|0.726615|0.384264,3198.799817|6999.399908|10800,3198.79981659,5010.1328833,17470.9125354,743.567096172,18214.4796315,13448.6068381,CVaR,0.9,0.2,1177.05992072,1221.30044937,244.260089874,32332.0130091,205.41956835,29695.6448749,2636.36813414,17936.7652247,14604.2110534,9597.1084631,1200,10800,4.54747350886e-13,9.09494701773e-13,6999.39990829,7083.21237648,6999.39990829,216.050376071,933.216981749,18404.1295171,30125.3960051,2206.61700395,11232.1530068,16606.8348024,13526.9674113,2407.17406431,21,694
2025-03-15,PuLP HiGHS,Optimal,3.15903839999,6999.39990829,7097.66774419,1.124955|0.726615|0.384264,3372.443829|7086.221914|10800,3372.44382894,5142.3884112,17703.7875762,718.790239905,18422.5778161,13520.1775115,CVaR,0.9,0.2,1187.65470314,1199.9405329,239.988106579,32874.6123126,196.119156878,30181.6214751,2692.99083753,17948.169498,14459.8774879,9444.14700982,1200,10800,3.18323145621e-12,4.09272615798e-12,7086.22191447,6999.39990829,7097.66774419,314.805487551,1387.01918557,19090.8067618,30771.4173254,2103.19498725,6838.80994685,17025.5087566,13702.2210406,1680.31718872,20,667
2025-03-16,PuLP HiGHS,Optimal,3.62914840001,7097.66774419,7012.64005706,1.124955|0.726615|0.384264,3216.970856|7008.485428|10800,3216.97085646,5023.9728104,44766.2451781,1423.70021735,46189.9453954,41917.4175569,CVaR,0.9,0.2,1957.82120216,3757.22485954,751.444971909,73411.041164,376.356808587,69099.6297143,4311.4114497,22271.8996081,18120.5027669,2456.09795559,1200,10800,5.74118530494e-12,9.09494701773e-13,7008.48542823,7097.66774419,7012.64005706,452.834084654,1854.79386433,46621.0390424,67380.5039035,6030.53726046,772.794826953,19926.4270857,16216.9308579,4249.04443144,31,953
2025-03-17,PuLP HiGHS,Optimal,6.4500943,7012.64005706,7046.79454496,1.124955|0.726615|0.384264,3288.933146|7044.466573|10800,3288.93314576,5078.78270813,45471.2860188,1458.12557013,46929.411589,42758.3454553,CVaR,0.9,0.2,2561.05011483,4538.58287228,907.716574456,74711.1790422,379.141878912,69776.8609566,4934.31808561,22151.767036,17914.2874349,2898.28569749,1200,10800,9.09494701773e-13,9.09494701773e-13,7044.46657288,7012.64005706,7046.79454496,188.063446326,837.180360828,46308.4663797,64281.766827,10429.4122151,3055.32751976,18555.9593746,14999.5880543,6510.50704201,36,934
2025-03-18,PuLP HiGHS,Optimal,4.6987378,7046.79454496,7086.22206112,1.124955|0.726615|0.384264,3372.444122|7086.222061|10800,3372.44412223,5142.38863459,43535.7696326,1358.4734211,44894.2430537,40640.1913808,CVaR,0.9,0.2,2043.63043652,4441.68480852,888.336961703,71775.4562374,370.194177193,67557.0777193,4218.37851813,22207.1019339,17952.2678019,2661.48115697,1200,10800,9.09494701773e-13,9.09494701773e-13,7086.22206112,7046.79454496,7086.22206112,814.785343239,3680.68396199,47216.4535946,66036.644513,5738.81172441,1681.25761771,21098.5742492,17054.3603773,2006.43510939,24,962
2025-03-19,PuLP HiGHS,Optimal,3.30949100002,7086.22206112,6969.84548795,1.124955|0.726615|0.384264,3139.690976|6969.845488|10800,3139.69097589,4965.11278256,43453.0801119,1561.6107433,45014.6908552,41211.200598,CVaR,0.9,0.2,2405.91275932,5808.11262664,1161.62252533,71613.9425615,425.632463593,67248.6066044,4365.33595713,21918.076574,17858.3809408,2716.70850568,1200,10800,4.54747350886e-13,9.09494701773e-13,6969.84548795,7086.22206112,6969.84548795,226.212678629,1066.79802868,44519.8781406,65301.0900283,6312.85253316,2191.94473685,20919.086505,17049.1989849,1808.17202479,28,975
2025-03-20,PuLP HiGHS,Optimal,3.8546889,6969.84548795,6992.74856714,1.124955|0.726615|0.384264,3185.497134|6992.748567|10800,3185.49713427,5000.00092857,43619.3821531,1603.07214955,45222.4543027,41570.9299789,CVaR,0.9,0.2,2868.55414898,6742.38302388,1348.47660478,71733.7927874,440.955097251,67062.1991814,4671.593606,22207.2984718,17967.2989909,2756.36638447,1200,10800,4.54747350886e-13,9.09494701773e-13,6992.74856714,6969.84548795,6992.74856714,604.854714711,2204.97414714,45824.3563002,66794.8249868,4938.96780056,1223.40229935,20772.1200749,16804.8044894,2597.67289837,33,939
2025-03-21,PuLP HiGHS,Optimal,3.30704850002,6992.74856714,7135.71955549,1.124955|0.726615|0.384264,3283.465073|7041.732537|10800,3283.46507308,5074.61796425,17167.256399,757.521317507,17924.7777165,13110.1943087,CVaR,0.9,0.2,1142.89497743,1300.17278253,260.034556505,31984.0833311,201.261754654,29357.2906976,2626.79263346,18350.4487237,14819.7778938,12193.5020477,1200,10800,0,9.09494701773e-13,7041.73253654,6992.74856714,7135.71955549,314.852875897,866.52475308,18033.7811521,29708.9311564,2275.15217465,14679.8132681,16746.4860947,13435.9798472,2987.76067562,24,679
2025-03-22,PuLP HiGHS,Optimal,3.23943870002,7135.71955549,7122.80025959,1.124955|0.726615|0.384264,3310.806324|7055.403162|10800,3310.80632383,5095.44235953,17579.1981479,698.061255481,18277.2594034,13423.3926962,CVaR,0.9,0.2,1086.81080201,1207.87826173,241.575652346,32600.6018941,191.401342262,29837.3569668,2763.24492736,18660.4619686,15187.2589488,12621.5221163,1200,10800,2.72848410532e-12,1.81898940355e-12,7055.40316191,7135.71955549,7122.80025959,132.982249098,450.034697948,18029.2328459,29658.9110834,2941.69081068,10755.6440922,16666.7203856,13511.6708787,3669.32965314,28,656
2025-03-23,PuLP HiGHS,Optimal,7.7355102,7122.80025959,6986.45927392,1.124955|0.726615|0.384264,3172.918548|6986.459274|10800,3172.91854784,4990.42047967,41542.8089685,1268.89515264,42811.7041211,38415.1373283,CVaR,0.9,0.2,2202.76828232,2969.2684345,593.853686899,68841.4483765,336.671505706,64437.0311321,4404.41724438,21658.0825388,17665.7537435,2683.57839407,1200,10800,9.09494701773e-13,9.09494701773e-13,6986.45927392,7122.80025959,6986.45927392,659.974642239,2541.60796547,44084.4169339,64219.3629905,4622.08538608,2339.77791823,20487.0867626,16717.2471648,2119.50235482,25,903
2025-03-24,PuLP HiGHS,Optimal,3.4582544,6986.45927392,7044.46652785,1.124955|0.726615|0.384264,3288.933056|7044.466528|10800,3288.93305569,5078.78263954,42899.1055805,1315.48234528,44214.5879258,39739.3914163,CVaR,0.9,0.2,2068.79216317,3017.93065012,603.586130024,70842.304129,370.997081235,65667.8656235,5174.43850557,22692.3080545,18328.5629956,4241.94498938,1200,10800,9.09494701773e-13,9.09494701773e-13,7044.46652785,6986.45927392,7044.46652785,376.797030339,998.764882843,43897.8704633,64649.4243067,6192.87982229,3053.34355697,20643.0219381,16668.6412414,3709.2078706,26,935
2025-03-25,PuLP HiGHS,Optimal,4.63685359998,7044.46652785,6999.20667292,1.124955|0.726615|0.384264,3198.413346|6999.206673|10800,3198.41334583,5009.83852882,41817.6093579,1353.98364514,43171.593003,38953.8011174,CVaR,0.9,0.2,2054.48296934,3960.23321595,792.04664319,69220.7062853,359.831283495,64460.3510531,4760.35523227,21686.8160257,17607.0548503,3216.90206216,1200,10800,9.09494701773e-13,1.81898940355e-12,6999.20667292,7044.46652785,6999.20667292,911.130931867,3252.94998982,45070.5593477,65910.9415856,3309.76469971,2050.67231059,20326.365051,16505.0895607,2462.41626431,28,921
2025-03-26,PuLP HiGHS,Optimal,3.9838968,6999.20667292,7086.2219877,1.124955|0.726615|0.384264,3372.443975|7086.221988|10800,3372.44397539,5142.38852275,41480.8335832,1458.3103689,42939.1439521,38740.9424718,CVaR,0.9,0.2,1875.87214288,4720.93521229,944.187042458,69003.5322756,391.133472273,64297.4537433,4706.07853231,21904.059744,17663.9746094,2864.59166622,1200,10800,9.09494701773e-13,9.09494701773e-13,7086.2219877,6999.20667292,7086.2219877,284.15738407,812.097105151,42292.9306883,62798.4041162,6205.12815943,3576.61188424,20184.6366632,16271.2419139,3112.15577634,30,956
2025-03-27,PuLP HiGHS,Optimal,3.61975410001,7086.2219877,7114.74893512,1.124955|0.726615|0.384264,3424.648821|7112.324411|10800,3424.64882104,5182.15021293,41262.7580615,1312.93266604,42575.6907275,38009.9658618,CVaR,0.9,0.2,1772.55846696,3082.12673614,616.425347228,68325.8815113,353.695345402,63713.199052,4612.6824593,21659.8936144,17521.0216471,2628.05524996,1200,10800,9.09494701773e-13,9.09494701773e-13,7112.32441052,7086.2219877,7114.74893512,458.242237671,1545.74203991,42808.5001014,63503.6737068,4822.20780456,1339.57133048,20419.3734804,16514.0182665,2247.52351465,32,930
2025-03-28,PuLP HiGHS,Optimal,3.26554690002,7114.74893512,7231.2539155,1.124955|0.726615|0.384264,3560.562882|7180.281441|10800,3560.56288211,5285.66881776,16774.8939213,677.969811513,17452.8637328,12415.2232218,CVaR,0.9,0.2,1047.04243294,1240.14153376,248.028306751,31575.3327315,190.036996753,29032.1479641,2543.18476746,19477.1889601,15717.5438023,13772.7389046,1200,10800,1.13686837722e-13,1.81898940355e-12,7180.28144106,7114.74893512,7231.2539155,235.823942057,829.045622817,17603.9395441,29023.5565155,2551.776216,15115.4258928,16932.7332406,13610.6594425,4651.34007937,26,648
2025-03-29,PuLP HiGHS,Optimal,3.10944309999,7231.2539155,7048.99635731,1.124955|0.726615|0.384264,3198.799783|6999.399892|10800,3198.79978312,5010.13285781,16384.2752027,702.864746969,17087.1399497,12339.6288356,CVaR,0.9,0.2,1162.43003216,1313.10871855,262.621743709,30940.489889,197.336975404,28355.9181815,2584.57170749,19649.7431521,16124.9605747,14416.2453162,1200,10800,6.36646291241e-12,1.81898940355e-12,6999.39989156,7231.2539155,7048.99635731,214.054769153,948.78397005,17333.0591728,29000.8111345,1939.67875444,18515.3614486,16612.2477587,13619.9524869,5542.50348119,32,663
2025-03-30,PuLP HiGHS,Optimal,6.12910779999,7048.99635731,7012.48069411,1.124955|0.726615|0.384264,3222.439224|7011.219612|10800,3222.43922386,5028.13777876,41247.7938615,1501.07018231,42748.8640438,38485.0409342,CVaR,0.9,0.2,2872.44940639,3821.57334611,764.314669221,68297.6001031,419.478441706,63652.1750161,4645.425087,22220.944186,18032.9638615,4287.13072386,1200,10800,9.09494701773e-13,9.09494701773e-13,7011.21961193,7048.99635731,7012.48069411,289.612370044,905.808842158,42153.6027036,61926.6859494,6370.91415365,3088.52530552,20079.0390044,16296.8856904,3877.98335271,34,972
2025-03-31,PuLP HiGHS,Optimal,3.9497116,7012.48069411,6993.01343874,1.124955|0.726615|0.384264,3185.110355|6992.555178|10800,3185.11035549,4999.70633948,39184.1943223,1304.76104457,40488.9553668,36161.7273673,CVaR,0.9,0.2,1943.4180672,3362.39169963,672.478339926,65100.1918649,352.553726665,60926.386748,4173.80511685,21484.3451334,17420.2525228,3032.67570628,1200,10800,2.27373675443e-13,1.81898940355e-12,6992.55517774,7012.48069411,6993.01343874,795.31872879,3063.87220259,42248.0665248,61775.840512,3324.35135289,2017.92424155,19049.2949776,15447.4494617,4407.85321686,31,920
2025-04-01,PuLP HiGHS,Optimal,4.0271102,6993.01343874,7041.73254319,1.124955|0.726615|0.384264,3283.465086|7041.732543|10800,3283.46508638,5074.61797438,40277.4238154,1613.2987054,41890.7225208,37970.2632478,CVaR,0.9,0.2,2159.48658869,5770.79350709,1154.15870142,66978.5402134,427.14702679,62665.1252381,4313.41497526,21585.1347817,17440.1119792,3443.4084328,1200,10800,4.54747350886e-13,9.09494701773e-13,7041.73254319,6993.01343874,7041.73254319,1899.47184996,5078.64888725,45356.0727027,63673.4240065,3305.11620691,1618.71019547,19481.5102646,15736.1761203,3807.56037596,28,968
2025-04-02,PuLP HiGHS,Optimal,3.72884649999,7041.73254319,7011.2196354,1.124955|0.726615|0.384264,3222.439271|7011.219635|10800,3222.43927081,5028.13781451,39263.5766301,1392.26429183,40655.8409219,36584.469048,CVaR,0.9,0.2,2405.79242014,4783.82970286,956.765940571,65498.0898007,375.803968635,61226.2158356,4271.87396518,21381.0512364,17346.1131185,3393.80266652,1200,10800,4.54747350886e-13,1.81898940355e-12,7011.2196354,7041.73254319,7011.2196354,3020.24469955,11762.7477558,51026.3243858,62147.1301758,3350.95962495,735.900237088,21176.8466066,17180.7073684,369.610379848,12,893
2025-04-03,PuLP HiGHS,Optimal,3.67475929999,7011.2196354,7053.95056592,1.124955|0.726615|0.384264,3307.901132|7053.950566|10800,3307.90113184,5093.22962731,39994.3576636,1504.32822466,41498.6858883,37356.0295865,CVaR,0.9,0.2,3034.34110828,4752.86662742,950.573325484,66923.9723725,414.269394228,62593.5612254,4330.41114705,21650.9867005,17498.84139,3161.86781532,1200,10800,4.54747350886e-13,4.54747350886e-13,7053.95056592,7011.2196354,7053.95056592,429.715635487,1559.07949608,41553.4371597,62424.9225993,4499.04977312,2965.73253649,20983.7768116,16958.4013799,1207.64989901,21,945
2025-04-04,PuLP HiGHS,Optimal,0.967362399999,7053.95056592,7330.23779795,1.124955|0.726615|0.384264,3506.316513|7153.158256|10800,3506.31651286,5244.35220623,16113.8805782,694.85782947,16808.7384076,11816.1398681,CVaR,0.9,0.2,1103.51543455,1258.7683337,251.75366674,30630.4464092,192.642892285,28188.267402,2442.17900722,17322.808558,13942.1880105,15767.6488625,1200,10800,3.18323145621e-12,9.09494701773e-13,7153.15825643,7053.95056592,7330.23779795,282.117128492,1063.32989679,17177.210475,28205.7298438,2424.7165654,18617.9876661,16791.5713022,13352.514246,1120.91102042,16,668
2025-04-05,PuLP HiGHS,Optimal,2.597897,7330.23779795,6993.76731527,1.124955|0.726615|0.384264,3184.726204|6992.363102|10800,3184.72620406,4999.41375151,15843.9558999,724.481266936,16568.4371668,11854.4798579,CVaR,0.9,0.2,1282.44481666,1427.28221273,285.456442546,30171.3680117,202.632067725,27748.904574,2422.46343776,19301.339943,15938.1725802,16289.2442249,1200,10800,1.81898940355e-12,1.81898940355e-12,6992.36310203,7330.23779795,6993.76731527,214.33389088,726.805417861,16570.7613178,28263.3615947,1908.00641702,13618.9065962,16407.8807394,13593.2068333,5238.42495046,20,638
2025-04-06,PuLP HiGHS,Optimal,5.4174103,6993.76731527,7597.54945185,1.124955|0.726615|0.384264,4395.098904|7597.549452|10800,4395.0989037,5921.29109226,40690.926457,1463.83438051,42154.7608375,37229.6695075,CVaR,0.9,0.2,2895.48934966,4980.99881148,996.199762297,68662.4805356,387.968830834,63308.2411106,5354.23942494,22229.8451772,17462.7706706,3773.94215368,1200,10800,9.09494701773e-13,9.09494701773e-13,7597.54945185,6993.76731527,7597.54945185,268.547868774,1164.02912847,41854.9555854,62785.9598531,5876.52068248,4235.26908333,20346.0970997,15936.9347278,3409.58402027,34,894
2025-04-07,PuLP HiGHS,Optimal,2.9577688,7597.54945185,7010.44579921,1.124955|0.726615|0.384264,3220.891598|7010.445799|10800,3220.89159842,5026.95903371,38661.8111555,1362.46735336,40024.2785088,35905.2006689,CVaR,0.9,0.2,2409.41594815,4539.40596903,907.881193807,64793.126892,380.665662248,60578.230456,4214.896436,20928.3636434,17480.3678385,3281.0410527,1200,10800,2.27373675443e-13,1.81898940355e-12,7010.44579921,7597.54945185,7010.44579921,299.088800402,714.206594636,39376.0177501,60076.9951498,4716.13174217,4044.55804848,19037.894241,15949.0876226,3421.74961841,38,915
2025-04-08,PuLP HiGHS,Optimal,3.68831130001,7010.44579921,7041.73286278,1.124955|0.726615|0.384264,3283.465726|7041.732863|10800,3283.46572557,5074.61846121,39309.743122,1408.72037622,40718.4634982,36638.5945581,CVaR,0.9,0.2,2215.54210575,4973.74760568,994.749521137,65983.7622402,388.429085395,62072.1511229,3911.61111726,21825.7331145,17650.6854655,3576.55162528,1200,10800,7.50333128963e-12,1.81898940355e-12,7041.73286278,7010.44579921,7041.73286278,685.954651454,3132.46277467,42442.2058966,60852.5478127,5131.21442751,3206.45949494,20793.1105017,16814.2611492,1869.04692904,24,926
2025-04-09,PuLP HiGHS,Optimal,7.8489595,7041.73286278,6954.03953959,1.124955|0.726615|0.384264,3108.079079|6954.03954|10800,3108.07907918,4941.03566046,38639.2695927,1386.65050915,40025.9201019,35993.5882886,CVaR,0.9,0.2,2027.00981666,4543.51923605,908.70384721,64541.7989526,375.880375607,60511.2625179,4030.53643474,21398.8270199,17411.973877,3616.02979019,1200,10800,4.54747350886e-13,3.63797880709e-12,6954.03953959,7041.73286278,6954.03953959,1854.22221927,6032.33171029,44671.601303,62040.7376501,2501.06130257,965.416900781,20390.2944356,16595.0624837,1825.44397743,27,951
2025-04-10,PuLP HiGHS,Optimal,3.93067909998,6954.03953959,7105.51518763,1.124955|0.726615|0.384264,3396.515539|7098.257769|10800,3396.51553875,5160.7225688,39063.4640009,1328.97397085,40392.4379717,36089.4752543,CVaR,0.9,0.2,3454.36119069,4288.79925676,857.759851351,65630.6416025,367.141645341,61205.5227043,4425.11889811,21749.1055458,17486.9790853,3680.81519856,1200,10800,9.09494701773e-13,9.09494701773e-13,7098.25776938,6954.03953959,7105.51518763,514.730661684,2329.31522819,41392.7792291,60236.6049371,5394.03666537,2219.22301819,20711.2978808,16639.8232002,1884.96355013,30,875
2025-04-11,PuLP HiGHS,Optimal,3.1629195,7105.51518763,7125.34624817,1.124955|0.726615|0.384264,3219.036446|7009.518223|10800,3219.03644581,5025.54606136,15498.6407304,640.254535251,16138.8952656,11350.2354304,CVaR,0.9,0.2,1039.50823088,1184.43113056,236.886226113,29787.2113146,179.113684602,27395.7029544,2391.50836015,18494.8274987,15067.2075422,17270.1763123,1200,10800,4.54747350886e-13,9.09494701773e-13,7009.51822291,7105.51518763,7125.34624817,307.608165288,1187.68260155,16686.3233319,27765.669248,2021.54206664,19600.8996531,16515.1559945,13359.4284011,3687.45064519,19,635
2025-04-12,PuLP HiGHS,Optimal,0.961301499978,7125.34624817,7273.60687718,1.124955|0.726615|0.384264,3467.920713|7133.960357|10800,3467.92071327,5215.10814146,15897.9371487,604.889255496,16502.8264042,11504.9955505,CVaR,0.9,0.2,976.341079979,1086.38643892,217.277287785,30506.1955184,171.527456998,28171.4535527,2334.74196567,18481.3111764,14962.1093553,16807.7811182,1200,10800,3.63797880709e-12,1.81898940355e-12,7133.96035664,7125.34624817,7273.60687718,99.116167986,331.676758751,16229.6139075,27964.3874841,2541.80803435,15839.9014923,16131.6160194,12933.1744096,4378.63010274,22,647
2025-04-13,PuLP HiGHS,Optimal,2.82260819999,7273.60687718,7029.032355,1.124955|0.726615|0.384264,3214.471704|7007.235852|10800,3214.47170435,5022.06933744,38740.4800261,1328.78477953,40069.2648057,36004.5091403,CVaR,0.9,0.2,3102.09569652,4786.56836026,957.313672052,65153.9326251,351.218451059,60030.4339781,5123.49864701,21307.3969144,17498.7254232,4527.90325575,1200,10800,6.8212102633e-13,4.54747350886e-13,7007.23585217,7273.60687718,7029.032355,426.477294408,1937.11427066,40677.5942968,60525.2392604,4628.69336469,3150.32839483,19711.2986663,16186.2689896,2908.55468167,33,869
2025-04-14,PuLP HiGHS,Optimal,7.27100080001,7029.032355,7126.06848736,1.124955|0.726615|0.384264,3405.63398|7102.81699|10800,3405.63397993,5167.66760673,38096.9105581,1167.10497717,39264.0155353,34708.6808336,CVaR,0.9,0.2,2182.04799623,3061.66452483,612.332904966,64488.0606579,322.728519211,60049.4394776,4438.62118028,21409.1710983,17275.0224182,4126.89956734,1200,10800,9.09494701773e-13,9.09494701773e-13,7102.81698997,7029.032355,7126.06848736,332.279253218,1386.05364669,39482.9642048,59956.5655073,4531.49515064,3874.96574479,19992.1826136,16106.3353979,2585.67550511,37,881
2025-04-15,PuLP HiGHS,Optimal,5.64073069999,7126.06848736,7088.53966094,1.124955|0.726615|0.384264,3377.079322|7088.539661|10800,3377.07932188,5145.91902281,37777.3614559,1208.34770732,38985.7091632,34437.4837645,CVaR,0.9,0.2,1943.86590223,2988.46812072,597.693624145,63360.0015259,335.901289995,59217.4102564,4142.59126952,21084.636919,17112.3318481,3685.38349632,1200,10800,4.54747350886e-13,9.09494701773e-13,7088.53966094,7126.06848736,7088.53966094,230.655631817,993.828636805,38771.1900927,58037.0184998,5322.98302612,4594.94192789,18774.1016536,15240.7982832,4182.0688303,36,890
2025-04-16,PuLP HiGHS,Optimal,7.88666069999,7088.53966094,7077.67958956,1.124955|0.726615|0.384264,3308.031418|7054.015709|10800,3308.03141841,5093.32885975,37623.6281385,1316.62695932,38940.2550979,34460.2877185,CVaR,0.9,0.2,2142.40904011,3066.80740189,613.361480379,63315.1239367,365.462249917,59173.8118688,4141.31206798,20479.3609582,16619.3539327,3969.00051527,1200,10800,2.27373675443e-13,1.81898940355e-12,7054.0157092,7088.53966094,7077.67958956,781.869298079,3058.53113062,40682.1592692,60687.432902,2627.69103473,1976.54906374,19594.3960558,15881.2348695,1623.0839656,27,895
2025-04-17,PuLP HiGHS,Optimal,2.94859840002,7077.67958956,6998.73211743,1.124955|0.726615|0.384264,3197.464235|6998.732117|10800,3197.46423486,5009.11564082,37301.9599438,1198.84013871,38500.8000825,34226.4454144,CVaR,0.9,0.2,2176.6951763,3673.80486359,734.760972719,62707.9089471,323.951993061,58624.0919364,4083.81701072,20616.3077997,16770.2620427,4474.32191789,1200,10800,9.09494701773e-13,9.09494701773e-13,6998.73211743,7077.67958956,6998.73211743,223.065394835,927.517940146,38229.4778839,59245.9934065,3461.91554059,2977.50304821,19443.5059371,15820.292534,2122.77137125,33,862
2025-04-18,PuLP HiGHS,Optimal,0.958093699999,6998.73211743,7486.70471935,1.124955|0.726615|0.384264,3496.324925|7148.162462|10800,3496.3249248,5236.74213816,15409.002004,602.47518947,16011.4771935,11026.369091,CVaR,0.9,0.2,1210.70095264,1258.17017804,251.634035609,29946.0162873,167.232134006,27578.1410588,2367.87522846,18177.251084,14589.0860676,17979.6400132,1200,10800,1.81898940355e-12,1.81898940355e-12,7148.1624624,6998.73211743,7486.70471935,242.173075561,788.414987444,16197.4169915,27232.7321853,2713.28410197,17542.38436,16522.2546093,12943.8508918,3300.23165041,22,618
2025-04-19,PuLP HiGHS,Optimal,3.45217879998,7486.70471935,7868.53150379,1.124955|0.726615|0.384264,4036.946522|7418.473261|10800,4036.94652161,5648.50522581,14924.3478132,656.900869975,15581.2486831,10188.0512206,CVaR,0.9,0.2,1185.87442262,1276.53881635,255.30776327,29012.5892636,184.718541822,26934.6954903,2077.89377337,21536.8328818,17506.242947,16838.0499749,1200,10800,7.27595761418e-12,1.81898940355e-12,7418.4732608,7486.70471935,7868.53150379,285.088455342,980.782866623,15905.1306798,26876.8190065,2135.77025715,16785.3676185,17095.876249,13504.0156557,8443.183924,36,602
2025-04-20,PuLP HiGHS,Optimal,7.92141770001,7868.53150379,7046.71680592,1.124955|0.726615|0.384264,3285.438866|7042.719433|10800,3285.43886575,5076.1212985,37001.3763185,1209.32153732,38210.6978558,33850.5667043,CVaR,0.9,0.2,2049.7205608,3579.95073474,715.990146947,62185.9286539,327.737888264,57917.0332749,4268.89537894,19822.4312948,16799.4002126,4472.85394645,1200,10800,9.09494701773e-13,4.54747350886e-13,7042.71943288,7868.53150379,7046.71680592,663.981410873,2489.16586276,39490.5421812,57931.7597461,4254.16890782,3804.38341866,18806.5583317,15972.9454768,1842.32769878,28,869
2025-04-21,PuLP HiGHS,Optimal,7.42264780001,7046.71680592,7053.56229237,1.124955|0.726615|0.384264,3307.124585|7053.562292|10800,3307.12458475,5092.63817216,37216.4290893,1351.37762891,38567.8067182,34278.8526231,CVaR,0.9,0.2,2114.47944672,4018.42038539,803.684077078,62922.0984125,366.133522545,59109.9862908,3812.11212174,21048.63422,17043.2327804,4197.63038709,1200,10800,4.54747350886e-13,1.81898940355e-12,7053.56229237,7046.71680592,7053.56229237,271.874504833,852.275649512,38068.7047388,57961.6212127,4960.47719983,6185.64281332,18551.4820161,15020.5394952,4519.84548917,38,887
2025-04-22,PuLP HiGHS,Optimal,6.1186208,7053.56229237,7155.13937485,1.124955|0.726615|0.384264,3441.664373|7120.832187|10800,3441.66437346,5195.11006589,36316.8055846,1251.82758425,37568.6331688,33034.8669538,CVaR,0.9,0.2,2273.73755675,3306.71925425,661.34385085,60938.1580312,351.512119117,57222.5433583,3715.61467298,20390.7595502,16455.9723307,4192.36781015,1200,10800,4.54747350886e-13,9.09494701773e-13,7120.83218673,7053.56229237,7155.13937485,840.856456469,2409.20640888,38726.0119935,58219.2236587,2718.93437252,3195.05028656,19056.2165144,15344.1160024,2446.39936407,29,911
2025-04-23,PuLP HiGHS,Optimal,8.18479130001,7155.13937485,7178.85471943,1.124955|0.726615|0.384264,3424.085786|7112.042893|10800,3424.08578623,5181.72137887,37036.5140876,1289.13486548,38325.6489531,33908.5871272,CVaR,0.9,0.2,2440.29479809,3823.29776477,764.659552954,62629.017551,354.400161225,58685.2149484,3943.80260258,20339.341844,16513.6537272,4790.76119837,1200,10800,2.27373675443e-13,9.09494701773e-13,7112.04289312,7155.13937485,7178.85471943,291.567816499,1014.52506422,38051.0391518,58803.2496815,3825.76786951,4133.13666284,18633.7910964,15072.026978,3147.17749679,37,905
2025-04-24,PuLP HiGHS,Optimal,6.6012453,7178.85471943,7054.00846072,1.124955|0.726615|0.384264,3308.016921|7054.008461|10800,3308.01692145,5093.31781818,36556.3598029,1251.72058408,37808.080387,33497.1080114,CVaR,0.9,0.2,2360.51106254,3911.72721323,782.345442645,61557.3176696,347.088517309,57316.1564218,4241.16124779,20395.3294045,16632.5784505,4466.29124472,1200,10800,4.54747350886e-13,9.09494701773e-13,7054.00846072,7178.85471943,7054.00846072,124.760342007,530.462427831,37086.8222307,56939.4741309,4617.84353865,6610.41663713,18295.1198349,14931.4086991,3801.3793211,37,847
2025-04-25,PuLP HiGHS,Optimal,3.22117989999,7054.00846072,7664.10249973,1.124955|0.726615|0.384264,4055.684266|7427.842133|10800,4055.68426613,5662.77678209,14485.0792907,622.230926527,15107.3102173,9667.50735593,CVaR,0.9,0.2,912.460866048,1114.86960371,222.973920743,28710.4909393,173.228879369,26579.0308741,2131.46006526,22780.7269767,18115.938546,19256.1297088,1200,10800,9.09494701773e-13,9.09494701773e-13,7427.84213307,7054.00846072,7664.10249973,88.4561298177,215.569424028,14700.6487148,26619.624362,2090.86657736,20933.2092504,16975.9418752,13201.4282838,10719.2953637,44,629
2025-04-26,PuLP HiGHS,Optimal,3.901083,7664.10249973,7473.50691492,1.124955|0.726615|0.384264,3713.556947|7256.778473|10800,3713.5569468,5402.19636464,14109.1586048,572.054236471,14681.2128413,9501.61335399,CVaR,0.9,0.2,946.475229321,1112.98438674,222.596877348,27902.7840657,165.441448699,25795.9950639,2106.78900179,22880.4537794,18899.759185,18995.6322261,1200,10800,2.27373675443e-13,9.09494701773e-13,7256.7784734,7664.10249973,7473.50691492,406.43200244,1399.65246096,15508.8110658,26209.7824244,1693.00164129,23567.840904,16577.4521886,13599.2722991,11603.4884766,41,602
2025-04-27,PuLP HiGHS,Optimal,6.3286836,7473.50691492,7086.22206749,1.124955|0.726615|0.384264,3372.444135|7086.222067|10800,3372.44413498,5142.3886443,34017.9303247,1236.47934791,35254.4096726,30703.4578278,CVaR,0.9,0.2,2261.92389588,2957.18399729,591.436799458,57550.0430394,347.034002217,54312.5183056,3237.52473377,19377.200575,16044.0888284,4271.46680573,1200,10800,4.54747350886e-13,9.09494701773e-13,7086.22206749,7473.50691492,7086.22206749,965.376832354,4397.91110353,38415.8414282,54506.6003577,3043.44268168,3709.71148872,18617.6362141,15428.8416961,1374.81149318,24,873
2025-04-28,PuLP HiGHS,Optimal,5.2716567,7086.22206749,7123.37150082,1.124955|0.726615|0.384264,3310.806093|7055.403047|10800,3310.80609347,5095.44218408,34778.5002944,1200.36443363,35978.8647281,31490.5660693,CVaR,0.9,0.2,2133.58290012,3035.71762663,607.143525325,58554.5171843,347.250028137,54972.3588945,3582.15828976,19852.4961698,16108.2590162,4409.55828069,1200,10800,9.09494701773e-13,9.09494701773e-13,7055.40304674,7086.22206749,7123.37150082,4792.80106091,17219.5541954,51998.0544898,56170.27165,2384.24553427,711.195643546,18928.8171615,15298.9074108,1733.03061359,24,849
2025-04-29,PuLP HiGHS,Optimal,6.1387865,7123.37150082,7332.39658085,1.124955|0.726615|0.384264,3864.793162|7332.396581|10800,3864.79316171,5517.38504963,36125.0962223,1303.2001043,37428.2963266,32891.4350923,CVaR,0.9,0.2,3604.08860266,4902.61907681,980.523815362,61338.3584308,357.05537885,57511.3953387,3826.96309214,20124.108828,16112.4055786,5112.96594274,1200,10800,4.54747350886e-13,1.81898940355e-12,7332.39658085,7123.37150082,7332.39658085,747.463102122,3179.86284053,39304.9590628,56986.5607905,4351.79764031,6802.65468066,17421.225912,13923.0704167,4892.21807793,38,855
2025-04-30,PuLP HiGHS,Optimal,5.18862940001,7332.39658085,7081.67890091,1.124955|0.726615|0.384264,3296.432646|7048.216323|10800,3296.43264644,5084.49468408,35009.0162566,1274.41015406,36283.4264106,32018.9781688,CVaR,0.9,0.2,1901.88780244,4100.23221107,820.046442215,58930.9254402,351.589498121,55552.8797711,3378.04566906,18941.1715611,15598.1111963,4540.31468992,1200,10800,2.27373675443e-13,9.09494701773e-13,7048.21632322,7332.39658085,7081.67890091,782.808637405,2684.65125558,37693.6675121,55197.008169,3733.91727119,4653.4876759,17342.7400478,14273.2653507,2923.27735894,33,844
2025-05-01,PuLP HiGHS,Optimal,3.13362169999,7081.67890091,7419.29633729,1.124955|0.726615|0.384264,4038.592675|7419.296337|10800,4038.59267459,5649.75901412,36301.1681801,1162.70737367,37463.8755538,32561.9996169,CVaR,0.9,0.2,1510.35475516,3739.41538584,747.883077167,61318.2608906,339.660392421,57225.1288381,4093.13205254,20366.6338888,16193.1177572,5698.6720808,1200,10800,9.09494701773e-13,9.09494701773e-13,7419.29633729,7081.67890091,7419.29633729,2378.31872779,11042.1613354,47343.3295156,58476.8646872,2841.39620343,5884.14295584,19241.0840337,15281.4223745,2037.2452377,25,824
2025-05-02,PuLP HiGHS,Optimal,2.6692381,7419.29633729,7466.93697064,1.124955|0.726615|0.384264,4106.586078|7453.293039|10800,4106.58607837,5701.54602012,14535.8950857,720.664684935,15256.5597706,10084.4749736,CVaR,0.9,0.2,812.523722779,2647.30611536,529.461223072,28209.1474524,205.072241916,25961.2135399,2247.93391247,21972.6970048,17767.2875422,20154.1273142,1200,10800,4.54747350886e-13,9.09494701773e-13,7453.29303918,7419.29633729,7466.93697064,2234.11432932,10195.8644705,24731.7595563,27492.9742081,716.173244289,12070.1404026,17493.4288502,14126.8007986,8119.75489821,28,604
2025-05-03,PuLP HiGHS,Optimal,0.966407899978,7466.93697064,7252.590828,1.124955|0.726615|0.384264,3525.711523|7162.855761|10800,3525.71152253,5259.12436686,14396.0047723,591.809583834,14987.8143562,9946.31716947,CVaR,0.9,0.2,1005.87847653,1088.13590088,217.627180176,28142.9927912,168.623474881,25882.5383585,2260.45443271,18634.3367779,15367.4858786,19690.7273395,1200,10800,2.08899564313e-12,5.45696821064e-12,7162.85576127,7466.93697064,7252.590828,1616.84444107,8141.07872894,22537.0835013,27075.7843341,1067.20845711,16806.1345362,16906.4953541,13887.1727652,3208.15453727,20,606
2025-05-04,PuLP HiGHS,Optimal,3.8719689,7252.590828,7418.63785873,1.124955|0.726615|0.384264,4037.275717|7418.637859|10800,4037.27571747,5648.75595702,36492.8080065,1326.14515872,37818.9531653,33283.4313831,CVaR,0.9,0.2,2101.5742783,5566.1708743,1113.23417486,61515.8629031,371.340847951,57330.328263,4185.53464011,20245.2862908,16249.2395679,4732.76573578,1200,10800,2.27373675443e-13,9.09494701773e-13,7418.63785873,7252.590828,7418.63785873,1792.94398386,8284.36873541,44777.1767419,58238.6938569,3277.16904624,4866.47027786,17268.7257994,13838.2255699,5387.57448935,39,805
2025-05-05,PuLP HiGHS,Optimal,4.75534060001,7418.63785873,7309.72430696,1.124955|0.726615|0.384264,3819.448614|7309.724307|10800,3819.44861392,5482.84848817,36716.8503325,1327.421359,38044.2716915,33632.302743,CVaR,0.9,0.2,4365.4998462,5354.39769825,1070.87953965,61472.7968137,371.37171589,57093.5579689,4379.23884478,19235.5107686,15678.7859192,4517.65198425,1200,10800,3.41060513165e-13,1.81898940355e-12,7309.72430696,7418.63785873,7309.72430696,2363.72506893,10671.154557,47388.0048895,58042.8214524,3429.97536125,1800.24979312,19096.3796043,15566.0896761,251.827407455,10,723
2025-05-06,PuLP HiGHS,Optimal,4.5281496,7309.72430696,7469.67590358,1.124955|0.726615|0.384264,4139.351807|7469.675904|10800,4139.35180716,5726.50195554,37089.4738388,1357.40577065,38446.8796094,34096.9871844,CVaR,0.9,0.2,3024.59287585,6883.04765261,1376.60953052,62921.6812659,381.430594818,58094.8388176,4826.84244833,20389.613293,16371.6303304,5478.01814728,1200,10800,4.54747350886e-13,9.09494701773e-13,7469.67590358,7309.72430696,7469.67590358,2216.4235781,9486.58293892,46576.0567777,58960.1674107,3961.5138552,4427.51730587,19658.0783122,15779.086996,1324.07831523,25,745
2025-05-07,PuLP HiGHS,Optimal,3.8074816,7469.67590358,7728.61555356,1.124955|0.726615|0.384264,4657.231107|7728.615554|10800,4657.23110711,6120.94342966,36810.3536988,1443.82699466,38254.1806935,33346.1304603,CVaR,0.9,0.2,2881.16093158,6064.46598233,1212.89319647,62527.7472749,403.970796927,57859.443919,4668.30335597,20238.9921475,16160.5379545,4631.93487835,1200,10800,4.54747350886e-13,9.09494701773e-13,7728.61555356,7469.67590358,7728.61555356,2467.90884605,11443.5900345,48253.9437334,59732.2629789,2795.48429599,3198.57875567,19477.3759702,15543.6288509,1378.52528088,30,797
2025-05-08,PuLP HiGHS,Optimal,3.6383161,7728.61555356,7757.94037811,1.124955|0.726615|0.384264,4672.954548|7736.477274|10800,4672.95454759,6132.91914879,40474.2941627,1386.11478495,41860.4089477,37238.0976665,CVaR,0.9,0.2,4778.92823674,7553.03933813,1510.60786763,66303.4168049,373.062549253,61557.7620948,4745.65471003,20533.0228916,16624.672994,5158.99865701,1200,10800,4.54747350886e-13,1.81898940355e-12,7736.4772738,7728.61555356,7757.94037811,892.001358782,3703.54595156,44177.8401143,61084.2494985,5219.16730636,2572.15220026,18690.494289,15112.908032,3354.2935645,36,727
2025-05-09,PuLP HiGHS,Optimal,1.04521749998,7757.94037811,7198.98344871,1.124955|0.726615|0.384264,3194.370481|6997.185241|10800,3194.37048134,5006.75929119,15974.1670872,650.590918047,16624.7580052,11843.2565479,CVaR,0.9,0.2,999.137741493,1126.28916903,225.257833807,29927.340009,185.982285763,27688.9177892,2238.42221975,17634.2481678,14968.4206396,18529.9503174,1200,10800,2.72848410532e-12,9.09494701773e-13,6997.18524067,7757.94037811,7198.98344871,485.670173996,1873.89897947,17848.0660667,27542.8880635,2384.45194553,16857.6035657,16708.5792537,14037.0104319,1857.07912185,18,651
2025-05-10,PuLP HiGHS,Optimal,2.83320230001,7198.98344871,7271.52380619,1.124955|0.726615|0.384264,3457.168565|7128.584282|10800,3457.16856477,5206.91879444,16708.0778973,682.928996007,17391.0068933,12632.0746821,CVaR,0.9,0.2,929.058967031,2239.9329166,447.98658332,30981.0329024,192.37770541,28673.426627,2307.60627546,18754.9979168,15254.9075623,18606.8381123,1200,10800,4.09272615798e-12,3.63797880709e-12,7128.58428239,7198.98344871,7271.52380619,670.174013454,2970.09733283,19678.1752301,28503.1155109,2477.91739152,13827.9294247,16626.4657609,13402.1509446,3981.28877361,24,599
2025-05-11,PuLP HiGHS,Optimal,4.61824830002,7271.52380619,7112.53497356,1.124955|0.726615|0.384264,3425.069947|7112.534974|10800,3425.06994712,5182.47096255,39588.5938598,1379.00368663,40967.5975464,37191.2885106,CVaR,0.9,0.2,3787.95020526,7030.80963397,1406.16192679,65364.1655474,367.840753171,60872.505599,4491.65994846,20233.6844439,16532.374349,4353.60375126,1200,10800,1.36424205266e-12,1.81898940355e-12,7112.53497356,7271.52380619,7112.53497356,542.931078137,2141.35153616,41729.9453959,61040.8047126,4323.36083485,2802.31407487,18107.5399047,14810.1972721,3848.32161611,38,750
2025-05-12,PuLP HiGHS,Optimal,3.87269620001,7112.53497356,7130.78195923,1.124955|0.726615|0.384264,3446.586293|7123.293147|10800,3446.58629318,5198.85883374,39048.8708729,1547.11221977,40595.9830927,36853.3943664,CVaR,0.9,0.2,2920.49831107,7281.35053721,1456.27010744,64900.7329767,430.735121613,60746.5152389,4154.21773784,20847.1037977,16876.4717204,4335.48131319,1200,10800,9.09494701773e-13,4.54747350886e-13,7123.29314659,7112.53497356,7130.78195923,685.205695329,2384.55457392,41433.4254468,59411.2167761,5489.51620065,5035.17277659,16387.5377599,13257.4832984,8078.55445974,43,831
2025-05-13,PuLP HiGHS,Optimal,9.41036849999,7130.78195923,7423.74393707,1.124955|0.726615|0.384264,4047.487874|7423.743937|10800,4047.48787413,5656.53402061,40184.0431129,1369.42563794,41553.4687508,37068.0302762,CVaR,0.9,0.2,4877.55996185,5855.47772963,1171.09554593,66271.0490698,373.770009209,61529.8987175,4741.1503523,20665.7084253,16475.5580444,4120.90963259,1200,10800,2.50111042988e-12,9.09494701773e-13,7423.74393707,7130.78195923,7423.74393707,176.392211365,577.683341159,40761.7264541,59950.2601046,6320.78896517,3179.23785061,18708.0837823,14889.8820836,3543.30060378,38,732
2025-05-14,PuLP HiGHS,Optimal,3.47862369998,7423.74393707,7224.23871532,1.124955|0.726615|0.384264,3583.632972|7191.816486|10800,3583.63297172,5303.24009383,40821.6301691,1330.95256471,42152.5827338,38302.1616397,CVaR,0.9,0.2,3677.92303703,7264.09499857,1452.81899971,67250.763952,367.120365759,62134.86496,5115.89899204,20498.6857153,16812.6701355,4562.73627586,1200,10800,2.27373675443e-13,9.09494701773e-13,7191.81648586,7423.74393707,7224.23871532,139.588387684,425.063054273,41246.6932234,60516.6985749,6734.06537712,4440.85145057,17793.902254,14592.6155253,4924.83807148,40,698
2025-05-15,PuLP HiGHS,Optimal,5.80965429998,7224.23871532,7635.89168897,1.124955|0.726615|0.384264,4279.327987|7539.663994|10800,4279.32798702,5833.11446299,40163.7760393,1330.04396186,41493.8200011,36684.8658265,CVaR,0.9,0.2,4843.53233294,5120.8014417,1024.16028834,66458.204797,371.495934412,61902.9501882,4555.25460877,20756.9259567,16529.2272746,4494.54052359,1200,10800,4.54747350886e-13,9.09494701773e-13,7539.66399351,7224.23871532,7635.89168897,803.766656674,3232.31921152,43396.0952508,59725.9764896,6732.22830735,3857.8474293,18612.3671442,14705.5297105,3968.25637652,38,774
2025-05-16,PuLP HiGHS,Optimal,3.74389520002,7635.89168897,7524.83287001,1.124955|0.726615|0.384264,3704.274618|7252.137309|10800,3704.27461806,5395.12650216,16071.9890518,671.382193071,16743.3712449,12003.6752082,CVaR,0.9,0.2,833.656393611,3277.15232728,655.430465455,29809.1987711,180.849369943,27237.4835475,2571.71522357,20805.0701807,17197.4857883,17141.7115816,1200,10800,1.1823431123e-11,1.81898940355e-12,7252.13730903,7635.89168897,7524.83287001,336.517294689,904.615897594,16976.6049494,27277.9921323,2531.20663879,21814.7667199,16758.8900568,13674.6538831,7569.0120291,38,534
2025-05-17,PuLP HiGHS,Optimal,3.2114195,7524.83287001,7645.94121535,1.124955|0.726615|0.384264,4153.532788|7476.766394|10800,4153.53278846,5737.3028645,16332.6834886,724.736154467,17057.4196431,12029.5371371,CVaR,0.9,0.2,915.32610858,3547.1017925,709.420358501,30449.0856745,192.240704349,27874.3129875,2574.77268706,21145.2667103,17170.9258635,17898.5332569,1200,10800,4.54747350886e-13,4.54747350886e-13,7476.76639423,7524.83287001,7645.94121535,445.305150965,1467.97949457,17800.6629832,28510.7005538,1938.38512072,15199.7877115,16833.7968377,13526.3779277,7956.01780843,37,555
2025-05-18,PuLP HiGHS,Optimal,5.22209300002,7645.94121535,7562.88942811,1.124955|0.726615|0.384264,4200.554523|7500.277262|10800,4200.55452346,5773.11685141,38574.7748088,1444.55263522,40019.327444,35408.2448242,CVaR,0.9,0.2,3781.47602643,5810.17115808,1162.03423162,63716.3785859,382.455755173,59606.0331907,4110.34539519,18426.1802345,15056.3035482,4726.54684027,1200,10800,5.68434188608e-13,9.09494701773e-13,7500.27726173,7645.94121535,7562.88942811,1102.65106862,3995.86861486,42570.6434237,59502.5956421,4213.78294382,3627.95466394,17767.7397646,14466.6158178,1248.12820021,30,809
2025-05-19,PuLP HiGHS,Optimal,7.0820466,7562.88942811,8191.44137442,1.124955|0.726615|0.384264,5582.882749|8191.441374|10800,5582.88274885,6825.96368845,39840.2870653,1494.8615557,41335.148621,35862.3717612,CVaR,0.9,0.2,4326.9491504,6765.9341433,1353.18682866,65934.6495613,424.321675269,60870.2591966,5064.39036471,20451.5970549,16000.0968628,5173.89939107,1200,10800,1.13686837722e-12,9.09494701773e-13,8191.44137442,7562.88942811,8191.44137442,213.185666416,1159.78996545,41000.0770308,57631.1819684,8303.46759292,6326.68557387,18088.2566276,14085.7911167,4277.64617344,39,717
2025-05-20,PuLP HiGHS,Optimal,4.7345932,8191.44137442,6997.18580041,1.124955|0.726615|0.384264,3194.371601|6997.1858|10800,3194.37160083,5006.76014384,36802.2560643,1309.40949454,38111.6655589,34058.9071124,CVaR,0.9,0.2,2698.15149674,4770.008487,954.0016974,60476.4072649,359.91355342,56249.5321259,4226.87513903,18008.0328296,15661.3366086,4619.91230397,1200,10800,9.09494701773e-13,1.81898940355e-12,6997.18580041,8191.44137442,6997.18580041,1006.33697644,3668.66800938,40470.9240737,57692.7200302,2783.68723469,2153.75942214,16277.5409708,14259.638203,3132.19026442,33,783
2025-05-21,PuLP HiGHS,Optimal,5.47794360001,6997.18580041,7083.53810447,1.124955|0.726615|0.384264,3366.75276|7083.37638|10800,3366.75275986,5138.05382266,37891.3766772,1296.20151713,39187.5781943,35243.847947,CVaR,0.9,0.2,3330.19243664,5971.61787639,1194.32357528,62908.7523075,353.473489008,58812.1064481,4096.64585944,18922.3269221,15249.5132853,4782.55527953,1200,10800,4.40536496171e-13,1.81898940355e-12,7083.37637993,6997.18580041,7083.53810447,872.485081097,3356.68240113,41248.0590783,58648.2780862,4260.4742213,4888.01267539,16802.2007101,13532.0655016,3837.5739957,37,778
2025-05-22,PuLP HiGHS,Optimal,3.5440924,7083.53810447,7489.92159115,1.124955|0.726615|0.384264,4179.843182|7489.921591|10800,4179.84318231,5757.34211019,38123.8011146,1301.27113204,39425.0722467,34932.8883828,CVaR,0.9,0.2,4552.72560959,6325.79123146,1265.15824629,63009.685297,362.274537521,58334.2253447,4675.4599523,19367.3630097,15321.8188999,4904.77707343,1200,10800,4.54747350886e-13,9.09494701773e-13,7489.92159115,7083.53810447,7489.92159115,244.498974429,1237.81444874,39361.6155634,58693.0708425,4316.61445449,4362.85731003,17854.4029065,14096.3212163,2738.45778679,34,712
2025-05-23,PuLP HiGHS,Optimal,3.65592810002,7489.92159115,7776.88081212,1.124955|0.726615|0.384264,4332.106424|7566.053212|10800,4332.10642387,5873.31302747,16061.6165667,701.751771696,16763.3683384,11613.7806081,CVaR,0.9,0.2,813.411324761,3618.62648562,723.725297124,30035.8521162,192.097967155,27535.6457404,2500.20637579,20645.0701107,16653.988331,18891.4403563,1200,10800,1.81898940355e-12,9.09494701773e-13,7566.05321193,7489.92159115,7776.88081212,275.493707712,1062.11771438,17123.7342811,27384.5184134,2651.33370279,17662.4553999,17464.9712578,13888.36342,5945.72376388,32,543
2025-05-24,PuLP HiGHS,Optimal,3.65133389999,7776.88081212,7851.12782269,1.124955|0.726615|0.384264,4153.532363|7476.766182|10800,4153.53236322,5737.30254061,16516.7404682,697.778353129,17214.5188213,12284.7262745,CVaR,0.9,0.2,740.565475715,4037.54996923,807.509993847,30530.0021435,194.570750799,27812.478823,2717.52332054,22304.3698716,18336.6427635,18390.3047114,1200,10800,5.45696821064e-12,1.81898940355e-12,7476.76618161,7776.88081212,7851.12782269,109.41818018,416.519739513,16933.2602077,27443.9087007,3086.09344277,20480.624046,17112.5218002,13794.3203487,9734.17048622,36,505
2025-05-25,PuLP HiGHS,Optimal,4.5272175,7851.12782269,7091.15225723,1.124955|0.726615|0.384264,3382.304514|7091.152257|10800,3382.30451446,5149.89877768,37494.9334553,1295.22231708,38790.1557724,34971.8545338,CVaR,0.9,0.2,3574.45316592,6657.98769537,1331.59753907,62285.3970041,357.790007242,58116.8666217,4168.53038242,18439.4868301,15619.9623413,5539.5271771,1200,10800,9.09494701773e-13,0,7091.15225723,7851.12782269,7091.15225723,262.70821848,1320.80896306,38815.7424184,56499.0188727,5786.37813136,5879.50102083,15901.020505,13563.804618,4594.62404845,37,762
2025-05-26,PuLP HiGHS,Optimal,5.0641397,7091.15225723,7146.10711423,1.124955|0.726615|0.384264,3382.458276|7091.229138|10800,3382.45827621,5150.01588993,37288.7084837,1364.19186386,38652.9003475,34370.5710064,CVaR,0.9,0.2,2181.53496662,4338.43274416,867.686548832,61954.7015502,359.806040899,57574.8241723,4379.87737799,18193.8067141,14736.9142456,5790.33371579,1200,10800,1.13686837722e-12,9.09494701773e-13,7091.22913811,7091.15225723,7146.10711423,2425.21174394,9771.34926338,47060.057747,58238.5896653,3716.1118849,2701.64958619,17541.3657989,14159.0469258,1230.30823502,22,851
2025-05-27,PuLP HiGHS,Optimal,4.31682480001,7146.10711423,7712.76893306,1.124955|0.726615|0.384264,4625.537866|7712.768933|10800,4625.53786612,6096.80435189,39860.5781664,1141.21560851,41001.7937749,36088.2119953,CVaR,0.9,0.2,3340.07725385,5916.11286149,1183.2225723,65779.3476939,323.580463087,60653.4308121,5125.91688184,20000.8727914,15690.7113241,6044.6399555,1200,10800,6.8212102633e-13,9.09494701773e-13,7712.76893306,7146.10711423,7712.76893306,200.33282737,534.137011235,40394.7151776,57959.6010324,7819.74666152,4905.55424704,17652.7193461,13788.7070334,4250.15773591,38,665
2025-05-28,PuLP HiGHS,Optimal,8.49512790001,7712.76893306,8304.46750194,1.124955|0.726615|0.384264,5808.935004|8304.467502|10800,5808.93500388,6998.13582337,39694.9586318,1226.41386308,40921.3724949,34957.4182976,CVaR,0.9,0.2,3359.751302,5170.90813038,1034.18162608,65011.402761,361.314479042,59690.8904698,5320.51229117,19942.571456,15620.9541674,5627.84074049,1200,10800,4.54747350886e-13,1.81898940355e-12,8304.46750194,7712.76893306,8304.46750194,1141.58825923,2878.1241913,42573.0828231,59810.7993599,5200.6034011,4573.55328196,18802.5343429,14697.5241057,2063.46717481,33,677
2025-05-29,PuLP HiGHS,Optimal,3.52469570001,8304.46750194,7149.06206514,1.124955|0.726615|0.384264,3498.12413|7149.062065|10800,3498.12413027,5238.11249851,37566.5285396,1282.30110564,38848.8296452,35040.9339171,CVaR,0.9,0.2,2431.18294702,7151.08385228,1430.21677046,62257.2279995,353.967222142,57241.2337404,5015.99425912,18633.0695605,16132.6512371,6126.3109097,1200,10800,9.09494701773e-13,4.54747350886e-13,7149.06206514,8304.46750194,7149.06206514,691.343643709,2675.12424629,40241.6527859,59104.0808459,3153.14715364,3407.15389226,17463.2210024,15185.0739051,2117.42589012,34,681
2025-05-30,PuLP HiGHS,Optimal,2.78095710001,7149.06206514,7690.76738902,1.124955|0.726615|0.384264,4094.861081|7447.430541|10800,4094.8610811,5692.61570527,15970.9205277,619.706970882,16590.6274986,11370.9340866,CVaR,0.9,0.2,995.253674271,2364.61146643,472.922293286,30147.861621,181.94370986,27627.5598008,2520.30182016,21772.9010536,17367.5182256,18828.4947006,1200,10800,9.09494701773e-13,4.54747350886e-13,7447.43054055,7149.06206514,7690.76738902,548.523964458,2229.19776631,18200.118294,27688.5259879,2459.33563308,17911.3694348,17062.6971547,13333.2499038,8744.47222066,39,543
2025-05-31,PuLP HiGHS,Optimal,2.84552569999,7690.76738902,7791.43666182,1.124955|0.726615|0.384264,4377.197536|7588.598768|10800,4377.19753599,5907.6565603,16015.574727,688.349409425,16703.9241364,11489.9382504,CVaR,0.9,0.2,1126.10764827,3468.35337179,693.670674358,29961.293292,185.337288962,27393.0042564,2568.28903553,19770.7805593,16106.2840119,19369.5235549,1200,10800,9.09494701773e-13,1.81898940355e-12,7588.598768,7690.76738902,7791.43666182,392.144894636,1347.55589877,17363.1306257,27173.4420538,2787.85123816,15736.5336674,17627.7336082,14187.8618771,4061.46908589,21,540
2025-06-01,PuLP HiGHS,Optimal,3.66200370001,7791.43666182,7500.27704906,1.124955|0.726615|0.384264,4200.554098|7500.277049|10800,4200.55409813,5773.11652745,37722.5637448,1355.40298507,39077.9667298,34063.1267899,CVaR,0.9,0.2,3424.82171672,3791.38293753,758.276587506,62693.6140067,382.759948987,58345.5107489,4348.10325779,19040.6406341,15684.9625651,4540.85365214,1200,10800,2.84217094304e-13,9.09494701773e-13,7500.27704906,7791.43666182,7500.27704906,12109.5137301,46893.1048203,84615.6685651,62401.3724535,292.241553229,0,18674.2291316,15388.169248,663.204819597,19,846
2025-06-02,PuLP HiGHS,Optimal,3.39273679999,7500.27704906,7381.26246458,1.124955|0.726615|0.384264,3962.524929|7381.262465|10800,3962.52492915,5591.82220598,39583.9409875,1798.08879198,41382.0297795,38194.395163,CVaR,0.9,0.2,2658.80719595,12020.9379477,2404.18758953,65662.3399992,486.881422041,60411.9643585,5250.37564066,19468.0396908,15876.2252756,4564.47932548,1200,10800,9.09494701773e-13,9.09494701773e-13,7381.26246458,7500.27704906,7381.26246458,9000.63146426,36961.7286114,76545.6695989,64362.5408631,1299.79913606,1163.61139564,19294.0347778,15735.2812961,314.948892446,11,719
2025-06-03,PuLP HiGHS,Optimal,4.80317960001,7381.26246458,7376.64396276,1.124955|0.726615|0.384264,3953.287926|7376.643963|10800,3953.28792551,5584.78686525,39915.2157628,1457.06137542,41372.2771382,36765.0814002,CVaR,0.9,0.2,3270.01255206,4887.95563615,977.59112723,66817.1099001,386.781152912,61611.6650268,5205.44487333,20895.0320968,16929.1326501,4760.5017947,1200,10800,1.36424205266e-12,9.09494701773e-13,7376.64396276,7381.26246458,7376.64396276,7134.2231834,30021.2944125,69936.5101753,65750.8669356,1066.24296451,839.753466667,20300.665635,16447.695816,1075.80329598,15,861
2025-06-04,PuLP HiGHS,Optimal,4.58311960002,7376.64396276,7588.59887529,1.124955|0.726615|0.384264,4377.197751|7588.598875|10800,4377.19775058,5907.65672373,40407.1121238,1705.23047754,42112.3426014,37681.1497209,CVaR,0.9,0.2,5306.34009829,7382.31921638,1476.46384328,67243.4432358,468.430381309,62572.6495117,4670.7937241,21282.5020766,17048.0672607,3690.30352098,1200,10800,9.09494701773e-13,9.09494701773e-13,7588.59887529,7376.64396276,7588.59887529,6800.05638462,25081.6268244,65488.7389482,67093.3242587,150.11897706,204.310170964,20279.2117603,16235.4021046,1815.95547246,25,819
2025-06-05,PuLP HiGHS,Optimal,3.27101630002,7588.59887529,8165.74188678,1.124955|0.726615|0.384264,5531.483774|8165.741887|10800,5531.48377355,6786.81578742,44718.8501485,2318.15679148,47037.00694,43926.0217763,CVaR,0.9,0.2,3075.54381598,18379.1531188,3675.83062376,73481.3874676,609.489824496,66711.9364736,6769.450994,22693.2053085,17862.0675895,4627.14309768,1200,10800,4.54747350886e-13,9.09494701773e-13,8165.74188678,7588.59887529,8165.74188678,4508.71715993,17041.83774,61760.6878885,71943.8939048,1537.49356282,730.448466667,21333.7677425,16760.9231611,2460.58199439,28,627
2025-06-06,PuLP HiGHS,Optimal,2.95573419999,8165.74188678,7274.94724045,1.124955|0.726615|0.384264,3749.894481|7274.94724|10800,3749.89448089,5429.87275664,16317.9124585,832.782758512,17150.695217,12919.2178472,CVaR,0.9,0.2,733.474219455,5991.97693426,1198.39538685,30202.1790618,227.589986707,27183.6813587,3018.4977031,18238.703097,15575.0646903,12708.1797951,1200,10800,9.09494701773e-13,4.54747350886e-13,7274.94724045,8165.74188678,7274.94724045,6655.84977478,27148.960784,43466.8732425,29849.7798178,352.399244009,3205.52456797,17088.5516121,14643.4419875,2081.77418766,18,472
2025-06-07,PuLP HiGHS,Optimal,3.6776727,7274.94724045,7483.36819463,1.124955|0.726615|0.384264,4139.351583|7469.675791|10800,4139.35158294,5726.50178477,19170.5773699,1190.17207407,20360.749444,16721.3778141,CVaR,0.9,0.2,4051.52874628,10435.6507747,2087.13015494,34731.9617022,324.9774718,29580.0521534,5151.90954885,17496.903725,13997.2363213,10648.085344,1200,10800,4.54747350886e-13,1.81898940355e-12,7469.67579147,7274.94724045,7483.36819463,3358.4569367,13819.7682949,32990.3456648,33544.8875563,1187.07414597,2399.74241933,16786.8949906,13409.8060837,1297.43897205,16,414
2025-06-08,PuLP HiGHS,Optimal,7.14040910001,7483.36819463,8367.18875027,1.124955|0.726615|0.384264,5934.377501|8367.18875|10800,5934.37750053,7093.67878734,54371.3066876,1808.75419981,56180.0608874,51105.2385541,CVaR,0.9,0.2,3990.49448943,10094.28227,2018.856454,86602.2948909,483.93671398,79287.1905797,7315.10431122,24180.633602,18790.8747176,3042.83953762,1200,10800,9.09494701773e-13,9.09494701773e-13,8367.18875027,7483.36819463,8367.18875027,81.7484774592,343.178032378,54714.48472,71531.730006,15070.564885,2300.67555166,17539.1640265,13411.2843614,12021.0599318,37,697
2025-06-09,PuLP HiGHS,Optimal,8.13074940001,8367.18875027,7499.13727543,1.124955|0.726615|0.384264,4198.274551|7499.137275|10800,4198.27455085,5771.38031597,52712.279655,1721.58247026,54433.8621252,50877.1042246,CVaR,0.9,0.2,4685.12278125,11073.1120769,2214.62241538,83646.0066501,453.134957627,76409.6321445,7236.37450555,22312.2420917,18854.1624216,3753.69917056,1200,10800,1.81898940355e-12,1.81898940355e-12,7499.13727543,8367.18875027,7499.13727543,593.784395371,1875.99102671,54588.2706817,74212.3704438,9433.63620628,1193.77563333,18215.3305256,15535.6640531,7415.40993466,33,702
2025-06-10,PuLP HiGHS,Optimal,3.0356303,7499.13727543,7707.43946028,1.124955|0.726615|0.384264,4614.878921|7707.43946|10800,4614.87892055,6088.68599264,51883.707002,2033.21853471,53916.9255367,50157.8020699,CVaR,0.9,0.2,3862.3461748,11647.8126293,2329.56252587,83029.17158,520.437159711,77079.9615241,5949.21005593,23071.5081383,18500.4496257,2871.48991358,1200,10800,9.09494701773e-13,9.09494701773e-13,7707.43946028,7499.13727543,7707.43946028,390.347336914,1257.57615353,53141.2831555,76146.1224437,6883.04913634,749.97215,20950.4285835,16782.3751863,3839.15399412,29,800
2025-06-11,PuLP HiGHS,Optimal,4.06494509999,7707.43946028,7712.76876355,1.124955|0.726615|0.384264,4625.537527|7712.768764|10800,4625.53752711,6096.80409368,52087.6165729,1747.54597266,53835.1625456,48984.3074217,CVaR,0.9,0.2,4721.38098863,6229.74484878,1245.94896976,83752.4511826,481.173281393,77850.3045219,5902.14666069,23029.0890873,18648.7657878,3103.65990283,1200,10800,9.09494701773e-13,9.09494701773e-13,7712.76876355,7707.43946028,7712.76876355,1925.81743641,9003.26505901,61090.881632,78434.8738698,5317.57731285,0,22481.3085081,18205.0635187,991.482848254,16,860
2025-06-12,PuLP HiGHS,Optimal,5.15085969999,7712.76876355,8253.6646659,1.124955|0.726615|0.384264,5707.329332|8253.664666|10800,5707.3293318,6920.74811724,53562.8175305,1753.34168124,55316.1592117,50142.2660991,CVaR,0.9,0.2,5066.54455211,8734.27502287,1746.85500457,85617.6042407,481.054279969,79436.8223621,6180.78187865,23867.0552821,18845.5084664,3417.06218695,1200,10800,4.54747350886e-13,9.09494701773e-13,8253.6646659,7712.76876355,8253.6646659,699.546724844,2871.47104595,56434.2885764,76634.3378201,8983.26642068,431.779833333,20857.4050848,16407.6918066,5447.46685709,31,815
2025-06-13,PuLP HiGHS,Optimal,4.6833495,8253.6646659,7960.94738478,1.124955|0.726615|0.384264,4881.574102|7840.787051|10800,4881.57410247,6291.81371121,24860.5030898,1530.20832179,26390.7114116,22731.9401998,CVaR,0.9,0.2,935.895748797,13165.2124968,2633.04249935,43032.9024223,413.529693014,38868.0592929,4164.84312933,14378.4357053,12018.1227745,10353.4613813,1200,10800,2.84217094304e-14,1.81898940355e-12,7840.78705123,8253.6646659,7960.94738478,285.416567039,1470.46106966,26330.9641595,38286.0001993,4746.90222299,7960.53255265,13310.6108772,11045.0403636,2040.90723905,33,479
2025-06-14,PuLP HiGHS,Optimal,3.1312532,7960.94738478,7782.7591439,1.124955|0.726615|0.384264,4557.562541|7678.781271|10800,4557.56254106,6045.03111549,23513.044216,1184.88975819,24697.9339742,20252.4718693,CVaR,0.9,0.2,1965.76274562,7997.8450531,1599.56901062,40686.3431418,325.38018145,37310.9625873,3375.3805545,16156.8622054,13341.0078892,8097.88411102,1200,10800,0,3.63797880709e-12,7678.78127053,7960.94738478,7782.7591439,135.899531352,398.270673849,23911.3148898,37256.9351982,3429.40794358,8582.11669237,14619.7089682,12002.333681,2875.82744541,33,593
2025-06-15,PuLP HiGHS,Optimal,3.51831329998,7782.7591439,7726.08551038,1.124955|0.726615|0.384264,4625.140428|7712.570214|10800,4625.14042817,6096.50164427,58188.908459,1530.31827157,59719.2267306,55859.0378868,CVaR,0.9,0.2,6235.29338657,11181.5640027,2236.31280054,91262.6179033,406.964466038,80371.4707636,10891.1471397,24106.0554247,19589.0749308,4100.31148437,1200,10800,2.98427949019e-13,9.09494701773e-13,7712.57021409,7782.7591439,7726.08551038,43.3739918062,192.868654321,58381.7771133,74416.4075555,16846.2103478,22.4598333333,20322.9139516,16512.566571,6859.64983295,34,509
2025-06-16,PuLP HiGHS,Optimal,4.5381601,7726.08551038,7827.46972671,1.124955|0.726615|0.384264,4854.939453|7827.469727|10800,4854.93945342,6271.52749735,55275.0452935,1952.01574612,57227.0610396,53869.5446369,CVaR,0.9,0.2,4591.73287838,14570.055473,2914.01109459,87729.0127348,512.826826077,80149.6626355,7579.35009933,23963.8447653,19319.4684652,3646.75696996,1200,10800,9.09494701773e-13,4.54747350886e-13,7827.46972671,7726.08551038,7827.46972671,208.678138102,748.848686346,56023.8939798,76847.8984005,10881.1143343,196.574416667,21445.8079504,17279.8586451,4557.64663493,29,649
2025-06-17,PuLP HiGHS,Optimal,3.5113021,7827.46972671,8165.74190634,1.124955|0.726615|0.384264,5531.483813|8165.741906|10800,5531.48381269,6786.81581722,55796.7248529,1673.18928783,57469.9141407,53164.1897033,CVaR,0.9,0.2,4586.81372791,12405.4568989,2481.09137977,88776.9416998,444.667665992,80532.9968746,8243.94482524,24858.8171627,19831.1969401,3390.28678984,1200,10800,4.54747350886e-13,4.54747350886e-13,8165.74190634,7827.46972671,8165.74190634,827.188647493,3501.68109249,59298.4059454,78161.0085105,10615.9331894,11.8491666667,21236.2726997,16896.9359251,6556.80547798,33,632
2025-06-18,PuLP HiGHS,Optimal,2.72247069998,8165.74190634,7659.43574816,1.124955|0.726615|0.384264,4518.871496|7659.435748|10800,4518.87149631,6015.56217799,54722.2412185,1975.71336723,56697.9545857,53499.8664367,CVaR,0.9,0.2,3833.35839423,14087.3701451,2817.47402902,86833.840948,502.077470603,79892.1862381,6941.65470992,23767.3918734,19707.2629598,2991.6953454,1200,10800,9.09494701773e-13,4.54747350886e-13,7659.43574816,8165.74190634,7659.43574816,81.5453640299,301.101459174,55023.3426776,74036.5392142,12797.3017338,161.017233333,18338.69467,15310.018225,9825.94193818,36,721
2025-06-19,PuLP HiGHS,Optimal,3.40029779999,7659.43574816,8028.87687053,1.124955|0.726615|0.384264,5257.753741|8028.876871|10800,5257.75374105,6578.32999249,54324.879346,1620.7770916,55945.6564376,50906.3589349,CVaR,0.9,0.2,3218.90407842,7695.16244901,1539.0324898,86474.7825763,441.926557035,79927.2509211,6547.53165523,25057.5445743,19964.1140951,3545.91507929,1200,10800,4.54747350886e-13,4.54747350886e-13,8028.87687053,7659.43574816,8028.87687053,485.339930704,1696.08689111,56020.9662371,73738.3246442,12736.4579321,1857.5468,19863.7713936,15757.1578187,9400.72945713,33,824
2025-06-20,PuLP HiGHS,Optimal,6.19381530001,8028.87687053,8284.08184195,1.124955|0.726615|0.384264,5583.385387|8191.692693|10800,5583.38538659,6826.34652123,26636.6455953,1301.86777466,27938.5133699,23162.3290067,CVaR,0.9,0.2,6673.78124694,10250.81079,2050.162158,45444.1072806,360.558382547,39398.6103691,6045.49691151,13856.8738679,11077.5335925,10451.6362052,1200,10800,4.54747350886e-13,9.09494701773e-13,8191.6926933,8028.87687053,8284.08184195,0.933507682292,2.00797502461,26638.6535703,38183.804365,7260.30291559,13149.0245424,12660.2526632,10025.1201829,2249.03461442,32,476
2025-06-21,PuLP HiGHS,Optimal,3.0563959,8284.08184195,8030.01362807,1.124955|0.726615|0.384264,4904.610409|7852.305205|10800,4904.61040925,6309.35925668,22967.9125273,1186.60113952,24154.5136668,19068.8433022,CVaR,0.9,0.2,3309.18625378,6118.44446015,1223.68889203,39221.2329187,323.176323646,35407.1487238,3814.08419484,17436.8995682,14512.4876238,7531.17972018,1200,10800,2.34745556327e-12,9.09494701773e-13,7852.30520462,8284.08184195,8030.01362807,101.249014786,233.644180581,23201.5567079,33833.6145691,5387.61834955,11656.9687453,16693.767532,13750.6130934,1505.0065665,25,601
2025-06-22,PuLP HiGHS,Optimal,3.39892090001,8030.01362807,7837.44215626,1.124955|0.726615|0.384264,4874.884313|7837.442156|10800,4874.88431252,6286.71844942,52113.2587483,2270.92628788,54384.1850362,51340.9876474,CVaR,0.9,0.2,4399.39450911,16217.6053029,3243.52106058,83150.8211119,580.995650188,76411.6291114,6739.19200047,22765.9299577,18613.7175903,3214.70358237,1200,10800,9.09494701773e-13,1.81898940355e-12,7837.44215626,8030.01362807,7837.44215626,425.071358956,1505.01206679,53618.2708151,71628.6289636,11522.1921483,1262.33675,18459.6673539,15125.6448812,7794.33531289,33,727
2025-06-23,PuLP HiGHS,Optimal,4.1219838,7837.44215626,8319.03004454,1.124955|0.726615|0.384264,5838.060089|8319.030045|10800,5838.06008908,7020.31887169,54586.3938473,2162.4649015,56748.8587488,53024.5903091,CVaR,0.9,0.2,3328.30018384,16480.2521602,3296.05043203,86903.2143026,577.975589368,78562.3213676,8340.89293495,24565.0377353,19464.2514661,4204.93534849,1200,10800,9.09494701773e-13,9.09494701773e-13,8319.03004454,7837.44215626,8319.03004454,113.701487049,262.887412762,54849.28126,72972.3149656,13930.899337,1730.17656667,20321.7094026,16027.1555167,7680.42428213,37,651
2025-06-24,PuLP HiGHS,Optimal,3.61983320001,8319.03004454,7699.16686616,1.124955|0.726615|0.384264,4598.333732|7699.166866|10800,4598.33373233,6076.08439139,51096.7074564,1458.35267577,52555.0601322,48156.8527105,CVaR,0.9,0.2,3851.92806182,8389.38484867,1677.87696973,81553.8305274,388.934777638,74962.5328965,6591.29763087,22139.8755122,18491.1760254,3775.75332416,1200,10800,4.54747350886e-13,4.54747350886e-13,7699.16686616,8319.03004454,7699.16686616,2786.71250422,11363.397059,62460.1045154,77079.8551289,4473.9753985,43.5466666667,21642.6609316,18088.4322152,899.958390742,12,770
2025-06-25,PuLP HiGHS,Optimal,4.23630359999,7699.16686616,7596.85264909,1.124955|0.726615|0.384264,4393.705298|7596.852649|10800,4393.70529817,5920.22965609,51622.203005,2057.6980193,53679.9010243,50513.3396762,CVaR,0.9,0.2,3682.00977422,13768.3415398,2753.66830796,82501.6520552,546.50456457,75942.4821013,6559.16995395,22797.3395072,18557.9277962,3781.50356461,1200,10800,1.81898940355e-12,1.81898940355e-12,7596.85264909,7699.16686616,7596.85264909,958.319099977,3288.41045322,54910.6134582,73478.3189403,9023.33311488,218.431083333,20383.5178194,16602.7322291,4369.01725493,31,706
2025-06-26,PuLP HiGHS,Optimal,3.3584003,7596.85264909,7551.97746527,1.124955|0.726615|0.384264,4303.954931|7551.977465|10800,4303.95493054,5851.87151296,51223.8777656,2208.9918075,53432.8695731,50696.7025104,CVaR,0.9,0.2,3147.65353221,15578.5222514,3115.70445027,81901.0527225,585.885967644,75397.2817097,6503.77101281,23143.9118931,18786.9562988,3284.36209598,1200,10800,6.25277607469e-13,9.09494701773e-13,7551.97746527,7596.85264909,7551.97746527,410.820738245,1575.44003062,52799.3177962,71303.2744805,10597.778242,332.06025,20394.9410572,16560.2899217,4975.63721299,29,737
2025-06-27,PuLP HiGHS,Optimal,3.27931339998,7551.97746527,8444.90528413,1.124955|0.726615|0.384264,5531.483631|8165.741815|10800,5531.48363075,6786.81567866,22859.8648182,1438.89435322,24298.7591714,19748.6740426,CVaR,0.9,0.2,2544.81137537,11183.652749,2236.73054981,40064.4925889,390.341768318,35932.8286301,4131.66395883,16252.734165,12612.3267585,9641.65293838,1200,10800,4.54747350886e-13,1.81898940355e-12,8165.74181538,7551.97746527,8444.90528413,52.4522195403,154.114841515,23013.9796597,35561.0401403,4503.45244862,12082.3796487,15557.0095128,11797.5426684,1510.50874235,26,501
2025-06-28,PuLP HiGHS,Optimal,3.03149630001,8444.90528413,8473.62344471,1.124955|0.726615|0.384264,5770.833084|8285.416542|10800,5770.83308415,6969.11559146,23069.8154752,1504.38593329,24574.2014085,19993.0821707,CVaR,0.9,0.2,2801.53800309,11939.9817679,2387.99635358,40493.0730999,389.267736488,35879.7912287,4613.28187115,16286.872384,13335.9064989,9991.92882428,1200,10800,4.54747350886e-13,9.09494701773e-13,8285.41654207,8444.90528413,8473.62344471,192.327150951,905.6730504,23975.4885256,35551.4458255,4941.62727434,11029.1166785,15325.7044043,12387.974223,1909.10025552,26,501
2025-06-29,PuLP HiGHS,Optimal,3.16581630002,8473.62344471,7717.6520831,1.124955|0.726615|0.384264,4635.304166|7717.652083|10800,4635.30416619,6104.24282992,50458.5819743,1928.0598699,52386.6418442,48448.2368404,CVaR,0.9,0.2,3673.515436,10829.1891306,2165.83782611,80753.2386668,498.417717436,74339.4651001,6413.77356674,22223.9351265,18681.7616779,3222.18966296,1200,10800,2.84217094304e-13,9.09494701773e-13,7717.6520831,8473.62344471,7717.6520831,649.197025202,2191.74155129,52650.3235256,72250.4296505,8502.80901632,775.4221,18614.7908834,15758.354841,6532.55108005,34,799
2025-06-30,PuLP HiGHS,Optimal,4.00084759999,7717.6520831,7775.02679739,1.124955|0.726615|0.384264,4710.672113|7755.336057|10800,4710.6721133,6161.64663841,55590.5024149,1593.9369637,57184.4393786,53614.4015501,CVaR,0.9,0.2,1920.98177262,12958.0440493,2591.60880986,87611.3154636,425.955448428,77965.9891151,9645.32634847,24692.9112414,19967.3425293,4628.4708946,1200,10800,4.54747350886e-13,9.09494701773e-13,7755.33605665,7717.6520831,7775.02679739,734.612626964,2583.1822198,58173.6846347,73031.1595142,14580.1559494,184.579083333,19220.3780612,15516.8689867,9923.00672281,35,532
2025-07-01,PuLP HiGHS,Optimal,4.5344831,7775.02679739,7987.68677942,1.124955|0.726615|0.384264,5175.373559|7987.686779|10800,5175.37355885,6515.58533266,56183.5645492,1967.0382558,58150.602805,54624.3429155,CVaR,0.9,0.2,7702.51049982,14946.627216,2989.3254432,88888.1441687,519.489759482,79308.9875156,9579.1566531,24354.6109698,19535.8409017,4202.72156151,1200,10800,3.12638803734e-13,1.81898940355e-12,7987.68677942,7775.02679739,7987.68677942,3014.61497081,9478.84841586,65662.412965,80731.9568711,8156.18729753,977.904235938,19530.1557307,15628.0321581,8732.26398269,33,602
2025-07-02,PuLP HiGHS,Optimal,3.8464635,7987.68677942,7756.42547733,1.124955|0.726615|0.384264,4712.850955|7756.425477|10800,4712.85095466,6163.30614749,49829.5747334,1978.31621321,51807.8909466,47681.4714634,CVaR,0.9,0.2,4742.04092737,10184.4333216,2036.88666432,79858.6888742,517.210919182,73760.362385,6098.32648917,22505.496518,18437.5873515,3329.37932038,1200,10800,1.13686837722e-12,4.54747350886e-13,7756.42547733,7987.68677942,7756.42547733,6001.00699827,20064.0357861,69893.6105194,72270.9875967,7587.70127742,2312.23712917,17174.3487951,14119.3576959,9649.37737856,36,820
2025-07-03,PuLP HiGHS,Optimal,3.33231189998,7756.42547733,7267.6411464,1.124955|0.726615|0.384264,3735.282293|7267.641146|10800,3735.28229279,5418.7434201,52065.3687704,1664.25935133,53729.6281217,51042.3922179,CVaR,0.9,0.2,3269.04488485,13657.5375814,2731.50751628,82632.2763224,427.99575643,73709.8363762,8922.43994625,22606.0627579,18750.8167318,4723.47873664,1200,10800,9.09494701773e-13,9.09494701773e-13,7267.6411464,7756.42547733,7267.6411464,5292.4004959,18072.0304986,70137.399269,78556.3092982,4075.96702428,710.638488281,20092.4119489,16714.7595764,4549.7079644,29,567
2025-07-04,PuLP HiGHS,Optimal,2.61631699998,7267.6411464,7867.27257537,1.124955|0.726615|0.384264,4934.545151|7867.272575|10800,4934.54515073,6332.15897769,22727.1273851,1153.62728575,23880.7546709,19533.3674102,CVaR,0.9,0.2,1319.86732952,9923.8585852,1984.77171704,38949.5754018,310.194123392,33293.978463,5655.5969388,18284.4352129,14270.7242363,10819.5950574,1200,10800,4.54747350886e-13,4.54747350886e-13,7867.27257537,7267.6411464,7867.27257537,4430.56618866,14430.0472873,37157.1746724,38332.4025282,617.172873556,9939.70587812,17909.0899264,13966.6945543,679.37496849,11,340
2025-07-05,PuLP HiGHS,Optimal,3.08554220002,7867.27257537,7738.96990797,1.124955|0.726615|0.384264,4677.939816|7738.969908|10800,4677.93981594,6136.71616596,20891.8772007,1030.97128941,21922.8484901,17333.9876634,CVaR,0.9,0.2,1172.02540809,7739.2766963,1547.85533926,36820.7613464,285.150903406,32857.738815,3963.02253141,17932.1887866,14640.5453178,11441.07098,1200,10800,4.54747350886e-13,9.09494701773e-13,7738.96990797,7867.27257537,7738.96990797,5901.54502409,22036.8113125,42928.6885132,36783.8388733,36.9224730469,10659.9498374,17635.9289159,14400.5748226,536.230365993,11,460
2025-07-06,PuLP HiGHS,Optimal,4.9030474,7738.96990797,8019.23380675,1.124955|0.726615|0.384264,5238.467613|8019.233807|10800,5238.46761349,6563.64076165,50601.2828498,1877.57285779,52478.8557076,48727.3644986,CVaR,0.9,0.2,9866.5330703,14060.7477631,2812.14955261,81135.1620127,503.634047059,71751.4568026,9383.70521013,22471.2404684,17949.4672705,4288.76227841,1200,10800,9.09494701773e-13,9.09494701773e-13,8019.23380675,7738.96990797,8019.23380675,5422.19295501,21181.0184785,71782.3013283,78938.3352766,2196.82673617,219.579889151,21551.2067555,17204.2399631,1665.26102036,19,546
2025-07-07,PuLP HiGHS,Optimal,3.3820172,8019.23380675,8194.65903998,1.124955|0.726615|0.384264,5589.31808|8194.65904|10800,5589.31807995,6830.8651423,46174.8904962,2199.52883142,48374.4193276,43805.895619,CVaR,0.9,0.2,5765.29689083,11311.7071687,2262.34143375,75266.2729379,583.288008704,69692.1017615,5574.17117645,22344.7794656,17941.3886572,4097.21964546,1200,10800,9.09494701773e-13,4.54747350886e-13,8194.65903998,8019.23380675,8194.65903998,6815.32719534,23964.7018784,70139.5923746,71729.5717671,3536.70117085,1266.14259129,19533.636287,15664.3626826,5088.16915328,38,800
2025-07-08,PuLP HiGHS,Optimal,3.14505680001,8194.65903998,7435.08813863,1.124955|0.726615|0.384264,4070.176277|7435.088139|10800,4070.17627725,5673.81458613,56702.0121596,2228.58543837,58930.597598,56642.5732315,CVaR,0.9,0.2,2866.05191646,16928.9510982,3385.79021964,88831.9831046,634.387257967,81820.0706724,7011.91243219,21871.7930831,18399.7662085,3573.03105286,1200,10800,0,9.09494701773e-13,7435.08813863,8194.65903998,7435.08813863,507.685278358,1870.95425712,58572.9664167,79887.2347961,8944.74830854,1800.30173923,19509.7112093,16486.4798907,4275.36819157,29,640
2025-07-09,PuLP HiGHS,Optimal,2.87202939999,7435.08813863,8225.19947837,1.124955|0.726615|0.384264,5650.398957|8225.199478|10800,5650.39895674,6877.38723941,57773.4887214,2227.49906144,60000.9877828,55813.6242618,CVaR,0.9,0.2,3647.51516559,13450.118592,2690.0237184,90914.1877331,603.676795117,83853.7926915,7060.3950416,23386.6525275,18232.0883415,3554.24138828,1200,10800,4.54747350886e-13,9.09494701773e-13,8225.19947837,7435.08813863,8225.19947837,340.221246973,1328.75564143,59102.2443628,80186.2656745,10727.9220586,1909.65411237,20247.4083511,15689.3005586,5682.03195915,35,687
2025-07-10,PuLP HiGHS,Optimal,3.4528492,8225.19947837,8271.78023173,1.124955|0.726615|0.384264,5743.560463|8271.780232|10800,5743.56046346,6948.34346809,59556.9208129,1851.19453466,61408.1153475,56934.203764,CVaR,0.9,0.2,4771.53117145,12372.1594226,2474.43188451,92977.2055309,484.956664632,84592.6783602,8384.52717068,23388.5067272,18902.767771,3868.39884908,1200,10800,1.13686837722e-12,9.09494701773e-13,8271.78023173,8225.19947837,8271.78023173,162.408888732,475.320075803,60032.2408887,78516.3667242,14460.8388067,2104.12757018,19363.6946389,15642.6699795,7284.90987971,37,638
2025-07-11,PuLP HiGHS,Optimal,3.44935380001,8271.78023173,7809.31861915,1.124955|0.726615|0.384264,4652.242605|7726.121303|10800,4652.24260535,6117.14394975,29227.9618831,1201.26668022,30429.2285633,26306.699577,CVaR,0.9,0.2,1409.44602384,9973.07481751,1994.6149635,47899.1824494,334.196591639,42768.6539727,5130.52847672,17918.586468,15005.1480753,11002.0578777,1200,10800,9.09494701773e-13,1.81898940355e-12,7726.12130267,8271.78023173,7809.31861915,400.937696519,1183.51829786,30411.4801809,41767.1320071,6132.05044229,6718.27815181,17616.999227,14685.9848252,620.750491168,13,411
2025-07-12,PuLP HiGHS,Optimal,3.619886,7809.31861915,7510.42276119,1.124955|0.726615|0.384264,4054.367565|7427.183782|10800,4054.36756462,5661.77391967,27002.8923826,813.316362088,27816.2087447,22737.6585938,CVaR,0.9,0.2,1583.99073764,2916.11884402,583.223768805,45255.8805104,226.870788384,42239.0993693,3016.78114118,17590.027497,14591.8436257,10830.4998795,1200,10800,4.54747350886e-13,1.81898940355e-12,7427.18378231,7809.31861915,7510.42276119,390.015862127,1196.04306978,28198.9354524,42273.4177572,2982.46275321,8621.99404833,16980.0132098,14022.8169721,1179.04094084,20,640
2025-07-13,PuLP HiGHS,Optimal,0.953047700023,7510.42276119,8664.0497329,1.124955|0.726615|0.384264,6528.099466|8664.049733|10800,6528.09946579,7545.88563787,62418.89003,1992.9141283,64411.8041583,59128.0885713,CVaR,0.9,0.2,9599.47035527,11310.8502543,2262.17005086,97258.873415,557.491074925,86717.3587069,10541.5147081,25173.318384,19352.1236165,4529.73406942,1200,10800,9.09494701773e-13,9.09494701773e-13,8664.0497329,7510.42276119,8664.0497329,27.983019029,102.391857117,62521.2818871,78429.0099482,18829.8634668,4474.21456174,19351.5459525,14636.487947,10537.4081011,38,605
2025-07-14,PuLP HiGHS,Optimal,3.11710029998,8664.0497329,8471.41491216,1.124955|0.726615|0.384264,6142.829824|8471.414912|10800,6142.82982432,7252.44597862,57219.8850465,2319.65045483,59539.5355014,55413.0955771,CVaR,0.9,0.2,3385.38593201,15630.0302718,3126.00605436,90027.5900839,628.661926641,82566.4217238,7461.16836009,22161.911587,18124.5197241,4004.91731765,1200,10800,9.09494701773e-13,9.09494701773e-13,8471.41491216,8664.0497329,8471.41491216,80.9478307943,422.175353237,57642.0603998,77116.221014,12911.3690699,2293.33971667,17208.0065794,14111.856668,8966.56806374,41,676
2025-07-15,PuLP HiGHS,Optimal,3.8432489,8471.41491216,7786.70369211,1.124955|0.726615|0.384264,4773.407384|7786.703692|10800,4773.40738423,6209.42880068,57262.8992813,2131.97124969,59394.870531,56492.3412775,CVaR,0.9,0.2,2254.20395271,16534.4977362,3306.89954725,89613.7172066,570.411864574,81941.7413281,7671.97587851,22239.2318457,18630.0178931,4362.31056925,1200,10800,9.09494701773e-13,9.09494701773e-13,7786.70369211,8471.41491216,7786.70369211,358.382762122,965.134615682,58228.033897,76741.4022089,12872.3149977,1681.43460742,17292.3151489,14623.0153687,8953.91922122,36,627
2025-07-16,PuLP HiGHS,Optimal,4.19384740002,7786.70369211,8588.3490898,1.124955|0.726615|0.384264,6376.69818|8588.34909|10800,6376.69817959,7430.57122674,59557.6987538,1812.42445451,61370.1232083,56211.1975594,CVaR,0.9,0.2,5979.52277618,11358.227889,2271.6455778,93490.0343887,481.285608379,84219.9075581,9270.12683067,23467.8762963,18287.4989421,4323.66743774,1200,10800,1.13686837722e-12,4.54747350886e-13,8588.3490898,7786.70369211,8588.3490898,157.859134023,656.131214395,60213.8299682,79080.0880383,14409.9463505,2894.8797,18352.7538475,14144.2497586,9258.37163226,36,618
2025-07-17,PuLP HiGHS,Optimal,3.2581295,8588.3490898,8215.11398226,1.124955|0.726615|0.384264,5630.227965|8215.113982|10800,5630.22796453,6862.02405361,59270.707899,1900.95315786,61171.6610569,57046.0522306,CVaR,0.9,0.2,7658.85805944,13682.0761364,2736.41522729,92680.250771,520.217874505,82583.7923804,10096.4583906,22689.1684248,18714.1380208,5204.25141988,1200,10800,9.09494701773e-13,4.54747350886e-13,8215.11398226,8588.3490898,8215.11398226,407.091735268,1553.24080991,60823.9487089,78085.6262526,14594.6245184,2406.70980241,19481.598503,16116.0063842,5805.70155838,31,550
2025-07-18,PuLP HiGHS,Optimal,3.2608631,8215.11398226,7861.62784527,1.124955|0.726615|0.384264,4751.337315|7775.668658|10800,4751.3373154,6192.61918793,27388.2867841,982.595678055,28370.8824622,23555.2474086,CVaR,0.9,0.2,1151.59530044,6884.92067167,1376.98413433,45671.8428038,275.684528184,41851.1219605,3820.72084334,18896.7186746,15701.8429185,11939.1278034,1200,10800,1.81898940355e-12,1.13686837722e-12,7775.6686577,8215.11398226,7861.62784527,213.699014193,909.964923675,28298.2517078,41313.3496036,4358.49320019,7347.03139837,16967.9296986,14062.1605792,3568.47131533,31,472
2025-07-19,PuLP HiGHS,Optimal,3.06065560001,7861.62784527,7800.2017047,1.124955|0.726615|0.384264,4775.656904|7787.828452|10800,4775.65690445,6211.14214213,28448.7007577,1347.47721561,29796.1779734,25965.4958496,CVaR,0.9,0.2,1361.10993117,11902.3000917,2380.46001834,47249.9245226,367.422314313,42463.9267095,4785.99781308,17986.476058,14635.4650607,11607.8663039,1200,10800,4.54747350886e-13,1.81898940355e-12,7787.82845222,7861.62784527,7800.2017047,86.3883111967,250.272324366,28698.9730821,42511.6844739,4738.24004871,12299.1437828,16691.5446253,13575.434673,2354.96182055,23,386
2025-07-20,PuLP HiGHS,Optimal,3.40418520002,7800.2017047,7571.54628425,1.124955|0.726615|0.384264,4343.092569|7571.546284|10800,4343.09256851,5881.68059707,53253.5946264,2043.22693999,55296.8215664,51744.6076318,CVaR,0.9,0.2,3210.75020484,11647.3333125,2329.46666251,83983.8358739,552.653110562,78599.5350078,5384.30086615,21764.8369798,17835.307832,4078.70766355,1200,10800,1.13686837722e-12,9.09494701773e-13,7571.54628425,7800.2017047,7571.54628425,776.762784344,2322.46532058,55576.059947,76413.5257733,7570.31010064,1739.02383958,18774.0862095,15412.7997081,5413.25889421,36,782
2025-07-21,PuLP HiGHS,Optimal,3.5190951,7571.54628425,8274.5671516,1.124955|0.726615|0.384264,5749.134303|8274.567152|10800,5749.1343032,6952.5887692,59710.433074,1877.94021171,61588.3732857,56748.034862,CVaR,0.9,0.2,7294.40367625,10561.2517272,2112.25034544,93671.2955565,485.85287702,83501.1460194,10170.1495371,23463.0499962,18372.3517163,4122.5308869,1200,10800,3.63797880709e-12,4.54747350886e-13,8274.5671516,7571.54628425,8274.5671516,262.971750651,1021.06315698,60731.496231,79882.0373283,13789.2582282,1637.19500699,20449.189165,15931.124443,5455.08810455,32,545
2025-07-22,PuLP HiGHS,Optimal,3.30067900001,8274.5671516,7712.57010562,1.124955|0.726615|0.384264,4625.140211|7712.570106|10800,4625.14021125,6096.50147905,56730.8198144,1919.70373467,58650.5235491,55572.6017334,CVaR,0.9,0.2,3549.56617725,15092.898317,3018.5796634,88999.0696265,509.763699451,80592.7557719,8406.31385467,22049.4490117,18365.8510409,4281.18217237,1200,10800,1.13686837722e-12,9.09494701773e-13,7712.57010562,8274.5671516,7712.57010562,375.533870092,1360.18868614,58091.0085005,77279.1481954,11719.9214311,735.504124609,19104.3719242,15980.3386,5330.58952833,38,573
2025-07-23,PuLP HiGHS,Optimal,4.09091139998,7712.57010562,7837.44203439,1.124955|0.726615|0.384264,4874.884069|7837.442034|10800,4874.88406878,6286.71826378,57266.4231502,1710.41113998,58976.8342902,55156.5238063,CVaR,0.9,0.2,3302.92150793,12332.0388993,2466.40777987,90033.5133844,454.570457934,82295.3870441,7738.12634037,22658.8602586,18241.2920736,4393.24271451,1200,10800,9.09494701773e-13,4.54747350886e-13,7837.44203439,7712.57010562,7837.44203439,365.317654549,1208.11196501,58474.5351153,80153.2697911,9880.24359337,2387.66076667,20010.4990863,16096.119524,4793.53372184,34,603
2025-07-24,PuLP HiGHS,Optimal,2.89764099999,7837.44203439,8411.66488954,1.124955|0.726615|0.384264,6023.329779|8411.66489|10800,6023.32977908,7161.42906791,57440.8606593,2085.06758169,59525.928241,55335.0354987,CVaR,0.9,0.2,6790.72003394,14852.6816282,2970.53632565,90465.2689434,564.349752913,82705.3633129,7759.90563044,23482.4321721,18503.9694897,4312.66075155,1200,10800,9.09494701773e-13,2.27373675443e-13,8411.66488954,7837.44203439,8411.66488954,373.140281242,1388.0120592,58828.8727185,79003.2529685,11462.0159749,1599.87871475,19174.9577123,15014.9151773,7796.52877216,34,641
2025-07-25,PuLP HiGHS,Optimal,3.46326240001,8411.66488954,8811.76713579,1.124955|0.726615|0.384264,6684.667201|8742.333601|10800,6684.66720127,7665.13506218,31042.2863233,1009.86111602,32052.1474393,25709.2065544,CVaR,0.9,0.2,4786.05361939,6610.97088651,1322.1941773,51174.5497063,303.22385522,43449.4788289,7725.07087737,19047.037334,15130.4984006,10706.5794379,1200,10800,3.41060513165e-13,1.81898940355e-12,8742.33360064,8411.66488954,8811.76713579,5.17865214844,22.2682042383,31064.5545275,42018.0388296,9156.51087665,11770.2747728,17829.1111612,14081.4880189,2266.93655448,25,401
2025-07-26,PuLP HiGHS,Optimal,3.25879319999,8811.76713579,8340.82773004,1.124955|0.726615|0.384264,5632.307268|8216.153634|10800,5632.30726752,6863.60774954,29504.1699911,1120.25420599,30624.4241971,25797.4029009,CVaR,0.9,0.2,864.947369916,10182.9322669,2036.58645337,48632.3265983,297.602738204,42702.2705028,5930.05609554,19003.0756014,15928.5433889,11144.6328489,1200,10800,3.80850906367e-12,1.81898940355e-12,8216.15363376,8811.76713579,8340.82773004,130.076926953,394.767256278,29898.9372474,41246.9376378,7385.38896054,9998.79905693,17541.9442438,14632.8203027,2756.85444381,25,330
2025-07-27,PuLP HiGHS,Optimal,4.15626829999,8340.82773004,7711.56658157,1.124955|0.726615|0.384264,4623.133163|7711.566582|10800,4623.13316313,6094.97281587,56363.0067933,2187.24367681,58550.2504701,55961.5456371,CVaR,0.9,0.2,2571.71131559,17531.3399147,3506.26798294,88632.3038931,563.895617493,80495.5173234,8136.78656965,22501.1886219,18792.2978174,4519.38069197,1200,10800,4.54747350886e-13,2.27373675443e-13,7711.56658157,8340.82773004,7711.56658157,1000.04742067,4067.18350353,60430.1902968,77332.738085,11299.565808,1351.64949395,20327.7960283,17031.8498166,3933.84059441,23,607
2025-07-28,PuLP HiGHS,Optimal,3.26586009999,7711.56658157,7754.28172547,1.124955|0.726615|0.384264,4708.563451|7754.281725|10800,4708.56345095,6160.04058101,54597.2354623,1971.91234069,56569.147803,52651.8629136,CVaR,0.9,0.2,3721.61523811,11213.7784583,2242.75569166,86395.7361516,535.033656868,79991.4557803,6404.28037126,22543.3066486,18221.6347559,3601.03528687,1200,10800,9.09494701773e-13,2.27373675443e-13,7754.28172547,7711.56658157,7754.28172547,1686.36903683,6151.51266117,60748.7481235,80639.4426772,5756.29347436,265.141002995,21407.1044644,17301.3109866,2056.52595348,21,729
2025-07-29,PuLP HiGHS,Optimal,4.5260639,7754.28172547,8165.74206976,1.124955|0.726615|0.384264,5531.48414|8165.74207|10800,5531.48413953,6786.81606616,58538.1252557,2193.556121,60731.6813767,56891.6114685,CVaR,0.9,0.2,7087.53330628,14733.7307896,2946.74615791,92047.1839329,576.500191181,83413.3636269,8633.820306,23407.7732837,18589.98205,4147.9883591,1200,10800,4.54747350886e-13,9.09494701773e-13,8165.74206976,7754.28172547,8165.74206976,941.026120833,2961.22210422,61499.34736,79921.5855413,12125.5983916,608.09035,20078.7423802,15893.4670181,6025.54593541,31,589
2025-07-30,PuLP HiGHS,Optimal,3.04420420001,8165.74206976,9260.78219995,1.124955|0.726615|0.384264,7721.5644|9260.7822|10800,7721.56439991,8454.88522128,60147.9906177,2461.70468951,62609.6953073,56078.677581,CVaR,0.9,0.2,9446.28189514,9619.33747531,1923.86749506,94857.5619357,648.231221889,84949.3825433,9908.17939234,24078.1464641,18517.7625187,3343.1283076,1200,10800,2.72848410532e-12,2.27373675443e-13,9260.78219995,8165.74206976,9260.78219995,174.03075332,726.761284274,60874.751902,80877.707446,13979.8544896,1941.39453333,21166.0710466,16158.9814306,5270.8565056,32,681
2025-07-31,PuLP HiGHS,Optimal,4.62359960002,9260.78219995,7759.20547291,1.124955|0.726615|0.384264,4718.410946|7759.205473|10800,4718.41094581,6167.54090085,54980.2058043,2237.63476593,57217.8405703,53778.3570856,CVaR,0.9,0.2,4821.33296191,13640.2870808,2728.05741616,86665.1148512,609.548696701,79871.6842739,6793.4305773,20664.9147477,18090,3495.34197367,1200,10800,3.41060513165e-13,9.09494701773e-13,7759.20547291,9260.78219995,7759.20547291,415.696046388,1686.49506998,56666.7008743,77493.8604858,9171.25436545,1052.71336667,18490.8734378,16329.0265389,3935.01477103,31,753
2025-08-01,PuLP HiGHS,Optimal,3.2791752,7759.20547291,8832.38718717,1.124955|0.726615|0.384264,6630.919696|8715.459848|10800,6630.91969581,7624.19840902,30289.8659879,928.039614019,31217.9056019,24837.7469903,CVaR,0.9,0.2,4415.96837497,6220.19898679,1244.03979736,50605.8446154,236.437259106,43532.4524727,7073.39214267,19017.1776088,14543.2849256,10038.8906819,1200,10800,2.27373675443e-13,1.81898940355e-12,8715.45984791,7759.20547291,8832.38718717,0,0,30289.8659879,42394.7870016,8211.0576138,16904.8025445,17225.0591976,12986.4344072,3348.96892957,24,331
2025-08-02,PuLP HiGHS,Optimal,3.04423100001,8832.38718717,7742.90752381,1.124955|0.726615|0.384264,4665.939758|7732.969879|10800,4665.93975828,6127.57635205,26825.1482434,1415.66989679,28240.8181402,24351.9207094,CVaR,0.9,0.2,1421.47648257,11193.3946061,2238.67892123,44712.0150038,373.681289606,40656.8311587,4055.18384512,17925.5220879,15509.1484685,10102.0347942,1200,10800,2.27373675443e-13,1.81898940355e-12,7732.96987914,8832.38718717,7742.90752381,51.9667902995,118.127427144,26943.2756706,39471.6023272,5240.41267661,16416.8909652,16632.5521894,14452.8989704,2349.21939663,25,506
2025-08-03,PuLP HiGHS,Optimal,4.35576869998,7742.90752381,8325.44739803,1.124955|0.726615|0.384264,5850.894796|8325.447398|10800,5850.89479606,7030.09439418,57669.8278793,2360.92284598,60030.7507253,55989.2128532,CVaR,0.9,0.2,9226.73925643,14942.7826103,2988.55652205,90871.6974227,638.674307076,81868.3101278,9003.38729489,23329.4127852,18372.5384692,4162.71787618,1200,10800,4.54747350886e-13,9.09494701773e-13,8325.44739803,7742.90752381,8325.44739803,19.0541072917,80.4273868781,57750.2552662,74127.7208069,16743.9766158,7456.05691927,17510.274341,13659.0363294,10532.6405841,41,624
2025-08-04,PuLP HiGHS,Optimal,3.36837760001,8325.44739803,8336.61177399,1.124955|0.726615|0.384264,5873.223548|8336.611774|10800,5873.22354797,7047.10103225,55687.6516594,2042.32994489,57729.9816043,52857.1222621,CVaR,0.9,0.2,8827.8960658,10871.2084501,2174.24169003,87906.6536221,570.375958746,79615.2968735,8291.35674861,22104.078414,17894.255577,4166.07646465,1200,10800,1.13686837722e-12,2.27373675443e-13,8336.61177399,8325.44739803,8336.61177399,112.106967946,415.415025766,56103.0666852,73951.0242026,13955.6294195,5355.24743333,17274.6353449,13982.406691,8741.29195514,43,617
2025-08-05,PuLP HiGHS,Optimal,2.93845829999,8336.61177399,8766.83845873,1.124955|0.726615|0.384264,6733.676917|8766.838459|10800,6733.67691746,7702.46318999,56791.7250632,2158.72466654,58950.4497298,53804.9367526,CVaR,0.9,0.2,7648.6413544,12784.751064,2556.9502128,89419.1120606,588.926695087,79596.2431378,9822.86892276,23035.3455797,18271.4259033,4722.98351562,1200,10800,9.09494701773e-13,4.54747350886e-13,8766.83845873,8336.61177399,8766.83845873,15.218141276,69.2349337354,56860.959997,73895.0814999,15524.0305606,4785.38929818,18870.5083865,14897.9077768,7538.35531972,36,603
2025-08-06,PuLP HiGHS,Optimal,2.97681959998,8766.83845873,10594.9066409,1.124955|0.726615|0.384264,10389.81328|10594.90664|10800,10389.8132819,10487.1503116,57064.8466409,2234.00784366,59298.8544846,50985.9712978,CVaR,0.9,0.2,7383.48083238,10871.335624,2174.2671248,90679.1842787,605.794189559,80882.3333862,9796.85089248,24674.3074525,18340.9276725,4919.92097241,1200,10800,4.54747350886e-13,9.09494701773e-13,10594.9066409,8766.83845873,10594.9066409,179.529461279,646.83875961,57711.6854006,77012.160342,13667.0239367,3452.77302031,20943.4534334,15318.9359171,6752.84577446,37,680
2025-08-07,PuLP HiGHS,Optimal,8.29954180002,10594.9066409,7749.84714169,1.124955|0.726615|0.384264,4699.694283|7749.847142|10800,4699.69428338,6153.2854017,50108.3977417,2036.70343292,52145.1011746,48671.2403364,CVaR,0.9,0.2,4162.04517421,13397.1228176,2679.42456351,78057.3723096,563.124907773,71743.451358,6313.92095154,18093.4101106,17216.2157389,5485.80359069,1200,10800,9.09494701773e-13,1.81898940355e-12,7749.84714169,10594.9066409,7749.84714169,343.726931608,1118.37031949,51226.7680612,69013.8290729,9043.54323667,5552.81912758,15670.0272434,15253.2756164,4386.32298977,31,625
2025-08-08,PuLP HiGHS,Optimal,3.34872169999,7749.84714169,8058.25278521,1.124955|0.726615|0.384264,5263.194198|8031.597099|10800,5263.19419832,6582.47370317,29192.4070349,1107.09372997,30299.5007649,25409.7875432,CVaR,0.9,0.2,6163.4552029,8463.80240731,1692.76048146,48145.0047656,303.933803894,41683.1362366,6461.86852901,19737.4141352,15733.7304878,17130.5066188,1200,10800,8.73967564985e-13,1.81898940355e-12,8031.59709916,7749.84714169,8058.25278521,86.678136849,327.142931603,29519.5499665,39636.9131842,8508.09158148,20273.0759528,17883.0475741,14207.7034558,3380.39359317,24,373
2025-08-09,PuLP HiGHS,Optimal,3.21367970001,8058.25278521,8249.0249811,1.124955|0.726615|0.384264,5518.634648|8159.317324|10800,5518.63464793,6777.02928301,28326.8585462,936.540034815,29263.398581,24186.3366875,CVaR,0.9,0.2,5889.26301483,8499.83694756,1699.96738951,46724.6030479,263.275460211,40610.1219275,6114.48112042,22186.2353565,17879.8925539,17017.2546997,1200,10800,4.54747350886e-13,9.09494701773e-13,8159.31732396,8058.25278521,8249.0249811,76.2675313151,308.924854933,28635.7834011,40082.7570807,6641.84596721,17674.8000741,17845.2661136,14282.9705758,7937.891221,29,344
2025-08-10,PuLP HiGHS,Optimal,2.85594740001,8249.0249811,8318.79755281,1.124955|0.726615|0.384264,5837.595106|8318.797553|10800,5837.59510562,7019.96471821,53208.3441203,1692.46363293,54900.8077532,50357.4242782,CVaR,0.9,0.2,2938.69114827,12382.9062157,2476.58124313,83294.4902328,461.523827577,75319.7190685,7974.77116423,21374.2940091,17250.3828328,5726.8499839,1200,10800,5.68434188608e-13,2.27373675443e-13,8318.79755281,8249.0249811,8318.79755281,52.224299349,160.737545059,53369.0816654,72382.790518,10911.6997148,3620.67557679,18141.7098739,14631.9896833,5850.97728471,37,544
2025-08-11,PuLP HiGHS,Optimal,3.31344260002,8318.79755281,7727.0476551,1.124955|0.726615|0.384264,4654.09531|7727.047655|10800,4654.09531021,6118.55505778,49635.199794,1888.71745806,51523.9172521,47431.3190525,CVaR,0.9,0.2,2848.39837732,10129.7842911,2025.95685822,78274.3290048,529.94364757,72672.0693085,5602.2596963,19764.4645761,16541.7912146,4553.61855974,1200,10800,1.13686837722e-12,9.09494701773e-13,7727.0476551,8318.79755281,7727.0476551,595.936730079,2490.54122116,52125.7410152,71484.2662952,6790.06270967,4558.94743542,18381.985076,15421.9828195,2502.28789526,29,694
2025-08-12,PuLP HiGHS,Optimal,3.85910180002,7727.0476551,7849.2823521,1.124955|0.726615|0.384264,4898.564704|7849.282352|10800,4898.56470421,6304.75456055,50251.7717209,1946.02819129,52197.7999122,48394.6181461,CVaR,0.9,0.2,4585.64665759,12507.8639723,2501.57279446,79825.6485271,537.02392929,73272.3606128,6553.28791427,21177.8307338,17044.0316671,5841.2119927,1200,10800,2.84217094304e-13,1.81898940355e-12,7849.2823521,7727.0476551,7849.2823521,705.225428156,2655.11190633,52906.8836272,73550.6470202,6275.0015069,2894.73523555,18371.4859762,14770.8924134,5079.48401127,39,647
2025-08-13,PuLP HiGHS,Optimal,3.3252965,7849.2823521,7715.15905007,1.124955|0.726615|0.384264,4630.3181|7715.15905|10800,4630.31810015,6100.44520518,49641.3154206,1830.72305683,51472.0384774,47742.8372919,CVaR,0.9,0.2,2828.19451738,11856.2200982,2371.24401965,78907.5840047,499.960726821,73252.5721835,5655.0118212,20748.5014772,16926.9971684,5272.76552693,1200,10800,9.09494701773e-13,2.27373675443e-13,7715.15905007,7849.2823521,7715.15905007,533.943740793,1733.90883487,51375.2242555,71809.1407093,7098.44329542,2881.79218307,18215.9146783,14875.6018612,4583.98210604,35,698
2025-08-14,PuLP HiGHS,Optimal,4.24988849999,7715.15905007,8414.25105138,1.124955|0.726615|0.384264,6028.502103|8414.251051|10800,6028.50210277,7165.36855532,52291.9801332,1811.97628193,54103.9564151,49342.4280982,CVaR,0.9,0.2,3777.49030888,12019.201192,2403.8402384,82816.795743,494.585648157,74957.021132,7859.77461101,22026.4400289,17212.2336222,5370.06156982,1200,10800,9.09494701773e-13,1.81898940355e-12,8414.25105138,7715.15905007,8414.25105138,506.169859331,2343.25705626,54635.2371894,73671.1755622,9145.62018083,3701.62422914,20632.881094,16083.450885,2522.34167218,28,564
2025-08-15,PuLP HiGHS,Optimal,3.30573230001,8414.25105138,7931.8738459,1.124955|0.726615|0.384264,4816.077986|7808.038993|10800,4816.07798592,6241.92875778,27295.7764841,984.150155218,28279.9266394,23774.0496889,CVaR,0.9,0.2,1498.07327099,8680.25903669,1736.05180734,45214.7392088,265.450180017,39423.9577564,5790.78145234,20617.6860358,17245.9165415,16986.6911345,1200,10800,4.54747350886e-13,4.54747350886e-13,7808.03899296,8414.25105138,7931.8738459,56.7802363857,155.142750624,27450.9192348,39430.4589193,5784.28028944,19406.4246909,17659.0898235,14738.002242,5466.51051173,24,349
2025-08-16,PuLP HiGHS,Optimal,3.46402010001,7931.8738459,7901.9033395,1.124955|0.726615|0.384264,4943.478282|7871.739141|10800,4943.478282,6338.96287479,25567.5492594,1154.44822464,26721.997484,22082.5092099,CVaR,0.9,0.2,941.198634009,8497.37300352,1699.4746007,43198.5189033,301.832416173,39662.2421544,3536.27674892,20863.4648606,16953.5277715,17692.4643107,1200,10800,2.27373675443e-12,9.09494701773e-13,7871.739141,7931.8738459,7901.9033395,270.714743676,985.56647037,26553.1157297,39632.9039618,3565.61494153,19666.801287,17550.055303,14242.5182512,6024.41907798,29,482
2025-08-17,PuLP HiGHS,Optimal,4.19219769997,7901.9033395,7831.99009915,1.124955|0.726615|0.384264,4863.980198|7831.990099|10800,4863.98019831,6278.41335809,50349.2785265,1908.8085521,52258.0870786,48279.2861781,CVaR,0.9,0.2,3674.84657113,11498.0622878,2299.61245756,79281.9508946,532.086064187,72553.1541595,6728.79673502,20217.1858666,16438.8424683,4765.78641825,1200,10800,9.09494701773e-13,1.81898940355e-12,7831.99009915,7901.9033395,7831.99009915,370.870088316,1481.79166995,51831.0701964,71429.3764339,7852.57446071,5165.78087057,18589.4418486,15120.3698137,2946.21667253,30,617
2025-08-18,PuLP HiGHS,Optimal,4.65472779999,7831.99009915,7745.88858058,1.124955|0.726615|0.384264,4691.777161|7745.888581|10800,4691.77716116,6147.25534536,51647.5904461,1900.25640989,53547.846856,50235.0667468,CVaR,0.9,0.2,4161.54435144,14172.3761809,2834.47523617,81756.0466795,535.116192098,73995.5273295,7760.51935,21243.7820709,17284.9548442,5548.98021083,1200,10800,9.09494701773e-13,9.09494701773e-13,7745.88858058,7831.99009915,7745.88858058,235.803897544,1034.25577986,52681.846226,71758.6314138,9997.41526565,4027.5975692,19211.6499589,15638.9278334,3678.1591227,34,575
2025-08-19,PuLP HiGHS,Optimal,4.4293472,7745.88858058,7987.61138193,1.124955|0.726615|0.384264,5175.222764|7987.611382|10800,5175.22276387,6515.47048004,52292.6241932,1942.46117973,54235.0853729,50754.5076051,CVaR,0.9,0.2,7904.56848014,15174.4635613,3034.89271226,82341.8352393,529.684314567,74535.1741982,7806.66104105,21824.6722261,17460.4339819,5835.30435559,1200,10800,9.09494701773e-13,1.81898940355e-12,7987.61138193,7745.88858058,7987.61138193,132.523299423,453.114935828,52745.739129,73030.2310105,9311.60422878,5097.2851856,18580.3081743,14832.4991,5872.2989337,38,553
2025-08-20,PuLP HiGHS,Optimal,3.45478289999,7987.61138193,7870.77933487,1.124955|0.726615|0.384264,4941.55867|7870.779335|10800,4941.55866975,6337.50080692,51213.5526593,1964.84613881,53178.3987981,49669.9700914,CVaR,0.9,0.2,7665.89184806,14145.360501,2829.0721002,80687.7228733,542.538483035,73021.1395901,7666.58328319,20676.3958992,16853.0295207,5089.42034485,1200,10800,9.09494701773e-13,1.81898940355e-12,7870.77933487,7987.61138193,7870.77933487,2126.52405404,9172.44765471,60386.000314,73825.4100606,6862.31281272,1556.77430434,20261.1451892,16516.6764456,751.603784949,12,534
2025-08-21,PuLP HiGHS,Optimal,3.31250130001,7870.77933487,7868.69265664,1.124955|0.726615|0.384264,4937.385313|7868.692657|10800,4937.38531328,6334.32218039,51444.6563641,1966.04831212,53410.7046762,50014.5004074,CVaR,0.9,0.2,2711.09890831,14690.5895583,2938.11791165,80882.5634474,519.954599347,74135.088857,6747.47459035,21755.6845339,17623.9824829,5455.36085644,1200,10800,4.54747350886e-13,2.27373675443e-13,7868.69265664,7870.77933487,7868.69265664,267.075425215,838.583156892,52283.2395209,72280.293005,8602.2704424,3233.64072042,18269.4065098,14800.0972833,6310.16322375,37,626
2025-08-22,PuLP HiGHS,Optimal,2.83478589999,7868.69265664,7734.6190214,1.124955|0.726615|0.384264,4629.942563|7714.971282|10800,4629.94256335,6100.15917852,26034.1683134,1057.93887938,27092.1071927,22636.5229208,CVaR,0.9,0.2,1127.54051025,8222.87453281,1644.57490656,43722.2182312,294.268280731,39786.1239228,3936.09430839,19761.0603081,16144.808087,17607.0004399,1200,10800,1.81898940355e-12,1.81898940355e-12,7714.97128167,7868.69265664,7734.6190214,458.962892605,1709.10413465,27743.272448,40476.5070796,3245.71115154,16567.0517177,17150.079612,14012.2307574,4743.55802572,19,459
2025-08-23,PuLP HiGHS,Optimal,2.88347950001,7734.6190214,7759.22034775,1.124955|0.726615|0.384264,4691.258059|7745.62903|10800,4691.25805936,6146.85997276,26154.1055392,985.227461068,27139.3330003,22262.2191056,CVaR,0.9,0.2,1507.22224646,6348.73039033,1269.74607807,43968.5650581,277.658721207,40100.0877327,3868.47732544,20114.6638159,16282.9686834,17764.9613676,1200,10800,2.27373675443e-11,3.63797880709e-12,7745.62902968,7734.6190214,7759.22034775,212.143881895,761.830560659,26915.9360998,40412.567498,3555.99756008,14846.9819213,16976.747973,13729.0246644,5691.8598618,22,463
2025-08-24,PuLP HiGHS,Optimal,4.11397020001,7759.22034775,7787.694392,1.124955|0.726615|0.384264,4775.388784|7787.694392|10800,4775.388784,6210.93792886,51089.1174116,2157.60150639,53246.718918,50144.0205676,CVaR,0.9,0.2,2455.26476483,15541.1978923,3108.23957846,80595.5718952,588.040059318,74271.2758418,6324.29605336,21634.485431,17498.3065592,4717.16879881,1200,10800,9.09494701773e-13,2.27373675443e-13,7787.694392,7759.22034775,7787.694392,311.958905601,1315.7350239,52404.8524355,72300.4007318,8295.17116344,5093.83019128,19785.8595944,16000.9196316,3346.01276415,32,676
2025-08-25,PuLP HiGHS,Optimal,4.49968820001,7787.694392,8428.13114279,1.124955|0.726615|0.384264,6056.262286|8428.131143|10800,6056.26228559,7186.51202916,53822.408659,1825.4350063,55647.8436653,51095.6146765,CVaR,0.9,0.2,8484.22358462,13171.4152017,2634.28304033,84788.6158929,485.931133865,76534.3346334,8254.2812595,23162.466618,18185.2048848,4811.15372637,1200,10800,4.54747350886e-13,9.09494701773e-13,8428.13114279,7787.694392,8428.13114279,671.516688704,2605.86940611,56428.2780651,76076.4901336,8712.12575935,1484.70626612,20599.0550724,16108.8415329,4639.77489747,30,569
2025-08-26,PuLP HiGHS,Optimal,4.15811400002,8428.13114279,8088.20817139,1.124955|0.726615|0.384264,5376.416343|8088.208171|10800,5376.41634279,6668.70906644,50500.5715963,1946.67227126,52447.2438676,47832.0166994,CVaR,0.9,0.2,4898.24223549,10267.4094913,2053.48189826,79807.6121928,545.371560957,74318.9142985,5488.69789436,21376.7978746,17621.1369527,4860.29120717,1200,10800,3.41060513165e-13,9.09494701773e-13,8088.20817139,8428.13114279,8088.20817139,453.330066102,1959.55136528,52460.1229616,71588.3020454,8219.31014747,3124.75818129,19442.0327427,16053.9771959,3501.92488873,35,770
2025-08-27,PuLP HiGHS,Optimal,3.84389240001,8088.20817139,8248.3583733,1.124955|0.726615|0.384264,5696.716747|8248.358373|10800,5696.71674661,6912.66506826,54629.0080979,1814.493568,56443.5016659,52279.9139277,CVaR,0.9,0.2,4465.66386961,13745.3866503,2749.07733005,85573.3153879,505.99738604,76840.7881079,8732.52727998,23065.5937403,18538.9957479,5614.50743714,1200,10800,1.13686837722e-12,2.27373675443e-13,8248.3583733,8088.20817139,8248.3583733,120.031608772,502.100566863,55131.1086648,75138.161651,10435.1537369,3205.67476698,21022.2865493,16883.9169232,3698.38601556,33,570
2025-08-28,PuLP HiGHS,Optimal,3.27422310002,8248.3583733,8102.24209929,1.124955|0.726615|0.384264,5404.484199|8102.242099|10800,5404.48419859,6690.08687864,52931.0506416,1946.49921796,54877.5498596,51072.9631625,CVaR,0.9,0.2,4199.91024203,14427.5009076,2885.50018153,83335.547458,535.444080746,75977.9068134,7357.64064461,22670.7110146,18494.7805684,5519.668241,1200,10800,4.54747350886e-13,4.54747350886e-13,8102.24209929,8248.3583733,8102.24209929,1581.28320784,5886.36366539,58817.414307,74663.74354,8671.80391795,1768.65571667,20210.9510235,16502.3749757,4452.16558385,34,653
2025-08-29,PuLP HiGHS,Optimal,3.41455650001,8102.24209929,8354.41956702,1.124955|0.726615|0.384264,5838.060204|8319.030102|10800,5838.06020391,7020.31895916,29804.1120164,1130.04788875,30934.1599051,25844.9567892,CVaR,0.9,0.2,6572.04241599,9655.57921604,1931.11584321,49012.9267526,303.390981494,42571.4246025,6441.50215002,19872.0363356,15901.2402295,14911.2189361,1200,10800,2.27373675443e-12,4.09272615798e-12,8319.03010196,8102.24209929,8354.41956702,178.012459505,703.352203752,30507.4642201,40730.0544061,8282.87234645,14648.3402236,18302.8766896,14598.3703977,2872.02947775,20,359
2025-08-30,PuLP HiGHS,Optimal,3.1196456,8354.41956702,8341.41680199,1.124955|0.726615|0.384264,5857.111781|8328.555891|10800,5857.11178106,7034.82954526,27766.2288377,1111.24298596,28877.4718236,23464.1536148,CVaR,0.9,0.2,1957.65010149,8107.55668199,1621.5113364,45997.9496647,302.765309054,41374.6447474,4623.30491733,19414.8609423,15749.3146721,15334.6647082,1200,10800,9.09494701773e-13,4.54747350886e-13,8328.55589053,8354.41956702,8341.41680199,47.3487860677,100.896658568,27867.1254963,41460.5439223,4537.40574244,19750.3193233,17139.7686328,13894.9150811,4129.49190038,28,460
2025-08-31,PuLP HiGHS,Optimal,3.5574046,8341.41680199,7847.08168171,1.124955|0.726615|0.384264,4894.163363|7847.081682|10800,4894.16336343,6301.40229035,54716.642709,1639.18507169,56355.8277807,52310.478413,CVaR,0.9,0.2,4350.40711123,11280.2646132,2256.05292264,85367.073711,419.178324152,75643.3102587,9723.76345235,21962.4701644,18234.5024414,4627.55671647,1200,10800,9.09494701773e-13,4.54747350886e-13,7847.08168171,8341.41680199,7847.08168171,219.708156489,979.421668157,55696.0643771,73232.7806581,12134.293053,3700.04055248,18688.0357209,15582.2105422,5926.7263427,31,496
2025-09-01,PuLP HiGHS,Optimal,5.50577400002,7847.08168171,7999.73983219,1.124955|0.726615|0.384264,4613.683924|7706.841962|10800,4613.68392364,6087.77582623,52929.3428219,1806.84951163,54736.1923335,51169.8856916,CVaR,0.9,0.2,4115.40083342,12607.3459215,2521.46918429,83380.8788831,464.241123667,75356.3883733,8024.49050985,21803.6187851,17787.1469638,4171.53964115,1200,10800,9.09494701773e-13,9.09494701773e-13,7706.84196182,7847.08168171,7999.73983219,0,0,52929.3428219,62812.9947779,20567.8841052,5718.45746964,17805.3181027,14284.9153278,7500.53231843,45,575
2025-09-02,PuLP HiGHS,Optimal,6.4376953,7999.73983219,8345.85360727,1.124955|0.726615|0.384264,5589.318638|8194.659319|10800,5589.31863816,6830.86556746,53737.5100647,1742.337833,55479.8478977,50590.5970921,CVaR,0.9,0.2,7718.96972092,9708.07380934,1941.61476187,84891.064885,460.983407733,75876.2665518,9014.79833322,22408.2562572,17975.2600301,4876.77494756,1200,10800,9.09494701773e-13,9.09494701773e-13,8194.65931908,7999.73983219,8345.85360727,58.8345947917,242.952807425,53980.4628721,62620.0952264,22270.9696586,4535.53049918,19863.9003918,15778.2569198,4741.35897568,42,553
2025-09-03,PuLP HiGHS,Optimal,6.1408233,8345.85360727,7951.55917529,1.124955|0.726615|0.384264,4885.833072|7842.916536|10800,4885.83307194,6295.05754466,51478.5283071,1866.14132853,53344.6696356,49152.7789796,CVaR,0.9,0.2,3788.27871671,10515.8344433,2103.16688866,80854.9142329,514.514660109,73915.9080201,6939.00621276,21598.8811066,17947.7370605,4561.54380487,1200,10800,9.09494701773e-13,1.81898940355e-12,7842.91653597,8345.85360727,7951.55917529,0,0,51478.5283071,63788.8559429,17066.05829,5305.76545556,17317.0432953,14381.6700579,7847.90481398,45,690
2025-09-04,PuLP HiGHS,Optimal,3.88350339999,7951.55917529,8141.95275648,1.124955|0.726615|0.384264,5280.576409|8040.288205|10800,5280.57640907,6595.71282053,52730.2675593,1735.33461292,54465.6021722,50087.0661767,CVaR,0.9,0.2,2774.9800672,11085.8841247,2217.17682494,82936.8306826,472.7493157,75778.2385263,7158.59215635,22524.9508785,18165.3540853,4466.50330211,1200,10800,9.09494701773e-13,9.09494701773e-13,8040.28820454,7951.55917529,8141.95275648,0,0,52730.2675593,64364.1215304,18572.7091523,6632.94779154,19127.6524514,15322.0442625,6240.60824993,44,654
2025-09-05,PuLP HiGHS,Optimal,2.7873617,8141.95275648,8730.43820497,1.124955|0.726615|0.384264,6028.47471|8414.237355|10800,6028.47471015,7165.3476918,28143.2218291,1041.32567757,29184.5475067,23804.6602204,CVaR,0.9,0.2,1216.78657302,8927.30202782,1785.46040556,46361.9107496,290.640833787,40950.7401187,5411.17063091,20028.882231,15978.3384684,16608.2949986,1200,10800,2.72848410532e-12,9.09494701773e-13,8414.23735507,8141.95275648,8730.43820497,0,0,28143.2218291,32510.335393,13851.5753566,21862.614358,17335.9077088,13512.4483404,5158.86465018,27,378
2025-09-06,PuLP HiGHS,Optimal,2.90507149999,8730.43820497,8046.3313453,1.124955|0.726615|0.384264,4625.140424|7712.570212|10800,4625.14042439,6096.50164138,26444.5278563,1269.17309246,27713.7009488,23362.5362727,CVaR,0.9,0.2,1370.82328126,8726.68482646,1745.33696529,43675.7240727,344.461718707,39654.9860555,4020.73801721,18938.4476289,16256.2237729,17358.9540548,1200,10800,7.27595761418e-12,9.09494701773e-13,7712.57021219,8730.43820497,8046.3313453,129.884098405,640.247025532,27084.7748818,30747.3198103,12928.4042624,20428.4057824,17596.8978948,14869.1834685,2728.59003844,20,512
2025-09-07,PuLP HiGHS,Optimal,7.31227649999,8046.3313453,7837.41048807,1.124955|0.726615|0.384264,4512.713991|7656.356996|10800,4512.71399148,6010.87232982,50890.7967964,1835.26060309,52726.0573995,49317.1069682,CVaR,0.9,0.2,3038.20112194,13009.609493,2601.9218986,79473.628765,504.631026332,72708.5846385,6765.04412645,21695.6455232,17924.4497884,4845.82538588,1200,10800,4.54747350886e-13,9.09494701773e-13,7656.35699574,8046.3313453,7837.41048807,32.7555862956,130.548940795,51021.3457372,62007.9312152,17465.6975498,3629.14324822,19150.4668849,15699.9069483,4769.72147845,41,600
2025-09-08,PuLP HiGHS,Optimal,3.68828810001,7837.41048807,7531.85955417,1.124955|0.726615|0.384264,4263.719108|7531.859554|10800,4263.71910833,5821.22599956,40445.5369043,1677.74293315,42123.2798375,37842.7588238,CVaR,0.9,0.2,2693.01943626,7703.52492935,1540.70498587,65524.3463871,460.057849418,60337.4148684,5186.93151874,20428.7784097,16822.3063524,5503.83889173,1200,10800,9.09494701773e-13,9.09494701773e-13,7531.85955417,7837.41048807,7531.85955417,2032.8671483,8258.73313411,48704.2700384,62453.4761832,3070.87020386,1797.06584394,18782.6515514,15488.9435972,2979.48961346,30,791
2025-09-09,PuLP HiGHS,Optimal,4.44890349999,7531.85955417,7825.93809571,1.124955|0.726615|0.384264,4851.876191|7825.938096|10800,4851.87619142,6269.1943715,45136.0721611,1556.30998325,46692.3821443,42585.898115,CVaR,0.9,0.2,2914.61260742,10813.551711,2162.7103422,72290.3148775,434.819838373,64095.8626536,8194.4522239,22132.9043699,17662.9818522,5249.48125021,1200,10800,9.09494701773e-13,1.81898940355e-12,7825.93809571,7531.85955417,7825.93809571,122.858662891,481.340100851,45617.4122619,63375.4573158,8914.85756175,6422.92927422,19515.1671074,15542.6146696,4738.10444507,36,571
2025-09-10,PuLP HiGHS,Optimal,3.24097419999,7825.93809571,7764.14529435,1.124955|0.726615|0.384264,4728.290589|7764.145294|10800,4728.2905887,6175.06570616,44681.8978704,1927.97997921,46609.8778496,43406.407082,CVaR,0.9,0.2,4826.92211963,14857.9746925,2971.5949385,71357.2481425,533.979753349,63351.1450166,8006.1031259,21610.8985984,17560.4413859,5800.10313953,1200,10800,9.09494701773e-13,1.81898940355e-12,7764.14529435,7825.93809571,7764.14529435,1301.31321291,5542.23727605,50224.1351465,64177.57432,7179.67382244,178.770678884,21261.7459224,17277.6277184,631.966343455,12,543
2025-09-11,PuLP HiGHS,Optimal,4.2799155,7764.14529435,8434.69336873,1.124955|0.726615|0.384264,6049.049635|8424.524817|10800,6049.04963474,7181.01853167,45150.1658098,1960.97677463,47111.1425844,42299.1508801,CVaR,0.9,0.2,7312.14881239,11845.1341368,2369.02682736,72565.000704,524.42556975,64739.4637619,7825.53694203,22478.6203363,17613.3409017,4858.20841302,1200,10800,9.09494701773e-13,1.81898940355e-12,8424.52481737,7764.14529435,8434.69336873,70.7858500326,375.568962935,45525.7347727,63676.7656803,8888.23502369,5717.9594084,20684.2793243,16150.7729858,3256.90892789,34,623
2025-09-12,PuLP HiGHS,Optimal,2.8194568,8434.69336873,7854.25045319,1.124955|0.726615|0.384264,4854.014837|7827.007418|10800,4854.01483694,6270.82326552,22422.5824048,1030.4755166,23453.0579214,19022.2819103,CVaR,0.9,0.2,6286.6971018,9200.23627245,1840.04725449,38195.2889596,277.965703096,31379.6086515,6815.68030802,18818.1150543,15789.5905492,19652.4606046,1200,10800,9.09494701773e-13,1.81898940355e-12,7827.00741847,8434.69336873,7854.25045319,220.786318587,833.615217698,23256.1976225,31511.6752599,6683.61369964,17325.6297029,17776.7068398,14921.5311642,1909.46759942,12,340
2025-09-13,PuLP HiGHS,Optimal,2.62728319998,7854.25045319,8035.30548798,1.124955|0.726615|0.384264,5167.731386|7983.865693|10800,5167.73138612,6509.76469091,20727.0136308,1296.59970651,22023.6133373,17469.3837205,CVaR,0.9,0.2,1022.11702851,9777.67537042,1955.53507408,36227.6941036,350.923128035,32039.7681728,4187.9259308,21355.0089189,17180.9035085,17643.6519024,1200,10800,6.8212102633e-13,9.09494701773e-13,7983.86569306,7854.25045319,8035.30548798,204.841295812,794.90509132,21521.9187221,32413.24388,3814.45022354,21091.1117796,17668.0125349,14148.140622,6719.75927047,31,463
2025-09-14,PuLP HiGHS,Optimal,2.9668158,8035.30548798,7826.57270595,1.124955|0.726615|0.384264,4853.145412|7826.572706|10800,4853.1454119,6270.16107011,44192.2675109,1928.40076054,46120.6682715,42565.9253991,CVaR,0.9,0.2,3035.96107987,13577.0909888,2715.41819776,70609.0997068,530.451041535,62830.4804927,7778.61921412,21519.1440075,17618.3661499,5129.97471982,1200,10800,4.54747350886e-13,9.09494701773e-13,7826.57270595,8035.30548798,7826.57270595,645.894003783,2120.01771061,46312.2852216,65333.32684,5275.77286679,2196.3202588,20375.9754675,16692.3996325,2069.13505743,23,620
2025-09-15,PuLP HiGHS,Optimal,3.55915109999,7826.57270595,7731.26453552,1.124955|0.726615|0.384264,4662.529071|7731.264536|10800,4662.52907103,6124.97861063,44680.1167007,1761.30795615,46441.4246568,42938.5284705,CVaR,0.9,0.2,2449.58756877,13110.4121214,2622.08242428,71654.0655664,471.468252128,64285.1413539,7368.92421246,21842.8653551,17778.498291,5106.22104508,1200,10800,9.09494701773e-13,1.81898940355e-12,7731.26453552,7826.57270595,7731.26453552,198.720543938,898.591934726,45578.7086354,63611.6755564,8042.39001002,5009.73984848,20102.1209047,16368.4952862,3150.74745514,25,602
2025-09-16,PuLP HiGHS,Optimal,3.88339590002,7731.26453552,7703.60192359,1.124955|0.726615|0.384264,4607.203847|7703.601924|10800,4607.20384718,6082.84029219,44634.0228721,1801.42693551,46435.4498076,42960.1650052,CVaR,0.9,0.2,2155.33011213,13037.777449,2607.55548981,71192.795931,498.652995692,64049.5740864,7143.2218446,21906.1141294,17768.8487956,5170.92160624,1200,10800,9.09494701773e-13,1.81898940355e-12,7703.60192359,7731.26453552,7703.60192359,613.061145217,1520.67807532,46154.7009474,66314.7527352,4878.04319576,3622.95319414,20199.9318615,16386.8411586,3088.18990488,30,630
2025-09-17,PuLP HiGHS,Optimal,3.76897029998,7703.60192359,8285.41793812,1.124955|0.726615|0.384264,5770.835876|8285.417938|10800,5770.83587623,6969.11771804,45276.1738445,2044.04559841,47320.2194429,42954.8774188,CVaR,0.9,0.2,3448.32699748,13018.8784697,2603.77569395,72575.8188266,554.545598232,65503.8075982,7072.01122846,22690.2188693,17855.4428711,4263.27906631,1200,10800,4.54747350886e-13,9.09494701773e-13,8285.41793812,7703.60192359,8285.41793812,404.973290643,1404.23723874,46680.4110833,66000.4050698,6575.41375681,1879.34291825,21275.1717323,16709.2546901,2561.23531801,28,656
2025-09-18,PuLP HiGHS,Optimal,3.49652049999,8285.41793812,7658.48865267,1.124955|0.726615|0.384264,4516.977305|7658.488653|10800,4516.97730535,6014.11947217,43962.9516951,2070.46996806,46033.4216632,42819.2787851,CVaR,0.9,0.2,3822.51026324,13999.8829705,2799.9765941,69794.2427592,545.211599643,63259.2714984,6534.97126077,20901.110955,17494.1362305,4752.39595402,1200,10800,1.13686837722e-12,9.09494701773e-13,7658.48865267,8285.41793812,7658.48865267,327.07808906,1550.39923088,45513.350926,64022.6676848,5771.57507434,2294.24587791,19282.5533485,16183.1045692,2929.58926787,30,697
2025-09-19,PuLP HiGHS,Optimal,3.09422920001,7658.48865267,8095.61268648,1.124955|0.726615|0.384264,5389.714305|8094.857153|10800,5389.71430526,6678.83742631,21948.3236565,1113.80949053,23062.1331471,18331.5734905,CVaR,0.9,0.2,684.572411964,9741.38884895,1948.27776979,38142.5665517,310.152666647,33090.0328869,5052.53366483,19875.6260165,15706.5254234,17448.2242783,1200,10800,3.41060513165e-13,9.09494701773e-13,8094.85715263,7658.48865267,8095.61268648,180.227719559,686.258165234,22634.5818218,33263.5111599,4879.05539177,13593.8566619,17658.5172133,13909.9873123,4013.64691427,21,390
2025-09-20,PuLP HiGHS,Optimal,3.30762189999,8095.61268648,7713.51503515,1.124955|0.726615|0.384264,4627.03007|7713.515035|10800,4627.0300703,6097.94088547,20049.6982574,1036.36147612,21086.0597336,15999.2209994,CVaR,0.9,0.2,1546.14629904,5055.51075657,1011.10215131,34946.0697111,285.328032562,31618.0967698,3327.97294131,21187.2841768,17505.5880694,16873.1445889,1200,10800,4.54747350886e-13,1.81898940355e-12,7713.51503515,8095.61268648,7713.51503515,556.047767194,2427.11174953,22476.810007,31971.10413,2974.96558115,13862.8451032,17698.7418256,14679.8687649,6314.26165573,29,582
2025-09-21,PuLP HiGHS,Optimal,4.1573886,7713.51503515,8194.65943901,1.124955|0.726615|0.384264,5589.318878|8194.659439|10800,5589.31887802,6830.86575014,46316.8346949,2090.16660489,48407.0012998,43989.6738238,CVaR,0.9,0.2,4783.93326695,12067.691371,2413.53827421,74172.2672893,574.820521833,67357.125665,6815.14162433,22313.3225621,17640.7613118,3840.0010678,1200,10800,4.54747350886e-13,9.09494701773e-13,8194.65943901,7713.51503515,8194.65943901,163.508528031,477.062368656,46793.8970635,66181.0883397,7991.17894964,3950.19039146,19336.2580499,15229.3390569,5388.48676719,32,674
2025-09-22,PuLP HiGHS,Optimal,2.97542819998,8194.65943901,7699.139333,1.124955|0.726615|0.384264,4598.278666|7699.139333|10800,4598.27866601,6076.04245027,44964.3490621,2040.31292917,47004.6619913,43667.7246597,CVaR,0.9,0.2,2040.80954299,13695.5255935,2739.1051187,71662.796391,543.520760145,65267.0160259,6395.78036514,21129.3001949,17560.7012533,4566.5969652,1200,10800,4.54747350886e-13,9.09494701773e-13,7699.139333,8194.65943901,7699.139333,503.176820619,2016.43028452,46980.7793466,66609.5486861,5053.24770487,3378.84816315,18767.5029246,15647.6454643,4274.85305918,29,716
2025-09-23,PuLP HiGHS,Optimal,3.85037239999,7699.139333,7780.84375507,1.124955|0.726615|0.384264,4761.68751|7780.843755|10800,4761.68751014,6200.50238788,45668.795832,1791.02718569,47459.8230177,42384.7506571,CVaR,0.9,0.2,3074.9295315,5627.15013642,1125.43002728,73476.4730692,473.937683548,67165.5061638,6310.96690547,21762.6078591,17554.178386,4501.66391034,1200,10800,4.54747350886e-13,1.81898940355e-12,7780.84375507,7699.139333,7780.84375507,743.818354452,3318.39047471,48987.1863067,67700.6703631,5775.80270617,2457.32118755,19984.3050882,16113.7531416,3218.7280153,25,907
2025-09-24,PuLP HiGHS,Optimal,5.95600900002,7780.84375507,8235.84667815,1.124955|0.726615|0.384264,5671.693356|8235.846678|10800,5671.6933563,6893.60606559,47636.5230958,2117.6484091,49754.1715049,45700.1006706,CVaR,0.9,0.2,3564.86175225,14197.6761565,2839.53523129,76192.07919,561.375574363,68618.1175143,7573.96167569,22709.7737125,17985.4140763,4701.92948526,1200,10800,5.96855898038e-13,1.81898940355e-12,8235.84667815,7780.84375507,8235.84667815,103.088666049,484.354822726,48120.8779185,68783.554097,7408.52509299,3528.61954541,20448.9236152,16154.1254975,4092.13867614,34,654
2025-09-25,PuLP HiGHS,Optimal,5.49082499999,8235.84667815,8314.93685875,1.124955|0.726615|0.384264,5829.873718|8314.936859|10800,5829.8737175,7014.08374225,48808.1416266,1978.1160731,50786.2576997,46425.5198904,CVaR,0.9,0.2,3190.39480269,13266.7296646,2653.34593291,77159.9328312,521.454055812,68202.5900738,8957.34275737,22067.9572086,17803.8641764,4534.37453805,1200,10800,9.09494701773e-13,9.09494701773e-13,8314.93685875,8235.84667815,8314.93685875,37.1947466146,99.8233037975,48907.9649304,67681.7645144,9478.16831672,3568.67349771,19703.4510569,15888.6141935,4279.75613465,33,605
2025-09-26,PuLP HiGHS,Optimal,3.2093129,8314.93685875,8378.05262319,1.124955|0.726615|0.384264,5734.685149|8267.342575|10800,5734.68514901,6941.58360703,23999.2551588,940.782753707,24940.0379125,19650.7059548,CVaR,0.9,0.2,6254.96472326,8261.25824679,1652.25164936,40138.2865919,267.805008363,33288.3229601,6849.96363181,21224.8141206,17234.9342935,14823.4688391,1200,10800,3.63797880709e-12,9.09494701773e-13,8267.3425745,8314.93685875,8378.05262319,128.806986421,633.378817175,24632.633976,32906.3752505,7231.91134137,11918.460737,17714.0726945,14291.5946946,6454.08102492,29,359
2025-09-27,PuLP HiGHS,Optimal,2.75457590001,8378.05262319,8140.64137948,1.124955|0.726615|0.384264,5414.936943|8107.468471|10800,5414.93694284,6698.04818517,21485.0251236,1027.92468401,22512.9498076,17237.2425196,CVaR,0.9,0.2,1230.52344163,7111.70448607,1422.34089721,37264.8919963,283.320545637,32952.3334156,4312.55858073,20326.3271916,16707.8507617,14697.7426529,1200,10800,9.09494701773e-13,9.09494701773e-13,8107.46847142,8378.05262319,8140.64137948,439.570577232,1509.54374255,22994.5688661,33701.4963722,3563.39562411,13154.8760687,17887.1513162,14702.2626854,4444.76395167,23,474
2025-09-28,PuLP HiGHS,Optimal,2.92791649999,8140.64137948,8204.07351403,1.124955|0.726615|0.384264,5608.147028|8204.073514|10800,5608.14702805,6845.20616355,46408.5572706,2351.11986916,48759.6771398,44409.5521235,CVaR,0.9,0.2,4281.75024294,12475.4057361,2495.08114722,74143.9464749,632.090951,68387.2311147,5756.71536019,22057.9700021,17809.8667806,4187.22128386,1200,10800,9.09494701773e-13,9.09494701773e-13,8204.07351403,8140.64137948,8204.07351403,367.393875144,1374.27412188,47782.8313925,68388.3706189,5755.57585601,1183.86139844,21195.7105674,17111.4366385,1560.68957677,29,833
2025-09-29,PuLP HiGHS,Optimal,3.31638489998,8204.07351403,8197.04543634,1.124955|0.726615|0.384264,5594.090873|8197.045436|10800,5594.09087267,6834.50032794,49064.1060319,2052.37310611,51116.479138,46858.5318176,CVaR,0.9,0.2,4673.22101375,12882.7650376,2576.55300753,77650.1359494,564.299120159,69608.8487866,8041.28716277,22047.9432994,17865.1593424,3936.26861166,1200,10800,9.09494701773e-13,9.09494701773e-13,8197.04543634,8204.07351403,8197.04543634,151.188283898,506.217018506,49570.3230504,68619.9226868,9030.21326254,2151.60292799,20347.0616456,16487.4452028,3078.59579346,29,678
2025-09-30,PuLP HiGHS,Optimal,2.6262309,8197.04543634,8106.78422286,1.124955|0.726615|0.384264,5413.568446|8106.784223|10800,5413.56844571,6697.00587276,49534.8112351,2191.59900816,51726.4102432,48158.6569376,CVaR,0.9,0.2,4866.74735461,15646.2628355,3129.2525671,78195.9382091,570.951251242,69890.4249494,8305.51325967,22289.7567624,18135.9380697,4285.80756427,1200,10800,1.13686837722e-12,4.54747350886e-13,8106.78422286,8197.04543634,8106.78422286,217.656845085,883.551675295,50418.3629104,70156.1276048,8039.81060436,993.46411888,21259.8981917,17301.7526274,1864.04401293,24,648
2025-10-01,PuLP HiGHS,Optimal,2.67079219999,8106.78422286,8449.36757479,1.124955|0.726615|0.384264,6052.373741|8426.186871|10800,6052.37374116,7183.55032902,48813.1395876,2546.36876521,51359.5083528,47585.260711,CVaR,0.9,0.2,5862.51253993,17046.5134363,3409.30268726,77939.1272459,664.556536841,69959.2542202,7979.87302577,22300.3177607,17775.7950033,4332.75319362,1200,10800,9.09494701773e-13,1.81898940355e-12,8426.18687058,8106.78422286,8449.36757479,7.51332356771,16.4466652897,48829.5862529,61526.6221992,16412.5050467,8077.25697605,18352.7999825,14557.4429691,7165.86981237,36,669
2025-10-02,PuLP HiGHS,Optimal,6.5717426,8449.36757479,8386.60006063,1.124955|0.726615|0.384264,5779.551496|8289.775748|10800,5779.55149568,6975.7559478,47709.5982312,2069.70999314,49779.3082244,44983.8528881,CVaR,0.9,0.2,5324.50296293,10901.5030578,2180.30061157,75621.8266034,545.952743156,67637.9022074,7983.92439601,22043.0018866,17998.4641724,3665.93658607,1200,10800,6.25277607469e-13,9.09494701773e-13,8289.77574784,8449.36757479,8386.60006063,48.8110594851,138.967892918,47848.5661241,61076.8297978,14544.9968056,5720.17969907,19637.7305488,15963.0525072,4440.68300291,34,717
2025-10-03,PuLP HiGHS,Optimal,3.37442550002,8386.60006063,8100.5045857,1.124955|0.726615|0.384264,5215.883199|8007.9416|10800,5215.88319931,6546.43939905,21484.3552491,825.160019198,22309.5152683,16691.1524206,CVaR,0.9,0.2,2964.38613233,4640.38275698,928.076551395,36644.6366934,232.054240498,32175.825041,4468.81165242,19718.9640685,16313.1535104,15091.8645511,1200,10800,9.09494701773e-13,9.09494701773e-13,8007.94159966,8386.60006063,8100.5045857,78.109867698,228.130013708,21712.4852628,29697.9047411,6946.73195227,18921.1627929,17343.0739123,14305.3757964,4383.66787028,27,502
2025-10-04,PuLP HiGHS,Optimal,2.71729870001,8100.5045857,7962.43057128,1.124955|0.726615|0.384264,5106.068996|7953.034498|10800,5106.06899643,6462.79968596,22337.1664773,968.893570198,23306.0600475,18190.7373317,CVaR,0.9,0.2,1447.53171121,6737.38485093,1347.47697019,38257.5223227,266.395132635,33707.677013,4549.84530976,20367.8008694,16630.641783,15618.8662004,1200,10800,9.09494701773e-13,9.09494701773e-13,7953.03449822,8100.5045857,7962.43057128,82.4848950694,308.634316062,22645.8007934,31004.1780224,7253.34430028,14762.1372309,17646.3677171,14417.8244638,4934.25047143,26,489
2025-10-05,PuLP HiGHS,Optimal,3.25236410002,7962.43057128,8109.34530921,1.124955|0.726615|0.384264,5418.690618|8109.345309|10800,5418.69061843,6700.9071628,48331.1487318,2117.85735596,50449.0060878,46482.2349616,CVaR,0.9,0.2,8975.68695612,13670.6801831,2734.13603663,76571.2372687,559.00935486,67425.3469818,9145.89028685,22215.7539494,17862.5374349,4221.56148284,1200,10800,9.09494701773e-13,1.81898940355e-12,8109.34530921,7962.43057128,8109.34530921,0,0,48331.1487318,63457.3975292,13113.8397394,4883.89576176,19501.6707193,15664.1300185,4912.49064657,28,617
2025-10-06,PuLP HiGHS,Optimal,3.17361130001,8109.34530921,7840.64448945,1.124955|0.726615|0.384264,4756.773777|7778.386888|10800,4756.77377665,6196.75985505,48261.5341955,1807.96636175,50069.5005573,46701.0865484,CVaR,0.9,0.2,3292.69274061,14141.7292309,2828.34584617,75965.9932364,502.892575251,67123.6011108,8842.39212559,21933.6204379,18064.0951335,5149.97104854,1200,10800,6.8212102633e-13,9.09494701773e-13,7778.38688832,8109.34530921,7840.64448945,53.7023465576,173.302801137,48434.8369967,64719.7710933,11246.2221432,3564.02524401,19569.3141241,16092.9751783,4335.42626886,33,596
2025-10-07,PuLP HiGHS,Optimal,3.22268450001,7840.64448945,7758.64062768,1.124955|0.726615|0.384264,4673.428932|7736.714466|10800,4673.42893215,6133.2804626,43821.8940716,1798.03852277,45619.9325944,40379.8988066,CVaR,0.9,0.2,3657.03303565,4466.23337421,893.246674843,69930.149019,474.861187551,64374.9263295,5555.22268955,21512.2109581,17518.4278971,4243.63183868,1200,10800,4.54747350886e-13,4.54747350886e-13,7736.71446607,7840.64448945,7758.64062768,227.13095197,698.834437119,44520.7285087,63613.9205328,6316.22848624,2190.21226184,20805.6826238,16926.4064009,1298.54983056,24,949
2025-10-08,PuLP HiGHS,Optimal,3.74763990002,7758.64062768,7781.34247463,1.124955|0.726615|0.384264,4762.684949|7781.342475|10800,4762.68494927,6201.2620849,43891.2535373,1757.60273916,45648.8562765,41655.6867558,CVaR,0.9,0.2,8169.02858855,11040.4628211,2208.09256422,70820.7409635,471.922068144,61927.0791397,8893.66182378,21839.798465,17669.8050944,4187.09390981,1200,10800,9.09494701773e-13,9.09494701773e-13,7781.34247463,7758.64062768,7781.34247463,423.515099957,1304.07297979,45195.3265171,62931.4753504,7889.2656131,2961.69867422,20496.6549851,16581.8588757,2431.08969869,21,528
2025-10-09,PuLP HiGHS,Optimal,2.88657500001,7781.34247463,7755.31449436,1.124955|0.726615|0.384264,4710.628989|7755.314494|10800,4710.62898872,6161.61379269,43081.0522581,1975.47795091,45056.530209,41545.230417,CVaR,0.9,0.2,2798.35973999,13251.5700035,2650.31400069,70151.0800216,526.600615774,62991.6838377,7159.3961839,21828.6996207,17704.671875,5130.79736827,1200,10800,2.84217094304e-13,9.09494701773e-13,7755.31449436,7781.34247463,7755.31449436,168.523255788,764.079865577,43845.1321237,64001.0683975,6150.01162414,4571.95858216,20321.4556316,16483.8042439,2728.11162016,28,714
2025-10-10,PuLP HiGHS,Optimal,2.736282,7755.31449436,7766.56204216,1.124955|0.726615|0.384264,4733.124084|7766.562042|10800,4733.12408432,6178.74712601,17925.2430833,906.557376438,18831.8004597,13459.191285,CVaR,0.9,0.2,1328.01419069,4030.68975661,806.137951322,32816.4392809,242.335473459,29598.9218305,3217.51745031,19702.2292412,15948.6828923,16677.4498998,1200,10800,9.09494701773e-13,9.09494701773e-13,7766.56204216,7755.31449436,7766.56204216,470.356075647,1626.61101444,19551.8540977,30819.988285,1996.45099586,18570.5689122,17716.0091513,14339.8446195,3595.05836268,14,614
2025-10-11,PuLP HiGHS,Optimal,2.88902080001,7766.56204216,8594.51989642,1.124955|0.726615|0.384264,6347.949403|8573.974701|10800,6347.94940264,7408.67479265,20922.0371149,1316.58578233,22238.6228972,17010.250178,CVaR,0.9,0.2,1442.8012547,10901.5103673,2180.30207345,37057.9421312,355.858772132,32237.166719,4820.77541212,21276.6535717,16507.4179998,16857.8691888,1200,10800,4.54747350886e-13,9.09494701773e-13,8573.97470132,7766.56204216,8594.51989642,38.7070201172,181.492431054,21103.5295459,32534.6003576,4523.3417736,14263.7027632,18200.6787489,13997.3877177,5586.00510488,25,439
2025-10-12,PuLP HiGHS,Optimal,3.65667639999,8594.51989642,8714.54868611,1.124955|0.726615|0.384264,6629.097372|8714.548686|10800,6629.09737221,7622.8104408,47190.9129208,1720.66710657,48911.5800273,43217.4823798,CVaR,0.9,0.2,7708.22820976,9643.56396657,1928.71279331,75563.5339161,467.083210601,65540.4233397,10023.1105764,22124.167792,17812.5500008,4117.84677517,1200,10800,3.41060513165e-13,1.81898940355e-12,8714.54868611,8594.51989642,8714.54868611,33.6573281901,79.5311399674,47270.4440607,65166.2039698,10397.3299463,2678.88277835,20515.7717134,16509.7491771,2911.19690226,27,579
2025-10-13,PuLP HiGHS,Optimal,5.80487310002,8714.54868611,7929.35342554,1.124955|0.726615|0.384264,5058.706851|7929.353426|10800,5058.70685109,6426.72642636,46193.0936641,1802.42637439,47995.5200385,43812.3650415,CVaR,0.9,0.2,3402.01935948,11217.8571468,2243.57142936,73912.7518693,499.423823477,64512.120425,9400.63144429,20870.8891516,17612.0959473,3776.87487088,1200,10800,9.09494701773e-13,9.09494701773e-13,7929.35342554,8714.54868611,7929.35342554,14.7751720052,46.9968961506,46240.0905602,63289.8611222,10622.8907471,3248.10118498,19662.1870724,16633.0472632,2187.7507632,28,573
2025-10-14,PuLP HiGHS,Optimal,8.01510779999,7929.35342554,7783.32297689,1.124955|0.726615|0.384264,4766.645954|7783.322977|10800,4766.64595377,6204.27897407,42956.0340687,1503.96749926,44460.0015679,39231.4810099,CVaR,0.9,0.2,2651.48337595,4878.79208006,975.758416013,69882.29308,404.801443879,64005.8753384,5876.41774163,21373.8061285,17444.2103678,4333.83989729,1200,10800,1.54614099301e-11,1.81898940355e-12,7783.32297689,7929.35342554,7783.32297689,476.742751906,1688.09330272,44644.1273714,66084.2179909,3798.07508913,2049.62594317,20362.8048426,16625.2993263,1829.91232736,25,899
2025-10-15,PuLP HiGHS,Optimal,3.0709088,7783.32297689,7749.18053675,1.124955|0.726615|0.384264,4698.361074|7749.180537|10800,4698.36107351,6152.26996573,43608.0514252,1788.99701676,45397.048442,41314.3364435,CVaR,0.9,0.2,3488.11468512,10347.7898364,2069.55796727,70611.9769921,482.375725998,64099.6177966,6512.35919546,21677.9939805,17589.9033203,4628.2067551,1200,10800,1.56319401867e-13,9.09494701773e-13,7749.18053675,7783.32297689,7749.18053675,281.459325332,1082.62888265,44690.6803078,66520.0739722,4091.90301994,961.427241762,20793.7400097,16873.657604,1600.49968713,22,696
2025-10-16,PuLP HiGHS,Optimal,4.28752670001,7749.18053675,8179.21051384,1.124955|0.726615|0.384264,5558.421028|8179.210514|10800,5558.42102768,6807.33247968,45328.4231513,2221.71822815,47550.1413795,43732.0977785,CVaR,0.9,0.2,3050.63635267,14946.4443936,2989.28887873,72909.6930277,599.586436907,66067.3589444,6842.3340833,22302.5199254,17678.0141602,4709.11955227,1200,10800,9.09494701773e-13,1.81898940355e-12,8179.21051384,7749.18053675,8179.21051384,1128.64195038,4370.19691964,49698.6200709,68446.8635,4462.82952763,2117.87463945,21600.6888505,17109.5309895,1270.3142455,19,727
2025-10-17,PuLP HiGHS,Optimal,3.31895429999,8179.21051384,8132.50832176,1.124955|0.726615|0.384264,5401.63327|8100.816635|10800,5401.63326968,6687.91547577,19828.7189398,1042.0900356,20870.8089754,15535.6068282,CVaR,0.9,0.2,1270.78512538,6763.56664296,1352.71332859,35522.8333494,278.703919654,31620.9159505,3901.91739887,19639.4811884,15978.5342537,14417.9568546,1200,10800,3.63797880709e-12,1.81898940355e-12,8100.81663484,8179.21051384,8132.50832176,38.6900857992,171.44286009,20000.1617998,31794.9665084,3727.86684103,12508.987276,17697.3788128,14376.9088112,3543.72781817,24,535
2025-10-18,PuLP HiGHS,Optimal,3.8917789,8132.50832176,7766.08514948,1.124955|0.726615|0.384264,4729.723684|7764.861842|10800,4729.72368424,6176.15721979,20012.909151,1136.83313456,21149.7422855,16628.0078207,CVaR,0.9,0.2,1080.22249325,8272.11377462,1654.42275492,35180.172922,299.842281561,31101.0798931,4079.09302893,19310.4966242,15972.3840973,14276.2772663,1200,10800,9.09494701773e-13,1.81898940355e-12,7764.86184212,8132.50832176,7766.08514948,147.450522917,416.246310027,20429.155461,31788.8582931,3391.31462897,12944.7677847,17077.519051,14162.5712864,4042.79038406,27,508
2025-10-19,PuLP HiGHS,Optimal,2.83791439998,7766.08514948,8371.41801931,1.124955|0.726615|0.384264,5942.836039|8371.418019|10800,5942.83603862,7100.12121172,49944.6006618,2027.31595548,51971.9166173,47382.3182285,CVaR,0.9,0.2,8019.931062,12552.6141149,2510.52282298,79704.6246674,531.408271267,69535.4670616,10169.1576058,23505.0778511,18494.3134766,3840.45430638,1200,10800,4.54747350886e-13,9.09494701773e-13,8371.41801931,7766.08514948,8371.41801931,253.493088151,928.051187265,50872.651849,69804.3325443,9900.29212313,1402.16272266,22237.5831242,17467.6427477,2294.16545581,25,582
2025-10-20,PuLP HiGHS,Optimal,5.73798000001,8371.41801931,7999.04707716,1.124955|0.726615|0.384264,5198.094154|7999.047077|10800,5198.09415432,6532.8904174,46324.4186765,2362.35363333,48686.7723099,44941.2084537,CVaR,0.9,0.2,4567.34585684,13936.6328059,2787.32656118,74251.3890857,623.944592889,67602.0808657,6649.30821996,22137.6521384,18266.6320801,3784.62347507,1200,10800,9.09494701773e-13,9.09494701773e-13,7999.04707716,8371.41801931,7999.04707716,539.686724507,2578.27691198,48902.6955885,68358.7332175,5892.65586824,780.973619268,21114.7252841,17438.0613281,1851.49760636,16,773
2025-10-21,PuLP HiGHS,Optimal,3.710242,7999.04707716,7801.0821578,1.124955|0.726615|0.384264,4802.164316|7801.082158|10800,4802.1643156,6231.33144557,46837.7956729,1815.35551968,48653.1511926,44058.6312743,CVaR,0.9,0.2,4479.09509526,8184.05763664,1636.81152733,75394.6435401,481.116056076,69121.9985813,6272.64495874,22425.7827936,18343.0524902,3802.16932137,1200,10800,4.54747350886e-13,1.81898940355e-12,7801.0821578,7999.04707716,7801.0821578,293.610304581,1060.98137951,47898.7770524,70809.4262885,4585.21725161,760.243986979,21359.8930711,17479.681815,1929.2603978,27,887
2025-10-22,PuLP HiGHS,Optimal,2.88387259998,7801.0821578,8222.62773268,1.124955|0.726615|0.384264,5645.255465|8222.627733|10800,5645.25546536,6873.46971205,47988.730119,1721.95857566,49710.6886947,44603.5708673,CVaR,0.9,0.2,4810.62720793,8831.75942346,1766.35188469,76989.090617,480.762795626,69479.3740746,7509.71654238,23699.4181136,18817.1376546,4174.99298212,1200,10800,9.09494701773e-13,2.27373675443e-13,8222.62773268,7801.0821578,8222.62773268,856.940481451,3868.95143945,51857.6815585,70773.5063152,6215.58430177,1533.38935924,21909.3143159,17367.1535785,3240.08787377,19,765
2025-10-23,PuLP HiGHS,Optimal,3.03675289999,8222.62773268,7459.82724088,1.124955|0.726615|0.384264,4119.654482|7459.827241|10800,4119.65448175,5711.49953689,47261.4310181,2013.16709533,49274.5981134,46301.5680697,CVaR,0.9,0.2,2964.99887238,13692.3474663,2738.46949325,75666.2113645,513.755918902,69293.3968597,6372.81450477,21772.1672053,18321.9758789,3633.03899516,1200,10800,4.54747350886e-13,9.09494701773e-13,7459.82724088,8222.62773268,7459.82724088,217.027391606,814.522470889,48075.9534889,68255.4261721,7410.78519231,1905.12988008,20391.3004893,17203.4738389,2499.36875599,25,733
2025-10-24,PuLP HiGHS,Optimal,3.2340307,7459.82724088,7583.28588985,1.124955|0.726615|0.384264,4366.57178|7583.28589|10800,4366.5717797,5899.56347958,20319.2778106,1234.10103448,21553.3788451,17071.3018545,CVaR,0.9,0.2,1573.64109029,7087.43244489,1417.48648898,35574.4422535,330.176610895,31568.6517959,4005.79045753,18145.53589,14586.7712868,11605.2212419,1200,10800,9.09494701773e-13,4.54747350886e-13,7583.28588985,7459.82724088,7583.28588985,199.839330566,856.439390412,21175.717201,32894.2953769,2680.14687658,11249.2455008,17440.6616102,14015.8231202,1275.82244645,16,593
2025-10-25,PuLP HiGHS,Optimal,3.07354790001,7583.28588985,7829.50755228,1.124955|0.726615|0.384264,4741.429916|7770.714958|10800,4741.42991575,6185.07324176,20787.3718643,1394.8286385,22182.2005028,17983.8853426,CVaR,0.9,0.2,1272.20696106,9933.79040799,1986.7580816,36545.8316775,370.398917058,32069.5001208,4476.33155671,18318.0497687,14668.9341514,11760.1698606,1200,10800,4.54747350886e-13,9.09494701773e-13,7770.71495787,7583.28588985,7829.50755228,156.583190313,524.2895137,21311.661378,33072.8873671,3472.94431041,10351.556222,17146.7479256,13667.2663236,2172.96967096,19,528
2025-10-26,PuLP HiGHS,Optimal,4.07040630002,7829.50755228,8209.04650272,1.124955|0.726615|0.384264,5618.093005|8209.046503|10800,5618.09300544,6852.78149236,52732.9355257,2238.4265596,54971.3620853,51382.0861587,CVaR,0.9,0.2,7821.59898333,16317.5278291,3263.50556582,83432.6603971,602.287002882,73903.5026919,9529.15770516,24296.8034227,19338.825717,4503.12600745,1200,10800,2.27373675443e-13,9.09494701773e-13,8209.04650272,7829.50755228,8209.04650272,0,0,52732.9355257,70589.4692704,12843.1911266,1814.29489674,20469.8805349,16239.0181779,6926.73042685,28,600
2025-10-27,PuLP HiGHS,Optimal,3.6262688,8209.04650272,7774.85411792,1.124955|0.726615|0.384264,4749.708236|7774.854118|10800,4749.70823585,6191.37840356,48160.2813882,2039.27998602,50199.5613742,46306.4576423,CVaR,0.9,0.2,4307.16036878,11491.3733586,2298.27467172,76976.9067946,548.745447522,70766.9319008,6209.97489385,23027.1003707,19042.7244466,3446.15443529,1200,10800,4.54747350886e-13,9.09494701773e-13,7774.85411792,8209.04650272,7774.85411792,289.936180213,1133.75940132,49294.0407895,69183.23762,7793.66917463,2462.44339102,20257.4836255,16799.334883,5013.0063088,29,815
2025-10-28,PuLP HiGHS,Optimal,2.76560789999,7774.85411792,8194.65932771,1.124955|0.726615|0.384264,5589.318655|8194.659328|10800,5589.31865543,6830.86558061,49837.1357114,1846.61854398,51683.7542554,46815.288807,CVaR,0.9,0.2,3004.30414808,9812.0006611,1962.40013222,79858.1589191,495.139912718,73318.4235158,6539.73540329,23971.3995684,19039.0089616,3588.54238751,1200,10800,9.09494701773e-13,1.81898940355e-12,8194.65932771,7774.85411792,8194.65932771,80.5949551432,323.673139631,50160.808851,71485.813981,8372.34493808,1196.72208367,21154.9498089,16757.6846564,5097.7740647,31,785
2025-10-29,PuLP HiGHS,Optimal,7.38800860001,8194.65932771,8161.05184451,1.124955|0.726615|0.384264,5522.103689|8161.051845|10800,5522.10368902,6779.67146948,50253.0299795,2229.7419975,52482.771977,48701.0415772,CVaR,0.9,0.2,2424.51204354,14989.7053486,2997.94106973,79827.2712253,573.026682818,72374.7791352,7452.49209011,23623.0557631,19164.921903,4782.21541496,1200,10800,9.09494701773e-13,9.09494701773e-13,8161.05184451,8194.65932771,8161.05184451,623.716380229,1768.60386941,52021.6338489,73410.3334069,6416.93781848,638.94678099,21647.8575841,17565.011378,3575.10870394,24,734
2025-10-30,PuLP HiGHS,Optimal,2.64718180001,8161.05184451,7728.2525995,1.124955|0.726615|0.384264,4656.505199|7728.252599|10800,4656.50519899,6120.39054355,50731.4024263,2094.09938475,52825.501811,50128.9737211,CVaR,0.9,0.2,1481.72823908,17119.312268,3423.8624536,80230.5240023,559.707662962,72530.6756349,7699.84836736,23307.0561784,19268.234825,4545.49214083,1200,10800,9.09494701773e-13,1.81898940355e-12,7728.2525995,8161.05184451,7728.2525995,62.6090483212,188.734411605,50920.1368379,70762.1281402,9468.39586206,2769.14833698,19248.8974845,15981.1262829,7345.26723603,32,638
2025-10-31,PuLP HiGHS,Optimal,2.8314389,7728.2525995,7694.3759669,1.124955|0.726615|0.384264,4588.751934|7694.375967|10800,4588.75193381,6068.78643851,21660.1888131,1474.30625861,23134.4950717,19189.8470683,CVaR,0.9,0.2,1246.52868159,10620.6921753,2124.13843506,37794.4907811,407.160669235,33264.5656098,4529.92517126,18031.7603281,14636.2148351,11112.8556874,1200,10800,9.09494701773e-13,9.09494701773e-13,7694.3759669,7728.2525995,7694.3759669,99.8425721677,367.625822252,22027.8146354,33931.3040349,3863.18674621,6966.07928975,16796.1274735,13635.3522228,2236.49546682,20,560
2025-11-01,PuLP HiGHS,Optimal,3.05799099998,7694.3759669,8101.67932682,1.124955|0.726615|0.384264,5403.358654|8101.679327|10800,5403.35865364,6689.22961015,23961.1966427,1301.3762615,25262.5729042,20721.7086841,CVaR,0.9,0.2,6902.0193518,10741.8269503,2148.36539005,41099.1197095,358.288173354,34292.1204088,6806.99930068,18335.199252,14484.9383702,9558.51454934,1200,10800,4.54747350886e-13,1.81898940355e-12,8101.67932682,7694.3759669,8101.67932682,90.1569563029,231.61703086,24192.8136736,34119.0145738,6980.10513567,7986.58712676,17431.4365586,13752.8905885,1635.8104751,21,438
2025-11-02,PuLP HiGHS,Optimal,2.596628,8101.67932682,7660.77291282,1.124955|0.726615|0.384264,4521.545826|7660.772913|10800,4521.54582563,6017.59907423,49421.2857356,2097.63993158,51518.9256672,48087.7999378,CVaR,0.9,0.2,3467.96603325,12932.3667241,2586.47334481,78656.0861079,551.453876164,72680.2437982,5975.84230969,22909.1980851,18953.2662215,3830.19488445,1200,10800,4.54747350886e-13,9.09494701773e-13,7660.77291282,8101.67932682,7660.77291282,283.389628303,1190.58070661,50611.8664422,72847.3371697,5808.74893818,759.5532,20903.1865119,17328.3968472,3630.88094747,30,823
2025-11-03,PuLP HiGHS,Optimal,2.53055369999,7660.77291282,7723.30358136,1.124955|0.726615|0.384264,4646.607163|7723.303581|10800,4646.60716272,6112.85172897,50206.8094806,1765.88065308,51972.6901337,47703.3090037,CVaR,0.9,0.2,3022.4101031,9217.35299507,1843.47059901,79962.6078435,476.013886178,73573.7994281,6388.80841538,23488.3048944,18969.2493628,3899.11736393,1200,10800,5.68434188608e-13,9.09494701773e-13,7723.30358136,7660.77291282,7723.30358136,384.178617347,1119.08661168,51325.8960923,73883.9760602,6078.63178325,787.350816667,20629.4525047,16653.5789271,5174.5228254,31,846
2025-11-04,PuLP HiGHS,Optimal,2.6713017,7723.30358136,8188.67182634,1.124955|0.726615|0.384264,5577.343653|8188.671826|10800,5577.34365268,6821.7448497,51986.640245,1860.08553261,53846.7257776,48883.4449705,CVaR,0.9,0.2,3883.06747638,9292.32021294,1858.46404259,82748.2303254,489.940223716,76040.3149225,6707.91540293,24311.8654358,19273.7795825,4075.77734796,1200,10800,9.09494701773e-13,9.09494701773e-13,8188.67182634,7723.30358136,8188.67182634,131.950610641,482.892784506,52469.5330295,73681.6524558,9066.57786964,1997.0006,20093.152698,15856.6222649,7635.87005547,32,882
2025-11-05,PuLP HiGHS,Optimal,2.50291900002,8188.67182634,8400.09807457,1.124955|0.726615|0.384264,6000.196149|8400.098075|10800,6000.19614913,7143.8093965,53813.6720956,2093.04288221,55906.7149778,51950.9999864,CVaR,0.9,0.2,2259.34316913,15940.4720254,3188.09440507,84801.5787153,543.453036426,76029.3351078,8772.24360751,24124.7346216,19350.7514201,3563.53825237,1200,10800,2.27373675443e-13,9.09494701773e-13,8400.09807457,8188.67182634,8400.09807457,171.245201293,542.527995138,54356.2000907,74972.9337616,9828.64495375,1180.07341667,21556.8518744,17270.7663948,4647.8677725,29,626
2025-11-06,PuLP HiGHS,Optimal,2.82686670002,8400.09807457,8173.38619081,1.124955|0.726615|0.384264,5546.772382|8173.386191|10800,5546.77238162,6798.46031753,51595.6091795,2097.20681992,53692.8159994,49364.5294079,CVaR,0.9,0.2,5667.77318961,12350.86863,2470.17372601,81775.5436181,562.173676652,74831.4246335,6944.11898459,23117.165137,18928.9444564,3377.43849445,1200,10800,4.54747350886e-13,9.09494701773e-13,8173.38619081,8400.09807457,8173.38619081,571.357696909,2259.77394203,53855.3831216,74902.4919187,6873.05169934,209.825916667,21570.9465493,17676.5074003,2798.65564378,22,747
2025-11-07,PuLP HiGHS,Optimal,3.1793244,8173.38619081,7740.28143358,1.124955|0.726615|0.384264,4680.562867|7740.281434|10800,4680.56286716,6138.71400636,21007.1090708,1246.97384406,22254.0829149,17316.5813129,CVaR,0.9,0.2,1928.46536385,6006.06202183,1201.21240437,36933.4456765,335.920261077,32833.5137961,4099.9318804,17954.7378749,14933.1319602,8137.77476153,1200,10800,4.54747350886e-13,1.81898940355e-12,7740.28143358,8173.38619081,7740.28143358,341.404141178,1557.43584063,22564.5449114,33331.2157387,3602.22993785,7356.34915075,17829.4906699,14831.6817241,226.697441017,6,622
2025-11-08,PuLP HiGHS,Optimal,7.01609590001,7740.28143358,7705.1738898,1.124955|0.726615|0.384264,4610.34778|7705.17389|10800,4610.3477796,6085.23486047,21546.6689315,1435.79041859,22982.4593501,18692.9843288,CVaR,0.9,0.2,1754.25980713,8978.79919582,1795.75983916,37963.3798274,391.954797112,33664.5425068,4298.83732065,17385.5471645,14113.8899926,8263.66647177,1200,10800,4.54747350886e-13,1.81898940355e-12,7705.1738898,7740.28143358,7705.1738898,92.7734574151,399.094455738,21945.7633872,34474.768062,3488.61176539,7699.37401925,16360.8273137,13283.8669135,1854.74292988,21,649
2025-11-09,PuLP HiGHS,Optimal,2.93417270001,7705.1738898,8187.34707372,1.124955|0.726615|0.384264,5574.694147|8187.347074|10800,5574.69414745,6819.72686067,51774.4771759,1944.10054027,53718.5777162,48269.3334371,CVaR,0.9,0.2,4805.57470028,6852.412908,1370.4825816,82147.5609451,528.497637648,76013.1403908,6134.4205543,23720.4504561,18779.6090039,3493.65628272,1200,10800,4.54747350886e-13,9.09494701773e-13,8187.34707372,7705.1738898,8187.34707372,434.324325651,1689.80766814,53464.2848441,76392.7495073,5754.81143775,985.32455,21373.559127,16878.6270273,4247.87330572,27,930
2025-11-10,PuLP HiGHS,Optimal,2.42428940002,8187.34707372,8386.08523063,1.124955|0.726615|0.384264,5972.170461|8386.085231|10800,5972.17046127,7122.4637014,52664.7848447,2350.21894439,55015.003789,50666.5232625,CVaR,0.9,0.2,4854.50715423,13869.9158745,2773.9831749,83481.3701536,630.047959105,76822.3714929,6658.99866073,23415.3359912,18787.5578117,3236.97648966,1200,10800,4.54747350886e-13,4.54747350886e-13,8386.08523063,8187.34707372,8386.08523063,478.330291572,1760.49667753,54425.2815222,77971.6434588,5509.72669473,287.35265,21712.1771537,17407.9991533,3082.717496,24,759
2025-11-11,PuLP HiGHS,Optimal,3.75823559999,8386.08523063,8252.97851207,1.124955|0.726615|0.384264,5705.957024|8252.978512|10800,5705.95702413,6919.70290254,53744.3758113,2504.84393616,56249.2197475,52305.4554271,CVaR,0.9,0.2,5477.13418505,14879.6929106,2975.93858213,84459.7893795,663.219421145,76914.7696005,7545.01977907,23520.7758325,19171.624471,3921.37733573,1200,10800,2.27373675443e-13,9.09494701773e-13,8252.97851207,8386.08523063,8252.97851207,99.962933488,364.806507482,54109.1823188,75947.7155696,8512.07380997,705.127316667,20543.8292971,16760.2977773,5388.2732291,31,770
2025-11-12,PuLP HiGHS,Optimal,3.11637820001,8252.97851207,8017.46971986,1.124955|0.726615|0.384264,5234.93944|8017.46972|10800,5234.93943973,6560.95353692,55664.6178838,2105.09368435,57769.7115681,53818.2407197,CVaR,0.9,0.2,5027.55937644,13047.4134422,2609.48268844,87693.6483771,524.180413042,77888.5243349,9805.12404219,23517.8390804,19261.4075681,3295.52388483,1200,10800,9.09494701773e-13,9.09494701773e-13,8017.46971986,8252.97851207,8017.46971986,41.1424922689,181.518258315,55846.1361421,75250.5700956,12443.0782815,507.68905,21263.1247413,17435.0889535,4081.03295366,27,595
2025-11-13,PuLP HiGHS,Optimal,2.3698751,8017.46971986,8260.19952167,1.124955|0.726615|0.384264,5720.399043|8260.199522|10800,5720.39904335,6930.70263037,58071.8355071,2003.16994621,60075.0054533,56150.34493,CVaR,0.9,0.2,10380.1445138,15030.2105353,3006.04210706,90524.0269338,524.264540125,80296.6591744,10227.3677594,25103.0331131,20115,3919.11481779,1200,10800,4.54747350886e-13,1.81898940355e-12,8260.19952167,8017.46971986,8260.19952167,48.1639415173,176.315428462,58248.1509355,76807.336164,13716.6907698,335.8885,20554.1235116,16430.3832228,8233.52637871,30,616
2025-11-14,PuLP HiGHS,Optimal,2.9809966,8260.19952167,8230.48398742,1.124955|0.726615|0.384264,5660.967975|8230.483987|10800,5660.96797484,6885.43710562,23501.1546696,1403.49305504,24904.6477247,19725.0431013,CVaR,0.9,0.2,3537.73337575,8529.16241145,1705.83248229,40668.8577874,394.977973767,35858.2863961,4810.57139125,18532.4288222,15038.0113268,7420.66507711,1200,10800,2.27373675443e-13,1.81898940355e-12,8230.48398742,8260.19952167,8230.48398742,36.5651051758,139.71935497,23640.8740246,36218.511885,4450.34590237,5469.6120707,16914.4926332,13727.4830137,2928.46450211,26,617
2025-11-15,PuLP HiGHS,Optimal,5.73043510001,8230.48398742,8070.0890147,1.124955|0.726615|0.384264,5340.178029|8070.089015|10800,5340.1780294,6641.10824565,23431.8711075,1527.53655591,24959.4076634,20425.6556733,CVaR,0.9,0.2,1489.00025498,10536.7812779,2107.35625559,40795.2753196,413.600783642,35675.5011491,5119.77417047,17650.3499894,14441.1389669,6902.59564837,1200,10800,2.98427949019e-13,1.81898940355e-12,8070.0890147,8230.48398742,8070.0890147,135.546840658,412.522462167,23844.3935696,36459.4061151,4335.86920442,5298.19021138,16995.9542273,13911.0783996,1184.45632944,19,639
2025-11-16,PuLP HiGHS,Optimal,4.46226130001,8070.0890147,8106.46867558,1.124955|0.726615|0.384264,5412.937351|8106.468676|10800,5412.93735116,6696.52520117,55029.6742808,2115.66600048,57145.3402812,52940.0718901,CVaR,0.9,0.2,3894.16567934,12456.2840501,2491.25681002,86363.9929241,583.943273554,78922.6863441,7441.30657994,23856.8294015,19291.2901204,3097.96306894,1200,10800,9.09494701773e-13,1.81898940355e-12,8106.46867558,8070.0890147,8106.46867558,306.677664802,956.493421967,55986.1677027,78840.930329,7523.0625951,478.073683333,22117.0959595,17882.1060324,3148.91753002,26,744
2025-11-17,PuLP HiGHS,Optimal,2.6839682,8106.46867558,8519.3051223,1.124955|0.726615|0.384264,6238.610245|8519.305122|10800,6238.61024459,7325.39689627,56988.2252198,2331.32418389,59319.5494037,55124.1011777,CVaR,0.9,0.2,4189.96982655,15649.7433517,3129.94867034,89380.5755394,616.83859223,81463.4579961,7917.11754322,24955.2944187,19842.2356771,3356.60778473,1200,10800,4.54747350886e-13,9.09494701773e-13,8519.3051223,8106.46867558,8519.3051223,34.4532566592,85.5975592741,57073.822779,77584.5751756,11796.0003637,469.193866667,21486.986475,17032.9062427,6277.63737798,30,714
2025-11-18,PuLP HiGHS,Optimal,4.32552109999,8519.3051223,8069.16651562,1.124955|0.726615|0.384264,5338.333031|8069.166516|10800,5338.33303124,6639.70300741,55174.0131327,2398.9672468,57572.9803795,53958.8033283,CVaR,0.9,0.2,4295.98574739,15127.6297807,3025.52595614,86450.903868,621.013080517,79076.3454342,7374.55843378,23754.6451643,19646.3873291,2909.39578629,1200,10800,1.13686837722e-12,4.54747350886e-13,8069.16651562,8519.3051223,8069.16651562,148.007037128,469.97735602,55643.9904888,78432.5049853,8018.39888264,71.1391833333,21178.6618516,17559.8408458,4662.52979595,28,758
2025-11-19,PuLP HiGHS,Optimal,2.5511486,8069.16651562,7684.97607145,1.124955|0.726615|0.384264,4569.952143|7684.976071|10800,4569.9521429,6054.46762476,57510.0050317,1826.00157528,59336.006607,55900.6258199,CVaR,0.9,0.2,7335.82477304,13095.4341885,2619.0868377,89659.7042311,478.01974759,78993.4048858,10666.2993453,23573.1217287,19440,2915.51917832,1200,10800,9.09494701773e-13,4.54747350886e-13,7684.97607145,8069.16651562,7684.97607145,341.892553963,1525.88925338,59035.8942851,79057.0924031,10602.611828,105.079533333,22480.8695971,18555.2757734,1976.97635819,17,554
2025-11-20,PuLP HiGHS,Optimal,3.26630230001,7684.97607145,8502.82289416,1.124955|0.726615|0.384264,6205.645788|8502.822894|10800,6205.64578832,7300.28960056,57334.4870095,2409.18532108,59743.6723306,55342.0059649,CVaR,0.9,0.2,4117.46813015,14493.1161743,2898.62323485,89846.3274347,633.013841452,82375.6786325,7470.64880218,25742.0520252,20115,2938.36381535,1200,10800,4.54747350886e-13,9.09494701773e-13,8502.82289416,7684.97607145,8502.82289416,76.2072229941,196.950796651,57531.4378061,79912.7516915,9933.57574324,117.18455,22855.9799511,17777.2816199,5223.79045425,29,735
2025-11-21,PuLP HiGHS,Optimal,3.28031109998,8502.82289416,7776.83434953,1.124955|0.726615|0.384264,4753.668699|7776.83435|10800,4753.66869905,6194.39488046,24413.1479389,1457.12558752,25870.2735264,21737.2459729,CVaR,0.9,0.2,2632.53311945,10306.8366351,2061.36732702,42483.2491361,413.757610165,36640.8441973,5842.40493875,17704.2084104,14993.7985026,6753.82963213,1200,10800,1.13686837722e-13,1.81898940355e-12,7776.83434953,8502.82289416,7776.83434953,124.506413145,351.484716672,24764.6326555,37286.9638483,5196.28528778,6044.95071877,16608.0271903,14105.8917143,1984.08800838,22,565
2025-11-22,PuLP HiGHS,Optimal,3.5348465,7776.83434953,8598.32808407,1.124955|0.726615|0.384264,6396.656168|8598.328084|10800,6396.65616814,7445.77217883,27537.6678684,1513.70355726,29051.3714256,23742.1738476,CVaR,0.9,0.2,4033.3980988,10682.8730038,2136.57460077,48379.0676488,432.574019228,40716.4060284,7662.66162037,20096.4742285,15538.799764,7094.7811054,1200,10800,1.70530256582e-13,1.81898940355e-12,8598.32808407,7776.83434953,8598.32808407,70.9820617452,275.819947277,27813.4878157,40913.3611134,7465.70653545,6532.19977332,18384.0503018,14151.7363834,3099.48730726,28,534
2025-11-23,PuLP HiGHS,Optimal,2.9827774,8598.32808407,8257.28449153,1.124955|0.726615|0.384264,5714.568983|8257.284492|10800,5714.56898306,6926.26217952,58308.9064045,2152.6205882,60461.5269927,56468.3276696,CVaR,0.9,0.2,6004.12545677,14665.314282,2933.06285639,90659.6508129,556.212853218,81903.6069006,8756.04391228,24481.0372261,20136.5793864,3430.51621193,1200,10800,9.09494701773e-13,9.09494701773e-13,8257.28449153,8598.32808407,8257.28449153,151.918969271,512.292657448,58821.199062,79591.8825599,11067.7682531,725.739783333,21541.6036618,17755.6381993,5320.3747513,26,702
2025-11-24,PuLP HiGHS,Optimal,4.79327689999,8257.28449153,7678.08247005,1.124955|0.726615|0.384264,4556.16494|7678.08247|10800,4556.1649401,6043.96663622,54970.9770451,2114.7464903,57085.7235354,53771.4274725,CVaR,0.9,0.2,3559.23094538,13648.3528666,2729.67057332,86152.2217598,567.341914861,79470.2732449,6681.94851492,23494.5581381,19551.8739112,2453.5866287,1200,10800,9.09494701773e-13,9.09494701773e-13,7678.08247005,8257.28449153,7678.08247005,212.965144882,699.995946984,55670.9729921,77831.7678152,8320.45394463,458.714083333,20765.0368212,17340.9616445,4940.43358349,29,784
2025-11-25,PuLP HiGHS,Optimal,8.38255839999,7678.08247005,8387.03882974,1.124955|0.726615|0.384264,5974.077659|8387.03883|10800,5974.07765948,7123.91631415,57353.8735206,2169.31654103,59523.1900616,55084.5953128,CVaR,0.9,0.2,4169.11888133,13426.6078266,2685.32156531,90082.8877468,586.209556059,83018.2668484,7064.62089847,25874.0602267,20319.9280599,3406.55892925,1200,10800,1.13686837722e-12,4.54747350886e-13,8387.03882974,7678.08247005,8387.03882974,180.05135319,445.957370381,57799.830891,81085.4817407,8997.40600612,183.10095,22503.7418606,17589.9701833,6100.27624269,29,803
2025-11-26,PuLP HiGHS,Optimal,3.38837219999,8387.03882974,7817.76733852,1.124955|0.726615|0.384264,4835.534677|7817.767339|10800,4835.53467705,6256.74789794,55646.5390654,1982.7144266,57629.253492,52556.0329234,CVaR,0.9,0.2,3916.27683229,5917.63664662,1183.52732932,87331.4530586,522.213858157,80896.3072224,6435.14583624,24099.8185246,20033.197347,2824.36044004,1200,10800,2.27373675443e-13,9.09494701773e-13,7817.76733852,8387.03882974,7817.76733852,240.395312275,928.966837863,56575.5059033,80248.3379936,7083.11506501,48.2225789046,22079.9378196,18397.093976,3655.98407593,26,996
2025-11-27,PuLP HiGHS,Optimal,2.69776940002,7817.76733852,8183.5388775,1.124955|0.726615|0.384264,5567.077755|8183.538877|10800,5567.077755,6813.9258544,57309.9902255,1984.75373055,59294.743956,54684.0669568,CVaR,0.9,0.2,3680.52945335,11016.2442759,2203.24885517,89557.9124532,530.295615364,82547.2520182,7010.66043504,25239.7461544,20115,2610.30856783,1200,10800,4.54747350886e-13,9.09494701773e-13,8183.5388775,7817.76733852,8183.5388775,118.142014551,386.812433328,57696.8026588,80417.7253102,9140.18714301,196.908122385,22257.2214944,17699.1550254,5398.36963467,27,790
2025-11-28,PuLP HiGHS,Optimal,3.33273729999,8183.5388775,8219.17458541,1.124955|0.726615|0.384264,5638.349171|8219.174585|10800,5638.34917082,6868.20955008,27103.9553757,1764.67414724,28868.6295229,24390.9922902,CVaR,0.9,0.2,7157.90844378,11952.8615868,2390.57231735,46857.6280357,501.477666871,39414.1932532,7443.43478253,19171.5754426,15496.9039714,6310.51608785,1200,10800,2.27373675443e-13,9.09494701773e-13,8219.17458541,8183.5388775,8219.17458541,10.9205521484,39.6260028665,27143.5813786,39381.5142851,7476.11375063,5043.02460648,17874.2081245,14446.0364438,2348.23484563,23,546
2025-11-29,PuLP HiGHS,Optimal,3.37113059999,8219.17458541,8183.58055032,1.124955|0.726615|0.384264,5567.161101|8183.58055|10800,5567.16110064,6813.9893344,27604.9571509,1714.1335225,29319.0906734,25070.3430468,CVaR,0.9,0.2,7464.79129541,12826.2085386,2565.24170772,48358.7639588,479.239085154,41066.2236725,7292.54028631,19535.5961333,15855.8674996,7094.30339229,1200,10800,4.54747350886e-13,1.81898940355e-12,8183.58055032,8219.17458541,8183.58055032,385.467040104,909.54239478,28514.4995457,41283.3114041,7075.45255469,3383.7727569,17829.4222047,14473.8666174,3088.17481079,25,519
2025-11-30,PuLP HiGHS,Optimal,3.37555699999,8183.58055032,7867.44137368,1.124955|0.726615|0.384264,4934.882747|7867.441374|10800,4934.88274736,6332.41610732,58002.4652756,2048.85392471,60051.3192003,56190.0584722,CVaR,0.9,0.2,4422.75681181,12355.7768961,2471.15537923,90420.9087654,536.667650159,82885.2449415,7535.66382397,24482.0675815,20115,3095.2097107,1200,10800,9.09494701773e-13,1.81898940355e-12,7867.44137368,8183.58055032,7867.44137368,241.501232552,883.609649738,58886.0749254,84075.2068231,6345.70194234,0,22928.4484103,18856.5684713,2812.05069989,23,772
2025-12-01,PuLP HiGHS,Optimal,1.16365839998,7867.44137368,7950,1.124955|0.726615|0.384264,5121.374675|7960.687337|10800,5121.37467481,6466.69163796,57875.8217548,1898.01062777,59773.8323825,54783.2529829,CVaR,0.9,0.2,4849.25646968,7380.5611916,1476.11223832,90482.1661972,495.587586027,83650.6420806,6831.52411662,24925.0651404,20115,2781.71218045,1200,10800,9.09494701773e-13,9.09494701773e-13,7950,7867.44137368,7950,3448.46489393,12199.2881429,70075.1098977,87637.3349521,2844.83124512,0,24802.9965735,20016.1244609,220.944105952,6,904
2025-12-02,PuLP HiGHS,Optimal,4.206855,7950,8725.03402696,1.124955|0.726615|0.384264,6650.068054|8725.034027|10800,6650.06805392,7638.7827081,61945.000731,2121.80968824,64066.8104192,58560.433376,CVaR,0.9,0.2,8829.88076854,10662.0283244,2132.40566488,96470.9988628,562.314033222,85880.7622688,10590.236594,25803.367916,20203.1973877,2923.02526775,1200,10800,5.68434188608e-13,9.09494701773e-13,8725.03402696,7950,8725.03402696,2874.09638765,11619.5191788,73564.5199098,91338.6277051,5132.37115768,0,25670.4395709,20095.5254282,240.600304573,5,619
2025-12-03,PuLP HiGHS,Optimal,3.53537949998,8725.03402696,7703.99172617,1.124955|0.726615|0.384264,4607.983452|7703.991726|10800,4607.98345235,6083.43407652,58427.2221837,1946.50263572,60373.7248194,56438.3246102,CVaR,0.9,0.2,2524.68708211,10740.1693367,2148.03386734,90838.0666357,516.241495675,83141.7388676,7696.32776816,24136.7176108,20469.6793355,2656.37987717,1200,10800,4.54747350886e-13,9.09494701773e-13,7703.99172617,8725.03402696,7703.99172617,2876.03028058,9085.25459671,67512.4767804,87773.1484894,3064.91814631,0,23186.1488108,19699.7186074,1720.52952808,17,851
2025-12-04,PuLP HiGHS,Optimal,4.3452935,7703.99172617,7645.71838678,1.124955|0.726615|0.384264,4491.436774|7645.718387|10800,4491.43677355,5994.66658998,59926.4582108,1557.97661765,61484.4348285,57059.947616,CVaR,0.9,0.2,4601.9646854,7850.89688785,1570.17937757,92995.7523601,408.848630367,85053.930819,7941.82154113,25119.4409767,20399.1931966,2794.11245186,1200,10800,4.54747350886e-13,9.09494701773e-13,7645.71838678,7703.99172617,7645.71838678,2612.22656279,8660.86006053,68587.3182713,88695.3209492,4300.43141093,0,24151.4987758,19615.1600139,1751.97538367,15,769
2025-12-05,PuLP HiGHS,Optimal,3.52187939998,7645.71838678,8153.63816232,1.124955|0.726615|0.384264,5507.276325|8153.638162|10800,5507.27632463,6768.37824446,26720.5240967,1805.09956909,28525.6236658,23705.0985156,CVaR,0.9,0.2,5541.24782873,9739.26547139,1947.85309428,48106.8687796,496.650579031,42702.7357489,5404.13303072,19980.0111503,15726.6812337,4685.35585224,1200,10800,4.54747350886e-13,9.09494701773e-13,8153.63816232,7645.71838678,8153.63816232,1473.26442526,4697.78802844,31418.3121252,45163.215162,2943.65361764,1108.95518962,19782.9942962,15567.097582,356.60050578,13,698
2025-12-06,PuLP HiGHS,Optimal,2.83499160002,8153.63816232,8729.25495686,1.124955|0.726615|0.384264,6658.509914|8729.254957|10800,6658.50991373,7645.21242951,29158.7474861,1710.70421601,30869.4517021,25490.9719426,CVaR,0.9,0.2,4633.46693816,11333.6633501,2266.73267002,51949.5300999,468.263427571,45049.4355724,6900.09452754,21124.0090331,16592.3922017,5926.85559649,1200,10800,2.27373675443e-13,9.09494701773e-13,8729.25495686,8153.63816232,8729.25495686,2358.62107713,6962.19133908,36120.9388252,48268.4406872,3681.08941277,2641.06206953,20017.4408579,15696.0719798,2002.88839725,24,621
2025-12-07,PuLP HiGHS,Optimal,1.04224759998,8729.25495686,7931.32036048,1.124955|0.726615|0.384264,5062.640721|7931.32036|10800,5062.64072096,6429.72264852,62567.915528,2408.48133016,64976.3968582,62374.9271618,CVaR,0.9,0.2,9442.28296162,19141.2647605,3828.2529521,96430.0440244,622.744738003,86023.0758632,10406.9681612,24780.0726707,20790,2497.39906506,1200,10800,4.54747350886e-13,2.27373675443e-13,7931.32036048,8729.25495686,7931.32036048,1359.18122443,4621.04452186,67188.9600499,90002.667412,6427.37661237,0,23301.6238062,19592.4564198,2675.99244466,19,614
2025-12-08,PuLP HiGHS,Optimal,1.03407979998,7931.32036048,7920.81380679,1.124955|0.726615|0.384264,5041.627614|7920.813807|10800,5041.62761357,6413.71806781,66007.514679,2341.60116908,68349.1158481,64556.9340957,CVaR,0.9,0.2,4307.45151721,13107.6815772,2621.53631544,101719.815288,613.62307056,93341.6608127,8378.15447495,25533.4505732,20691.5508626,1386.75193102,1200,10800,0,4.54747350886e-13,7920.81380679,7931.32036048,7920.81380679,176.059515755,887.866595275,66895.3812743,92136.7897992,9583.02548846,0,23553.1268241,19087.4886258,3584.3859859,20,766
2025-12-09,PuLP HiGHS,Optimal,2.8644207,7920.81380679,7715.13578038,1.124955|0.726615|0.384264,4630.271561|7715.13578|10800,4630.27156076,6100.40975857,65580.0120259,2234.52729858,67814.5393245,64613.3673832,CVaR,0.9,0.2,5261.61707973,14496.1890863,2899.23781726,101303.730382,589.622439876,93156.5333144,8147.19706716,25438.1355262,20790,1645.68681315,1200,10800,4.54747350886e-13,9.09494701773e-13,7715.13578038,7920.81380679,7715.13578038,157.404108866,678.975395235,66258.9874211,91603.8207204,9699.9096611,0,23988.8462442,19616.0756816,2623.21360043,17,760
2025-12-10,PuLP HiGHS,Optimal,3.98898220001,7715.13578038,8528.93794991,1.124955|0.726615|0.384264,6257.8759|8528.93795|10800,6257.87589983,7340.07053441,69187.1540791,2437.95837505,71625.1124541,67319.417062,CVaR,0.9,0.2,8947.77648548,15171.8757113,3034.37514227,106548.319435,624.483136227,95437.9746217,11110.3448136,26570.8912995,20790,2030.16795214,1200,10800,4.54747350886e-13,9.09494701773e-13,8528.93794991,7715.13578038,8528.93794991,61.2993227395,257.835101326,69444.9891804,93563.1632723,12985.156163,0,23707.4851356,18470.6410072,5182.76515669,20,692
2025-12-11,PuLP HiGHS,Optimal,5.2847095,8528.93794991,7775.99461983,1.124955|0.726615|0.384264,4751.98924|7775.99462|10800,4751.98923966,6193.11572441,65613.051741,2133.86009714,67746.9118381,63820.39145,CVaR,0.9,0.2,6243.96125881,11332.9766812,2266.59533624,100768.497392,562.377526644,92419.9308439,8348.56654802,24830.0629666,20790,1556.7112643,1200,10800,4.54747350886e-13,9.09494701773e-13,7775.99461983,8528.93794991,7775.99461983,60.2835593099,145.3934953,65758.4452363,89524.4541774,11244.0432145,0,22637.5370201,19014.0539833,3968.47196317,21,794
2025-12-12,PuLP HiGHS,Optimal,4.0268316,7775.99461983,8465.07773943,1.124955|0.726615|0.384264,6130.155479|8465.077739|10800,6130.15547887,7242.79259509,32545.0356006,2148.36088665,34693.3964873,30255.8134731,CVaR,0.9,0.2,6135.49807183,14026.0479047,2805.20958094,58197.0158902,576.015759023,50707.7088717,7489.30701848,22633.2277858,17712.7396989,3975.48755383,1200,10800,9.09494701773e-13,1.81898940355e-12,8465.07773943,7775.99461983,8465.07773943,69.1276694885,218.715079223,32763.7506798,50340.9987497,7856.01714049,2168.26537565,20564.5934347,16037.1458745,3744.22817554,29,650
2025-12-13,PuLP HiGHS,Optimal,4.05530909999,8465.07773943,8176.21788531,1.124955|0.726615|0.384264,5552.435771|8176.217885|10800,5552.43577063,6802.77382361,31592.0441122,2018.58162081,33610.625733,29096.6088805,CVaR,0.9,0.2,5127.51423257,11443.7848554,2288.75697109,56978.605031,540.668856936,50355.7105558,6622.89447527,21315.7609307,17525.7402226,3966.55198199,1200,10800,2.27373675443e-13,1.81898940355e-12,8176.21788531,8465.07773943,8176.21788531,74.5163612138,364.812564352,31956.8566766,48692.575293,8286.029738,1576.54838815,19220.967113,15828.9572302,3791.5768101,32,703
2025-12-14,PuLP HiGHS,Optimal,2.77421189999,8176.21788531,8641.60808276,1.124955|0.726615|0.384264,6483.216166|8641.608083|10800,6483.21616552,7511.70038443,68430.7045595,2031.18906976,70461.8936293,65281.4728535,CVaR,0.9,0.2,4443.48207382,11656.3980431,2331.27960862,104829.606786,534.006617977,95303.5971619,9526.00962414,26183.7668861,20790,1845.49285665,1200,10800,9.09494701773e-13,9.09494701773e-13,8641.60808276,8176.21788531,8641.60808276,49.1491170085,129.740226375,68560.4447859,93731.004656,11098.60213,0,24118.846291,19117.414318,3737.50627703,19,714
2025-12-15,PuLP HiGHS,Optimal,0.974508899992,8641.60808276,7946.47868853,1.124955|0.726615|0.384264,5092.957377|7946.478689|10800,5092.95737706,6452.81325385,64294.3178,2467.79236662,66762.1101666,62849.9039965,CVaR,0.9,0.2,3899.85893834,12703.035419,2540.6070838,99440.0659326,633.616744723,91882.2124447,7557.85348781,24702.3652005,20634.5322673,1589.48529069,1200,10800,9.09494701773e-13,4.54747350886e-13,7946.47868853,8641.60808276,7946.47868853,173.327904454,627.409016315,64921.7268163,93150.8860276,6289.17990499,0,23580.3811588,19725.7251934,2030.79111566,17,914
2025-12-16,PuLP HiGHS,Optimal,3.30832080002,7946.47868853,7664.62813306,1.124955|0.726615|0.384264,4529.256266|7664.628133|10800,4529.25626612,6023.47171195,65901.0366578,2055.01268294,67956.0493407,64229.8461931,CVaR,0.9,0.2,4763.55327019,11486.3428218,2297.26856437,101409.311454,538.614604677,92871.8350171,8537.47643682,25353.4993828,20790,1626.62772827,1200,10800,4.54747350886e-13,9.09494701773e-13,7664.62813306,7946.47868853,7664.62813306,49.3120321594,185.107884571,66086.1445423,93681.324714,7727.98674001,0,24032.6890143,19720.1436015,2390.66676702,17,761
2025-12-17,PuLP HiGHS,Optimal,3.0207996,7664.62813306,8021.93848211,1.124955|0.726615|0.384264,5243.876964|8021.938482|10800,5243.87696423,6567.76078011,67947.2560273,2003.35143059,69950.6074578,66157.700468,CVaR,0.9,0.2,4578.50972487,13874.2689513,2774.85379026,104588.222525,519.376333849,95397.7106319,9190.51189323,26063.6781656,20790,2007.22470838,1200,10800,9.09494701773e-13,4.54747350886e-13,8021.93848211,7664.62813306,8021.93848211,176.92219378,572.528400947,68519.7844282,92809.7120334,11778.5104917,0,23543.1991914,18748.4120309,4562.06694324,19,640
2025-12-18,PuLP HiGHS,Optimal,4.03186829999,8021.93848211,8110.73278576,1.124955|0.726615|0.384264,5421.465572|8110.732786|10800,5421.46557152,6703.02069888,66261.6322734,2167.4866099,68429.1188833,64060.5248182,CVaR,0.9,0.2,4659.48196095,11672.1331692,2334.42663384,102144.253185,571.980167206,93863.0480013,8281.20518378,25657.4075544,20702.5852458,1470.76049924,1200,10800,9.09494701773e-13,9.09494701773e-13,8110.73278576,8021.93848211,8110.73278576,220.021647171,709.678780624,66971.311054,91856.1114421,10288.1417429,0,24368.1644704,19658.2983477,2333.52998207,17,771
2025-12-19,PuLP HiGHS,Optimal,2.70753879999,8110.73278576,8782.85405369,1.124955|0.726615|0.384264,6765.708107|8782.854054|10800,6765.70810739,7726.85966572,34131.4346584,2019.3571547,36150.7918131,30648.1687038,CVaR,0.9,0.2,9231.21846498,11121.1827824,2224.23655648,61146.2732133,536.171105236,52572.4650326,8573.80818067,22477.6194557,17601.962618,3661.78172203,1200,10800,4.54747350886e-13,9.09494701773e-13,8782.85405369,8110.73278576,8782.85405369,0,0,34131.4346584,50346.3489782,10799.9242351,3054.5277361,19886.951584,15503.5216419,4689.10884777,31,656
2025-12-20,PuLP HiGHS,Optimal,2.66038120002,8782.85405369,8551.48916051,1.124955|0.726615|0.384264,6302.978321|8551.489161|10800,6302.97832101,7374.42268075,33089.1420537,1966.10234552,35055.2443992,30269.0617682,CVaR,0.9,0.2,3550.29279848,12941.2002486,2588.24004973,58205.7659047,534.30969691,50935.0715698,7270.69433488,21654.2766056,17748.1924544,4499.72742731,1200,10800,4.54747350886e-13,9.09494701773e-13,8551.48916051,8782.85405369,8551.48916051,43.5528398437,182.250496272,33271.39255,49079.1930875,9126.57281727,2822.05691824,19224.0271733,15779.6904142,4398.75147255,34,669
2025-12-21,PuLP HiGHS,Optimal,0.914025100006,8551.48916051,7950,1.124955|0.726615|0.384264,5101.519049|7950.759525|10800,5101.51904906,6458.782348,65258.4255297,2177.54720789,67435.9727376,62861.0107635,CVaR,0.9,0.2,5732.74691176,9419.1018693,1883.82037386,100376.36363,572.52571749,93514.7124202,6861.65120944,24998.3453772,20790,1255.95264872,1200,10800,3.63797880709e-12,9.09494701773e-13,7950,8551.48916051,7950,562.331304962,1659.27012406,66917.6956538,92343.8884363,8032.47519335,0,23209.3585213,19340.9206467,3238.06620913,17,905
2025-12-22,PuLP HiGHS,Optimal,2.70236200001,7950,8499.51002121,1.124955|0.726615|0.384264,6199.020042|8499.510021|10800,6199.02004242,7295.24311776,67940.242077,2414.99041594,70355.2324929,66109.9588057,CVaR,0.9,0.2,4131.01534961,15249.847153,3049.9694306,104669.821443,642.144881479,95804.2596159,8865.56182727,26277.2333569,20790,1728.60783781,1200,10800,0,9.09494701773e-13,8499.51002121,7950,8499.51002121,75.3738575846,209.050440626,68149.2925176,93981.3804814,10688.4409618,0,24340.8854554,19221.5581998,3504.78970167,17,742
2025-12-23,PuLP HiGHS,Optimal,5.11719820002,8499.51002121,8566.14324587,1.124955|0.726615|0.384264,6332.286492|8566.143246|10800,6332.28649175,7396.74517572,66367.4797907,2514.98790989,68882.4677006,63841.5378978,CVaR,0.9,0.2,5542.02499566,11779.0768648,2355.81537296,102396.577697,656.800425046,94608.5770285,7788.00066808,25740.703583,20790,1489.44048207,1200,10800,9.09494701773e-13,1.81898940355e-12,8566.14324587,8499.51002121,8566.14324587,3.42878577007,7.47475297875,66374.9545437,91838.9157927,10557.6619039,0,23812.0112785,19227.7592334,3490.93307105,18,820
2025-12-24,PuLP HiGHS,Optimal,0.884462400019,8566.14324587,8582.99473688,1.124955|0.726615|0.384264,6365.989474|8582.994737|10800,6365.98947375,7422.41496771,67202.4522928,2235.00769361,69437.4599864,64835.1128765,CVaR,0.9,0.2,3762.77742001,14100.3392891,2820.06785782,103356.963502,595.131694724,95013.6239471,8343.33955524,25685.3905456,20790,1548.92001677,1200,10800,9.09494701773e-13,9.09494701773e-13,8582.99473688,8566.14324587,8582.99473688,17.6987429687,44.4870452031,67246.939338,92328.6804931,11028.2830092,0,23561.3346185,19069.5146991,3844.54122804,18,721
2025-12-25,PuLP HiGHS,Optimal,3.11681209999,8582.99473688,8258.58564677,1.124955|0.726615|0.384264,5717.171294|8258.585647|10800,5717.17129353,6928.24422279,64969.1889951,2096.79693823,67065.9859333,61434.0583373,CVaR,0.9,0.2,4403.65260988,6481.58313381,1296.31662676,100450.932875,542.644003854,92751.2339967,7699.69887795,25306.2121221,20790,1415.58626508,1200,10800,9.09494701773e-13,9.09494701773e-13,8258.58564677,8582.99473688,8258.58564677,442.036335024,1655.90371386,66625.092709,91460.1584811,8990.77439354,0,23061.6550729,18971.9087902,4062.648259,19,974
2025-12-26,PuLP HiGHS,Optimal,2.74327610002,8258.58564677,7933.53431161,1.124955|0.726615|0.384264,5067.068623|7933.534312|10800,5067.06862322,6433.0951492,31328.3861414,1789.91284455,33118.298986,28685.3792106,CVaR,0.9,0.2,4800.39927196,10000.8768693,2000.17537385,56017.9851388,463.422063475,49697.477489,6320.50764977,21323.6278638,17564.6847713,3809.66468438,1200,10800,4.54747350886e-13,9.09494701773e-13,7933.53431161,8258.58564677,7933.53431161,78.9042678989,275.908254553,31604.294396,48621.8261618,7396.15897702,2297.25986641,19412.6017451,16016.7536152,3458.9572749,30,748
2025-12-27,PuLP HiGHS,Optimal,2.64295949999,7933.53431161,7694.18488467,1.124955|0.726615|0.384264,4588.369769|7694.184885|10800,4588.36976935,6068.4953639,31129.0130993,2039.92973626,33168.9428355,30259.0778092,CVaR,0.9,0.2,2274.49570582,15793.1516882,3158.63033764,56060.5709425,552.777606056,49614.6550994,6445.91584303,21536.5578802,17660.0263672,4181.29865562,1200,10800,9.09494701773e-13,2.27373675443e-13,7694.18488467,7933.53431161,7694.18488467,100.629726678,355.675811081,31484.6889103,48644.75829,7415.8126525,1982.69332813,19154.2110847,15730.3254629,4312.04769976,31,677
2025-12-28,PuLP HiGHS,Optimal,2.8640991,7694.18488467,8471.11941559,1.124955|0.726615|0.384264,6142.238831|8471.119416|10800,6142.23883119,7251.99585018,68083.5666526,2310.30171179,70393.8683644,66199.611936,CVaR,0.9,0.2,4138.87746592,15288.6971092,3057.73942183,104940.521126,593.956048578,95905.7180766,9034.80304897,26529.9272566,20790,1432.52263603,1200,10800,0,9.09494701773e-13,8471.11941559,7694.18488467,8471.11941559,60.4768664062,138.987785638,68222.5544382,91982.121088,12958.4000376,0,23863.6954029,18630.3521985,4825.8796552,18,699
2025-12-29,PuLP HiGHS,Optimal,3.83864969999,8471.11941559,7766.10710787,1.124955|0.726615|0.384264,4732.214216|7766.107108|10800,4732.21421574,6178.05412688,67481.3111824,2158.20257814,69639.5137606,66504.6193548,CVaR,0.9,0.2,5605.46207595,15215.7986058,3043.15972116,103405.401356,565.538666758,93246.3879518,10159.0134045,24883.3196581,20790,1676.29596146,1200,10800,4.54747350886e-13,1.81898940355e-12,7766.10710787,8471.11941559,7766.10710787,18.1827915446,67.2545717382,67548.5657541,91103.6553004,12301.7460559,0,22276.7521172,18678.6802919,4717.88724905,20,645
2025-12-30,PuLP HiGHS,Optimal,4.67598419997,7766.10710787,8060.18525155,1.124955|0.726615|0.384264,5320.370503|8060.185252|10800,5320.3705031,6626.02189276,66346.8444955,2205.19578506,68552.0402805,64773.9375755,CVaR,0.9,0.2,4257.58357386,14239.5959388,2847.91918775,102333.805158,571.77097805,93659.8786112,8673.92654672,25993.4201596,20790,1693.33935938,1200,10800,4.54747350886e-13,9.09494701773e-13,8060.18525155,7766.10710787,8060.18525155,96.7528114647,211.768530989,66558.6130265,90885.4899389,11448.315219,0,23648.2622158,18890.4220655,4244.73587834,20,742
2025-12-31,PuLP HiGHS,Optimal,1.02194600002,8060.18525155,7834.33049198,1.124955|0.726615|0.384264,4868.660984|7834.330492|10800,4868.66098395,6281.97846677,65247.0659176,2038.77657334,67285.8424909,62798.1582979,CVaR,0.9,0.2,4475.46739744,8971.47136849,1794.2942737,100784.265087,542.955322778,93571.845987,7212.41910027,25403.2597782,20779.909704,1601.39283746,1200,10800,9.09494701773e-13,9.09494701773e-13,7834.33049198,8060.18525155,7834.33049198,263.400084635,583.269869944,65830.3357875,92744.5948769,8039.67021036,0,24025.4805885,19663.9085603,2493.78033329,19,909
