date,solver,status,runtime_seconds,initial_energy_kwh,final_energy_kwh,terminal_value_rates_yuan_per_kwh,terminal_value_breakpoints_kwh,terminal_uncertainty_reserve_kwh,terminal_value_credit_yuan,planned_purchase_cost_yuan,expected_emergency_cost_yuan,expected_total_cost_yuan,optimization_objective_yuan,risk_method,cvar_alpha,risk_weight,var_cost_yuan,cvar_cost_yuan,lambda_cvar_term_yuan,planned_purchase_energy_kwh,expected_emergency_energy_kwh,expected_planned_grid_used_energy_kwh,expected_unused_planned_grid_energy_kwh,charge_energy_kwh,discharge_energy_kwh,expected_spill_energy_kwh,minimum_energy_kwh,maximum_energy_kwh,maximum_power_balance_residual_kw,maximum_soc_residual_kwh,planned_final_energy_kwh,actual_initial_energy_kwh,actual_final_energy_kwh,realized_emergency_energy_kwh,realized_emergency_cost_yuan,realized_total_cost_yuan,realized_planned_grid_used_energy_kwh,realized_unused_planned_grid_energy_kwh,realized_pv_spill_energy_kwh,actual_charge_energy_kwh,actual_discharge_energy_kwh,battery_clipping_energy_kwh,battery_clipping_intervals,scenario_emergency_interval_count
2025-02-01,PuLP HiGHS,Optimal,3.71578329999,6000,7189.18008607,1.124955|0.726615|0.384264,3506.12668|7153.06334|10800,3506.12668024,5244.20762069,25894.6977784,1454.14616968,27348.843948,22104.6363274,expected_cost,0.9,0,2301.3808799,2507.8787107,0,48873.8809392,407.276200464,45691.8656855,3182.01525371,21561.0419973,16426.6870117,2630.1000452,1200,10800,3.12638803734e-13,1.81898940355e-12,7153.06334012,6000,7189.18008607,156.522814583,793.439520019,26688.1372984,43444.984884,5428.89605526,4321.21490284,20167.6567626,15265.5399003,2554.53234615,30,1081
2025-02-02,PuLP HiGHS,Optimal,1.0180291,7189.18008607,7055.40240761,1.124955|0.726615|0.384264,3310.804815|7055.402408|10800,3310.80481523,5095.44121051,58950.0766006,2200.22871917,61150.3053198,56054.8641093,expected_cost,0.9,0,3507.05570186,3867.50217642,0,92984.0513209,580.890511239,88727.1025016,4256.94881927,24684.6914684,20115,1024.00900657,1200,10800,4.54747350886e-13,9.09494701773e-13,7055.40240761,7189.18008607,7055.40240761,72.9631219773,253.663366971,59203.7399676,82429.9486032,10554.1027177,59.1740666667,22146.6295745,18059.169866,4593.89202794,28,1290
2025-02-03,PuLP HiGHS,Optimal,0.944751700008,7055.40240761,7055.40235185,1.124955|0.726615|0.384264,3310.804704|7055.402352|10800,3310.80470371,5095.44112557,57836.628747,2020.34080151,59856.9695485,54761.5284229,expected_cost,0.9,0,3695.56007702,4184.6281203,0,91679.3812078,524.206915975,87406.151261,4273.22994682,24822.0709036,20105.8774821,1174.41690225,1200,10800,0,4.54747350886e-13,7055.40235185,7055.40240761,7055.40235185,176.021409058,645.483924738,58482.1126717,84354.8638507,7324.51735716,0,22705.0989995,18391.1302398,3831.71914641,25,1263
2025-02-04,PuLP HiGHS,Optimal,1.0131011,7055.40235185,7079.21568092,1.124955|0.726615|0.384264,3315.626909|7057.813454|10800,3315.62690857,5099.11394585,57963.134442,2191.61041183,60154.7448539,55055.630908,expected_cost,0.9,0,4192.69937805,4769.84730045,0,91874.2031925,576.594085839,87511.0632817,4363.13991076,24620.3090201,19940.2803141,1167.39226989,1200,10800,0,9.09494701773e-13,7057.81345429,7055.40235185,7079.21568092,519.887121154,1995.04359708,59958.1780391,85216.4890643,6657.71412817,0,23789.8959964,19248.3837609,1522.30957692,22,1251
2025-02-05,PuLP HiGHS,Optimal,1.0181897,7079.21568092,6873.5491149,1.124955|0.726615|0.384264,2947.09823|6873.549115|10800,2947.0982298,4818.42499898,56804.6891653,2157.64731213,58962.3364774,54143.9114785,expected_cost,0.9,0,4325.27126281,5250.18753043,0,90240.9378672,567.585898255,86013.2749876,4227.6628796,24099.9033799,19706.0216471,1061.37092867,1200,10800,4.54747350886e-13,9.09494701773e-13,6873.5491149,7079.21568092,6873.5491149,403.764425503,1585.32229928,58390.0114646,84579.5560029,5661.38186429,2.0525,23252.3202866,19019.4793416,1534.12539879,21,1302
2025-02-06,PuLP HiGHS,Optimal,2.46528069999,6873.5491149,7092.43511486,1.124955|0.726615|0.384264,3337.542418|7068.771209|10800,3337.54241809,5115.80583888,58546.0406601,2050.9265658,60596.9672259,55481.161387,expected_cost,0.9,0,3615.78359743,3833.31253894,0,92447.3966033,536.879389457,88132.8417278,4314.55487552,25035.8975316,20103.3771159,1118.95442351,1200,10800,4.54747350886e-13,4.54747350886e-13,7068.77120905,6873.5491149,7092.43511486,109.262041211,393.879071712,58939.9197318,84744.0756892,7703.3209141,1.40081666667,23073.0647215,18492.1850245,3574.02490149,26,1302
2025-02-07,PuLP HiGHS,Optimal,3.02383049999,7092.43511486,7058.30191845,1.124955|0.726615|0.384264,3288.933463|7044.466731|10800,3288.93346291,5078.78294969,24470.1734441,1486.74331994,25956.9167641,20878.1338144,expected_cost,0.9,0,2504.13274318,2620.61467168,0,46075.9360525,400.865583009,42972.6867873,3103.2492652,20154.1111628,16368.0015869,2785.87026061,1200,10800,4.54747350886e-13,1.81898940355e-12,7044.46673145,7092.43511486,7058.30191845,124.454462965,713.250849258,25183.4242934,40661.5636844,5414.37236816,5389.76938886,19059.415624,15468.8465322,1993.85059344,28,1121
2025-02-08,PuLP HiGHS,Optimal,2.9364368,7058.30191845,7044.46668684,1.124955|0.726615|0.384264,3288.933374|7044.466687|10800,3288.93337368,5078.78288173,22004.4755133,1636.26791709,23640.7434304,18561.9605487,expected_cost,0.9,0,3134.17000374,3406.7314103,0,41305.8672971,463.332587083,38532.4392811,2773.42801604,19499.5363118,15807.076121,3328.04716888,1200,10800,4.54747350886e-13,1.81898940355e-12,7044.46668684,7058.30191845,7044.46668684,289.458554601,1226.35138032,23230.8268936,38639.8455778,2666.02171932,3847.06874639,18513.2861989,15008.2135295,1785.1127044,22,1158
2025-02-09,PuLP HiGHS,Optimal,0.892506100005,7044.46668684,7044.46672119,1.124955|0.726615|0.384264,3288.933442|7044.466721|10800,3288.93344238,5078.78293405,54258.1284412,2123.5668754,56381.6953166,51302.9123826,expected_cost,0.9,0,4232.83145552,4728.22256463,0,86530.5295298,564.330848354,82364.814038,4165.71549178,24452.2326171,19806.3083889,1289.87492987,1200,10800,9.09494701773e-13,9.09494701773e-13,7044.46672119,7044.46668684,7044.46672119,1138.37090637,3824.40072991,58082.5291711,82894.1538661,3636.37566368,0,23563.7303942,19086.6215884,1608.18902339,20,1294
2025-02-10,PuLP HiGHS,Optimal,0.874541500001,7044.46672119,6903.82552941,1.124955|0.726615|0.384264,2997.494005|6898.747002|10800,2997.494005,4856.80881517,55151.2921946,2007.05505483,57158.3472494,52301.5384343,expected_cost,0.9,0,3517.36678804,4225.31532305,0,87702.4342679,545.462143588,83604.5387532,4097.89551471,24328.5789559,19837.2967011,1297.94373868,1200,10800,9.09494701773e-13,9.09494701773e-13,6898.7470025,7044.46672119,6903.82552941,208.853505683,718.977810097,55870.2700047,78319.1706841,9383.26358378,415.213666532,20593.4211185,16807.2481786,6765.2063598,30,1295
2025-02-11,PuLP HiGHS,Optimal,3.5420686,6903.82552941,6962.26373559,1.124955|0.726615|0.384264,3124.527471|6962.263736|10800,3124.52747118,4953.56353711,53756.2574725,2038.78410421,55795.0415767,50841.4780396,expected_cost,0.9,0,4479.35653433,4656.71336026,0,85946.2682613,551.837568299,81915.8376359,4030.43062538,24472.2958974,19769.9652913,1409.74496558,1200,10800,4.54747350886e-13,9.09494701773e-13,6962.26373559,6903.82552941,6962.26373559,219.153294777,1102.70700153,54858.964474,79480.3455858,6465.92267552,162.0573,22443.4213773,18126.57693,3672.26288149,27,1296
2025-02-12,PuLP HiGHS,Optimal,4.7425945,6962.26373559,7010.44572894,1.124955|0.726615|0.384264,3220.891458|7010.445729|10800,3220.89145788,5026.95892667,53354.5068637,2147.82587486,55502.3327386,50475.3738119,expected_cost,0.9,0,4381.1997291,4587.46140887,0,85448.5030562,578.739213,81543.0453631,3905.45769305,24193.0836167,19553.0339355,1397.91677395,1200,10800,4.54747350886e-13,1.81898940355e-12,7010.44572894,6962.26373559,7010.44572894,360.15144671,1489.19091614,54843.6977799,79348.6780513,6099.8250049,163.384283333,22291.2909857,18012.5819044,3442.24466213,27,1322
2025-02-13,PuLP HiGHS,Optimal,3.7331849,7010.44572894,7112.23946393,1.124955|0.726615|0.384264,3424.478928|7112.239464|10800,3424.47892786,5182.02081421,53397.168936,1984.42767347,55381.5966095,50199.5757953,expected_cost,0.9,0,3613.24118224,3891.335783,0,85339.5683308,529.166429907,81304.8432219,4034.72510887,24113.10415,19440,1367.32231319,1200,10800,2.27373675443e-13,4.54747350886e-13,7112.23946393,7010.44572894,7112.23946393,308.777824489,1327.55590268,54724.7248387,75593.7113401,9745.8569907,684.727033333,19982.4671215,16094.1840069,7476.45302162,30,1294
2025-02-14,PuLP HiGHS,Optimal,2.8410856,7112.23946393,7112.23946833,1.124955|0.726615|0.384264,3424.478937|7112.239468|10800,3424.47893665,5182.02082091,20259.589814,1558.45969823,21818.0495122,16636.0286913,expected_cost,0.9,0,2952.59020857,3313.55811891,0,37618.6462898,438.00167745,35073.3805688,2545.26572105,18606.0208216,15070.8768616,3959.85433982,1200,10800,4.54747350886e-13,1.81898940355e-12,7112.23946833,7112.23946393,7112.23946833,1047.73282074,3501.56324526,23761.1530592,35590.0798684,2028.56642145,3429.31848661,17929.9599047,14523.2675188,1223.67025967,18,1106
2025-02-15,PuLP HiGHS,Optimal,2.7532244,7112.23946833,7011.21957793,1.124955|0.726615|0.384264,3222.439156|7011.219578|10800,3222.43915585,5028.13772696,20116.6343563,1465.51589457,21582.1502508,16554.0125239,expected_cost,0.9,0,2419.69376593,2870.3201565,0,37339.1827977,405.778523445,34736.0207353,2603.16206237,18333.2256294,14940.8306612,4299.90965824,1200,10800,4.54747350886e-13,1.81898940355e-12,7011.21957793,7112.23946833,7011.21957793,768.44327256,2798.68140153,22915.3157578,35611.190909,1727.99188864,3909.4466937,17268.4962593,14078.3998714,1927.16016006,20,1078
2025-02-16,PuLP HiGHS,Optimal,3.19342550001,7011.21957793,7041.73258312,1.124955|0.726615|0.384264,3283.465166|7041.732583|10800,3283.46516625,5074.61803521,51417.0411411,2167.03229114,53584.0734322,48509.455397,expected_cost,0.9,0,3873.71778106,4231.89498567,0,82669.5054322,571.007663277,78749.1127983,3920.39263395,23360.9730086,18894.9264323,1588.12034099,1200,10800,2.27373675443e-13,1.81898940355e-12,7041.73258312,7011.21957793,7041.73258312,977.874766709,3712.88593739,55129.9270785,78658.9233139,4010.58211833,30.5391666667,22112.7268908,17883.8470769,2259.32547319,17,1313
2025-02-17,PuLP HiGHS,Optimal,0.9249652,7041.73258312,6992.55534051,1.124955|0.726615|0.384264,3185.110681|6992.555341|10800,3185.11068102,4999.70658742,50562.1457007,2123.42760668,52685.5733074,47685.86672,expected_cost,0.9,0,3765.15182585,4190.54802065,0,81615.1719759,572.092645258,77743.7164922,3871.45548374,23102.8392672,18757.5593248,1536.12494897,1200,10800,0,4.54747350886e-13,6992.55534051,7041.73258312,6992.55534051,309.891299666,1280.03905171,51842.1847524,75508.6987127,6106.47326316,801.467166667,20407.995776,16574.7360969,4877.6667192,29,1323
2025-02-18,PuLP HiGHS,Optimal,3.1261279,6992.55534051,6967.98942508,1.124955|0.726615|0.384264,3135.97885|6967.989425|10800,3135.97885015,4962.28545127,50420.1206151,2063.52553786,52483.6461529,47521.3607017,expected_cost,0.9,0,3875.9544783,4392.0110209,0,81211.441522,557.858800531,77358.6598151,3852.78170691,23205.1298314,18818.2644873,1696.06870684,1200,10800,3.41060513165e-13,9.09494701773e-13,6967.98942508,6992.55534051,6967.98942508,331.627011427,1271.69236265,51691.8129777,75936.8757611,5274.56576088,179.41755,21156.8777005,17159.1802613,3707.33635696,29,1314
2025-02-19,PuLP HiGHS,Optimal,3.4810951,6967.98942508,6999.39992283,1.124955|0.726615|0.384264,3198.799846|6999.399923|10800,3198.79984566,5010.13290545,50126.8489767,2090.27306143,52217.1220382,47206.9891327,expected_cost,0.9,0,4043.71653661,4755.58959845,0,80853.4701697,560.015135589,77066.4969919,3786.97317779,23259.2116696,18811.6920044,1686.40353701,1200,10800,3.41060513165e-13,9.09494701773e-13,6999.39992283,6967.98942508,6999.39992283,900.835611728,3131.05259768,53257.9015744,76452.9547433,4400.51542641,167.243216667,22520.7910899,18213.5713348,1336.54124934,20,1300
2025-02-20,PuLP HiGHS,Optimal,4.34004479999,6999.39992283,7044.46675123,1.124955|0.726615|0.384264,3288.933502|7044.466751|10800,3288.93350246,5078.78297982,49790.5798668,2051.34420481,51841.9240716,46763.1410918,expected_cost,0.9,0,3993.45425794,4207.06752173,0,80587.6440362,546.075138679,76819.0928832,3768.55115303,23260.5358423,18800.4738867,1671.55415948,1200,10800,3.41060513165e-13,1.81898940355e-12,7044.46675123,6999.39992283,7044.46675123,513.198710725,2271.88174289,52062.4616097,75025.9998946,5561.64414161,391.814483333,21651.0012796,17496.7508909,2913.25755859,21,1302
2025-02-21,PuLP HiGHS,Optimal,2.9848836,7044.46675123,6833.88426606,1.124955|0.726615|0.384264,2867.768532|6833.884266|10800,2867.76853212,4758.00373307,19600.319006,1094.38449913,20694.7035052,15936.6997721,expected_cost,0.9,0,1806.99586759,2032.62238711,0,36439.9403802,293.522087551,34008.7268469,2431.21353328,17952.6113181,14731.1394043,5747.17532408,1200,10800,4.54747350886e-13,1.81898940355e-12,6833.88426606,7044.46675123,6833.88426606,262.478489356,878.887615996,20479.206622,34157.9732702,2281.96710996,5740.32575653,17417.832665,14297.9686953,967.949362052,18,928
2025-02-22,PuLP HiGHS,Optimal,3.16689750001,6833.88426606,7007.71173531,1.124955|0.726615|0.384264,3215.423471|7007.711735|10800,3215.42347061,5022.79424783,19713.0375817,1208.94732104,20921.9849028,15899.1906549,expected_cost,0.9,0,2202.89946244,2308.11235386,0,36688.2629736,320.417262395,34297.65566,2390.60731363,17951.9135398,14384.605245,5767.18756868,1200,10800,0,9.09494701773e-13,7007.71173531,6833.88426606,7007.71173531,308.607657339,1099.45495192,20812.4925336,34609.3801728,2078.8828008,3602.6727706,17442.6708099,13972.1186337,921.729341145,17,931
2025-02-23,PuLP HiGHS,Optimal,7.4960609,7007.71173531,6975.53149333,1.124955|0.726615|0.384264,3135.978874|6967.989437|10800,3135.9788744,4962.28546974,49335.4023793,1822.53342211,51157.9358014,46195.6503317,expected_cost,0.9,0,3419.49425571,3899.91743314,0,79635.1190117,492.35741129,75755.2413465,3879.87766519,23143.5250019,18782.0053198,1773.55336487,1200,10800,4.54747350886e-13,1.81898940355e-12,6967.9894372,7007.71173531,6975.53149333,680.440618108,2234.82879597,51570.2311753,75430.0463252,4205.07268653,462.153433333,21818.1160232,17701.6361966,2405.77810191,23,1292
2025-02-24,PuLP HiGHS,Optimal,3.20725420001,6975.53149333,6916.90828048,1.124955|0.726615|0.384264,3033.816561|6916.90828|10800,3033.81656096,4884.47379911,48456.5624302,2091.88921367,50548.4516439,45663.9778448,expected_cost,0.9,0,3973.08700119,4718.00064701,0,78635.7963164,559.811211194,74851.4079325,3784.38838389,23176.4447664,18825.6811523,1789.30368963,1200,10800,9.09494701773e-13,1.81898940355e-12,6916.90828048,6975.53149333,6916.90828048,346.213581659,1470.0046515,49926.5670817,72958.0265078,5677.76980859,1162.30248333,21008.7625319,17069.8585424,3923.50484448,32,1302
2025-02-25,PuLP HiGHS,Optimal,4.72993060001,6916.90828048,6999.39998421,1.124955|0.726615|0.384264,3198.799968|6999.399984|10800,3198.79996841,5010.13299894,48437.8740117,2123.55277775,50561.4267895,45551.2937905,expected_cost,0.9,0,4208.55573511,4949.04657937,0,78563.2633561,565.828488956,74922.4468161,3640.81653996,23356.4736107,18844.5010913,1760.80697722,1200,10800,2.27373675443e-13,1.81898940355e-12,6999.39998421,6916.90828048,6999.39998421,334.225076734,1151.06357429,49588.937586,71462.2846083,7100.97874779,2074.51036667,20139.123956,16238.447871,5823.40287502,34,1324
2025-02-26,PuLP HiGHS,Optimal,4.25147990001,6999.39998421,7011.21925609,1.124955|0.726615|0.384264,3222.438512|7011.219256|10800,3222.43851219,5028.13723671,48389.6909077,1967.3745368,50357.0654444,45328.9282077,expected_cost,0.9,0,3912.50260168,4302.41258006,0,78519.4456191,533.272166973,75008.9410453,3510.5045738,23189.4050697,18772.7807617,1825.49063218,1200,10800,9.09494701773e-13,9.09494701773e-13,7011.21925609,6999.39998421,7011.21925609,512.43915123,1980.1383242,50369.8292319,73153.2696606,5366.17595856,863.756872786,20928.7713735,16941.6674678,4091.74699003,29,1296
2025-02-27,PuLP HiGHS,Optimal,3.7804678,7011.21925609,6999.40009554,1.124955|0.726615|0.384264,3198.800191|6999.400096|10800,3198.80019108,5010.13316854,47443.9842984,1928.01567694,49371.9999753,44361.8668068,expected_cost,0.9,0,3404.01697427,4113.18575281,0,77209.2639611,522.473775668,73689.0972935,3520.16666766,23068.1154895,18695.810791,1797.73275474,1200,10800,9.09494701773e-13,9.09494701773e-13,6999.40009554,7011.21925609,6999.40009554,463.01318142,2187.41475318,49631.3990515,71718.8869491,5490.37701203,986.865520573,22363.6192339,18125.168824,1275.13822268,19,1315
2025-02-28,PuLP HiGHS,Optimal,3.23247849999,6999.40009554,6999.20647392,1.124955|0.726615|0.384264,3198.412948|6999.206474|10800,3198.41294784,5009.83822569,18898.4902406,1085.62424485,19984.1144854,14974.2762597,expected_cost,0.9,0,1596.85743948,1999.51066302,0,35384.6627674,292.62161725,33023.1185787,2361.54418874,17915.8852971,14512.0413501,8474.86225214,1200,10800,4.54747350886e-13,9.09494701773e-13,6999.20647392,6999.40009554,6999.20647392,403.459502385,1444.51380831,20343.0040489,33314.7624584,2069.90030906,7236.14590263,16787.6671978,13598.1846897,2042.07475962,21,902
2025-03-01,PuLP HiGHS,Optimal,5.4614346,6999.20647392,6982.29975284,1.124955|0.726615|0.384264,3135.978833|6967.989416|10800,3135.97883293,4962.28543815,19015.7647472,1064.11996815,20079.8847154,15117.5992772,expected_cost,0.9,0,1657.50628401,1883.96848719,0,35372.9603859,291.405174186,33029.777731,2343.1826549,17451.6861611,14163.9611422,8188.18903762,1200,10800,4.54747350886e-13,1.81898940355e-12,6967.98941647,6999.20647392,6982.29975284,647.784521368,2871.68492959,21887.4496768,32113.7780525,3259.18233342,6014.1606773,16336.0632219,13247.4272587,2032.1568226,21,924
2025-03-02,PuLP HiGHS,Optimal,4.4567389,6982.29975284,6999.20626443,1.124955|0.726615|0.384264,3198.412529|6999.206264|10800,3198.41252885,5009.83790657,46953.1247222,2155.04667059,49108.1713928,44098.3334862,expected_cost,0.9,0,4280.14707148,5192.87716741,0,76499.9283686,563.185909401,72797.7390565,3702.18931217,22983.1661013,18601.1486816,1934.03484646,1200,10800,4.54747350886e-13,4.54747350886e-13,6999.20626443,6982.29975284,6999.20626443,3856.51085288,14657.6792156,61610.8039378,72699.1504722,3800.77789641,0,22011.2547264,17813.900468,1759.15958858,23,1305
2025-03-03,PuLP HiGHS,Optimal,3.91756890001,6999.20626443,7000.17357342,1.124955|0.726615|0.384264,3200.347147|7000.173573|10800,3200.34714684,5011.31140352,46911.4731422,2227.09289885,49138.566041,44127.2546375,expected_cost,0.9,0,4350.99592758,5929.27540983,0,76334.8430228,592.837511136,72639.9835548,3694.85946798,23233.3886582,18818.174235,1869.77513942,1200,10800,9.09494701773e-13,9.09494701773e-13,7000.17357342,6999.20626443,7000.17357342,2888.33267137,11689.6417564,58601.1148986,73594.195196,2740.64782679,76.6930884115,23093.7766711,18705.0885255,252.69769664,10,1330
2025-03-04,PuLP HiGHS,Optimal,3.28153009999,7000.17357342,6969.64161754,1.124955|0.726615|0.384264,3139.283235|6969.641618|10800,3139.28323509,4964.8022278,48115.971204,2496.68534862,50612.6565526,45647.8543248,expected_cost,0.9,0,3446.93482429,11125.9577566,0,77996.4551576,675.465444708,74173.0235852,3823.43157246,23173.0027693,18797.6110034,1921.84483809,1200,10800,9.09494701773e-13,9.09494701773e-13,6969.64161754,7000.17357342,6969.64161754,665.811624079,2066.77889459,50182.7500986,73290.1786512,4706.27650646,631.859677214,21853.4285526,17728.7558879,2388.42933216,27,1300
2025-03-05,PuLP HiGHS,Optimal,3.8201464,6969.64161754,7055.40230692,1.124955|0.726615|0.384264,3310.804614|7055.402307|10800,3310.80461383,5095.44105711,48728.7929186,2091.44135606,50820.2342746,45724.7932175,expected_cost,0.9,0,3750.55604778,4748.96083976,0,79084.0505619,556.946008181,75473.8307748,3610.21978709,23334.1120832,18823.446167,1685.11627536,1200,10800,1.1823431123e-11,3.63797880709e-12,7055.40230692,6969.64161754,7055.40230692,165.082745033,685.500762158,49414.2936807,70776.179012,8307.87154985,904.621439529,20152.5456863,16246.3773855,5758.63517844,31,1326
2025-03-06,PuLP HiGHS,Optimal,2.8413777,7055.40230692,7044.46662736,1.124955|0.726615|0.384264,3288.933255|7044.466627|10800,3288.93325472,5078.78279112,48663.8782917,2301.94368494,50965.8219766,45887.0391855,expected_cost,0.9,0,3954.72997861,8078.59414629,0,78573.2197487,609.951956078,74787.6026077,3785.61714107,23176.9462501,18783.1685742,1721.59609637,1200,10800,9.09494701773e-13,9.09494701773e-13,7044.46662736,7055.40230692,7044.46662736,317.654312598,932.63754435,49596.515836,70799.9279598,7773.29178897,1429.86164792,19773.2031722,16026.1366811,6160.774971,31,1332
2025-03-07,PuLP HiGHS,Optimal,3.0987145,7044.46662736,7141.18579235,1.124955|0.726615|0.384264,3365.839156|7082.919578|10800,3365.83915559,5137.35797826,18676.1404733,1237.89615927,19914.0366325,14776.6786543,expected_cost,0.9,0,1784.77471993,3497.61787249,0,34854.3595939,338.810867383,32581.1585848,2273.2010091,17207.6059545,13903.5531677,5387.93683322,1200,10800,0,1.81898940355e-12,7082.9195778,7044.46662736,7141.18579235,214.297161087,747.684979241,19423.8254525,31633.3207459,3221.03884798,7808.08287392,15948.4329014,12831.1834017,2331.54281918,25,960
2025-03-08,PuLP HiGHS,Optimal,2.9961123,7141.18579235,7007.02421081,1.124955|0.726615|0.384264,3185.11047|6992.555235|10800,3185.11046951,4999.70642633,17800.1205243,1117.98949526,18918.1100195,13918.4035932,expected_cost,0.9,0,1821.45902628,2078.20899177,0,32848.9658291,300.099262769,30438.1079224,2410.85790665,17218.4938942,14080.7475561,6995.31986025,1200,10800,4.54747350886e-13,9.09494701773e-13,6992.55523476,7141.18579235,7007.02421081,360.262246503,1106.88142067,18907.0019449,30822.8728026,2026.09302653,9048.69271049,16800.2539226,13728.9511007,770.036427096,18,926
2025-03-09,PuLP HiGHS,Optimal,4.54800600001,7007.02421081,6919.15171244,1.124955|0.726615|0.384264,3038.303425|6919.151712|10800,3038.30342488,4887.8912078,46094.9319235,2294.97699187,48389.9089154,43502.0177076,expected_cost,0.9,0,3416.58740067,7454.45934731,0,75012.8067524,611.426189255,71378.5520079,3634.2547445,22980.2069233,18693.0528564,2035.38368188,1200,10800,4.54747350886e-13,9.09494701773e-13,6919.15171244,7007.02421081,6919.15171244,235.034869737,899.012393283,46993.9443168,68532.9987059,6479.80804652,1564.85410195,20782.8403801,16913.1859564,3977.23344321,31,1340
2025-03-10,PuLP HiGHS,Optimal,8.1472048,6919.15171244,6916.60194938,1.124955|0.726615|0.384264,3033.203899|6916.601949|10800,3033.20389877,4884.00716649,45303.2055616,2052.16626095,47355.3718225,42471.364656,expected_cost,0.9,0,4245.20790024,4610.11413855,0,73933.235252,556.429292869,70170.1796399,3763.05561207,22720.6502063,18406.0214539,1925.21759612,1200,10800,5.68434188608e-13,1.81898940355e-12,6916.60194938,6919.15171244,6916.60194938,2073.25428717,6044.62879581,51347.8343574,70429.5594017,3503.67585025,393.588591536,21418.1496533,17350.9960059,2357.52600094,25,1344
2025-03-11,PuLP HiGHS,Optimal,3.67048489999,6916.60194938,7049.88018076,1.124955|0.726615|0.384264,3283.465275|7041.732637|10800,3283.46527472,5074.61811783,44997.7218229,2122.8753369,47120.5971598,42045.9790419,expected_cost,0.9,0,3592.33115471,6390.58452253,0,73894.6057516,567.089410754,70264.134348,3630.47140364,22627.4144106,18215.5880534,2044.62655594,1200,10800,9.09494701773e-13,9.09494701773e-13,7041.73263736,6916.60194938,7049.88018076,559.392833638,2137.4788581,47135.200681,68568.9897378,5325.61601383,1214.11176549,20291.5873561,16316.2353502,4235.17975767,32,1321
2025-03-12,PuLP HiGHS,Optimal,7.80051490001,7049.88018076,6992.74876028,1.124955|0.726615|0.384264,3185.497521|6992.74876|10800,3185.49752057,5000.0012228,44607.2990931,2300.11347938,46907.4125725,41907.4113497,expected_cost,0.9,0,4281.19688272,8238.60984056,0,73125.6052186,627.421910495,69358.5911971,3767.01402149,22106.8304312,17957.9509277,2045.09025488,1200,10800,4.54747350886e-13,9.09494701773e-13,6992.74876028,7049.88018076,6992.74876028,455.201758575,1620.28999728,46227.5890904,67708.7594118,5416.84580682,1979.72107214,20000.6510177,16251.9456027,3812.18473858,31,1310
2025-03-13,PuLP HiGHS,Optimal,4.0366941,6992.74876028,7083.21237648,1.124955|0.726615|0.384264,3366.424753|7083.212376|10800,3366.42475297,5137.80399704,44121.236472,2085.17359869,46206.4100707,41068.6060737,expected_cost,0.9,0,3917.42814507,6242.43880326,0,72544.7946775,562.269435564,68879.5143373,3665.28034018,22605.7662624,18229.253418,1912.59718184,1200,10800,4.54747350886e-13,9.09494701773e-13,7083.21237648,6992.74876028,7083.21237648,2850.29810084,10844.5564898,54965.7929619,68846.8524764,3697.94220112,59.5862,21108.0479261,17016.1015656,2710.87018872,26,1294
2025-03-14,PuLP HiGHS,Optimal,3.74138020001,7083.21237648,6999.39990829,1.124955|0.726615|0.384264,3198.799817|6999.399908|10800,3198.79981659,5010.1328833,17129.379787,1040.8027987,18170.1825857,13160.0497024,expected_cost,0.9,0,1612.35923324,1922.06219792,0,31889.231767,279.727457281,29577.5033101,2311.72845692,17965.9767319,14627.8723742,9547.72460079,1200,10800,1.25055521494e-12,1.81898940355e-12,6999.39990829,7083.21237648,6999.39990829,311.037622819,1324.26192687,18453.6417138,29982.1682392,1907.06352781,11172.5968102,16666.390999,13575.2079306,2352.25017652,20,894
2025-03-15,PuLP HiGHS,Optimal,3.86485879999,6999.39990829,7097.66774419,1.124955|0.726615|0.384264,3372.443829|7086.221914|10800,3372.44382894,5142.3884112,17327.4061519,1049.75308284,18377.1592348,13234.7708236,expected_cost,0.9,0,1902.19379607,2034.91793246,0,32390.120702,281.204944701,30091.1140576,2299.00664443,17948.169498,14459.8774879,9438.72538018,1200,10800,5.00222085975e-12,3.86535248253e-12,7086.22191447,6999.39990829,7097.66774419,408.043636013,1722.08273463,19049.4888866,30672.1974061,1717.92329598,6831.42504458,17032.8936589,13708.2028114,1666.95051563,19,871
2025-03-16,PuLP HiGHS,Optimal,4.31450930001,7097.66774419,7012.64005706,1.124955|0.726615|0.384264,3216.970856|7008.485428|10800,3216.97085646,5023.9728104,43803.7720965,2168.66527155,45972.437368,40948.4645576,expected_cost,0.9,0,3190.62578093,6158.71526451,0,72054.9457034,573.2791005,68399.489748,3655.45595537,22176.7203305,18043.4075521,1970.96434403,1200,10800,9.09494701773e-13,9.09494701773e-13,7008.48542823,7097.66774419,7012.64005706,654.734357684,2495.41407172,46299.1861682,67190.5852206,4864.36048279,684.967414281,20451.7376268,16642.4323962,3125.9578596,31,1305
2025-03-17,PuLP HiGHS,Optimal,4.96084330001,7012.64005706,7046.79454496,1.124955|0.726615|0.384264,3288.933146|7044.466573|10800,3288.93314576,5078.78270813,43934.0968929,2579.94437913,46514.041272,41435.2585639,expected_cost,0.9,0,6180.65342902,9626.61473552,0,72418.2551257,688.011622584,68766.254978,3652.0001477,22030.907882,17816.3915202,2219.51270185,1200,10800,1.27329258248e-11,3.63797880709e-12,7044.46657288,7012.64005706,7046.79454496,237.464649418,1066.76795874,45000.8648516,64199.3106825,8218.94444325,2909.69925353,19148.4505575,15479.5059124,5219.34293229,37,1312
2025-03-18,PuLP HiGHS,Optimal,3.0795086,7046.79454496,7086.22206112,1.124955|0.726615|0.384264,3372.444122|7086.222061|10800,3372.44412223,5142.38863459,42627.7565826,2099.80109732,44727.5576799,39585.1690453,expected_cost,0.9,0,3495.11553398,6660.03045861,0,70426.1251974,564.613182066,66867.4803238,3558.64487358,21782.4728739,17608.3182633,2246.98228775,1200,10800,9.09494701773e-13,9.09494701773e-13,7086.22206112,7046.79454496,7086.22206112,1008.04037227,4609.17260138,47236.9291839,65786.7507071,4639.3744903,1652.08012747,20954.0411615,16937.2885762,1499.46139959,22,1319
2025-03-19,PuLP HiGHS,Optimal,2.8848706,7086.22206112,6969.84548795,1.124955|0.726615|0.384264,3139.690976|6969.845488|10800,3139.69097589,4965.11278256,42542.7826105,2309.38955557,44852.172166,39887.0593835,expected_cost,0.9,0,3639.81533155,7878.42938399,0,70207.0928446,635.402828412,66587.8467439,3619.24610074,21685.5870077,17670.0643921,2309.89202761,1200,10800,9.09494701773e-13,9.09494701773e-13,6969.84548795,7086.22206112,6969.84548795,402.222136829,1912.92542511,44455.7080356,65099.8038397,5107.28900487,2158.36075247,20962.8088945,17084.6141204,1308.22838494,25,1314
2025-03-20,PuLP HiGHS,Optimal,8.1737788,6969.84548795,6992.74856714,1.124955|0.726615|0.384264,3185.497134|6992.748567|10800,3185.49713427,5000.00092857,42565.442061,2406.54570905,44971.9877701,39971.9868415,expected_cost,0.9,0,4278.39331729,9597.87038023,0,70091.3630075,667.213163273,66313.170237,3778.19277052,22053.3551486,17842.6048991,2262.84473753,1200,10800,6.25277607469e-13,1.81898940355e-12,6992.74856714,6969.84548795,6992.74856714,897.786543312,3222.3375055,45787.7795665,66506.1710895,3585.19191798,1185.92191198,20991.9006997,16982.8267955,1921.23255255,29,1276
2025-03-21,PuLP HiGHS,Optimal,2.8812377,6992.74856714,7135.71955549,1.124955|0.726615|0.384264,3283.465073|7041.732537|10800,3283.46507308,5074.61796425,16825.5053677,1055.71687613,17881.2222438,12806.6042796,expected_cost,0.9,0,1652.14569164,1951.79375608,0,31518.9943631,277.909739419,29221.4446745,2297.54968858,18600.1996953,15022.0761807,12086.8513248,1200,10800,5.00222085975e-12,9.09494701773e-13,7041.73253654,6992.74856714,7135.71955549,408.627958038,1212.19692156,18037.7022893,29553.5131706,1965.48119247,14603.7109179,16822.5884449,13497.6227508,3302.06468028,25,890
2025-03-22,PuLP HiGHS,Optimal,2.29488840001,7135.71955549,7122.80025959,1.124955|0.726615|0.384264,3310.806324|7055.403162|10800,3310.80632383,5095.44235953,17097.0715303,1111.5433633,18208.6148936,13113.1725341,expected_cost,0.9,0,1711.38731384,2145.88607073,0,31958.6072805,296.134768263,29671.2837113,2287.32356914,18790.2979875,15292.4261241,12535.5134432,1200,10800,4.54747350886e-13,4.54747350886e-13,7055.40316191,7135.71955549,7122.80025959,197.538347361,611.745541163,17708.8170715,29526.6063028,2432.00097765,10672.0037437,16750.3607342,13579.419561,3752.94381636,28,881
2025-03-23,PuLP HiGHS,Optimal,3.02483710001,7122.80025959,6986.45927392,1.124955|0.726615|0.384264,3172.918548|6986.459274|10800,3172.91854784,4990.42047967,40698.8731369,1977.57307415,42676.446211,37686.0257314,expected_cost,0.9,0,3498.31342633,4679.23210417,0,67574.6795503,531.567078187,63915.2317393,3659.44781098,21591.3164074,17611.6731771,2369.36013866,1200,10800,9.09494701773e-13,9.09494701773e-13,6986.45927392,7122.80025959,6986.45927392,962.387258495,3675.12792644,44374.0010633,63909.5595083,3665.12004193,2316.94946771,20568.3372082,16783.0600258,1851.59235044,23,1280
2025-03-24,PuLP HiGHS,Optimal,7.0184188,6986.45927392,7044.46652785,1.124955|0.726615|0.384264,3288.933056|7044.466528|10800,3288.93305569,5078.78263954,40684.6817158,2727.15852037,43411.8402361,38333.0575966,expected_cost,0.9,0,10172.2678145,12871.9275559,0,67360.1646133,746.825992371,63458.9081929,3901.25642038,21690.7465501,17517.2981771,2599.11315577,1200,10800,9.09494701773e-13,9.09494701773e-13,7044.46652785,6986.45927392,7044.46652785,698.706973108,2248.2810611,42932.9627769,64078.0965255,3282.06808774,2730.82796562,21027.7469533,16980.2685037,1200.0292702,22,1278
2025-03-25,PuLP HiGHS,Optimal,3.48917650001,7044.46652785,6999.20667292,1.124955|0.726615|0.384264,3198.413346|6999.206673|10800,3198.41334583,5009.83852882,40533.2866267,2250.59626908,42783.8828958,37774.0443669,expected_cost,0.9,0,4478.58019573,8242.70545665,0,67165.475813,618.126623172,63524.9898122,3640.48600084,21653.0545923,17579.7080892,2546.25083327,1200,10800,9.09494701773e-13,9.09494701773e-13,6999.20667292,7044.46652785,6999.20667292,1750.98709241,6431.58528091,46964.8719076,65165.1542941,2000.32151886,2108.08582682,20519.2879605,16661.3571174,2052.11760353,25,1275
2025-03-26,PuLP HiGHS,Optimal,7.4247645,6999.20667292,7086.2219877,1.124955|0.726615|0.384264,3372.443975|7086.221988|10800,3372.44397539,5142.38852275,40400.7765243,2238.66657698,42639.4431012,37497.0545785,expected_cost,0.9,0,3203.685539,8143.39622339,0,67154.6593365,624.988284348,63626.52306,3528.13627646,21788.9335746,17570.7224121,2449.38976726,1200,10800,4.54747350886e-13,1.81898940355e-12,7086.2219877,6999.20667292,7086.2219877,384.17841352,1223.21615808,41623.9926823,62667.4928747,4487.16646176,3533.46767852,20249.1313672,16323.4826242,2787.04199529,30,1264
2025-03-27,PuLP HiGHS,Optimal,3.94411659999,7086.2219877,7114.74893512,1.124955|0.726615|0.384264,3424.648821|7112.324411|10800,3424.64882104,5182.15021293,40325.1780766,2051.30124316,42376.4793198,37194.3291069,expected_cost,0.9,0,2896.55418718,5340.63133612,0,66846.4438482,569.91013161,63277.0390931,3569.40475512,21659.8936144,17521.0216471,2408.11007721,1200,10800,9.09494701773e-13,9.09494701773e-13,7112.32441052,7086.2219877,7114.74893512,675.926394729,2258.48026878,42583.6583454,63192.9696916,3653.47415655,1215.53450584,20582.6206729,16646.2484924,1952.04609626,30,1276
2025-03-28,PuLP HiGHS,Optimal,2.85856159999,7114.74893512,7220.58875663,1.124955|0.726615|0.384264,3560.562882|7180.281441|10800,3560.56288211,5285.66881776,16376.7566028,1028.02689419,17404.783497,12119.1146792,expected_cost,0.9,0,1825.69385605,2035.61508874,0,31041.465465,282.597248596,28911.4821702,2129.98329481,19663.0123651,15868.0607604,13709.3269157,1200,10800,9.09494701773e-13,1.81898940355e-12,7180.28144106,7114.74893512,7220.58875663,304.098655138,1052.64112393,17429.3977267,28926.4887421,2114.97672291,15091.7290813,16956.4300521,13639.4525028,4935.19057052,27,880
2025-03-29,PuLP HiGHS,Optimal,3.0189657,7220.58875663,7040.33158047,1.124955|0.726615|0.384264,3198.799783|6999.399892|10800,3198.79978312,5010.13285781,16051.8788728,995.000592761,17046.8794655,12036.7466077,expected_cost,0.9,0,1632.07806719,1917.31908913,0,30488.3643432,275.701123671,28248.453739,2239.9106042,19046.3665245,15626.6268634,14492.1879383,1200,10800,9.09494701773e-13,2.72848410532e-12,6999.39989156,7220.58875663,7040.33158047,317.164958984,1319.09351264,17370.9723854,28863.744595,1624.61974821,18471.2173825,16656.3918248,13653.9088366,4362.69272647,31,872
2025-03-30,PuLP HiGHS,Optimal,3.2825781,7040.33158047,7012.48069411,1.124955|0.726615|0.384264,3222.439224|7011.219612|10800,3222.43922386,5028.13777876,39437.5966946,2603.06110806,42040.6578027,37012.5200239,expected_cost,0.9,0,3610.25749344,10887.1572564,0,65327.8258264,702.2262736,61633.794322,3694.03150438,21405.54329,17364.6908366,2698.62573281,1200,10800,9.09494701773e-13,9.09494701773e-13,7011.21961193,7040.33158047,7012.48069411,533.066481076,2011.57063138,41449.167326,61414.4266475,3913.39917896,2803.32299347,20124.295962,16325.745527,2320.1926376,29,1270
2025-03-31,PuLP HiGHS,Optimal,4.2720238,7012.48069411,6993.01343874,1.124955|0.726615|0.384264,3185.110355|6992.555178|10800,3185.11035549,4999.70633948,38366.2376259,1981.44493417,40347.68256,35347.9762206,expected_cost,0.9,0,3030.57511591,5071.35881648,0,63833.9802749,539.531910733,60378.9462395,3455.03403539,21446.8052471,17389.8452148,2679.34596026,1200,10800,0,1.81898940355e-12,6992.55517774,7012.48069411,6993.01343874,1103.62588126,4082.5057339,42448.7433598,61080.982532,2752.99774289,1603.25753608,19197.2732827,15567.3118888,4072.06529035,31,1285
2025-04-01,PuLP HiGHS,Optimal,4.76743339999,6993.01343874,7041.73254319,1.124955|0.726615|0.384264,3283.465086|7041.732543|10800,3283.46508638,5074.61797438,39125.0815063,2424.07983601,41549.1613423,36474.5433679,expected_cost,0.9,0,3009.71503001,9250.63052167,0,65043.8466032,650.221205739,61627.4504302,3416.39617301,21544.7950143,17407.4367676,2636.47235964,1200,10800,9.09494701773e-13,9.09494701773e-13,7041.73254319,6993.01343874,7041.73254319,2687.0146361,7402.69101679,46527.7725231,62660.3990621,2383.44754107,1366.63593763,19621.4686838,15849.5424399,3481.22065823,30,1271
2025-04-02,PuLP HiGHS,Optimal,3.855528,7041.73254319,7011.2196354,1.124955|0.726615|0.384264,3222.439271|7011.219635|10800,3222.43927081,5028.13781451,38370.5136866,2123.75923277,40494.2729194,35466.1351049,expected_cost,0.9,0,3833.84307224,6829.02691478,0,64062.5592986,575.975580187,60566.0239926,3496.53530601,21317.5325772,17294.6630046,2945.85098039,1200,10800,2.98427949019e-13,9.09494701773e-13,7011.2196354,7041.73254319,7011.2196354,3829.61472735,14710.9810503,53081.4947369,61205.0097121,2857.54958651,602.657011353,21179.4402376,17182.8082095,249.947134732,11,1247
2025-04-03,PuLP HiGHS,Optimal,3.4003855,7011.2196354,7053.95056592,1.124955|0.726615|0.384264,3307.901132|7053.950566|10800,3307.90113184,5093.22962731,38928.6196706,2280.49524843,41209.114919,36115.8852917,expected_cost,0.9,0,3870.16946229,7604.97740186,0,65160.4876577,638.034156451,61739.4466765,3421.04098118,21551.2615848,17418.0640462,2550.46580063,1200,10800,2.27373675443e-13,4.54747350886e-13,7053.95056592,7011.2196354,7053.95056592,562.273760163,2067.2959887,40995.9156593,61848.8469958,3311.64066189,2499.65195704,21102.5299726,17054.5914403,812.204218177,21,1279
2025-04-04,PuLP HiGHS,Optimal,0.926432699998,7053.95056592,7303.0372206,1.124955|0.726615|0.384264,3506.316513|7153.158256|10800,3506.31651286,5244.35220623,15714.5777259,1034.97126317,16749.548989,11505.1967828,expected_cost,0.9,0,1736.07260952,2039.77755212,0,30097.2956015,281.401109522,28036.324006,2060.97159559,17783.3736622,14315.2457449,15616.9563139,1200,10800,9.09494701773e-13,9.09494701773e-13,7153.15825643,7053.95056592,7303.0372206,363.526800152,1382.90251836,17097.4802442,28069.0110084,2028.2845931,18579.9276116,16829.6313566,13407.8234097,1861.16464084,17,869
2025-04-05,PuLP HiGHS,Optimal,0.917720700003,7303.0372206,6992.36310203,1.124955|0.726615|0.384264,3184.726204|6992.363102|10800,3184.72620406,4999.41375151,15555.3559086,983.38347403,16538.7393827,11539.3256312,expected_cost,0.9,0,1654.89029243,1978.32544924,0,29771.3617858,274.954598371,27668.2673233,2103.09446257,17633.2016373,14562.500033,16573.3952633,1200,10800,1.81898940355e-12,1.81898940355e-12,6992.36310203,7303.0372206,6992.36310203,335.523066451,1138.64988347,16694.0057921,28147.5055605,1623.85622531,13593.5774667,16447.0678089,13601.7316319,2146.90222952,15,850
2025-04-06,PuLP HiGHS,Optimal,8.2084833,6992.36310203,7597.54945185,1.124955|0.726615|0.384264,4395.098904|7597.549452|10800,4395.0989037,5921.29109226,39120.8211851,2637.7075701,41758.5287551,35837.2376629,expected_cost,0.9,0,7786.09514199,10253.7979629,0,66078.4536782,729.548262033,62079.2145999,3999.23907837,22120.5870708,17373.0078125,2905.99032242,1200,10800,4.54747350886e-13,9.09494701773e-13,7597.54945185,6992.36310203,7597.54945185,432.564647201,1748.79632796,40869.617513,62486.6042315,3591.8494468,4013.73169415,20793.122121,16297.7612032,2402.71155904,32,1281
2025-04-07,PuLP HiGHS,Optimal,3.7697221,7597.54945185,7010.44579921,1.124955|0.726615|0.384264,3220.891598|7010.445799|10800,3220.89159842,5026.95903371,37736.6152927,2071.66071061,39808.2760033,34781.3169696,expected_cost,0.9,0,3455.81592507,7119.78492517,0,63247.8049553,581.332174111,59829.5723648,3418.23259053,20843.9882415,17412.023763,2749.08079975,1200,10800,9.09494701773e-13,9.09494701773e-13,7010.44579921,7597.54945185,7010.44579921,408.355075197,1005.97675594,38742.5920486,59843.7320624,3404.07289295,3881.33362487,19244.3553514,16116.321122,2895.33553119,39,1257
2025-04-08,PuLP HiGHS,Optimal,4.67177489999,7010.44579921,7041.73286278,1.124955|0.726615|0.384264,3283.465726|7041.732863|10800,3283.46572557,5074.61846121,38451.4506111,2025.07865698,40476.5292681,35401.9108069,expected_cost,0.9,0,3195.62997348,7548.12594975,0,64532.9450406,555.058217787,61202.2126066,3330.73243404,21646.3214562,17505.3620223,2907.33045637,1200,10800,9.09494701773e-13,9.09494701773e-13,7041.73286278,7010.44579921,7041.73286278,784.083763857,3508.08082594,41959.5314371,60113.8174225,4419.12761812,2532.40290338,20969.1911004,16956.8864341,1225.60594389,20,1240
2025-04-09,PuLP HiGHS,Optimal,4.6879571,7041.73286278,6954.03953959,1.124955|0.726615|0.384264,3108.079079|6954.03954|10800,3108.07907918,4941.03566046,37597.4498938,2217.88894405,39815.3388378,34874.3031774,expected_cost,0.9,0,3540.46256925,7308.87832346,0,62803.1390401,610.911105083,59582.4016542,3220.73738587,21366.8152609,17386.0443522,2928.28189021,1200,10800,4.54747350886e-13,1.81898940355e-12,6954.03953959,7041.73286278,6954.03953959,2892.23436805,9528.96063913,47126.4105329,60621.4255682,2181.71347191,532.897901703,20659.8684672,16813.4174493,1279.57369671,22,1267
2025-04-10,PuLP HiGHS,Optimal,3.52852200001,6954.03953959,7105.51518763,1.124955|0.726615|0.384264,3396.515539|7098.257769|10800,3396.51553875,5160.7225688,37907.1748533,2187.76782336,40094.9426766,34934.2201078,expected_cost,0.9,0,5486.76176287,8150.11514435,0,63610.987079,616.652488265,60299.9581319,3311.0289471,21633.051642,17392.9754232,3046.81171072,1200,10800,9.09494701773e-13,9.09494701773e-13,7098.25776938,6954.03953959,7105.51518763,842.135431061,3740.96888337,41648.1437367,59466.9983172,4143.98876172,1766.64682853,20765.899666,16684.0506462,1576.07675298,29,1234
2025-04-11,PuLP HiGHS,Optimal,2.56777150001,7105.51518763,7109.47502783,1.124955|0.726615|0.384264,3219.036446|7009.518223|10800,3219.03644581,5025.54606136,15091.577369,984.526026611,16076.1033956,11050.5573342,expected_cost,0.9,0,1535.59995069,1973.57827358,0,29249.9336709,264.470937904,27231.6232008,2018.31047004,18608.9655602,15159.659372,17169.7675803,1200,10800,4.54747350886e-13,1.81898940355e-12,7009.51822291,7105.51518763,7109.47502783,414.249174214,1619.06372097,16710.64109,27572.0420099,1677.89166094,19511.1439361,16604.9117116,13446.4146302,3717.29859043,19,859
2025-04-12,PuLP HiGHS,Optimal,0.89457579999,7109.47502783,7273.60687718,1.124955|0.726615|0.384264,3467.920713|7133.960357|10800,3467.92071327,5215.10814146,15523.9600004,924.12941232,16448.0894128,11232.9812713,expected_cost,0.9,0,1450.49967685,1925.21182384,0,29979.942185,254.575601286,28001.2376412,1978.70454374,17447.2344349,14110.2230963,16902.8038335,1200,10800,9.09494701773e-13,1.81898940355e-12,7133.96035664,7109.47502783,7273.60687718,156.878010748,558.066757723,16082.0267582,27812.4851709,2167.45701406,15706.044,16265.4735116,13027.31488,2264.66913958,18,860
2025-04-13,PuLP HiGHS,Optimal,2.9414214,7273.60687718,7029.032355,1.124955|0.726615|0.384264,3214.471704|7007.235852|10800,3214.47170435,5022.06933744,36938.093699,2556.42212364,39494.5158226,34472.4464852,expected_cost,0.9,0,8286.8626035,11480.919987,0,61883.4935741,705.013529906,58428.6324301,3454.86114397,21035.0613125,17278.1335856,3331.64055099,1200,10800,4.54747350886e-13,4.54747350886e-13,7007.23585217,7273.60687718,7029.032355,792.054265297,3108.32064847,40046.4143475,59010.2697161,2873.22385795,1958.42941242,19935.0166085,16367.4805229,2010.69776674,31,1219
2025-04-14,PuLP HiGHS,Optimal,7.7691008,7029.032355,7126.06848736,1.124955|0.726615|0.384264,3405.63398|7102.81699|10800,3405.63397993,5167.66760673,36704.2664829,2159.46236877,38863.7288516,33696.0612449,expected_cost,0.9,0,4781.21763406,7635.91138197,0,61973.992622,603.596229965,58739.7666758,3234.22594618,21011.0797807,16952.5684509,3173.73182658,1200,10800,4.54747350886e-13,1.81898940355e-12,7102.81698997,7029.032355,7126.06848736,586.993094508,2255.469727,38959.7362099,58676.9162036,3297.07641834,2850.74334184,19988.4296692,16103.295513,1871.92304947,31,1237
2025-04-15,PuLP HiGHS,Optimal,3.4249614,7126.06848736,7088.53966094,1.124955|0.726615|0.384264,3377.079322|7088.539661|10800,3377.07932188,5145.91902281,36941.8517309,1888.21247402,38830.0642049,33684.1451821,expected_cost,0.9,0,3108.44747299,5045.34116942,0,61899.7520375,532.976857774,58589.9425022,3309.80953529,20913.5114458,16973.7202148,3287.5051498,1200,10800,0,0,7088.53966094,7126.06848736,7088.53966094,326.924403785,1399.15975415,38341.0114851,57583.6938377,4316.0581998,4240.50577865,18760.3135436,15229.6299141,3897.28820298,35,1212
2025-04-16,PuLP HiGHS,Optimal,4.92177619999,7088.53966094,7077.67958956,1.124955|0.726615|0.384264,3308.031418|7054.015709|10800,3308.03141841,5093.32885975,36669.0468692,2012.40163435,38681.4485035,33588.1196438,expected_cost,0.9,0,3384.27903858,6068.08120254,0,61495.9624754,587.003436507,58362.0938509,3133.86862457,20314.0981755,16485.4910787,3410.22361268,1200,10800,5.68434188608e-13,1.81898940355e-12,7054.0157092,7088.53966094,7077.67958956,1631.12040269,5725.22397508,42394.2708443,59376.6234217,2119.33905378,1534.42884688,19492.0899565,15798.366929,1509.13236874,23,1217
2025-04-17,PuLP HiGHS,Optimal,4.3393054,7077.67958956,6998.73211743,1.124955|0.726615|0.384264,3197.464235|6998.732117|10800,3197.46423486,5009.11564082,36254.5113866,1976.26958247,38230.780969,33221.6653282,expected_cost,0.9,0,3572.95195973,7079.67808283,0,60778.8377273,543.178944218,57599.9445606,3178.89316669,20360.8980146,16563.3801168,3717.92935246,1200,10800,9.09494701773e-13,9.09494701773e-13,6998.73211743,7077.67958956,6998.73211743,423.643723919,1604.87797724,37859.3893638,58196.7345242,2582.10320314,2136.55680266,19402.7990546,15787.3199591,1734.15911775,29,1199
2025-04-18,PuLP HiGHS,Optimal,1.0547148,6998.73211743,7480.91651195,1.124955|0.726615|0.384264,3496.324925|7148.162462|10800,3496.3249248,5236.74213816,15076.2959632,889.601078825,15965.897042,10729.1549039,expected_cost,0.9,0,1662.71488459,1901.84949716,0,29452.2847405,249.238054183,27443.6009464,2008.68379409,18711.1749935,15021.5644342,17825.6602781,1200,10800,1.81898940355e-12,1.81898940355e-12,7148.1624624,6998.73211743,7480.91651195,275.497568115,900.753285878,15977.0492491,27152.4695183,2299.81522217,17490.8673381,16573.7716312,12990.7890662,4168.17873027,25,839
2025-04-19,PuLP HiGHS,Optimal,2.78590029999,7480.91651195,7851.10118265,1.124955|0.726615|0.384264,4036.946522|7418.473261|10800,4036.94652161,5648.50522581,14556.787472,969.138327546,15525.9257995,9877.42057369,expected_cost,0.9,0,1681.73074117,1936.73759744,0,28500.3861153,266.766579883,26772.1188584,1728.26725691,21967.5591027,17849.9217992,16670.4740125,1200,10800,9.09494701773e-13,4.54747350886e-13,7418.4732608,7480.91651195,7851.10118265,384.319683588,1386.07279696,15942.8602689,26736.3189199,1764.06719539,16740.457808,17170.1860102,13574.6844647,9072.61042703,34,824
2025-04-20,PuLP HiGHS,Optimal,4.12612450001,7851.10118265,7046.71680592,1.124955|0.726615|0.384264,3285.438866|7042.719433|10800,3285.43886575,5076.1212985,35745.0450161,2077.08654707,37822.1315632,32746.0102647,expected_cost,0.9,0,2915.69492549,7990.89650457,0,59913.4649472,576.79771366,56794.3778773,3119.08706988,19605.7140765,16608.1719767,3624.74735668,1200,10800,6.8212102633e-13,4.54747350886e-13,7042.71943288,7851.10118265,7046.71680592,740.38386769,2730.24441777,38475.2894339,57035.4462765,2878.01867068,2969.85466276,18800.929143,15952.6985449,1460.25836521,25,1222
2025-04-21,PuLP HiGHS,Optimal,3.8926952,7046.71680592,7053.56229237,1.124955|0.726615|0.384264,3307.124585|7053.562292|10800,3307.12458475,5092.63817216,36068.848911,2220.90278499,38289.751696,33197.1135238,expected_cost,0.9,0,3361.90745608,7268.03923637,0,60874.0413961,599.94419598,57887.3136152,2986.72778088,20596.8548789,16677.2915141,3294.60645975,1200,10800,9.09494701773e-13,1.81898940355e-12,7053.56229237,7046.71680592,7053.56229237,390.268186851,1202.37886064,37271.2277716,56685.8024014,4188.23899463,5029.16254622,18546.5090574,15016.5113987,3711.12593684,33,1220
2025-04-22,PuLP HiGHS,Optimal,3.9966787,7053.56229237,7155.13937485,1.124955|0.726615|0.384264,3441.664373|7120.832187|10800,3441.66437346,5195.11006589,35467.0043732,1912.30761645,37379.3119897,32184.2019238,expected_cost,0.9,0,3376.77372541,5606.53557987,0,59445.6058387,536.082018515,56493.2964482,2952.30939053,20212.2435735,16311.3743896,3681.60883507,1200,10800,0,9.09494701773e-13,7120.83218673,7053.56229237,7155.13937485,1255.17461028,3641.46705223,39108.4714255,57175.7416427,2269.8641961,2576.19129115,19001.9803731,15300.184728,2221.45286201,30,1205
2025-04-23,PuLP HiGHS,Optimal,4.3058724,7155.13937485,7178.85471943,1.124955|0.726615|0.384264,3424.085786|7112.042893|10800,3424.08578623,5181.72137887,35928.4127628,2075.36726545,38003.7800282,32822.0586493,expected_cost,0.9,0,4065.97327073,6871.38972847,0,60645.7996099,560.73992851,57500.2835856,3145.51602422,20018.1321172,16253.4738485,3873.199451,1200,10800,2.27373675443e-13,9.09494701773e-13,7112.04289312,7155.13937485,7178.85471943,565.085213612,1831.97179679,37760.3845596,57680.1407955,2965.65881437,3289.70446222,18601.37379,15045.7689598,2624.46321589,33,1219
2025-04-24,PuLP HiGHS,Optimal,3.760826,7178.85471943,7054.00846072,1.124955|0.726615|0.384264,3308.016921|7054.008461|10800,3308.01692145,5093.31781818,35298.8645784,2180.10693255,37478.9715109,32385.6536928,expected_cost,0.9,0,4514.56773708,7522.37942013,0,59280.9159153,615.150190476,56175.5568773,3105.35903798,20148.5950994,16432.7236633,3640.63289144,1200,10800,4.54747350886e-13,9.09494701773e-13,7054.00846072,7178.85471943,7054.00846072,209.230254193,813.745495045,36112.6100734,56301.8873243,2979.02859101,6058.35907794,18289.5443864,14926.8925858,3364.88179051,34,1208
2025-04-25,PuLP HiGHS,Optimal,2.5372661,7054.00846072,7652.1564955,1.124955|0.726615|0.384264,4055.684266|7427.842133|10800,4055.68426613,5662.77678209,14168.8654866,896.424932776,15065.2904193,9402.51363726,expected_cost,0.9,0,1319.57345496,1753.06089381,0,28280.5472959,242.430037391,26436.4398751,1844.10742076,22691.3648348,18043.5552111,19199.7186749,1200,10800,0,9.09494701773e-13,7427.84213307,7054.00846072,7652.1564955,167.718949356,520.362638425,14689.228125,26460.6335351,1819.91376084,20848.0529497,17061.0981759,13281.1562912,10392.6655787,41,823
2025-04-26,PuLP HiGHS,Optimal,3.21423479999,7652.1564955,7459.88996591,1.124955|0.726615|0.384264,3713.556947|7256.778473|10800,3713.5569468,5402.19636464,13754.3506569,862.741570608,14617.0922275,9214.89586291,expected_cost,0.9,0,1668.97503699,1903.70276408,0,27397.5071847,243.029136669,25605.8587839,1791.6484008,22383.2873187,18486.302948,18966.7938578,1200,10800,1.81898940355e-12,1.81898940355e-12,7256.7784734,7652.1564955,7459.88996591,537.950361753,2022.67995497,15777.0306119,25973.0102734,1424.49691133,23439.7545566,16705.5385361,13704.5260908,10459.5256398,40,807
2025-04-27,PuLP HiGHS,Optimal,4.08707240001,7459.88996591,7086.22206749,1.124955|0.726615|0.384264,3372.444135|7086.222067|10800,3372.44413498,5142.3886443,33268.0145678,1836.17613069,35104.1906985,29961.8020542,expected_cost,0.9,0,3087.26932498,4700.06962676,0,56389.0644846,510.627724897,53685.2501955,2703.81428911,19873.9148906,16434.17217,3701.16144423,1200,10800,4.54747350886e-13,0,7086.22206749,7459.88996591,7086.22206749,1374.34535661,6026.20674034,39294.2213082,53636.9039252,2752.16055939,3126.22503239,19199.2324983,15887.6794322,1221.17513009,24,1182
2025-04-28,PuLP HiGHS,Optimal,3.5888066,7086.22206749,7122.84242774,1.124955|0.726615|0.384264,3310.806093|7055.403047|10800,3310.80609347,5095.44218408,33871.2371145,1930.73426517,35801.9713797,30706.5291956,expected_cost,0.9,0,3552.66199223,5469.93021414,0,56940.1596174,555.175875579,54164.8449188,2775.31469864,19961.3478457,16196.4288737,3789.28833397,1200,10800,9.09494701773e-13,9.09494701773e-13,7055.40304674,7086.22206749,7122.84242774,5710.82862695,20381.7466434,54252.9837579,54909.8452275,2030.31438994,332.137514453,19124.2668372,15457.6978139,1575.81206838,24,1188
2025-04-29,PuLP HiGHS,Optimal,3.65951510001,7122.84242774,7332.39658085,1.124955|0.726615|0.384264,3864.793162|7332.396581|10800,3864.79316171,5517.38504963,34917.4932679,2217.54824796,37135.0415158,31617.6564662,expected_cost,0.9,0,5706.91892066,8230.13568711,0,59087.7229614,613.09462508,56149.1384284,2938.58453298,19642.4298362,15721.7694295,4097.79112138,1200,10800,9.09494701773e-13,1.81898940355e-12,7332.39658085,7122.84242774,7332.39658085,887.729626204,3770.71939526,38688.2126631,56094.5313995,2993.19156193,6050.30395472,17421.8137709,13923.0704167,4019.31507811,37,1209
2025-04-30,PuLP HiGHS,Optimal,4.1468175,7332.39658085,7079.69828183,1.124955|0.726615|0.384264,3296.432646|7048.216323|10800,3296.43264644,5084.49468408,34071.6776107,1994.56775711,36066.2453678,30981.7506837,expected_cost,0.9,0,3438.37908974,6445.4879825,0,57343.304284,549.928348431,54572.6445532,2770.65973084,19471.8940836,16027.9964396,3657.58104302,1200,10800,9.09494701773e-13,9.09494701773e-13,7048.21632322,7332.39658085,7079.69828183,1465.21201283,4727.72372516,38799.4013358,54099.1848193,3244.11946472,4112.32682382,18013.9160215,14818.7004466,2667.27405516,32,1168
2025-05-01,PuLP HiGHS,Optimal,3.8035156,7079.69828183,7419.29633729,1.124955|0.726615|0.384264,4038.592675|7419.296337|10800,4038.59267459,5649.75901412,34544.1586593,2276.8764763,36821.0351356,31171.2761215,expected_cost,0.9,0,3039.14991997,9673.94721888,0,58065.9588053,635.342960833,55134.1722138,2931.78659146,20148.7217164,16014.8263403,3943.01878052,1200,10800,4.54747350886e-13,1.81898940355e-12,7419.29633729,7079.69828183,7419.29633729,2828.80312199,13050.7389125,47594.8975718,56394.5231229,1671.43568238,4148.99823148,19775.3208604,15712.371647,675.855549286,13,1180
2025-05-02,PuLP HiGHS,Optimal,2.7830157,7419.29633729,7466.93697064,1.124955|0.726615|0.384264,4106.586078|7453.293039|10800,4106.58607837,5701.54602012,14111.7327582,1060.50433296,15172.2370911,9470.69107102,expected_cost,0.9,0,1385.4563037,3601.96524927,0,27674.2228531,288.681910977,25790.8653183,1883.3575348,22042.7635331,17824.0414301,20054.0761212,1200,10800,4.54747350886e-13,1.81898940355e-12,7453.29303918,7419.29633729,7466.93697064,2687.67592673,12029.2915681,26141.0243263,27075.5253172,598.697535942,12101.7382162,17517.191444,14146.0484996,8203.56501962,28,830
2025-05-03,PuLP HiGHS,Optimal,1.00941239999,7466.93697064,7196.37386876,1.124955|0.726615|0.384264,3525.711523|7162.855761|10800,3525.71152253,5259.12436686,14024.494556,904.697396901,14929.1919529,9670.06758602,expected_cost,0.9,0,1662.4215203,1809.20536636,0,27625.3163725,252.629749585,25708.4001526,1916.91621994,18664.2665468,15391.7289914,19594.9087523,1200,10800,9.09494701773e-13,2.72848410532e-12,7162.85576127,7466.93697064,7196.37386876,1840.06663882,9144.09590381,23168.5904598,26763.6319121,861.684460483,16758.807424,16953.8224663,13976.1029894,3126.07008242,17,825
2025-05-04,PuLP HiGHS,Optimal,3.2435903,7196.37386876,7418.63785873,1.124955|0.726615|0.384264,4037.275717|7418.637859|10800,4037.27571747,5648.75595702,35238.6276162,2310.19014104,37548.8177572,31900.0618002,expected_cost,0.9,0,5538.83830131,9393.4006509,0,59374.7919603,637.498700962,56222.6027727,3152.18918758,19626.0860282,15697.0920919,3958.25088503,1200,10800,7.27595761418e-12,9.09494701773e-13,7418.63785873,7196.37386876,7418.63785873,2272.48011345,9992.02369044,45230.6513066,57312.0215994,2062.77036086,4357.51621953,17327.7924684,13835.4743085,4159.91134319,34,1213
2025-05-05,PuLP HiGHS,Optimal,4.0049666,7418.63785873,7309.72430696,1.124955|0.726615|0.384264,3819.448614|7309.724307|10800,3819.44861392,5482.84848817,35212.2605815,2364.20254838,37576.4631299,32093.6146417,expected_cost,0.9,0,4979.52053958,10253.5764742,0,59347.5515964,634.404683364,56231.024422,3116.52717439,18914.7516068,15418.9709981,3979.09564561,1200,10800,4.54747350886e-13,1.81898940355e-12,7309.72430696,7418.63785873,7309.72430696,3439.35598905,15832.4351889,51044.6957704,56651.9623538,2695.58924263,1535.0257056,18833.2001781,15352.9143408,147.608086083,6,1193
2025-05-06,PuLP HiGHS,Optimal,3.9231918,7309.72430696,7469.67590358,1.124955|0.726615|0.384264,4139.351807|7469.675904|10800,4139.35180716,5726.50195554,35224.6449688,2662.11463778,37886.7596065,32160.257651,expected_cost,0.9,0,6516.4367337,12616.7031049,0,59556.4047245,742.966496145,56385.7854008,3170.61932371,19791.2826171,15886.9824829,4244.18346028,1200,10800,9.09494701773e-13,1.81898940355e-12,7469.67590358,7309.72430696,7469.67590358,2999.1272509,13215.3262492,48439.971218,57232.6762793,2323.72844523,3556.25497075,19271.1039782,15465.6377854,941.52333652,20,1194
2025-05-07,PuLP HiGHS,Optimal,4.0991868,7469.67590358,7728.61555356,1.124955|0.726615|0.384264,4657.231107|7728.615554|10800,4657.23110711,6120.94342966,35491.6972105,2476.70528622,37968.4024967,31847.4590671,expected_cost,0.9,0,5885.21546509,9556.84157913,0,60169.6847591,712.897081196,56921.3754647,3248.30929444,19905.4664645,15890.3821513,4066.16258814,1200,10800,4.54747350886e-13,9.09494701773e-13,7728.61555356,7469.67590358,7728.61555356,3024.61501622,13923.3115825,49415.008793,58605.0736814,1564.6110777,2651.90146327,19352.0821022,15442.1408178,1001.62569587,22,1188
2025-05-08,PuLP HiGHS,Optimal,5.03613699999,7728.61555356,7757.94037811,1.124955|0.726615|0.384264,4672.954548|7736.477274|10800,4672.95454759,6132.91914879,38822.6304109,2594.71135457,41417.3417655,35284.4226167,expected_cost,0.9,0,5094.77190281,12768.228881,0,63830.4264932,674.629356905,60442.7138907,3387.71260255,20017.202127,16206.8581746,4443.52320578,1200,10800,0,1.81898940355e-12,7736.4772738,7728.61555356,7757.94037811,1306.38770852,5161.02550502,43983.6559159,60325.4622558,3504.96423745,2243.0029168,18610.22266,15047.8880125,2565.94962913,35,1221
2025-05-09,PuLP HiGHS,Optimal,0.95934300001,7757.94037811,7195.25365813,1.124955|0.726615|0.384264,3194.370481|6997.185241|10800,3194.37048134,5006.75929119,15691.0727358,889.201925059,16580.2746609,11573.5153697,expected_cost,0.9,0,1504.73500706,1748.30156802,0,29526.4796932,250.371153754,27577.0111645,1949.46852874,18417.8185617,15603.1126587,18333.5541858,1200,10800,1.36424205266e-12,9.09494701773e-13,6997.18524067,7757.94037811,7195.25365813,579.001527213,2292.58996751,17983.6627033,27405.3494043,2121.13028891,16807.1708566,16759.0119628,14081.2177378,3180.70151974,21,827
2025-05-10,PuLP HiGHS,Optimal,0.972498600007,7195.25365813,7253.51918108,1.124955|0.726615|0.384264,3457.168565|7128.584282|10800,3457.16856477,5206.91879444,16214.0633993,1084.11843245,17298.1818318,12091.2630373,expected_cost,0.9,0,1642.3269557,3371.30134282,0,30394.6705491,285.100167183,28523.7187617,1870.95178734,18634.9996665,15154.3521681,18569.2955649,1200,10800,2.27373675443e-12,1.81898940355e-12,7128.58428239,7195.25365813,7253.51918108,785.197939655,3368.89925194,19582.9626512,28291.0586278,2103.61192129,13734.7515822,16673.7933223,13453.3336204,3662.22489179,25,843
2025-05-11,PuLP HiGHS,Optimal,4.03286840001,7253.51918108,7112.53497356,1.124955|0.726615|0.384264,3425.069947|7112.534974|10800,3425.06994712,5182.47096255,38086.0480085,2525.18729685,40611.2353054,35428.7643428,expected_cost,0.9,0,7378.26085716,11593.3695279,0,62924.1031207,676.183670893,59795.2859022,3128.8172185,19925.7975966,16266.78184,3627.02131062,1200,10800,9.09494701773e-13,9.09494701773e-13,7112.53497356,7253.51918108,7112.53497356,1211.23372862,4440.33790184,42526.3859104,59954.0623383,2970.04078243,2372.13892521,18084.0202375,14774.9421792,3333.6170199,34,1216
2025-05-12,PuLP HiGHS,Optimal,4.6748072,7112.53497356,7130.78195923,1.124955|0.726615|0.384264,3446.586293|7123.293147|10800,3446.58629318,5198.85883374,37965.8217318,2397.88050369,40363.7022355,35164.8434017,expected_cost,0.9,0,5003.71661958,10393.9377544,0,63021.9810204,666.579104506,59724.6257975,3297.3552229,20386.4613763,16503.351359,3636.95791475,1200,10800,5.68434188608e-13,9.09494701773e-13,7123.29314659,7112.53497356,7130.78195923,977.507991337,3302.47449166,41268.2962234,58809.9738653,4212.00715506,4726.23216185,16387.5377599,13257.4832984,7244.79167702,41,1207
2025-05-13,PuLP HiGHS,Optimal,3.43641210001,7130.78195923,7423.74393707,1.124955|0.726615|0.384264,4047.487874|7423.743937|10800,4047.48787413,5656.53402061,38425.2223902,2616.96889904,41042.1912892,35385.6572686,expected_cost,0.9,0,7225.04078117,11226.2400571,0,63741.9149894,680.145805952,60514.4895373,3227.42545207,20058.9659243,15984.0966187,3527.15732439,1200,10800,5.68434188608e-13,0,7423.74393707,7130.78195923,7423.74393707,362.311184257,1472.80439206,39898.0267823,59505.3013495,4236.61363986,2922.81540424,18694.3083308,14878.7239679,2470.03024434,34,1229
2025-05-14,PuLP HiGHS,Optimal,3.33960379999,7423.74393707,7224.23871532,1.124955|0.726615|0.384264,3583.632972|7191.816486|10800,3583.63297172,5303.24009383,38818.6477285,2756.22494484,41574.8726733,36271.6325795,expected_cost,0.9,0,8513.38711848,14093.2863818,0,64080.4670393,736.856348341,60668.8818077,3411.58523161,19733.2645928,16192.6790263,3611.9191194,1200,10800,4.54747350886e-13,9.09494701773e-13,7191.81648586,7423.74393707,7224.23871532,269.890642929,864.920385491,39683.568114,59509.3604822,4571.10655712,3566.5075508,17779.7341607,14581.1393697,3565.07008872,37,1210
2025-05-15,PuLP HiGHS,Optimal,3.74391080001,7224.23871532,7635.89168897,1.124955|0.726615|0.384264,4279.327987|7539.663994|10800,4279.32798702,5833.11446299,38512.8202734,2535.91244746,41048.7327208,35215.6182578,expected_cost,0.9,0,8703.22562783,10590.655195,0,63852.1048901,661.174729944,60493.3628425,3358.74204768,19850.9739992,15795.406189,3546.76284528,1200,10800,9.09494701773e-13,9.09494701773e-13,7539.66399351,7224.23871532,7635.89168897,1121.8404052,4375.54009656,42888.3603699,59304.5932312,4547.51165896,3777.83158066,18489.7689269,14606.2251545,2550.38610677,35,1210
2025-05-16,PuLP HiGHS,Optimal,3.4862931,7635.89168897,7481.98993155,1.124955|0.726615|0.384264,3704.274618|7252.137309|10800,3704.27461806,5395.12650216,15518.9609636,1112.45566206,16631.4166257,11236.2901235,expected_cost,0.9,0,1528.33165726,4718.03990533,0,29093.7621391,289.777044111,27031.7669317,2061.99520742,21440.7815743,17712.4120171,16924.1374752,1200,10800,0,9.09494701773e-13,7252.13730903,7635.89168897,7481.98993155,456.87455978,1315.19839955,16834.1593632,27049.714691,2044.0474481,21729.1351994,16844.5215773,13782.5740593,8526.09795492,39,823
2025-05-17,PuLP HiGHS,Optimal,2.86729350001,7481.98993155,7631.80459155,1.124955|0.726615|0.384264,4153.532788|7476.766394|10800,4153.53278846,5737.3028645,15757.3002278,1192.98680551,16950.2870333,11212.9841688,expected_cost,0.9,0,1591.6508106,4947.2364751,0,29737.456734,305.717345149,27710.6720026,2026.7847314,20783.1732531,16839.0715186,17878.608025,1200,10800,1.81898940355e-12,1.81898940355e-12,7476.76639423,7481.98993155,7631.80459155,675.233706044,2508.42957402,18265.7298018,28248.4938654,1488.96286858,15126.37912,16914.2956531,13565.746285,7142.2028336,35,841
2025-05-18,PuLP HiGHS,Optimal,4.0169263,7631.80459155,7562.88942811,1.124955|0.726615|0.384264,4200.554523|7500.277262|10800,4200.55452346,5773.11685141,37453.4054006,2345.51354324,39798.9189439,34025.8020924,expected_cost,0.9,0,6579.83982061,8750.61646284,0,61762.5589748,643.19019146,58625.5850444,3136.97393041,18083.9175331,14766.3477987,4059.14008212,1200,10800,4.54747350886e-13,9.09494701773e-13,7500.27726173,7631.80459155,7562.88942811,1764.39606966,5959.89782472,43413.3032253,58360.6964046,3401.86257029,3153.68169856,17669.8227513,14374.5800757,805.862504835,23,1193
2025-05-19,PuLP HiGHS,Optimal,4.73062820001,7562.88942811,8191.44137442,1.124955|0.726615|0.384264,5582.882749|8191.441374|10800,5582.88274885,6825.96368845,37974.5089051,2890.40321986,40864.912125,34038.9484365,expected_cost,0.9,0,8478.26894857,12588.7015661,0,63163.0920681,764.649035588,59551.1584892,3611.93357884,19633.627049,15337.541158,4350.54034513,1200,10800,9.09494701773e-13,9.09494701773e-13,8191.44137442,7562.88942811,8191.44137442,387.460035667,1981.09463374,39955.6035389,57031.4547723,6131.63729573,5903.37513281,18076.9809132,14076.657788,2817.52950585,34,1203
2025-05-20,PuLP HiGHS,Optimal,4.29922489999,8191.44137442,6997.18580041,1.124955|0.726615|0.384264,3194.371601|6997.1858|10800,3194.37160083,5006.76014384,35380.1999779,2371.83370047,37752.0336784,32745.2735345,expected_cost,0.9,0,5625.42442513,8788.85663075,0,58048.5238787,643.401634371,55012.962014,3035.56186469,17906.1991832,15578.851355,3686.17866591,1200,10800,4.54747350886e-13,9.09494701773e-13,6997.18580041,8191.44137442,6997.18580041,1835.10209199,6008.74504364,41388.9450216,56106.1361678,1942.38771089,1309.40272945,16733.0038438,14628.5631301,2123.48356422,29,1203
2025-05-21,PuLP HiGHS,Optimal,5.12005109999,6997.18580041,7083.53810447,1.124955|0.726615|0.384264,3366.75276|7083.37638|10800,3366.75275986,5138.05382266,36623.8681676,2255.35713307,38879.2253007,33741.171478,expected_cost,0.9,0,4667.3565516,9577.58663741,0,60669.4445444,615.357800338,57604.5457721,3064.89877236,18489.4372817,14898.8726766,3919.12794656,1200,10800,1.13686837722e-13,1.81898940355e-12,7083.37637993,6997.18580041,7083.53810447,1213.50856797,4763.59788854,41387.4660562,57672.9010905,2996.5434539,4248.31505964,16830.3275889,13554.8482734,3003.13409599,35,1189
2025-05-22,PuLP HiGHS,Optimal,4.9852307,7083.53810447,7489.92159115,1.124955|0.726615|0.384264,4179.843182|7489.921591|10800,4179.84318231,5757.34211019,36299.1307211,2652.06411209,38951.1948332,33193.852723,expected_cost,0.9,0,7936.30972346,12003.2615834,0,60267.8334352,708.1548282,57136.6956597,3131.13777548,19400.7720998,15348.8802629,4046.77995196,1200,10800,0,1.81898940355e-12,7489.92159115,7083.53810447,7489.92159115,589.308591825,2923.85475196,39222.9854731,57530.0928014,2737.74063372,3446.24395835,18372.5341065,14516.0074882,1861.11076795,30,1207
2025-05-23,PuLP HiGHS,Optimal,3.2598997,7489.92159115,7731.54590996,1.124955|0.726615|0.384264,4332.106424|7566.053212|10800,4332.10642387,5873.31302747,15458.4962565,1168.281001,16626.7772575,10753.46423,expected_cost,0.9,0,1709.13773397,5249.56982004,0,29331.0365488,301.037871132,27362.6942383,1968.3423105,21316.349918,17197.7249748,18699.8855949,1200,10800,4.54747350886e-13,9.09494701773e-13,7566.05321193,7489.92159115,7731.54590996,424.258843337,1689.50858561,17148.0048421,27170.6189801,2160.41756874,17632.4148002,17495.0118575,13953.4977176,7065.56531765,34,805
2025-05-24,PuLP HiGHS,Optimal,2.7875319,7731.54590996,7760.46336413,1.124955|0.726615|0.384264,4153.532363|7476.766182|10800,4153.53236322,5737.30254061,15716.2854474,1301.44644246,17017.7318899,11280.4293492,expected_cost,0.9,0,1425.82952014,6619.3314183,0,29598.6148911,331.615612996,27552.1946771,2046.42021402,22356.1081081,18337.7493231,18216.4337509,1200,10800,4.54747350886e-13,4.54747350886e-13,7476.76618161,7731.54590996,7760.46336413,202.768639791,820.669527571,16536.954975,27215.4076365,2383.20725467,20364.1376215,17229.0082248,13929.4709533,9535.37825318,36,815
2025-05-25,PuLP HiGHS,Optimal,5.01591669999,7760.46336413,7091.15225723,1.124955|0.726615|0.384264,3382.304514|7091.152257|10800,3382.30451446,5149.89877768,35757.1967441,2549.53168449,38306.7284286,33156.8296509,expected_cost,0.9,0,7010.7551433,12452.4919333,0,59346.9555882,679.689337097,56414.4930862,2932.46250199,18370.0344446,15482.1078963,4090.65091201,1200,10800,9.09494701773e-13,9.09494701773e-13,7091.15225723,7760.46336413,7091.15225723,448.911736091,2182.27338926,37939.4701333,55740.8102506,3606.14533757,5086.78564805,16633.1902711,14075.2641158,3143.68795396,32,1213
2025-05-26,PuLP HiGHS,Optimal,4.6238212,7091.15225723,7146.10711423,1.124955|0.726615|0.384264,3382.458276|7091.229138|10800,3382.45827621,5150.01588993,35705.5770078,2473.94345443,38179.5204623,33029.5045723,expected_cost,0.9,0,6606.01184756,10583.498502,0,58978.9751781,696.899902943,56010.4212731,2968.55390501,18401.858595,14905.4362691,4523.49482133,1200,10800,9.09494701773e-13,9.09494701773e-13,7091.22913811,7091.15225723,7146.10711423,3386.11933925,12656.3909234,48361.9679312,56334.3523593,2644.62281881,1650.27693179,18110.0128709,14619.6510542,577.63093896,17,1190
2025-05-27,PuLP HiGHS,Optimal,4.3532306,7146.10711423,7712.76893306,1.124955|0.726615|0.384264,4625.537866|7712.768933|10800,4625.53786612,6096.80435189,37384.0150977,2872.72094681,40256.7360445,34159.9316926,expected_cost,0.9,0,6266.58868001,14839.8032941,0,61875.0004519,757.238582631,58525.3802292,3349.62022266,18871.7780608,14776.1445923,4564.77549104,1200,10800,5.68434188608e-13,9.09494701773e-13,7712.76893306,7146.10711423,7712.76893306,389.105604304,1249.65568545,38633.6707831,57141.4196512,4733.58080067,4291.53019285,17571.7480302,13723.1202675,2353.05435536,30,1214
2025-05-28,PuLP HiGHS,Optimal,3.3597095,7712.76893306,8304.46750194,1.124955|0.726615|0.384264,5808.935004|8304.467502|10800,5808.93500388,6998.13582337,37399.5227262,2966.22599417,40365.7487203,33367.612897,expected_cost,0.9,0,10135.6358576,12640.9473566,0,61685.6871848,777.398392792,58173.0784789,3512.60870587,19270.4700343,15076.5520158,4653.81193346,1200,10800,3.41060513165e-13,9.09494701773e-13,8304.46750194,7712.76893306,8304.46750194,1901.23830966,5362.09983094,42761.6225571,58035.816178,3649.87100671,3575.31982613,18712.5360504,14624.6254889,1009.86051077,21,1196
2025-05-29,PuLP HiGHS,Optimal,5.8782374,8304.46750194,7149.06206514,1.124955|0.726615|0.384264,3498.12413|7149.062065|10800,3498.12413027,5238.11249851,35202.7024374,2936.65247487,38139.3549122,32901.2424137,expected_cost,0.9,0,9999.05665231,16042.0758912,0,57941.6523003,808.78351289,55011.9836531,2929.66864715,17449.4867213,15173.9491374,4576.75785262,1200,10800,1.22781784739e-11,1.81898940355e-12,7149.06206514,8304.46750194,7149.06206514,1844.87368946,7139.8492866,42342.551724,56195.0880392,1746.5642611,1746.07228862,16966.4780691,14782.7121291,874.245660451,16,1204
2025-05-30,PuLP HiGHS,Optimal,2.9595793,7149.06206514,7630.87843909,1.124955|0.726615|0.384264,4094.861081|7447.430541|10800,4094.8610811,5692.61570527,15245.3449376,1147.42550672,16392.7704443,10700.154739,expected_cost,0.9,0,1741.25530877,4833.29677674,0,29225.24625,301.41389555,27253.9767054,1971.26954463,21668.8636951,17283.2479652,18594.148889,1200,10800,4.54747350886e-13,9.09494701773e-13,7447.43054055,7149.06206514,7630.87843909,798.501219731,3392.98334716,18638.3282848,27164.892208,2060.35404205,17640.0651512,17334.0014383,13606.9064285,8011.20379343,37,811
2025-05-31,PuLP HiGHS,Optimal,2.6066955,7630.87843909,7738.71487815,1.124955|0.726615|0.384264,4377.197536|7588.598768|10800,4377.19753599,5907.6565603,15307.9105177,1258.76112777,16566.6716454,10659.0150851,expected_cost,0.9,0,2127.48937451,5214.88956966,0,29134.6452742,320.694706982,27212.6209792,1922.02429492,19959.2171641,16205.0176069,19234.7946859,1200,10800,5.34328137292e-12,1.81898940355e-12,7588.598768,7630.87843909,7738.71487815,596.766060836,2227.00022591,17534.9107436,26952.3608381,2182.28443608,15708.2491005,17656.0181751,14204.3219266,4303.89466929,19,831
2025-06-01,PuLP HiGHS,Optimal,4.90993590001,7738.71487815,7500.27704906,1.124955|0.726615|0.384264,4200.554098|7500.277049|10800,4200.55409813,5773.11652745,36628.2194566,2222.55053092,38850.7699875,33077.6534601,expected_cost,0.9,0,5350.36925038,6738.26815589,0,60697.2417193,647.790551051,57430.2586545,3266.98306477,18778.0839945,15424.8420817,3893.06831601,1200,10800,3.12638803734e-13,1.81898940355e-12,7500.27704906,7738.71487815,7500.27704906,14038.7544548,53753.7196756,90381.9391322,60486.7672007,210.474518513,0,18501.5231672,15200.8278116,500.575097422,13,1204
2025-06-02,PuLP HiGHS,Optimal,3.41185429999,7500.27704906,7381.26246458,1.124955|0.726615|0.384264,3962.524929|7381.262465|10800,3962.52492915,5591.82220598,37546.6022658,3234.39980967,40781.0020755,35189.1798695,expected_cost,0.9,0,5274.05696775,18488.5981121,0,62423.9619847,865.666405584,58895.4491326,3528.51285212,19011.0414263,15506.0566813,3513.57875335,1200,10800,4.54747350886e-13,9.09494701773e-13,7381.26246458,7500.27704906,7381.26246458,11696.9238808,47786.2091246,85332.8113905,61754.4062545,669.555730259,1314.81152578,18962.2330817,15466.5219222,88.3431037005,4,1230
2025-06-03,PuLP HiGHS,Optimal,3.3270094,7381.26246458,7376.64396276,1.124955|0.726615|0.384264,3953.287926|7376.643963|10800,3953.28792551,5584.78686525,38033.3112302,2798.71472053,40832.0259508,35247.2390855,expected_cost,0.9,0,7847.67185971,11755.8044772,0,63487.874503,759.240266266,59925.8716718,3562.00283119,19795.1126226,16038.197876,3656.15225313,1200,10800,9.09494701773e-13,9.09494701773e-13,7376.64396276,7381.26246458,7376.64396276,8994.93031685,37230.9552426,75264.2664728,63226.8434417,261.031061238,281.127627995,19749.6628889,16001.3835916,82.2640180986,6,1236
2025-06-04,PuLP HiGHS,Optimal,3.3150663,7376.64396276,7588.59887529,1.124955|0.726615|0.384264,4377.197751|7588.598875|10800,4377.19775058,5907.65672373,39084.2789093,2713.18953421,41797.4684435,35889.8117197,expected_cost,0.9,0,6470.32186813,11380.4024263,0,65445.6006027,705.952520798,61809.635696,3635.96490677,20829.1242202,16680.8311971,3250.95363744,1200,10800,4.54747350886e-13,9.09494701773e-13,7588.59887529,7376.64396276,7588.59887529,8524.14248585,31761.3057583,70845.5846675,65318.6454048,126.955197935,186.229622135,20108.0948977,16096.7974459,1305.06307368,25,1251
2025-06-05,PuLP HiGHS,Optimal,4.4982994,7588.59887529,8165.74188678,1.124955|0.726615|0.384264,5531.483774|8165.741887|10800,5531.48377355,6786.81578742,41305.2619011,4629.92190216,45935.1838032,39148.3680158,expected_cost,0.9,0,7634.5843764,30563.8361531,0,68675.5033584,1208.87921835,64635.1492129,4040.35414542,21927.9348107,17242.1984863,3295.14662541,1200,10800,9.09494701773e-13,1.81898940355e-12,8165.74188678,7588.59887529,8165.74188678,8003.68798443,30381.4506276,71686.7125286,68377.4470894,298.056269007,626.548621354,21504.4196075,16899.1511717,766.562517845,12,1309
2025-06-06,PuLP HiGHS,Optimal,2.7643789,8165.74188678,7274.94724045,1.124955|0.726615|0.384264,3749.894481|7274.94724|10800,3749.89448089,5429.87275664,15145.5030344,1637.85930848,16783.3623429,11353.4895862,expected_cost,0.9,0,2169.26177466,9746.88512697,0,28694.4319811,419.284876654,26635.3369086,2059.09507253,18249.9534225,15584.177454,12349.3926731,1200,10800,3.41060513165e-13,2.27373675443e-13,7274.94724045,8165.74188678,7274.94724045,7990.68028246,33184.9961876,48330.499222,28446.5078561,247.924125058,3094.2393737,17314.0449818,14826.0916169,1693.99427777,13,848
2025-06-07,PuLP HiGHS,Optimal,3.17332650001,7274.94724045,7469.67579147,1.124955|0.726615|0.384264,4139.351583|7469.675791|10800,4139.35158294,5726.50178477,16310.739159,2900.9945429,19211.7337019,13485.2319171,expected_cost,0.9,0,11061.0374723,23103.6886687,0,30813.8233044,763.422308219,28488.1152392,2325.70806525,17632.9731016,14107.4525164,9968.74008467,1200,10800,4.54747350886e-13,9.09494701773e-13,7469.67579147,7274.94724045,7469.67579147,6075.52506978,24996.5460563,41307.2852153,30422.950929,390.872375486,1902.65988034,17337.0908201,13867.7878683,535.546929659,11,945
2025-06-08,PuLP HiGHS,Optimal,3.87421360001,7469.67579147,8367.18875027,1.124955|0.726615|0.384264,5934.377501|8367.18875|10800,5934.37750053,7093.67878734,51278.1140883,4104.82345753,55382.9375459,48289.2587585,expected_cost,0.9,0,9165.94038782,19161.8170653,0,82486.3563058,1063.74854804,77842.3551472,4644.00115853,23733.4646784,18416.3447266,2250.45487187,1200,10800,9.09494701773e-13,9.09494701773e-13,8367.18875027,7469.67579147,8367.18875027,155.442800018,626.650055149,51904.7641435,71441.2451175,11045.1111882,2143.85213333,18211.3202876,13943.4077701,9995.08134726,37,1327
2025-06-09,PuLP HiGHS,Optimal,3.1799721,8367.18875027,7499.13727543,1.124955|0.726615|0.384264,4198.274551|7499.137275|10800,4198.27455085,5771.38031597,48975.6936484,4279.21516218,53254.9088105,47483.5284946,expected_cost,0.9,0,12840.9638101,23974.2221583,0,78588.7793657,1095.0125207,74178.8193953,4409.95997032,21368.8316946,18090,2344.01195988,1200,10800,4.54747350886e-13,4.54747350886e-13,7499.13727543,8367.18875027,7499.13727543,1425.78282729,5152.89720208,54128.5908504,73278.8165854,5309.96278023,909.180424799,19178.6977997,16315.9915451,3964.14234987,27,1371
2025-06-10,PuLP HiGHS,Optimal,3.0729817,7499.13727543,7707.43946028,1.124955|0.726615|0.384264,4614.878921|7707.43946|10800,4614.87892055,6088.68599264,49822.038405,3631.77958073,53453.8179857,47365.1319931,expected_cost,0.9,0,7671.72292789,16906.8493391,0,80264.2377985,930.996223673,76079.4553959,4184.78240267,22755.6797882,18244.6286621,2341.55023585,1200,10800,9.09494701773e-13,1.81898940355e-12,7707.43946028,7499.13727543,7707.43946028,917.335210175,3225.18371919,53047.2221242,75661.0099874,4603.22781109,749.97215,21170.8255154,16960.8967011,2868.58623392,28,1346
2025-06-11,PuLP HiGHS,Optimal,3.3731754,7707.43946028,7712.76876355,1.124955|0.726615|0.384264,4625.537527|7712.768764|10800,4625.53752711,6096.80409368,50069.7573749,3315.07754898,53384.8349239,47288.0308302,expected_cost,0.9,0,7640.75561491,11732.1738481,0,81184.7916119,859.617027498,76718.7043722,4466.08723967,22881.7553079,18529.4254264,2378.49691731,1200,10800,9.09494701773e-13,4.54747350886e-13,7712.76876355,7707.43946028,7712.76876355,3002.28090002,13975.5926895,64045.3500644,77383.6309407,3801.16067113,0,22614.048164,18312.5826399,484.549930452,8,1366
2025-06-12,PuLP HiGHS,Optimal,4.95731860001,7712.76876355,8253.6646659,1.124955|0.726615|0.384264,5707.329332|8253.664666|10800,5707.3293318,6920.74811724,51301.9936905,3464.35600889,54766.3496994,47845.6015822,expected_cost,0.9,0,8861.10700944,15624.9403213,0,82619.0345955,907.117857995,78071.593885,4547.44071053,23350.3155707,18426.9493001,2576.07783307,1200,10800,4.54747350886e-13,1.81898940355e-12,8253.6646659,7712.76876355,8253.6646659,966.160248719,4053.17384099,55355.1675315,76329.1200912,6289.91450434,275.903166667,21474.6285674,16907.6428275,3394.99347594,27,1365
2025-06-13,PuLP HiGHS,Optimal,3.26858049999,8253.6646659,7960.94738478,1.124955|0.726615|0.384264,4881.574102|7840.787051|10800,4881.57410247,6291.81371121,22131.7882526,3379.790704,25511.5789566,19219.7652454,expected_cost,0.9,0,3098.26219783,24577.8466016,0,38470.3267813,889.176943236,36050.6348964,2419.69188487,16903.0041672,14063.0232286,7532.01622732,1200,10800,0,1.81898940355e-12,7840.78705123,8253.6646659,7960.94738478,791.798908694,3794.8571824,25926.645435,35536.5787475,2933.74803378,5126.33879423,16421.9511317,13565.2259697,978.850294454,24,1094
2025-06-14,PuLP HiGHS,Optimal,3.434043,7960.94738478,7766.75418875,1.124955|0.726615|0.384264,4557.562541|7678.781271|10800,4557.56254106,6045.03111549,21939.6674629,2295.73095699,24235.3984199,18190.3673044,expected_cost,0.9,0,4373.54345943,13519.5271828,0,38176.1618235,607.17240498,35826.6439428,2349.51788066,17251.4109522,14227.5923741,6687.39342823,1200,10800,0,1.81898940355e-12,7678.78127053,7960.94738478,7766.75418875,327.003337602,985.932754567,22925.6002174,35834.9069569,2341.25486659,7062.8726209,16212.9936844,13307.2987608,1958.71088107,30,1096
2025-06-15,PuLP HiGHS,Optimal,3.3255788,7766.75418875,7726.08551038,1.124955|0.726615|0.384264,4625.140428|7712.570214|10800,4625.14042817,6096.50164427,51891.6954266,5602.57877208,57494.2741987,51397.7725544,expected_cost,0.9,0,29481.0082009,36919.2972348,0,82888.9143297,1432.33964941,77582.2479175,5306.66641216,22843.5165681,18552.0139974,2561.94174478,1200,10800,2.84217094304e-13,4.54747350886e-13,7712.57021409,7766.75418875,7726.08551038,409.092314444,1884.39965294,53776.0950795,74148.1912112,8740.72311842,0,20878.4789626,16948.1697702,3568.88183275,28,1347
2025-06-16,PuLP HiGHS,Optimal,3.40645720001,7726.08551038,7827.46972671,1.124955|0.726615|0.384264,4854.939453|7827.469727|10800,4854.93945342,6271.52749735,51477.5511538,4569.21880008,56046.7699538,49775.2424565,expected_cost,0.9,0,13311.9714287,28296.3696278,0,82697.2472769,1160.54428811,78001.8926295,4695.35464732,22878.3541029,18440.2210286,2352.94765193,1200,10800,9.09494701773e-13,4.54747350886e-13,7827.46972671,7726.08551038,7827.46972671,700.163282706,2837.7225504,54315.2737042,76439.1069512,6258.14032566,196.574416667,21881.0379257,17632.3949251,1805.1422807,19,1358
2025-06-17,PuLP HiGHS,Optimal,2.7438441,7827.46972671,8165.74190634,1.124955|0.726615|0.384264,5531.483813|8165.741906|10800,5531.48381269,6786.81581722,51767.2524235,4475.25168055,56242.5041041,49455.6882868,expected_cost,0.9,0,10665.3303041,27171.9390253,0,83283.3592849,1154.9001971,78468.3284483,4815.03083651,23435.7335159,18678.4991862,2306.2367876,1200,10800,2.27373675443e-13,2.27373675443e-13,8165.74190634,7827.46972671,8165.74190634,1685.12149453,7353.71601131,59120.9684348,77254.818934,6028.54035088,0,21044.6539482,16741.7247364,4327.85401746,26,1375
2025-06-18,PuLP HiGHS,Optimal,3.3943328,8165.74190634,7659.43574816,1.124955|0.726615|0.384264,4518.871496|7659.435748|10800,4518.87149631,6015.56217799,51714.946464,4188.96284491,55903.9093089,49888.3471309,expected_cost,0.9,0,8975.11337457,24055.8022737,0,82734.6144614,1060.20564127,78209.4250664,4525.18939495,22604.1042687,18765,2088.08698928,1200,10800,4.54747350886e-13,1.81898940355e-12,7659.43574816,8165.74190634,7659.43574816,369.192860642,1374.96132286,53089.9077868,73766.7339727,8967.88048874,159.75675,18439.2353982,15391.4562149,7538.4126555,33,1368
2025-06-19,PuLP HiGHS,Optimal,4.71907410001,7659.43574816,8028.87687053,1.124955|0.726615|0.384264,5257.753741|8028.876871|10800,5257.75374105,6578.32999249,51587.8229239,3684.87041572,55272.6933396,48694.3633471,expected_cost,0.9,0,8192.83608046,16054.8256753,0,82694.9223616,950.88872236,78000.3832562,4694.53910538,23788.2787644,18936.0087891,2369.17008363,1200,10800,4.54747350886e-13,4.54747350886e-13,8028.87687053,7659.43574816,8028.87687053,689.195775927,2565.45705922,54153.2799831,73397.6710184,9297.25134319,1646.43013333,20254.9234257,16073.9909647,6395.37316305,31,1377
2025-06-20,PuLP HiGHS,Optimal,3.1482369,8028.87687053,8277.97485915,1.124955|0.726615|0.384264,5583.385387|8191.692693|10800,5583.38538659,6826.34652123,22694.6312681,3820.69695909,26515.3282272,19688.9817059,expected_cost,0.9,0,20563.8016214,27800.7952698,0,39388.8277737,1027.42726966,36618.2635055,2770.56426819,16334.8866704,13084.7239625,7867.33579634,1200,10800,0,1.81898940355e-12,8191.6926933,8028.87687053,8277.97485915,217.762918469,572.348162065,23266.9794301,35681.7268283,3707.10094546,10343.318419,15428.4330948,12272.842617,1718.33492111,27,1106
2025-06-21,PuLP HiGHS,Optimal,3.2505175,8277.97485915,8022.33461422,1.124955|0.726615|0.384264,4904.610409|7852.305205|10800,4904.61040925,6309.35925668,21211.2445196,2406.52513332,23617.7696529,17308.4103962,expected_cost,0.9,0,8023.89706678,12533.0559921,0,36882.5203862,606.072492203,34459.3562088,2423.16417739,18058.116894,15010.1773732,6742.75579725,1200,10800,0,9.09494701773e-13,7852.30520462,8277.97485915,8022.33461422,204.215463873,583.330069767,21794.5745894,33020.8454986,3861.67488757,10782.4159138,17568.3203635,14460.4157149,1039.55818886,21,1050
2025-06-22,PuLP HiGHS,Optimal,1.0688558,8022.33461422,7837.44215626,1.124955|0.726615|0.384264,4874.884313|7837.442156|10800,4874.88431252,6286.71844942,49120.903524,4419.78835713,53540.6918811,47253.9734317,expected_cost,0.9,0,9176.26322812,25870.5178197,0,79205.1856729,1111.97978035,74692.8214731,4512.36419985,22127.8972689,18090,2141.19517254,1200,10800,9.09494701773e-13,1.81898940355e-12,7837.44215626,8022.33461422,7837.44215626,793.228102564,3146.51743336,52267.4209574,71302.8481504,7902.33752253,1193.78815,19007.1063953,15562.1593924,5648.63148122,30,1363
2025-06-23,PuLP HiGHS,Optimal,2.3948221,7837.44215626,8319.03004454,1.124955|0.726615|0.384264,5838.060089|8319.030045|10800,5838.06008908,7020.31887169,50351.61156,5001.24773011,55352.8592901,48332.5404184,expected_cost,0.9,0,10508.9539472,31278.5585888,0,81235.3897673,1296.97628718,76267.3689418,4968.02082552,23497.7394873,18599.7398853,2831.77028755,1200,10800,4.54747350886e-13,4.54747350886e-13,8319.03004454,7837.44215626,8319.03004454,418.147258517,1354.90037026,51706.5119303,72371.0508067,8864.33896056,1282.30709388,21116.7151154,16671.110144,4309.65411319,31,1365
2025-06-24,PuLP HiGHS,Optimal,2.63940459999,8319.03004454,7699.16686616,1.124955|0.726615|0.384264,4598.333732|7699.166866|10800,4598.33373233,6076.08439139,48288.4027342,3502.98249828,51791.3852324,45715.300841,expected_cost,0.9,0,7915.01359613,17473.4273057,0,77739.0605606,913.526863382,73447.5297467,4291.53081391,21673.3426707,18113.2844238,2873.98349994,1200,10800,6.25277607469e-13,4.54747350886e-13,7699.16686616,8319.03004454,7699.16686616,4982.67317599,20009.3919727,68297.7947069,74859.8621528,2879.1984078,43.5466666667,21516.1751194,17985.9787073,284.473267889,10,1354
2025-06-25,PuLP HiGHS,Optimal,2.6038793,7699.16686616,7596.85264909,1.124955|0.726615|0.384264,4393.705298|7596.852649|10800,4393.70529817,5920.22965609,48709.4116078,4123.64742842,52833.0590362,46912.8293801,expected_cost,0.9,0,8293.19607394,23412.1974338,0,78703.034798,1061.64925505,74279.5414372,4423.49336081,22323.5769516,18174.1801261,2723.72247661,1200,10800,0,4.54747350886e-13,7596.85264909,7699.16686616,7596.85264909,1657.80720935,6169.29277782,54878.7043856,72769.4870307,5933.5477673,86.6427,21027.9629936,17124.7328202,2345.06126393,24,1342
2025-06-26,PuLP HiGHS,Optimal,3.92551650001,7596.85264909,7551.97746527,1.124955|0.726615|0.384264,4303.954931|7551.977465|10800,4303.95493054,5851.87151296,48674.4647594,4105.9565459,52780.4213053,46928.5497924,expected_cost,0.9,0,6207.97291864,23792.1369525,0,78441.0587818,1072.19985523,74039.6487018,4401.41008001,22726.2456524,18448.6466439,2492.39956139,1200,10800,4.54747350886e-13,9.09494701773e-13,7551.97746527,7596.85264909,7551.97746527,965.592985436,3763.57733916,52438.0420986,70715.3822855,7725.67649633,211.823766667,20853.4491387,16931.6814678,3389.76168982,23,1360
2025-06-27,PuLP HiGHS,Optimal,3.17449,7551.97746527,8384.15421262,1.124955|0.726615|0.384264,5531.483631|8165.741815|10800,5531.48363075,6786.81567866,20313.8041155,3174.27781758,23488.0819331,16701.2662544,expected_cost,0.9,0,5341.70714748,21221.0926468,0,36115.7362286,816.481216184,33663.9029709,2451.83325773,18406.3797949,14356.7797187,7389.67405738,1200,10800,4.54747350886e-13,1.81898940355e-12,8165.74181538,7551.97746527,8384.15421262,217.924572607,948.13521923,21261.9393347,33405.6964208,2710.03980778,9693.2495228,17946.1396387,13787.4140348,1029.60584011,23,1070
2025-06-28,PuLP HiGHS,Optimal,3.06211089999,8384.15421262,8400.98406934,1.124955|0.726615|0.384264,5770.833084|8285.416542|10800,5770.83308415,6969.11559146,20240.7985885,3437.31323816,23678.1118267,16708.9962352,expected_cost,0.9,0,10487.9169014,23998.9565662,0,36174.6884434,875.198994703,33539.398551,2635.28989243,18549.2425233,15113.7503473,7652.94111394,1200,10800,4.54747350886e-13,1.81898940355e-12,8285.41654207,8384.15421262,8400.98406934,670.675073244,2986.81494737,23227.6135359,33159.5242706,3015.1641728,8660.88043779,17774.9785177,14382.5857283,1505.42862467,26,1072
2025-06-29,PuLP HiGHS,Optimal,4.6663961,8400.98406934,7717.6520831,1.124955|0.726615|0.384264,4635.304166|7717.652083|10800,4635.30416619,6104.24282992,48110.9927846,3744.16008446,51855.1528691,45750.9100391,expected_cost,0.9,0,6555.41893648,17657.2976105,0,77635.9098783,963.149072412,73144.7097695,4491.20010871,22097.6563251,18514.100411,2450.78322182,1200,10800,9.09494701773e-13,9.09494701773e-13,7717.6520831,8400.98406934,7717.6520831,1380.88150664,4616.34463579,52727.3374204,71650.7683651,5985.14151319,700.057109766,19362.2264012,16298.4021726,4951.1281623,29,1363
2025-06-30,PuLP HiGHS,Optimal,5.64274950001,7717.6520831,7775.02679739,1.124955|0.726615|0.384264,4710.672113|7755.336057|10800,4710.6721133,6161.64663841,49282.2471759,5374.90947584,54657.1566518,48495.5100134,expected_cost,0.9,0,7553.73583054,38628.3731215,0,79170.3187947,1366.97471863,74535.0695854,4635.24920934,22700.3089032,18353.3346354,2517.16507928,1200,10800,0,1.81898940355e-12,7755.33605665,7717.6520831,7775.02679739,1544.99831376,5389.60897125,54671.8561472,72315.6793853,6854.63940946,123.35635,20042.1059096,16182.4685439,4829.0690852,30,1360
2025-07-01,PuLP HiGHS,Optimal,5.25351340001,7775.02679739,7987.68677942,1.124955|0.726615|0.384264,5175.373559|7987.686779|10800,5175.37355885,6515.58533266,51093.30416,5494.73636,56588.0405201,50072.4551874,expected_cost,0.9,0,25923.9973434,35993.7089944,0,82250.8935621,1394.38376158,76962.6242332,5288.26932891,23550.6031452,18884.5945638,2884.01376793,1200,10800,1.25055521494e-12,1.81898940355e-12,7987.68677942,7775.02679739,7987.68677942,5632.47561614,19720.0465382,70813.3506983,78000.9713062,4249.92225589,656.53775,20626.1639748,16515.7988358,5293.23489843,31,1362
2025-07-02,PuLP HiGHS,Optimal,4.38369399999,7987.68677942,7756.42547733,1.124955|0.726615|0.384264,4712.850955|7756.425477|10800,4712.85095466,6163.30614749,47615.0730531,3630.49679504,51245.5698481,45082.2637006,expected_cost,0.9,0,8905.57816836,16037.2628166,0,76966.1089563,928.44316466,72565.8745657,4400.23439058,22104.9240198,18113.1236279,2622.23252122,1200,10800,9.09494701773e-13,1.81898940355e-12,7756.42547733,7987.68677942,7756.42547733,7037.45560465,24530.6677271,72145.7407802,71081.748108,5884.36084829,2058.81929453,17703.9643332,14548.3462818,7965.7370327,38,1359
2025-07-03,PuLP HiGHS,Optimal,4.3692052,7756.42547733,7267.6411464,1.124955|0.726615|0.384264,3735.282293|7267.641146|10800,3735.28229279,5418.7434201,46563.8934411,5011.93939042,51575.8328315,46157.0894114,expected_cost,0.9,0,7854.34666929,36071.8440517,0,75196.5395131,1284.5281932,70944.1259978,4252.41351531,21602.2119208,17937.6975537,3005.03245409,1200,10800,9.09494701773e-13,1.81898940355e-12,7267.6411464,7756.42547733,7267.6411464,9538.62839185,34863.9446126,81427.8380537,74125.8221279,1070.71738526,445.717633333,20516.9465837,17058.6326306,1964.33026029,22,1342
2025-07-04,PuLP HiGHS,Optimal,2.69532699999,7267.6411464,7867.27257537,1.124955|0.726615|0.384264,4934.545151|7867.272575|10800,4934.54515073,6332.15897769,19691.5257659,3013.30336653,22704.8291325,16372.6701548,expected_cost,0.9,0,7430.43147196,22834.47201,0,35107.387844,771.419829349,32687.2980034,2420.08984056,18514.8075273,14457.3258111,10630.3695641,1200,10800,1.13686837722e-13,9.09494701773e-13,7867.27257537,7267.6411464,7867.27257537,7637.16386707,27372.4928176,47064.0185835,35084.2282994,23.1595445964,9888.37680349,17960.419001,14008.2711048,1003.44323256,10,869
2025-07-05,PuLP HiGHS,Optimal,3.4063877,7867.27257537,7738.96990797,1.124955|0.726615|0.384264,4677.939816|7738.969908|10800,4677.93981594,6136.71616596,19415.5683796,2081.73368681,21497.3020664,15360.5859005,expected_cost,0.9,0,2614.16721623,12936.0239061,0,34916.0753539,549.901975961,32430.4392189,2485.63613501,17932.1887866,14640.5453178,11278.5224564,1200,10800,4.54747350886e-13,1.81898940355e-12,7738.96990797,7867.27257537,7738.96990797,7714.86610751,29310.2311618,48725.7995414,34916.0753539,0,10592.7369534,17703.1417999,14455.0172586,414.575045967,9,905
2025-07-06,PuLP HiGHS,Optimal,3.22219730001,7738.96990797,8019.23380675,1.124955|0.726615|0.384264,5238.467613|8019.233807|10800,5238.46761349,6563.64076165,45814.2643908,4957.21073698,50771.4751278,44207.8343661,expected_cost,0.9,0,10212.4297107,33746.7896636,0,74624.7233932,1314.58048592,70194.8735482,4429.84984503,22277.6806499,17792.6838175,3579.90182838,1200,10800,9.09494701773e-13,0,8019.23380675,7738.96990797,8019.23380675,10423.202249,40986.5907114,86800.8551022,73819.4804492,805.242944014,118.204921354,21464.5195682,17134.0233413,1471.82155801,19,1301
2025-07-07,PuLP HiGHS,Optimal,3.2362132,8019.23380675,8194.65903998,1.124955|0.726615|0.384264,5589.31808|8194.65904|10800,5589.31807995,6830.8651423,44287.2239776,3675.15547658,47962.3794542,41131.5143119,expected_cost,0.9,0,9260.22791695,16283.6201825,0,72373.4267632,975.936766125,68435.3313756,3938.09538755,21561.6766523,17307.0753784,3381.88755159,1200,10800,4.54747350886e-13,0,8194.65903998,8019.23380675,8194.65903998,7846.12477524,28102.4254948,72389.6494724,70654.3317749,1719.09498827,1223.36246185,19524.8874301,15657.2761085,3686.58849205,34,1288
2025-07-08,PuLP HiGHS,Optimal,2.2235582,8194.65903998,7435.08813863,1.124955|0.726615|0.384264,4070.176277|7435.088139|10800,4070.17627725,5673.81458613,53212.5168579,4651.51891605,57864.035774,52190.2211879,expected_cost,0.9,0,12253.61379,29305.7315322,0,84406.2306607,1227.5152795,80353.3612375,4052.86942316,21569.4168654,18154.8414722,2756.90112081,1200,10800,0,4.54747350886e-13,7435.08813863,8194.65903998,7435.08813863,1488.87360913,6010.91626053,59223.4331185,78860.8390246,5545.39163609,1659.90810273,20010.6911869,16892.2736726,2821.29347807,26,1346
2025-07-09,PuLP HiGHS,Optimal,3.51515750001,7435.08813863,8225.19947837,1.124955|0.726615|0.384264,5650.398957|8225.199478|10800,5650.39895674,6877.38723941,54773.2037779,4380.34598868,59153.5497666,52276.1625272,expected_cost,0.9,0,7412.04882823,22642.8314376,0,87147.6162897,1122.9992636,82700.2276295,4447.38866021,23339.4184157,18193.8287109,2928.97327596,1200,10800,0,2.27373675443e-13,8225.19947837,7435.08813863,8225.19947837,714.890477938,2800.59427185,57573.7980498,79790.5206496,7357.09564013,1749.74092675,20978.1314647,16281.1862807,4273.92938123,31,1318
2025-07-10,PuLP HiGHS,Optimal,3.5344773,8225.19947837,8271.78023173,1.124955|0.726615|0.384264,5743.560463|8271.780232|10800,5743.56046346,6948.34346809,55609.6430231,4653.96460845,60263.6076316,53315.2641635,expected_cost,0.9,0,10838.5018693,27882.2068965,0,87753.0378053,1200.15716993,82934.5394104,4818.4983949,23054.0301325,18631.8417293,2989.01095756,1200,10800,9.09494701773e-13,9.09494701773e-13,8271.78023173,8225.19947837,8271.78023173,454.642602401,1515.71770416,57125.3607273,78168.1549109,9584.8828944,1935.3992987,19957.1165962,16123.3417649,5605.41350074,35,1338
2025-07-11,PuLP HiGHS,Optimal,3.03073449999,8271.78023173,7739.52813928,1.124955|0.726615|0.384264,4652.242605|7726.121303|10800,4652.24260535,6117.14394975,26972.7698681,2717.39830675,29690.1681749,23573.0242251,expected_cost,0.9,0,7855.8576824,19054.1165987,0,45029.7349448,714.132918373,42166.8861755,2862.84876926,17924.8905859,15010.2544107,10779.0286249,1200,10800,9.09494701773e-13,9.09494701773e-13,7726.12130267,8271.78023173,7739.52813928,487.107282114,1496.8329352,28469.6028033,41434.597131,3595.13781378,6507.81799938,17758.6112996,14863.5020359,313.031661014,11,938
2025-07-12,PuLP HiGHS,Optimal,3.18438989999,7739.52813928,7488.93048552,1.124955|0.726615|0.384264,4054.367565|7427.183782|10800,4054.36756462,5661.77391967,26326.9296621,1370.8571916,27697.7868537,22036.0129341,expected_cost,0.9,0,2586.99126681,4623.73317265,0,44390.8151909,362.545909863,41984.0712284,2406.74396254,17590.027497,14529.0321938,10648.3354282,1200,10800,2.27373675443e-13,1.81898940355e-12,7427.18378231,7739.52813928,7488.93048552,596.539250651,2051.73094758,28378.6606097,41963.4258222,2427.38936874,8440.59043063,17161.4168275,14126.2855186,831.357344703,19,921
2025-07-13,PuLP HiGHS,Optimal,0.982908100006,7488.93048552,8664.0497329,1.124955|0.726615|0.384264,6528.099466|8664.049733|10800,6528.09946579,7545.88563787,56417.1869771,6261.09449226,62678.2814694,55132.3958315,expected_cost,0.9,0,24892.2402551,39045.5022157,0,89331.2513759,1626.11956818,83792.3684312,5538.88294476,23639.021386,18090,2945.54566854,1200,10800,7.27595761418e-12,9.09494701773e-13,8664.0497329,7488.93048552,8664.0497329,146.374351802,614.686084726,57031.8730619,78035.3963523,11295.8550236,4039.71996205,20088.0158918,15213.6855497,6427.31994441,33,1355
2025-07-14,PuLP HiGHS,Optimal,3.40570410001,8664.0497329,8471.41491216,1.124955|0.726615|0.384264,6142.829824|8471.414912|10800,6142.82982432,7252.44597862,53814.4270437,4829.26568269,58643.6927264,51391.2467477,expected_cost,0.9,0,10194.9621323,26234.2845,0,85542.1562544,1255.72571801,80860.1002197,4682.05603473,21621.4986809,17686.7852702,3028.33805705,1200,10800,0,4.54747350886e-13,8471.41491216,8664.0497329,8471.41491216,348.261220953,1704.147845,55518.5748887,76622.3931837,8919.76307071,1928.51099948,17935.9764587,14701.5122702,6670.79522208,38,1330
2025-07-15,PuLP HiGHS,Optimal,4.275801,8471.41491216,7786.70369211,1.124955|0.726615|0.384264,4773.407384|7786.703692|10800,4773.40738423,6209.42880068,53140.6511203,4749.92156901,57890.5726893,51681.1438887,expected_cost,0.9,0,6853.84557489,30799.4354609,0,84138.6136272,1233.93712744,79906.5905782,4232.02304902,21647.0749728,18150.370826,3103.1948881,1200,10800,9.09494701773e-13,9.09494701773e-13,7786.70369211,8471.41491216,7786.70369211,1135.95903632,3298.54130916,56439.1924295,75998.4074046,8140.20622263,1572.68686481,18046.6794253,15234.0504326,6516.71594093,35,1326
2025-07-16,PuLP HiGHS,Optimal,3.53305709999,7786.70369211,8588.3490898,1.124955|0.726615|0.384264,6376.69818|8588.34909|10800,6376.69817959,7430.57122674,54877.6753408,5103.05654356,59980.7318844,52550.1606576,expected_cost,0.9,0,24092.0159681,28785.0592791,0,87328.9262469,1302.66508971,82185.9501475,5142.97609943,23061.3396089,17958.2042253,3188.3314791,1200,10800,9.09494701773e-13,9.09494701773e-13,8588.3490898,7786.70369211,8588.3490898,609.800753389,2257.91807549,57135.5934163,78593.5386628,8735.38758408,2684.03437083,19280.3200218,14895.5783597,6843.6454526,41,1346
2025-07-17,PuLP HiGHS,Optimal,4.21790030001,8588.3490898,8215.11398226,1.124955|0.726615|0.384264,5630.227965|8215.113982|10800,5630.22796453,6862.02405361,53358.2932528,5598.49795992,58956.7912127,52094.7671591,expected_cost,0.9,0,25008.3445817,37780.6821683,0,84612.0364584,1485.43460654,79783.5810163,4828.45544208,21901.8183,18076.3844198,3518.85331156,1200,10800,5.68434188608e-13,2.27373675443e-13,8215.11398226,8588.3490898,8215.11398226,1065.20707956,4100.98991393,57459.2831667,77135.1478968,7476.88856164,1960.54943659,20291.0582625,16771.6687894,2915.47566787,32,1300
2025-07-18,PuLP HiGHS,Optimal,3.2219721,8215.11398226,7824.24621957,1.124955|0.726615|0.384264,4751.337315|7775.668658|10800,4751.3373154,6192.61918793,25999.8383944,1960.67436031,27960.5127547,21767.8935667,expected_cost,0.9,0,2899.74020841,11321.3236422,0,43873.1819322,516.95060162,41318.1565836,2555.02534854,18701.5914366,15543.7898558,11684.5026752,1200,10800,4.54747350886e-13,9.09494701773e-13,7775.6686577,8215.11398226,7824.24621957,339.245540665,1492.0900058,27491.9284002,40884.9151965,2988.26673572,7014.63088288,17300.3302141,14365.0484598,2580.00261846,24,884
2025-07-19,PuLP HiGHS,Optimal,3.50442299999,7824.24621957,7787.82845222,1.124955|0.726615|0.384264,4775.656904|7787.828452|10800,4775.65690445,6211.14214213,26401.7099484,2774.68422823,29176.3941766,22965.2520345,expected_cost,0.9,0,3968.64563996,20222.2136698,0,44659.4205849,721.221788818,41954.7426429,2704.67794196,17986.476058,14601.8215976,11418.8382486,1200,10800,4.54747350886e-13,1.81898940355e-12,7787.82845222,7824.24621957,7787.82845222,402.206632878,1427.90614388,27829.6160923,42043.9441328,2615.47645203,12083.7986528,16906.8897552,13727.3566923,1954.05120812,21,910
2025-07-20,PuLP HiGHS,Optimal,3.5842998,7787.82845222,7571.54628425,1.124955|0.726615|0.384264,4343.092569|7571.546284|10800,4343.09256851,5881.68059707,51312.6912604,3522.3747462,54835.0660066,48953.3854095,expected_cost,0.9,0,7689.25229523,17594.2475794,0,81203.5498369,923.70859945,77231.8075686,3971.74226832,21319.4440675,17463.4036458,3155.52443931,1200,10800,9.09494701773e-13,4.54747350886e-13,7571.54628425,7787.82845222,7571.54628425,1136.1454025,3508.49095774,54821.1822181,76123.2951233,5080.25471357,1685.49688774,19361.1545925,15877.1891711,3544.50394973,34,1294
2025-07-21,PuLP HiGHS,Optimal,3.0834205,7571.54628425,8274.5671516,1.124955|0.726615|0.384264,5749.134303|8274.567152|10800,5749.1343032,6952.5887692,54319.9951364,5269.56387721,59589.5590137,52636.9702445,expected_cost,0.9,0,21487.2022693,33070.654057,0,86237.4913595,1381.34018326,81651.2293626,4586.26199693,22953.9657777,17959.9934993,3264.82753784,1200,10800,4.54747350886e-13,2.27373675443e-13,8274.5671516,7571.54628425,8274.5671516,553.37933234,1969.81722288,56289.8123593,79671.438075,6566.05328451,1620.92581367,20954.8603318,16340.7180882,3618.38085712,35,1328
2025-07-22,PuLP HiGHS,Optimal,3.94697220001,8274.5671516,7712.57010562,1.124955|0.726615|0.384264,4625.140211|7712.570106|10800,4625.14021125,6096.50147905,52536.2503326,4638.33704547,57174.5873781,51078.085899,expected_cost,0.9,0,8840.14353179,30618.0825502,0,83450.2817974,1202.61875513,78887.5851277,4562.69666974,21668.6514947,18057.4050521,3341.21811212,1200,10800,9.09494701773e-13,2.27373675443e-13,7712.57010562,8274.5671516,7712.57010562,1057.93306688,3660.9384794,56197.188812,76437.1135514,7013.16824603,467.381680046,19675.3561208,16442.8357992,3607.86462677,30,1309
2025-07-23,PuLP HiGHS,Optimal,4.1518567,7712.57010562,7837.44203439,1.124955|0.726615|0.384264,4874.884069|7837.442034|10800,4874.88406878,6286.71826378,53268.4909676,4344.42750599,57612.9184736,51326.2002098,expected_cost,0.9,0,8688.8848015,26836.3835759,0,84783.7776453,1110.88348439,80331.4334332,4452.34421205,22116.6110392,17802.0702059,3188.62948178,1200,10800,9.09494701773e-13,9.09494701773e-13,7837.44203439,7712.57010562,7837.44203439,881.098796258,3426.0873465,56694.5783141,79353.5582554,5430.21938987,1950.40716658,20817.463329,16749.7605606,2351.45735557,27,1323
2025-07-24,PuLP HiGHS,Optimal,3.78372739999,7837.44203439,8411.66488954,1.124955|0.726615|0.384264,6023.329779|8411.66489|10800,6023.32977908,7161.42906791,53709.3972507,4628.28936321,58337.6866139,51176.257546,expected_cost,0.9,0,15948.1312908,28245.4866485,0,85555.9411046,1200.64009351,80804.0653943,4751.87571027,23213.6937954,18286.2914046,3098.71346506,1200,10800,9.09494701773e-13,9.09494701773e-13,8411.66488954,7837.44203439,8411.66488954,1023.47192896,4116.03343725,57825.430688,78031.280355,7524.66074955,1125.90667982,19976.7001817,15664.3265775,5858.95844077,37,1328
2025-07-25,PuLP HiGHS,Optimal,3.5836083,8411.66488954,8778.72258917,1.124955|0.726615|0.384264,6684.667201|8742.333601|10800,6684.66720127,7665.13506218,27341.1586204,3641.35141515,30982.5100355,23317.3749733,expected_cost,0.9,0,18354.2301514,22505.8489813,0,45949.1192689,1009.89181732,42382.0103738,3567.10889516,19048.4450107,15131.6386187,10345.5114863,1200,10800,3.41060513165e-13,1.81898940355e-12,8742.33360064,8411.66488954,8778.72258917,158.235007081,553.437236326,27894.5958567,41520.506283,4428.61298589,11381.7116868,18217.6742472,14425.9642106,1536.44517159,22,947
2025-07-26,PuLP HiGHS,Optimal,3.94330889999,8778.72258917,8309.22447212,1.124955|0.726615|0.384264,5632.307268|8216.153634|10800,5632.30726752,6863.60774954,26671.4131731,2935.90740585,29607.3205789,22743.7128294,expected_cost,0.9,0,3037.8923183,21909.7454217,0,44668.7046376,786.290152409,41909.0806247,2759.62401289,18731.3268768,15678.6868301,10862.0225507,1200,10800,9.09494701773e-13,9.09494701773e-13,8216.15363376,8778.72258917,8309.22447212,340.10668667,953.695113063,27625.1082861,40770.2633806,3898.44125699,9668.00688742,17872.7364133,14899.4648001,1637.81249343,22,906
2025-07-27,PuLP HiGHS,Optimal,3.2195542,8309.22447212,7711.56658157,1.124955|0.726615|0.384264,4623.133163|7711.566582|10800,4623.13316313,6094.97281587,52142.5592516,4875.92385023,57018.4831018,50923.510286,expected_cost,0.9,0,8450.46938898,31553.8180161,0,82831.2570769,1265.13718259,78400.0821479,4431.17492903,21496.4353004,17950.0046948,3287.64728048,1200,10800,4.54747350886e-13,9.09494701773e-13,7711.56658157,8309.22447212,7711.56658157,1393.14402416,5688.6735881,57831.2328397,76943.5870054,5887.67007145,1248.43227292,20742.1108325,17339.0018758,1365.32728692,20,1311
2025-07-28,PuLP HiGHS,Optimal,5.36353079999,7711.56658157,7754.28172547,1.124955|0.726615|0.384264,4708.563451|7754.281725|10800,4708.56345095,6160.04058101,52336.2981406,3675.74834271,56012.0464833,49852.0059023,expected_cost,0.9,0,7173.33573373,17776.4741986,0,83329.9477359,977.003194863,78948.2144004,4381.73333551,22444.8154437,18141.8568799,3018.47677383,1200,10800,9.09494701773e-13,9.09494701773e-13,7754.28172547,7711.56658157,7754.28172547,2617.43859315,9559.11667778,61895.4148184,79700.4217443,3629.52599155,202.425851432,21695.334859,17534.7776063,1356.55985829,20,1326
2025-07-29,PuLP HiGHS,Optimal,5.57682849999,7754.28172547,8165.74206976,1.124955|0.726615|0.384264,5531.48414|8165.74207|10800,5531.48413953,6786.81606616,53956.1436983,5263.75296811,59219.8966665,52433.0806003,expected_cost,0.9,0,20419.0135843,32593.8904116,0,85837.0784576,1367.74624016,81304.1121766,4532.96628102,22715.9116743,18029.5741463,2961.43666359,1200,10800,4.54747350886e-13,9.09494701773e-13,8165.74206976,7754.28172547,8165.74206976,1647.65986494,5314.5679114,59270.7116097,79138.4189779,6698.65947973,397.365466667,20785.0164015,16465.5489754,3494.92044369,32,1347
2025-07-30,PuLP HiGHS,Optimal,3.54243999999,8165.74206976,9260.78219995,1.124955|0.726615|0.384264,7721.5644|9260.7822|10800,7721.56439991,8454.88522128,55845.4954241,5618.56499372,61464.0604178,53009.1751966,expected_cost,0.9,0,23131.5553485,25494.3556525,0,88875.9127823,1507.15328745,83573.5867438,5302.3260385,23756.1797787,18256.9695036,2887.42824382,1200,10800,1.13686837722e-12,1.81898940355e-12,9260.78219995,8165.74206976,9260.78219995,385.804926604,1458.82387315,57304.3192973,80697.8245055,8178.08827677,1925.36647713,21418.2778305,16363.2689255,4231.60252628,32,1352
2025-07-31,PuLP HiGHS,Optimal,3.43626650001,9260.78219995,7759.20547291,1.124955|0.726615|0.384264,4718.410946|7759.205473|10800,4718.41094581,6167.54090085,52614.4365353,4078.94891426,56693.3854496,50525.8445487,expected_cost,0.9,0,6696.50338319,19901.2251895,0,83378.4552639,1096.49417847,78759.4317659,4619.02349794,20442.0130761,17909.449646,2912.38626506,1200,10800,4.54747350886e-13,9.09494701773e-13,7759.20547291,9260.78219995,7759.20547291,916.567361432,3844.1408428,56458.5773781,76808.4826279,6569.97263601,832.955116667,18676.4087384,16479.3101325,3195.74385117,31,1355
2025-08-01,PuLP HiGHS,Optimal,3.2987784,7759.20547291,8797.66260266,1.124955|0.726615|0.384264,6630.919696|8715.459848|10800,6630.91969581,7624.19840902,27127.8816791,2939.18903101,30067.0707101,22442.8723011,expected_cost,0.9,0,6600.12665778,20388.8624102,0,45897.5787864,812.712114028,42815.1561654,3082.42262096,19017.1776088,14543.2849256,9897.86922954,1200,10800,0,1.81898940355e-12,8715.45984791,7759.20547291,8797.66260266,220.904571881,530.852111923,27658.7337911,42018.5197486,3879.05903778,16751.5796371,17378.282105,13141.7970883,3040.38334107,25,936
2025-08-02,PuLP HiGHS,Optimal,3.1738813,8797.66260266,7732.96987914,1.124955|0.726615|0.384264,4665.939758|7732.969879|10800,4665.93975828,6127.57635205,25360.4676304,2450.3144436,27810.782074,21683.205722,expected_cost,0.9,0,4071.57753824,16419.6006111,0,42744.0282105,635.093037945,40156.6925032,2587.33570723,17925.5220879,15477.8963424,9832.055761,1200,10800,2.27373675443e-13,1.81898940355e-12,7732.96987914,8797.66260266,7732.96987914,257.978059115,964.712549013,26325.1801795,39042.0703093,3701.95790118,16113.3983788,16936.0447758,14676.4197195,1790.95393505,20,948
2025-08-03,PuLP HiGHS,Optimal,4.6178864,7732.96987914,8325.44739803,1.124955|0.726615|0.384264,5850.894796|8325.447398|10800,5850.89479606,7030.09439418,53070.6601177,5475.89325604,58546.5533738,51516.4589796,expected_cost,0.9,0,21046.3813296,32547.5391799,0,84727.4767625,1441.83675259,80009.3478035,4718.12895902,22851.6977094,17976.6453776,3188.73998157,1200,10800,4.54747350886e-13,2.27373675443e-13,8325.44739803,7732.96987914,8325.44739803,224.595970302,842.632227479,53913.2923452,73732.9181532,10994.5586093,7125.19392034,18208.4760673,14215.6358475,8404.23117215,39,1341
2025-08-04,PuLP HiGHS,Optimal,3.5209263,8325.44739803,8336.61177399,1.124955|0.726615|0.384264,5873.223548|8336.611774|10800,5873.22354797,7047.10103225,51692.1553795,4685.21204443,56377.367424,49330.2663917,expected_cost,0.9,0,15162.7697792,23829.8747911,0,82536.8225552,1255.97777221,78103.7448078,4433.07774733,22119.76891,17906.9648787,3337.14501823,1200,10800,5.68434188608e-13,2.27373675443e-13,8336.61177399,8325.44739803,8336.61177399,375.939156691,1282.65488128,52974.8102608,73362.137379,9174.68517614,4846.36360277,18242.1574277,14766.0995781,7018.47678294,43,1319
2025-08-05,PuLP HiGHS,Optimal,3.61067559999,8336.61177399,8766.83845873,1.124955|0.726615|0.384264,6733.676917|8766.838459|10800,6733.67691746,7702.46318999,51928.2889531,5588.83704424,57517.1259973,49814.6628073,expected_cost,0.9,0,23174.0709357,31723.3029635,0,82697.5476869,1483.20590847,77492.1194436,5205.42824335,22497.7022853,17835.9348348,3615.29126071,1200,10800,1.13686837722e-12,2.27373675443e-13,8766.83845873,8336.61177399,8766.83845873,172.80973776,625.715417584,52554.0043706,73565.081408,9132.46627889,4558.73743929,19155.9997732,15129.1558,6048.48154689,40,1312
2025-08-06,PuLP HiGHS,Optimal,2.9776134,8766.83845873,10594.9066409,1.124955|0.726615|0.384264,10389.81328|10594.90664|10800,10389.8132819,10487.1503116,53043.891823,5354.50383727,58398.3956603,47911.2453487,expected_cost,0.9,0,19766.5574072,25749.7742951,0,84793.6893809,1448.38669837,79035.5320563,5758.15732465,23870.360213,17689.7304085,4068.46212675,1200,10800,2.27373675443e-13,4.54747350886e-13,10594.9066409,8766.83845873,10594.9066409,553.862943575,2055.7668908,55099.6587138,76549.9090899,8243.78029103,3355.56631458,20992.3425695,15358.5361173,5209.21193464,34,1290
2025-08-07,PuLP HiGHS,Optimal,3.4634886,10594.9066409,7749.84714169,1.124955|0.726615|0.384264,4699.694283|7749.847142|10800,4699.69428338,6153.2854017,47496.6977316,3843.13858474,51339.8363163,45186.5509146,expected_cost,0.9,0,9571.97098131,21536.6039996,0,73973.52944,1034.65953063,70054.5117372,3919.01770283,17167.5249502,16466.248759,4444.31677321,1200,10800,4.54747350886e-13,9.09494701773e-13,7749.84714169,10594.9066409,7749.84714169,715.759806696,2138.62004484,49635.3177764,68081.6917456,5891.83769439,5018.62765255,15533.6431532,15142.8045035,2957.32605242,28,1230
2025-08-08,PuLP HiGHS,Optimal,3.35090800001,7749.84714169,8031.59709916,1.124955|0.726615|0.384264,5263.194198|8031.597099|10800,5263.19419832,6582.47370317,25981.5991347,3300.11873179,29281.7178665,22699.2441633,expected_cost,0.9,0,19505.6325322,22498.2971372,0,44010.5107011,864.997861463,41034.5399993,2975.97070177,19708.2448619,15710.1033764,17048.5166009,1200,10800,3.41060513165e-13,1.81898940355e-12,8031.59709916,7749.84714169,8031.59709916,243.339328125,932.87374517,26914.4728799,39417.0212443,4593.48945672,20224.6307292,17931.4927977,14270.9342044,3215.92123628,22,895
2025-08-09,PuLP HiGHS,Optimal,3.66075899999,8031.59709916,8198.84205648,1.124955|0.726615|0.384264,5518.634648|8159.317324|10800,5518.63464793,6777.02928301,25190.7884657,2843.52198466,28034.3104504,21257.2811674,expected_cost,0.9,0,19287.7964868,22081.0260339,0,42714.321731,753.636230596,39977.6263657,2736.69536537,21819.5364643,17558.8763337,16920.8025803,1200,10800,4.54747350886e-13,9.09494701773e-13,8159.31732396,8031.59709916,8198.84205648,419.897601449,1449.26510077,26640.0535665,39596.1209578,3118.20077322,17524.3907679,17995.6754198,14425.9766285,6956.76074973,26,886
2025-08-10,PuLP HiGHS,Optimal,3.6460102,8198.84205648,8318.79755281,1.124955|0.726615|0.384264,5837.595106|8318.797553|10800,5837.59510562,7019.96471821,49629.3476614,4140.01011923,53769.3577807,46749.3930624,expected_cost,0.9,0,14729.9940365,26226.6512173,0,78167.4139929,1096.04311245,73716.8323594,4450.58163354,20533.2435715,16523.9673462,4873.11751057,1200,10800,9.09494701773e-13,1.81898940355e-12,8318.79755281,8198.84205648,8318.79755281,328.760166309,1033.3878664,50662.7355278,71978.9749332,6188.43905971,3437.63705378,18197.4686791,14631.9896833,4227.75255528,36,1234
2025-08-11,PuLP HiGHS,Optimal,3.36687479999,8318.79755281,7727.0476551,1.124955|0.726615|0.384264,4654.09531|7727.047655|10800,4654.09531021,6118.55505778,47863.9670858,3198.97736763,51062.9444534,44944.3893957,expected_cost,0.9,0,4577.35308004,15319.3100493,0,75685.1065268,876.455684951,71833.4995148,3851.60701205,19334.091805,16193.18927,4143.33162984,1200,10800,9.09494701773e-13,9.09494701773e-13,7727.0476551,8318.79755281,7727.0476551,883.003064492,3635.05755663,51499.0246424,71049.0278402,4636.07868659,4433.76501402,18260.9866594,15323.9741021,1942.32031354,26,1219
2025-08-12,PuLP HiGHS,Optimal,5.1710537,7727.0476551,7849.2823521,1.124955|0.726615|0.384264,4898.564704|7849.282352|10800,4898.56470421,6304.75456055,47633.450373,3889.4289398,51522.8793128,45218.1247523,expected_cost,0.9,0,10313.7158243,21241.871554,0,75741.2399013,1060.39287005,71708.3223318,4032.91756956,20462.8575541,16464.9033915,4936.38755656,1200,10800,4.54747350886e-13,9.09494701773e-13,7849.2823521,7727.0476551,7849.2823521,1591.31417229,6612.8679499,54246.3183229,72038.836537,3702.40336433,2297.79675951,18219.9951183,14648.1848185,4059.58100887,32,1225
2025-08-13,PuLP HiGHS,Optimal,3.78363380001,7849.2823521,7715.15905007,1.124955|0.726615|0.384264,4630.3181|7715.15905|10800,4630.31810015,6100.44520518,47629.4748573,3359.76503631,50989.2398936,44888.7946884,expected_cost,0.9,0,5819.73264546,17872.7526274,0,75612.4309332,896.05458931,71679.3928994,3933.03803376,20075.6120046,16381.9566956,4223.52910509,1200,10800,4.54747350886e-13,9.09494701773e-13,7715.15905007,7849.2823521,7715.15905007,966.934195733,3323.82056473,50953.295422,70501.6686607,5110.7622725,2021.70917565,18140.1326453,14814.2184145,3503.21764042,32,1221
2025-08-14,PuLP HiGHS,Optimal,6.52285909999,7715.15905007,8414.25105138,1.124955|0.726615|0.384264,6028.502103|8414.251051|10800,6028.50210277,7165.36855532,48633.2725541,4269.00059948,52902.2731536,45736.9045983,expected_cost,0.9,0,9994.55331734,25888.2624755,0,77414.7390987,1121.95937027,72929.8433498,4484.89574887,21128.5775152,16484.9649862,4140.85138733,1200,10800,9.09494701773e-13,1.81898940355e-12,8414.25105138,7715.15905007,8414.25105138,1028.42428943,4976.12949491,53609.402049,72711.1436384,4703.5954603,3298.0056949,20453.0970968,15937.8258472,1222.61955744,22,1232
2025-08-15,PuLP HiGHS,Optimal,2.74057950001,8414.25105138,7919.45970202,1.124955|0.726615|0.384264,4816.077986|7808.038993|10800,4816.07798592,6241.92875778,24575.5576389,2684.29142123,27259.8490602,21017.9203024,expected_cost,0.9,0,7691.32789651,19953.0468992,0,41623.7373935,711.108064692,38881.8321678,2741.90522565,18369.9459677,15425.2470864,17317.2940435,1200,10800,5.91171556152e-12,1.81898940355e-12,7808.03899296,8414.25105138,7919.45970202,445.603212748,1391.97760254,25967.5352415,38954.9575478,2668.77984567,19313.2078196,17752.3066948,14824.6806372,1218.20572207,11,894
2025-08-16,PuLP HiGHS,Optimal,4.202229,7919.45970202,7888.46226781,1.124955|0.726615|0.384264,4943.478282|7871.739141|10800,4943.478282,6338.96287479,24586.5468917,1910.65819731,26497.2050891,20158.2422143,expected_cost,0.9,0,2169.2788561,11354.5964532,0,41923.3339308,492.671616531,39370.9368452,2552.39708564,20918.937974,16987.2882639,17570.2855807,1200,10800,2.04636307899e-12,9.09494701773e-13,7871.739141,7919.45970202,7888.46226781,427.242533625,1676.21509067,26262.7619824,39364.4332691,2558.90066173,19529.7412034,17687.1153866,14354.461154,5864.6496973,28,861
2025-08-17,PuLP HiGHS,Optimal,4.41822170001,7888.46226781,7831.99009915,1.124955|0.726615|0.384264,4863.980198|7831.990099|10800,4863.98019831,6278.41335809,47622.1649298,3776.63363874,51398.7985686,45120.3852105,expected_cost,0.9,0,6322.963988,20347.3632207,0,75299.5802206,1042.33531662,71392.0766709,3907.50354976,19768.1060281,16062.9908346,4188.18638681,1200,10800,1.13686837722e-12,2.27373675443e-13,7831.99009915,7888.46226781,7831.99009915,789.336192345,3262.34815334,50884.5130832,70860.5972661,4438.98295458,5012.5753354,18540.997148,15069.0326417,2221.06707292,27,1236
2025-08-18,PuLP HiGHS,Optimal,3.5062745,7831.99009915,7745.88858058,1.124955|0.726615|0.384264,4691.777161|7745.888581|10800,4691.77716116,6147.25534536,48131.3257824,4222.36753183,52353.6933142,46206.4379689,expected_cost,0.9,0,7138.1355686,27299.2163666,0,76391.4264816,1165.98222568,72200.7570126,4190.66946895,20763.1196159,16895.6182556,4476.401794,1200,10800,5.68434188608e-13,2.27373675443e-13,7745.88858058,7831.99009915,7745.88858058,711.616474516,2972.09566478,51103.4214472,70839.5974204,5551.82906113,3559.49383105,19342.6095471,15745.0050999,2571.1232246,31,1229
2025-08-19,PuLP HiGHS,Optimal,4.3582576,7745.88858058,7987.61138193,1.124955|0.726615|0.384264,5175.222764|7987.611382|10800,5175.22276387,6515.47048004,48583.2499964,4438.91243764,53022.162434,46506.691954,expected_cost,0.9,0,13799.5146855,29191.8818139,0,76915.6948958,1165.66027803,72533.6570826,4382.03781325,20687.5634394,16539.3758647,4685.81387288,1200,10800,9.09494701773e-13,9.09494701773e-13,7987.61138193,7745.88858058,7987.61138193,518.831602372,2062.99279159,50646.242788,72032.6499669,4883.04492892,4505.28317656,18478.8832711,14750.3449284,3997.71110453,32,1216
2025-08-20,PuLP HiGHS,Optimal,3.5345732,7987.61138193,7870.77933487,1.124955|0.726615|0.384264,4941.55867|7870.779335|10800,4941.55866975,6337.50080692,47487.1955428,4419.70857838,51906.9041212,45569.4033143,expected_cost,0.9,0,15727.5808326,27863.3649982,0,75028.8506931,1199.0661787,71121.0816139,3907.76907924,19933.4661187,16251.2563985,3987.04672255,1200,10800,9.09494701773e-13,9.09494701773e-13,7870.77933487,7987.61138193,7870.77933487,3432.03353429,14187.6456001,61674.8411429,71569.1399066,3459.71078647,686.300001302,19838.5853436,16174.4029707,171.734202897,6,1238
2025-08-21,PuLP HiGHS,Optimal,3.5478194,7870.77933487,7868.69265664,1.124955|0.726615|0.384264,4937.385313|7868.692657|10800,4937.38531328,6334.32218039,48489.1251156,4028.83186918,52517.9569847,46183.6348043,expected_cost,0.9,0,6297.03606504,25150.1637264,0,76477.0116866,1057.57175097,72334.889067,4142.12261959,21249.674907,17214.1146851,4288.92004718,1200,10800,6.8212102633e-13,2.27373675443e-13,7868.69265664,7870.77933487,7868.69265664,637.45348106,2109.57313392,50598.6982495,71461.8253764,5015.18631025,2767.8159612,18362.7495964,14875.7051835,5225.33481221,37,1258
2025-08-22,PuLP HiGHS,Optimal,2.5995077,7868.69265664,7734.6190214,1.124955|0.726615|0.384264,4629.942563|7714.971282|10800,4629.94256335,6100.15917852,24539.233034,2093.59731052,26632.8303445,20532.671166,expected_cost,0.9,0,2561.25566507,13465.2631303,0,41927.3583736,543.201760678,39427.930254,2499.42811961,19827.5439507,16198.6598375,17485.108359,1200,10800,2.72848410532e-12,9.09494701773e-13,7714.97128167,7868.69265664,7734.6190214,948.235535482,3737.75497841,28276.9880124,39869.0106819,2058.34769177,16421.0964647,17296.0348649,14130.4545123,4599.71441096,18,897
2025-08-23,PuLP HiGHS,Optimal,2.96226969999,7734.6190214,7759.22034775,1.124955|0.726615|0.384264,4691.258059|7745.62903|10800,4691.25805936,6146.85997276,24883.3565068,1889.86452553,26773.2210323,20626.3610596,expected_cost,0.9,0,2779.97811724,10301.2823376,0,42329.2361532,504.206841943,39758.2315752,2571.00457802,20114.6638159,16282.9686834,17649.6533309,1200,10800,2.86490831058e-11,5.45696821064e-12,7745.62902968,7734.6190214,7759.22034775,431.444297453,1582.73777531,26466.0942821,40068.6922839,2260.54386936,14693.1858737,17130.5440206,13853.599463,5413.48901558,21,885
2025-08-24,PuLP HiGHS,Optimal,5.1586155,7759.22034775,7787.694392,1.124955|0.726615|0.384264,4775.388784|7787.694392|10800,4775.388784,6210.93792886,48556.022804,3938.54227462,52494.5650786,46283.6271498,expected_cost,0.9,0,6166.40306656,23877.0902562,0,76862.2871263,1046.12820769,72693.2994129,4168.98771339,20734.6041481,16769.4027201,3768.25796202,1200,10800,1.21502807815e-12,1.81898940355e-12,7787.694392,7759.22034775,7787.694392,725.040847713,2931.04309229,51487.0658963,71409.1213518,5453.16577449,4629.62355326,19712.223806,15941.2746431,1850.50841913,28,1251
2025-08-25,PuLP HiGHS,Optimal,4.2430246,7787.694392,8428.13114279,1.124955|0.726615|0.384264,6056.262286|8428.131143|10800,6056.26228559,7186.51202916,50184.571018,4357.32630787,54541.8973259,47355.3852968,expected_cost,0.9,0,13426.9227353,26459.131545,0,79484.7144943,1142.71199094,74865.4882837,4619.22621064,22494.1906451,17643.9013468,3926.06066854,1200,10800,4.54747350886e-13,9.09494701773e-13,8428.13114279,7787.694392,8428.13114279,1145.03496073,4369.99373869,54554.5647567,75268.7119849,4216.00250939,1114.02191894,20790.7628122,16264.1248022,3083.20437758,29,1261
2025-08-26,PuLP HiGHS,Optimal,4.53601909999,8428.13114279,8088.20817139,1.124955|0.726615|0.384264,5376.416343|8088.208171|10800,5376.41634279,6668.70906644,48665.6652579,3334.66343326,52000.3286912,45331.6196247,expected_cost,0.9,0,7811.45998885,15190.4119762,0,76912.610127,905.253943351,72956.9548464,3955.65528054,20601.1076203,16992.8278467,4005.59528585,1200,10800,9.09494701773e-13,4.54747350886e-13,8088.20817139,8428.13114279,8088.20817139,733.032626872,3108.56817911,51774.233437,71067.5882403,5845.02188669,2899.42735462,19359.5042288,15987.1290996,2247.30213855,28,1255
2025-08-27,PuLP HiGHS,Optimal,2.9177152,8088.20817139,8248.3583733,1.124955|0.726615|0.384264,5696.716747|8248.358373|10800,5696.71674661,6912.66506826,50272.5472594,4639.93502939,54912.4822888,47999.8172205,expected_cost,0.9,0,5199.14247737,31206.984506,0,79572.4179375,1225.88500846,74817.3919913,4755.02594617,21836.7178943,17543.6063127,4544.48535365,1200,10800,9.09494701773e-13,4.54747350886e-13,8248.3583733,8088.20817139,8248.3583733,477.915518478,1993.75074949,52266.2980089,74731.6726094,4840.74532804,3158.85396367,21012.8953465,16876.3100489,1491.11881152,28,1285
2025-08-28,PuLP HiGHS,Optimal,3.8787819,8248.3583733,8102.24209929,1.124955|0.726615|0.384264,5404.484199|8102.242099|10800,5404.48419859,6690.08687864,49403.0457345,4358.60747506,53761.6532096,47071.5663309,expected_cost,0.9,0,5029.02315981,27796.3585894,0,77982.1040541,1158.23334888,73576.3316346,4405.77241957,21333.3893101,17411.5499878,3994.97345419,1200,10800,9.09494701773e-13,4.54747350886e-13,8102.24209929,8248.3583733,8102.24209929,3046.69719816,11945.9506338,61348.9963683,73090.7471139,4891.35694018,1692.09713867,20047.6675616,16370.1153715,2327.15636476,27,1269
2025-08-29,PuLP HiGHS,Optimal,3.6719383,8102.24209929,8354.41956702,1.124955|0.726615|0.384264,5838.060204|8319.030102|10800,5838.06020391,7020.31895916,26839.5940284,3124.47696742,29964.0709959,22943.7520367,expected_cost,0.9,0,8345.75500708,21896.5601977,0,44979.1580056,824.45391644,41829.8528885,3149.3051171,19784.2091872,15830.1002392,14707.3973152,1200,10800,5.91171556152e-12,9.09494701773e-13,8319.03010196,8102.24209929,8354.41956702,438.027160324,1939.70886177,28779.3028902,40311.782897,4667.37510863,14452.8426655,18498.8806361,14757.1335943,2358.29519592,17,928
2025-08-30,PuLP HiGHS,Optimal,3.33099469999,8354.41956702,8341.41680199,1.124955|0.726615|0.384264,5857.111781|8328.555891|10800,5857.11178106,7034.82954526,25897.5820697,2424.26626453,28321.8483342,21287.0187889,expected_cost,0.9,0,3237.70233088,15085.5233347,0,43744.2456011,620.396122964,40990.4657232,2753.77987782,19663.0448209,15950.3436137,15220.961561,1200,10800,9.09494701773e-13,1.81898940355e-12,8328.55589053,8354.41956702,8341.41680199,290.995801545,981.796630591,26879.3787003,41144.1452385,2600.10036255,19660.5024489,17229.5855073,13967.6667494,4416.13617788,28,907
2025-08-31,PuLP HiGHS,Optimal,4.2434204,8341.41680199,7847.08168171,1.124955|0.726615|0.384264,4894.163363|7847.081682|10800,4894.16336343,6301.40229035,49920.7482311,4711.5282018,54632.2764329,48330.8741426,expected_cost,0.9,0,7018.26611879,30228.8315504,0,78491.0350277,1234.26732241,73871.641081,4619.39394668,21566.9446693,17914.1267904,3746.12638119,1200,10800,4.54747350886e-13,9.09494701773e-13,7847.08168171,8341.41680199,7847.08168171,484.321723555,1871.72145035,51792.4696815,72492.6591727,5998.37585503,3149.97354245,19080.4519932,15900.0677228,4500.55174364,31,1282
2025-09-01,PuLP HiGHS,Optimal,4.41867180001,7847.08168171,7999.73983219,1.124955|0.726615|0.384264,4613.683924|7706.841962|10800,4613.68392364,6087.77582623,49608.4974677,3983.04718451,53591.5446522,47503.768826,expected_cost,0.9,0,7644.84599004,24412.9100048,0,78435.0576682,1074.12234618,74175.8213764,4259.23629179,21639.5830208,17654.2779948,3632.02066203,1200,10800,9.09494701773e-13,1.81898940355e-12,7706.84196182,7847.08168171,7999.73983219,44.7763963542,127.982107703,49736.4795754,62468.8147455,15966.2429227,5415.33365403,17824.897995,14300.7750405,7168.18798011,45,1267
2025-09-02,PuLP HiGHS,Optimal,2.87111109999,7999.73983219,8345.85360727,1.124955|0.726615|0.384264,5589.318638|8194.659319|10800,5589.31863816,6830.86556746,49461.0543695,4535.42730596,53996.4816755,47165.616108,expected_cost,0.9,0,15077.8788748,24210.9350722,0,78279.2474667,1243.13003897,74232.2849132,4046.96255359,21883.1778659,17549.9465332,4114.70483449,1200,10800,4.54747350886e-13,2.27373675443e-13,8194.65931908,7999.73983219,8345.85360727,106.194465653,395.389167468,49856.443537,62156.2019239,16123.0455428,4078.17739427,20078.7407775,15952.2776322,3402.10598952,41,1256
2025-09-03,PuLP HiGHS,Optimal,4.51508529999,8345.85360727,7951.55917529,1.124955|0.726615|0.384264,4885.833072|7842.916536|10800,4885.83307194,6295.05754466,48987.1656476,3694.71567548,52681.8813231,46386.8237785,expected_cost,0.9,0,10433.8452762,18420.8085828,0,77231.2070255,993.099411738,72648.1872491,4583.01977634,21198.4281529,17623.3701681,3848.49384676,1200,10800,9.09494701773e-13,1.81898940355e-12,7842.91653597,8345.85360727,7951.55917529,12.8148148437,50.1251482613,49037.2907959,63178.5966079,14052.6104176,4682.23569466,17454.334036,14492.8755579,6874.58872704,43,1266
2025-09-04,PuLP HiGHS,Optimal,3.9065793,7951.55917529,8141.95275648,1.124955|0.726615|0.384264,5280.576409|8040.288205|10800,5280.57640907,6595.71282053,49832.000488,3799.558973,53631.559461,47035.8466404,expected_cost,0.9,0,7640.63191206,20232.9146714,0,78820.3321073,1014.0119247,74400.7741135,4419.55799373,21898.3227901,17657.7853337,3749.36083516,1200,10800,9.09494701773e-13,4.54747350886e-13,8040.28820454,7951.55917529,8141.95275648,7.33522929688,31.5451535912,49863.5456416,64236.6393986,14583.6927087,6474.76932474,19327.8185792,15484.1788261,4744.11071839,41,1284
2025-09-05,PuLP HiGHS,Optimal,2.7426866,8141.95275648,8730.43820497,1.124955|0.726615|0.384264,6028.47471|8414.237355|10800,6028.47471015,7165.3476918,25692.0335799,2651.90078162,28343.9343615,21178.5866697,expected_cost,0.9,0,3532.89367907,18329.7375412,0,43382.8780274,681.698189986,40402.2338455,2980.64418185,20101.7431698,16037.3558288,16437.0025032,1200,10800,4.54747350886e-13,9.09494701773e-13,8414.23735507,8141.95275648,8730.43820497,0,0,25692.0335799,32341.6701384,11041.207889,21654.3856486,17544.1364181,13681.113595,4913.84898549,27,918
2025-09-06,PuLP HiGHS,Optimal,2.6010958,8730.43820497,8046.3313453,1.124955|0.726615|0.384264,4625.140424|7712.570212|10800,4625.14042439,6096.50164138,25320.721575,2128.13208484,27448.8536599,21352.3520185,expected_cost,0.9,0,2530.57019461,11796.6936014,0,42289.3765979,555.350736256,39394.0674666,2895.30913135,18981.8295055,16291.363093,17300.6819269,1200,10800,1.36424205266e-12,1.81898940355e-12,7712.57021219,8730.43820497,8046.3313453,132.394936827,649.211495129,25969.9330702,30690.8118202,11598.5647778,20361.7426321,17663.5610451,14923.1806202,2686.4509332,20,898
2025-09-07,PuLP HiGHS,Optimal,4.2377685,8046.3313453,7837.41048807,1.124955|0.726615|0.384264,4512.713991|7656.356996|10800,4512.71399148,6010.87232982,48035.0895368,3796.01579852,51831.1053354,45820.2330055,expected_cost,0.9,0,6830.23519256,22288.7151459,0,75305.6010392,1012.35280974,71229.7105897,4075.89044951,20938.6183046,17311.2577413,4018.50829197,1200,10800,4.54747350886e-13,2.27373675443e-13,7656.35699574,8046.3313453,7837.41048807,193.966532075,865.435132681,48900.5246695,61765.8104856,13539.7905536,3555.05620924,19114.5577014,15670.8205097,3464.49783474,37,1257
2025-09-08,PuLP HiGHS,Optimal,4.68964919999,7837.41048807,7531.85955417,1.124955|0.726615|0.384264,4263.719108|7531.859554|10800,4263.71910833,5821.22599956,38775.5892007,2934.91547352,41710.5046742,35889.2786747,expected_cost,0.9,0,4952.60961125,12434.8794404,0,62649.909691,791.293087234,58791.2173976,3858.69229338,19984.3285693,16462.3019816,4373.32212846,1200,10800,9.09494701773e-13,9.09494701773e-13,7531.85955417,7837.41048807,7531.85955417,2878.02306127,11497.6441501,50273.2333508,60845.0736742,1804.83601674,1044.69189021,18725.4271182,15442.5918063,2278.61162634,27,1229
2025-09-09,PuLP HiGHS,Optimal,4.98737430001,7531.85955417,7825.93809571,1.124955|0.726615|0.384264,4851.876191|7825.938096|10800,4851.87619142,6269.1943715,41209.7365588,4178.47391509,45388.2104739,39119.0161024,expected_cost,0.9,0,11353.1332066,26105.9168775,0,66592.9561698,1109.09893985,62204.5745121,4388.38165771,21504.7576371,17154.1829987,4151.82008939,1200,10800,0,9.09494701773e-13,7825.93809571,7531.85955417,7825.93809571,687.350426859,2847.65878247,44057.3953413,61943.0435755,4649.9125943,5547.83075491,19552.9383864,15573.2094056,3532.79284375,35,1248
2025-09-10,PuLP HiGHS,Optimal,4.6031971,7825.93809571,7764.14529435,1.124955|0.726615|0.384264,4728.290589|7764.145294|10800,4728.2905887,6175.06570616,41011.8773044,4364.2996694,45376.1769738,39201.1112676,expected_cost,0.9,0,11923.9703363,28498.012435,0,65788.4874973,1176.3403173,61479.7481112,4308.73938612,20460.0959358,16628.2912292,4789.71930401,1200,10800,1.13686837722e-12,1.81898940355e-12,7764.14529435,7825.93809571,7764.14529435,3054.03856188,12999.484539,54011.3618434,62256.0169556,3532.47054177,162.792032422,20457.2545065,16625.9896715,5.14298706517,4,1237
2025-09-11,PuLP HiGHS,Optimal,5.77287879999,7764.14529435,8434.69336873,1.124955|0.726615|0.384264,6049.049635|8424.524817|10800,6049.04963474,7181.01853167,41946.2204056,4185.84603998,46132.0664455,38951.0479139,expected_cost,0.9,0,11775.3616883,22985.7383444,0,67903.6800193,1120.48708895,63386.2956934,4517.38432592,22329.5046679,17492.5572103,4129.43384067,1200,10800,9.09494701773e-13,9.09494701773e-13,8424.52481737,7764.14529435,8434.69336873,467.356174154,2100.6680287,44046.8884343,62872.7063159,5030.97370342,5287.0562948,20807.5112892,16250.5908773,2763.95971161,33,1259
2025-09-12,PuLP HiGHS,Optimal,2.727872,8434.69336873,7854.25045319,1.124955|0.726615|0.384264,4854.014837|7827.007418|10800,4854.01483694,6270.82326552,19042.6271494,3108.57100991,22151.1981593,15880.3748938,expected_cost,0.9,0,18834.6240694,23813.2785195,0,33795.6940652,818.133545235,30746.5194607,3049.17460448,18326.9586008,15391.7538219,19652.858982,1200,10800,9.09494701773e-13,1.81898940355e-12,7827.00741847,8434.69336873,7854.25045319,472.535530914,1843.14206991,20885.7692193,31207.4164119,2588.2776533,17260.8029922,17841.5335505,14974.0407999,903.138072266,8,909
2025-09-13,PuLP HiGHS,Optimal,2.71356090001,7854.25045319,8035.30548798,1.124955|0.726615|0.384264,5167.731386|7983.865693|10800,5167.73138612,6509.76469091,19374.5394943,2271.16588549,21645.7053798,15135.9406889,expected_cost,0.9,0,2959.92761485,13686.1181715,0,34365.7308115,608.349497608,31570.1410168,2795.58979469,21475.8610104,17278.7937026,17408.4892186,1200,10800,6.8212102633e-13,9.09494701773e-13,7983.86569306,7854.25045319,8035.30548798,660.946278393,2689.19566488,22063.7351592,31730.9607568,2634.77005475,20811.8795071,17947.2448074,14374.3187627,6433.09114288,31,891
2025-09-14,PuLP HiGHS,Optimal,4.07721629999,8035.30548798,7826.57270595,1.124955|0.726615|0.384264,4853.145412|7826.572706|10800,4853.1454119,6270.16107011,40981.4106384,4144.73864289,45126.1492813,38855.9882112,expected_cost,0.9,0,8822.54261993,24992.2654778,0,66023.6063316,1083.76852787,61205.8161226,4817.790209,21236.5941847,17389.5007935,4112.31230238,1200,10800,4.54747350886e-13,9.09494701773e-13,7826.57270595,8035.30548798,7826.57270595,1865.66181719,6904.98488346,47886.3955219,63240.0180276,2783.58830394,1304.02019132,20474.707407,16772.3725035,1379.01506772,22,1265
2025-09-15,PuLP HiGHS,Optimal,3.166679,7826.57270595,7731.26453552,1.124955|0.726615|0.384264,4662.529071|7731.264536|10800,4662.52907103,6124.97861063,41567.6011486,3916.1460116,45483.7471602,39358.7685496,expected_cost,0.9,0,5012.49046055,24453.5223518,0,67114.2618917,1022.75908039,62550.3027576,4563.95913416,21511.8699194,17510.3919881,3985.56240975,1200,10800,9.09494701773e-13,9.09494701773e-13,7731.26453552,7826.57270595,7731.26453552,605.54396494,2473.85829269,44041.4594413,62347.8872069,4766.37468487,4032.12744661,20737.1076066,16882.8345147,1402.31978618,19,1245
2025-09-16,PuLP HiGHS,Optimal,4.38061970001,7731.26453552,7703.60192359,1.124955|0.726615|0.384264,4607.203847|7703.601924|10800,4607.20384718,6082.84029219,41713.2369479,3828.41191733,45541.6488652,39458.808573,expected_cost,0.9,0,6230.95636115,22908.0907432,0,66922.2195859,1023.99524077,62485.3416982,4436.87788772,21608.8115317,17528.0336914,4188.51895666,1200,10800,1.13686837722e-12,9.09494701773e-13,7703.60192359,7731.26453552,7703.60192359,1499.09625957,4355.37030059,46068.6072485,64592.5072873,2329.71229861,2754.63421996,20368.9247067,16523.7253632,2244.19515326,26,1261
2025-09-17,PuLP HiGHS,Optimal,5.4475929,7703.60192359,8285.41793812,1.124955|0.726615|0.384264,5770.835876|8285.417938|10800,5770.83587623,6969.11771804,42617.4416852,3921.34440435,46538.7860895,39569.6683715,expected_cost,0.9,0,7013.14824176,21726.4837836,0,68930.2414244,1029.46440787,64274.8393952,4655.40202926,22409.7354508,17628.2513021,3562.52152245,1200,10800,9.09494701773e-13,9.09494701773e-13,8285.41793812,7703.60192359,8285.41793812,974.735865905,3656.18211353,46273.6237987,64989.6885898,3940.55283458,1391.75893476,21520.5931995,16908.0460785,1609.34747481,20,1301
2025-09-18,PuLP HiGHS,Optimal,4.6199858,8285.41793812,7658.48865267,1.124955|0.726615|0.384264,4516.977305|7658.488653|10800,4516.97730535,6014.11947217,41649.729735,3802.6419368,45452.3716718,39438.2521996,expected_cost,0.9,0,7046.68975707,21053.05004,0,66509.5472023,996.965749207,62017.4321795,4492.11502277,20771.5600934,17389.2000326,3986.92544844,1200,10800,9.09494701773e-13,1.81898940355e-12,7658.48865267,8285.41793812,7658.48865267,816.958474846,3575.71932542,45225.4490604,63083.4732953,3426.073907,1753.01751976,19766.3131086,16574.9499748,1819.49704255,24,1291
2025-09-19,PuLP HiGHS,Optimal,2.66349860001,7658.48865267,8095.61268648,1.124955|0.726615|0.384264,5389.714305|8094.857153|10800,5389.71430526,6678.83742631,19686.8845707,2585.77393212,22272.6585029,15593.8210765,expected_cost,0.9,0,3215.18198758,18267.7259785,0,35299.3688387,675.239323349,32557.5904436,2741.77839504,19687.1732577,15553.8786888,17316.6745159,1200,10800,9.09494701773e-13,9.09494701773e-13,8094.85715263,7658.48865267,8095.61268648,586.016698095,2101.62332943,21788.5079002,32687.4695235,2611.89931512,13383.6681954,17868.7056798,14080.2399702,3292.10629651,19,905
2025-09-20,PuLP HiGHS,Optimal,3.4251353,8095.61268648,7713.51503515,1.124955|0.726615|0.384264,4627.03007|7713.515035|10800,4627.0300703,6097.94088547,19348.8662136,1600.875524,20949.7417376,14851.8008522,expected_cost,0.9,0,2652.88362716,6828.69145462,0,33937.6801279,440.214091213,31325.3111209,2612.36900699,21318.5011757,17611.8738385,16710.3137688,1200,10800,4.09272615798e-12,1.81898940355e-12,7713.51503515,8095.61268648,7713.51503515,866.543657834,3788.79792931,23137.664143,31654.1350777,2283.54505014,13838.7045875,17791.7278994,14755.1874847,6383.45963008,27,896
2025-09-21,PuLP HiGHS,Optimal,5.02170100001,7713.51503515,8194.65943901,1.124955|0.726615|0.384264,5589.318878|8194.659439|10800,5589.31887802,6830.86575014,43574.1627035,4089.48350653,47663.6462101,40832.7804599,expected_cost,0.9,0,10507.6029474,20773.8558817,0,70386.4990372,1099.00897316,66187.5974599,4198.90157723,22195.0286932,17544.943278,3217.13714914,1200,10800,9.09494701773e-13,9.09494701773e-13,8194.65943901,7713.51503515,8194.65943901,677.198570196,2363.64525547,45937.807959,65351.2525451,5035.24649208,3527.59641888,19896.5118399,15683.1446269,4160.31550436,28,1314
2025-09-22,PuLP HiGHS,Optimal,3.8513278,8194.65943901,7699.139333,1.124955|0.726615|0.384264,4598.278666|7699.139333|10800,4598.27866601,6076.04245027,42674.8353279,3701.97952726,46376.8148552,40300.7724049,expected_cost,0.9,0,4727.3709888,20610.2379186,0,68354.7556678,976.296742781,63928.0798524,4426.67581536,20990.314353,17448.1227214,3686.84408435,1200,10800,1.13686837722e-12,9.09494701773e-13,7699.139333,8194.65943901,7699.139333,1087.24368514,4206.69548829,46881.5308162,65723.6588549,2631.09681295,2973.77847891,19310.9067008,16087.8025231,3039.72785052,31,1291
2025-09-23,PuLP HiGHS,Optimal,4.35734599999,7699.139333,7780.84375507,1.124955|0.726615|0.384264,4761.68751|7780.843755|10800,4761.68751014,6200.50238788,43975.5361169,3090.83153151,47066.3676484,40865.8652605,expected_cost,0.9,0,5857.33122492,10488.8782379,0,70828.667388,827.654960353,65886.723005,4941.94438302,21655.8937902,17467.7399902,3596.87370142,1200,10800,2.27373675443e-13,1.81898940355e-12,7780.84375507,7699.139333,7780.84375507,1157.86779828,5137.43700245,49112.9731194,66851.903186,3976.76420193,1910.43212733,20574.6804936,16591.95722,1956.99606685,22,1299
2025-09-24,PuLP HiGHS,Optimal,4.43481270001,7780.84375507,8235.84667815,1.124955|0.726615|0.384264,5671.693356|8235.846678|10800,5671.6933563,6893.60606559,44474.5290503,4307.44861369,48781.977664,41888.3715984,expected_cost,0.9,0,9769.63316555,24586.1530017,0,71665.3497071,1132.21634823,66819.8322189,4845.51748811,22256.6245827,17618.3632812,3560.58329841,1200,10800,4.54747350886e-13,1.81898940355e-12,8235.84667815,7780.84375507,8235.84667815,616.847721754,2165.27312115,46639.8021715,67831.8520344,3833.49767265,2975.71716394,21053.972955,16644.2154628,2176.79944625,27,1320
2025-09-25,PuLP HiGHS,Optimal,3.8019741,8235.84667815,8314.93685875,1.124955|0.726615|0.384264,5829.873718|8314.936859|10800,5829.8737175,7014.08374225,44972.8713935,4602.35828082,49575.2296743,42561.1459321,expected_cost,0.9,0,9218.95843143,27133.2108252,0,71611.8957705,1233.22667187,66494.9536124,5116.94215814,21676.6052091,17486.8690568,3612.86757263,1200,10800,1.13686837722e-12,9.09494701773e-13,8314.93685875,8235.84667815,8314.93685875,430.598550258,1692.18966582,46665.0610593,67155.7393825,4456.15638809,3350.72386237,20152.5474095,16252.3822391,2758.54461724,31,1324
2025-09-26,PuLP HiGHS,Optimal,3.494452,8314.93685875,8351.25131749,1.124955|0.726615|0.384264,5734.685149|8267.342575|10800,5734.68514901,6941.58360703,20790.1954995,2933.22756002,23723.4230595,16781.8394525,expected_cost,0.9,0,19201.8045283,22185.6600666,0,35903.6536264,787.511976075,32587.5838033,3316.06982315,21063.0734009,17103.9243106,14673.1673867,1200,10800,1.00044417195e-11,1.81898940355e-12,8267.3425745,8314.93685875,8351.25131749,323.137528525,1306.6880181,22096.8835176,32520.6272778,3383.02634859,11710.7254015,17926.9099577,14488.1140529,5751.97370085,27,923
2025-09-27,PuLP HiGHS,Optimal,2.72680369999,8351.25131749,8140.64137948,1.124955|0.726615|0.384264,5414.936943|8107.468471|10800,5414.93694284,6698.04818517,19983.7291947,2093.43468374,22077.1638784,15379.1156932,expected_cost,0.9,0,2826.45891842,12188.2640992,0,35359.5858101,549.679031687,32610.4399495,2749.14586059,20452.9012475,16786.254572,14574.0374271,1200,10800,9.09494701773e-13,4.54747350886e-13,8107.46847142,8351.25131749,8140.64137948,1032.85878064,4000.50042082,23984.2296155,33049.9016503,2309.68415982,13053.1134839,17988.913901,14760.569204,4489.67271453,22,929
2025-09-28,PuLP HiGHS,Optimal,4.99210420001,8140.64137948,8204.07351403,1.124955|0.726615|0.384264,5608.147028|8204.073514|10800,5608.14702805,6845.20616355,44678.9021085,3716.75118893,48395.6532975,41550.4471339,expected_cost,0.9,0,7219.92590442,16936.3996646,0,71685.9611588,980.740799055,67214.698821,4471.26233782,21891.6507586,17675.1481934,3394.93949452,1200,10800,4.54747350886e-13,4.54747350886e-13,8204.07351403,8140.64137948,8204.07351403,700.581188723,2727.5620664,47406.4641749,67498.7235117,4187.23764709,570.036889563,21497.6301218,17355.9914776,713.177352599,20,1326
2025-09-29,PuLP HiGHS,Optimal,4.09143629999,8204.07351403,8197.04543634,1.124955|0.726615|0.384264,5594.090873|8197.045436|10800,5594.09087267,6834.50032794,45720.9980857,4472.29934046,50193.2974262,43358.7970982,expected_cost,0.9,0,11959.0328971,23427.0749967,0,73206.2158441,1172.75117166,68129.0432743,5077.17256984,21852.1585933,17706.5737305,3102.114245,1200,10800,4.54747350886e-13,9.09494701773e-13,8197.04543634,8204.07351403,8197.04543634,496.274425191,1954.85685997,47675.8549457,67961.5594975,5244.65634659,1764.47292659,20735.7614002,16802.2920041,2020.67891941,26,1336
2025-09-30,PuLP HiGHS,Optimal,3.35384570001,8197.04543634,8106.78422286,1.124955|0.726615|0.384264,5413.568446|8106.784223|10800,5413.56844571,6697.00587276,46181.0330921,4613.12988752,50794.1629796,44097.1571069,expected_cost,0.9,0,9180.16745839,25750.7517319,0,73447.2765997,1212.1603561,68099.1387254,5348.13787428,21948.1063718,17859.2012533,3200.64401935,1200,10800,9.09494701773e-13,2.27373675443e-13,8106.78422286,8197.04543634,8106.78422286,871.81529043,3639.49399924,49820.5270913,69214.1275404,4233.14905936,640.990547457,21600.0663621,17577.2888454,629.952417458,16,1322
2025-10-01,PuLP HiGHS,Optimal,4.42348890001,8106.78422286,8449.36757479,1.124955|0.726615|0.384264,6052.373741|8426.186871|10800,6052.37374116,7183.55032902,45723.0498556,4742.33758721,50465.3874428,43281.8371138,expected_cost,0.9,0,11566.3152218,26519.126373,0,73566.3742095,1242.48488929,68294.0604303,5272.31377921,22070.1849804,17589.3874512,3289.21298447,1200,10800,9.09494701773e-13,1.81898940355e-12,8426.18687058,8106.78422286,8449.36757479,38.7127520612,97.8213079465,45820.8711635,61180.210545,12386.1636645,7641.19487289,18988.851969,15072.6450782,5598.07538437,35,1321
2025-10-02,PuLP HiGHS,Optimal,5.0940082,8449.36757479,8386.60006063,1.124955|0.726615|0.384264,5779.551496|8289.775748|10800,5779.55149568,6975.7559478,45092.4196263,4047.13691855,49139.5565448,42163.800597,expected_cost,0.9,0,9724.8735451,18418.830008,0,71916.5966313,1072.50761361,66476.7272434,5439.86938785,21861.3414942,17851.3192546,3065.83196717,1200,10800,9.09494701773e-13,1.81898940355e-12,8289.77574784,8449.36757479,8386.60006063,124.926760116,301.797567087,45394.2171934,60789.3091594,11127.2874719,5459.18594877,19898.7242991,16174.457445,3639.47900471,31,1309
2025-10-03,PuLP HiGHS,Optimal,3.2250759,8386.60006063,8100.5045857,1.124955|0.726615|0.384264,5215.883199|8007.9416|10800,5215.88319931,6546.43939905,19978.3134561,1878.55902951,21856.8724856,15310.4330866,expected_cost,0.9,0,8480.76476336,10704.9867395,0,34903.0561047,475.840686401,31866.2558717,3036.80023306,20211.3046447,16711.9493771,14932.5371183,1200,10800,1.70530256582e-13,9.09494701773e-13,8007.94159966,8386.60006063,8100.5045857,138.415023669,358.858150801,20337.1716069,29564.6481488,5338.40795595,18831.0992912,17433.1374139,14378.3272327,5111.78937511,28,914
2025-10-04,PuLP HiGHS,Optimal,2.5358676,8100.5045857,7959.39607306,1.124955|0.726615|0.384264,5106.068996|7953.034498|10800,5106.06899643,6460.59477404,20760.6617568,2106.1791899,22866.8409467,16406.2461726,expected_cost,0.9,0,3113.64522144,12286.3821102,0,36248.0561348,545.211203191,33244.373381,3003.68275384,19417.3727153,15863.5260265,15617.6910366,1200,10800,9.09494701773e-13,9.09494701773e-13,7950,8100.5045857,7959.39607306,159.989745118,610.423685571,21371.0854423,30777.782193,5470.27394183,14582.483756,17822.6495274,14563.3437785,2894.90543595,14,929
2025-10-05,PuLP HiGHS,Optimal,4.68207200001,7959.39607306,8109.34530921,1.124955|0.726615|0.384264,5418.690618|8109.345309|10800,5418.69061843,6700.9071628,44419.5925174,4706.85215624,49126.4446736,42425.5375108,expected_cost,0.9,0,14462.2349345,28492.3972495,0,71138.729473,1239.09425783,66016.2268559,5122.50261704,22033.3118924,17712.0283203,3524.45920236,1200,10800,9.09494701773e-13,1.81898940355e-12,8109.34530921,7959.39607306,8109.34530921,91.1157359096,197.30094481,44616.8934622,62929.6988511,8209.03062189,4369.89977752,19894.7338435,15979.7801007,3870.82626859,30,1316
2025-10-06,PuLP HiGHS,Optimal,3.970984,8109.34530921,7840.64448945,1.124955|0.726615|0.384264,4756.773777|7778.386888|10800,4756.77377665,6196.75985505,43930.4265147,4646.93268707,48577.3592017,42380.5993467,expected_cost,0.9,0,11625.8343412,31456.7662902,0,69729.3093037,1237.65466874,64751.7979138,4977.51138998,21307.3206653,17556.7923177,3631.92690176,1200,10800,9.09494701773e-13,9.09494701773e-13,7778.38688832,8109.34530921,7840.64448945,308.520206101,795.144898507,44725.5714132,63697.5064129,6031.80289085,2722.21850071,19960.6821372,16409.9832689,2493.44757692,31,1316
2025-10-07,PuLP HiGHS,Optimal,4.1747378,7840.64448945,7758.64062768,1.124955|0.726615|0.384264,4673.428932|7736.714466|10800,4673.42893215,6133.2804626,42688.3700067,2727.27885181,45415.6488585,39282.3683959,expected_cost,0.9,0,5223.03699724,7026.46123976,0,68199.4025587,723.291741225,63590.8240715,4608.57848722,21468.1834617,17482.765625,3716.32535868,1200,10800,9.09494701773e-13,4.54747350886e-13,7736.71446607,7840.64448945,7758.64062768,531.804657975,1867.09113839,44555.4611451,62806.6233977,5392.77916105,1656.28223203,20970.4542064,17059.8713828,920.623497537,19,1307
2025-10-08,PuLP HiGHS,Optimal,4.70919600001,7758.64062768,7781.34247463,1.124955|0.726615|0.384264,4762.684949|7781.342475|10800,4762.68494927,6201.2620849,39973.3196762,4343.29638565,44316.6160618,38115.3539769,expected_cost,0.9,0,26365.474602,27406.3504413,0,65258.2984302,1168.63606339,60456.3530963,4801.94533397,21548.9424859,17434.2117513,3468.34449768,1200,10800,4.54747350886e-13,4.54747350886e-13,7781.34247463,7758.64062768,7781.34247463,1077.36998032,3508.76632544,43482.0860016,61750.8379402,3507.46049007,2391.89642222,20723.0745755,16765.2587439,1494.82091782,17,1273
2025-10-09,PuLP HiGHS,Optimal,4.1448586,7781.34247463,7755.31449436,1.124955|0.726615|0.384264,4710.628989|7755.314494|10800,4710.62898872,6161.61379269,39930.1858561,4132.40332823,44062.5891843,37900.9753916,expected_cost,0.9,0,5619.41173987,24092.638384,0,65509.1575793,1076.18700552,60837.4251507,4671.73242864,21441.9516341,17391.4060059,3599.60718843,1200,10800,9.09494701773e-13,9.09494701773e-13,7755.31449436,7781.34247463,7755.31449436,497.920052473,2170.87197354,42101.0578296,62384.8056379,3124.35194142,3194.55843582,20797.951334,16869.7657628,1165.64054311,19,1307
2025-10-10,PuLP HiGHS,Optimal,2.857888,7755.31449436,7766.56204216,1.124955|0.726615|0.384264,4733.124084|7766.562042|10800,4733.12408432,6178.74712601,17162.2359045,1517.67313357,18679.909038,12501.161912,expected_cost,0.9,0,2380.73587779,6072.58557992,0,31812.0360401,393.96327947,29301.5790208,2510.45701929,19768.775221,16002.585136,16519.0911599,1200,10800,1.70530256582e-13,9.09494701773e-13,7766.56204216,7755.31449436,7766.56204216,797.11765237,2851.2426637,20013.4785681,30374.3981148,1437.63792529,18423.866945,17862.7111186,14458.673213,3449.97602543,11,914
2025-10-11,PuLP HiGHS,Optimal,3.43055779999,7766.56204216,8594.51989642,1.124955|0.726615|0.384264,6347.949403|8573.974701|10800,6347.94940264,7408.67479265,18882.6596545,2662.47532135,21545.1349758,14136.4601832,expected_cost,0.9,0,2851.23650981,18433.1825577,0,34547.9657998,680.188667162,31722.6147329,2825.35106685,21305.607299,16530.8705189,16662.1458895,1200,10800,4.54747350886e-12,9.09494701773e-13,8573.97470132,7766.56204216,8594.51989642,232.742506144,1144.32132408,20026.9809786,32144.2958322,2403.66996756,14021.3953073,18442.9862048,14193.6567571,5199.83485607,24,924
2025-10-12,PuLP HiGHS,Optimal,3.63688390001,8594.51989642,8714.54868611,1.124955|0.726615|0.384264,6629.097372|8714.548686|10800,6629.09737221,7622.8104408,42949.0973041,4713.08421746,47662.1815216,40039.3710808,expected_cost,0.9,0,21995.4391026,25526.5818309,0,69362.5744809,1274.7298653,63831.2158693,5531.35861162,21870.9505199,17607.4440104,3264.39724119,1200,10800,4.54747350886e-13,9.09494701773e-13,8714.54868611,8594.51989642,8714.54868611,420.552711111,1344.41615931,44293.5134635,64066.5940401,5295.98044081,1926.4648773,20724.736736,16679.0108454,2074.64694889,24,1294
2025-10-13,PuLP HiGHS,Optimal,4.4222152,8714.54868611,7929.35342554,1.124955|0.726615|0.384264,5058.706851|7929.353426|10800,5058.70685109,6426.72642636,42180.5707284,4642.52222063,46823.092949,40396.3665226,expected_cost,0.9,0,19258.8060963,27641.474638,0,68189.4411243,1268.02184638,63197.4121965,4992.02892782,20714.1036497,17485.0996908,3260.55391064,1200,10800,9.09494701773e-13,9.09494701773e-13,7929.35342554,8714.54868611,7929.35342554,125.149957397,366.716945499,42547.2876739,62812.7486737,5376.69245062,2833.3849746,19914.7057422,16837.5873857,1446.91021264,24,1302
2025-10-14,PuLP HiGHS,Optimal,4.036247,7929.35342554,7783.32297689,1.124955|0.726615|0.384264,4766.645954|7783.322977|10800,4766.64595377,6204.27897407,41085.4128744,2932.0895281,44017.5024025,37813.2234285,expected_cost,0.9,0,6537.01852677,10526.5692251,0,67044.7802279,774.602896718,62551.4864173,4493.29381064,21311.2214328,17393.5167643,3261.14352121,1200,10800,6.8212102633e-13,9.09494701773e-13,7783.32297689,7929.35342554,7783.32297689,1061.33523134,4258.43014988,45343.8430243,64472.4365926,2572.34363529,888.796264103,21066.177265,17195.0309884,443.529943703,14,1313
2025-10-15,PuLP HiGHS,Optimal,3.6373572,7783.32297689,7749.18053675,1.124955|0.726615|0.384264,4698.361074|7749.180537|10800,4698.36107351,6152.26996573,41158.8945314,3597.2541825,44756.1487139,38603.8787482,expected_cost,0.9,0,6963.98367651,17717.3216549,0,66965.0842041,957.994562179,62497.6820772,4467.40212684,21479.697439,17429.2831217,3539.56621474,1200,10800,4.54747350886e-13,9.09494701773e-13,7749.18053675,7783.32297689,7749.18053675,1480.04290976,5624.82523214,46783.7197635,64623.8858439,2341.19836011,175.748151432,21257.2902547,17249.1333024,402.557003665,11,1303
2025-10-16,PuLP HiGHS,Optimal,3.8198392,7749.18053675,8179.21051384,1.124955|0.726615|0.384264,5558.421028|8179.210514|10800,5558.42102768,6807.33247968,42534.6378411,4236.19072154,46770.8285626,39963.496083,expected_cost,0.9,0,7101.05018056,23737.9596037,0,69065.1189816,1089.77492439,64298.6777804,4766.44120118,22068.5922151,17488.5327148,3475.07314073,1200,10800,4.54747350886e-13,9.09494701773e-13,8179.21051384,7749.18053675,8179.21051384,1992.21040868,8065.14950262,50599.7873437,66603.2557973,2461.86318428,1090.9176526,21847.6243368,17309.5487335,399.951859627,13,1316
2025-10-17,PuLP HiGHS,Optimal,3.2893472,8179.21051384,8132.50832176,1.124955|0.726615|0.384264,5401.63327|8100.816635|10800,5401.63326968,6687.91547577,18699.2399299,1915.7842156,20615.0241455,13927.1086697,expected_cost,0.9,0,2858.1393642,9914.85269942,0,34072.1658237,492.746941815,31262.7092561,2809.45656756,19985.2524879,16258.6090063,14208.0966354,1200,10800,4.54747350886e-13,1.81898940355e-12,8100.81663484,8179.21051384,8132.50832176,164.134910134,745.713644739,19444.9535746,31527.3452416,2544.82058209,12333.4608038,17872.9052849,14519.0852537,3851.87095565,23,947
2025-10-18,PuLP HiGHS,Optimal,3.45030119999,8132.50832176,7766.08514948,1.124955|0.726615|0.384264,4729.723684|7764.861842|10800,4729.72368424,6176.15721979,18795.2930263,2034.93815365,20830.2311799,14654.0739601,expected_cost,0.9,0,3002.71234805,11815.9099664,0,33514.3920687,531.173547743,30680.9766601,2833.41540857,19236.6717137,15912.5859198,14101.5320325,1200,10800,2.72848410532e-12,1.81898940355e-12,7764.86184212,8132.50832176,7766.08514948,412.081737939,1372.29216035,20167.5851866,31321.9100132,2192.48205551,12694.9936305,17327.2932052,14364.8883512,3457.07607702,24,943
2025-10-19,PuLP HiGHS,Optimal,5.1955345,7766.08514948,8371.41801931,1.124955|0.726615|0.384264,5942.836039|8371.418019|10800,5942.83603862,7100.12121172,45309.4089004,5031.48674227,50340.8956426,43240.7744309,expected_cost,0.9,0,17196.803525,32016.7152874,0,73543.1662287,1295.64557764,68023.3585463,5519.80768241,23006.9074992,18090.7954915,3187.23546432,1200,10800,3.12638803734e-13,9.09494701773e-13,8371.41801931,7766.08514948,8371.41801931,752.150483079,2844.83258667,48154.241487,69288.1515492,4255.01467946,1381.41508268,22254.551755,17481.3873387,1361.76389714,22,1339
2025-10-20,PuLP HiGHS,Optimal,4.66045749999,8371.41801931,7999.04707716,1.124955|0.726615|0.384264,5198.094154|7999.047077|10800,5198.09415432,6532.8904174,44278.4021703,3925.03842554,48203.4405959,41670.5501785,expected_cost,0.9,0,7914.31297868,19511.633678,0,71405.4990382,1023.28740966,66412.6642342,4992.83480397,21781.6824481,17978.2966309,3062.18390148,1200,10800,4.54747350886e-13,9.09494701773e-13,7999.04707716,8371.41801931,7999.04707716,928.584193421,4063.07521181,48341.4773821,67740.7535515,3664.74548668,536.026857813,21198.2229914,17505.694471,1056.06161656,11,1340
2025-10-21,PuLP HiGHS,Optimal,3.7983102,7999.04707716,7801.0821578,1.124955|0.726615|0.384264,4802.164316|7801.082158|10800,4802.1643156,6231.33144557,44778.0258414,3356.0049584,48134.0307999,41902.6993543,expected_cost,0.9,0,7948.51751365,14402.3603295,0,72472.9695215,871.538668577,67520.1486989,4952.82082265,21943.0306777,17952.0232764,2682.46495343,1200,10800,4.54747350886e-13,1.81898940355e-12,7801.0821578,7999.04707716,7801.0821578,1133.10090049,4051.79031922,48829.8161607,69645.9213862,2827.04813534,388.238641807,21612.4774858,17684.275191,598.301277289,15,1339
2025-10-22,PuLP HiGHS,Optimal,4.9704644,7801.0821578,8222.62773268,1.124955|0.726615|0.384264,5645.255465|8222.627733|10800,5645.25546536,6873.46971205,45243.3482573,3735.78315296,48979.1314102,42105.6616982,expected_cost,0.9,0,11054.9030139,17101.5201262,0,73338.8284932,983.866243434,67926.8312773,5411.99721591,23020.6349888,18267.3233236,3254.52242629,1200,10800,2.27373675443e-13,1.81898940355e-12,8222.62773268,7801.0821578,8222.62773268,1613.09307161,7100.79237309,52344.1406303,69677.3428788,3661.48561441,1215.0020255,21795.5063551,17274.9691303,2217.48282699,17,1349
2025-10-23,PuLP HiGHS,Optimal,5.68434309999,8222.62773268,7459.82724088,1.124955|0.726615|0.384264,4119.654482|7459.827241|10800,4119.65448175,5711.49953689,44911.6071666,3665.23644984,48576.8436165,42865.3440796,expected_cost,0.9,0,8601.7136963,21628.2509728,0,72362.782433,944.273364874,67795.2024607,4567.57997239,21404.1282674,18023.8643392,2635.28944031,1200,10800,9.09494701773e-13,1.81898940355e-12,7459.82724088,8222.62773268,7459.82724088,504.41942796,2012.36717212,46923.9743387,67861.2406674,4501.54176568,1736.09153171,20718.9051205,17468.8335902,1240.25389582,20,1335
2025-10-24,PuLP HiGHS,Optimal,3.09867170001,7459.82724088,7583.28588985,1.124955|0.726615|0.384264,4366.57178|7583.28589|10800,4366.5717797,5899.56347958,19325.9919193,2008.8300901,21334.8220094,15435.2585298,expected_cost,0.9,0,3242.80754214,9933.30326848,0,34250.7606161,522.599843436,31160.9117164,3089.84889978,18683.179829,15022.2628774,11287.7520464,1200,10800,4.54747350886e-13,1.81898940355e-12,7583.28588985,7459.82724088,7583.28588985,578.29933719,2503.58530131,21829.5772206,32365.7370931,1885.02352308,11063.9389857,17625.9681252,14165.9213974,1913.55318377,15,953
2025-10-25,PuLP HiGHS,Optimal,3.21892309999,7583.28588985,7807.94512009,1.124955|0.726615|0.384264,4741.429916|7770.714958|10800,4741.42991575,6185.07324176,19385.6731579,2399.72103678,21785.3941947,15600.3209529,expected_cost,0.9,0,3258.04808357,13983.0111735,0,34783.9269074,624.165027633,31750.7150498,3033.21185759,18378.22673,14717.6774901,11683.7172776,1200,10800,0,1.81898940355e-12,7770.71495787,7583.28588985,7807.94512009,452.892512662,1821.6723408,21207.3454987,32703.5741893,2080.35271808,10285.3862635,17212.9178842,13740.270179,2142.71615691,22,959
2025-10-26,PuLP HiGHS,Optimal,4.4703553,7807.94512009,8209.04650272,1.124955|0.726615|0.384264,5618.093005|8209.046503|10800,5618.09300544,6852.78149236,47624.9246288,5543.06848544,53167.9931142,46315.2116218,expected_cost,0.9,0,12511.362686,36182.0897556,0,76586.0023157,1448.78389604,71398.9154714,5187.08684427,23752.5092141,18878.5412191,2929.04539073,1200,10800,9.09494701773e-13,9.09494701773e-13,8209.04650272,7807.94512009,8209.04650272,192.27136569,592.872313828,48217.7969426,70181.6097741,6404.39254154,1398.52078307,21421.3531352,16990.3047952,4219.39250277,30,1367
2025-10-27,PuLP HiGHS,Optimal,3.66218930001,8209.04650272,7774.85411792,1.124955|0.726615|0.384264,4749.708236|7774.854118|10800,4749.70823585,6191.37840356,46161.2933328,3565.3958618,49726.6891946,43535.310791,expected_cost,0.9,0,6616.19682389,17328.8391716,0,74216.1984766,933.211336854,69438.6785531,4777.51992354,22383.2349314,18521.1934408,2624.70141039,1200,10800,9.09494701773e-13,9.09494701773e-13,7774.85411792,8209.04650272,7774.85411792,627.621243119,2404.63621088,48565.9295437,68363.0531662,5853.14531039,1924.68353073,20548.3282014,17034.9189895,3321.1811813,30,1364
2025-10-28,PuLP HiGHS,Optimal,5.12423080001,7774.85411792,8194.65932771,1.124955|0.726615|0.384264,5589.318655|8194.659328|10800,5589.31865543,6830.86558061,47500.0140567,3640.95643323,51140.9704899,44310.1049093,expected_cost,0.9,0,5581.08889301,16626.4925634,0,76875.8348059,931.646422011,72001.0712272,4874.76357872,23879.8168821,18964.8269857,2725.09731856,1200,10800,9.09494701773e-13,1.81898940355e-12,8194.65932771,7774.85411792,8194.65932771,296.260249666,1198.04614246,48698.0601992,71211.5471538,5664.28765215,956.850522266,22109.0025913,17530.4674102,3205.17386629,27,1363
2025-10-29,PuLP HiGHS,Optimal,3.4897986,8194.65932771,8161.05184451,1.124955|0.726615|0.384264,5522.103689|8161.051845|10800,5522.10368902,6779.67146948,46772.9285174,4619.88515857,51392.8136759,44613.1422065,expected_cost,0.9,0,9893.24081896,26588.9178792,0,75067.3445117,1177.46005823,69829.7959712,5237.54854046,23108.9788112,18748.5195719,2939.34024723,1200,10800,9.09494701773e-13,9.09494701773e-13,8161.05184451,8194.65932771,8161.05184451,1607.88743578,5346.63142102,52119.5599384,72243.842017,2823.50249465,234.966049728,22814.4912525,18509.9846494,533.0224812,19,1348
2025-10-30,PuLP HiGHS,Optimal,3.6562502,8161.05184451,7728.2525995,1.124955|0.726615|0.384264,4656.505199|7728.252599|10800,4656.50519899,6120.39054355,47061.2295149,4487.99213298,51549.2216479,45428.8311044,expected_cost,0.9,0,4782.81468716,29485.2587039,0,75424.9303759,1161.30276812,70337.2248172,5087.70555869,23160.8239786,19149.7867432,2981.42054625,1200,10800,9.09494701773e-13,9.09494701773e-13,7728.2525995,8161.05184451,7728.2525995,361.413939193,1419.86580777,48481.0953227,69895.5554483,5529.37492755,1917.11343893,20745.0401005,17193.001802,4372.56881925,29,1361
2025-10-31,PuLP HiGHS,Optimal,2.9898008,7728.2525995,7694.3759669,1.124955|0.726615|0.384264,4588.751934|7694.375967|10800,4588.75193381,6068.78643851,20246.115608,2521.33769808,22767.453306,16698.6668675,expected_cost,0.9,0,2819.51027208,14635.4205882,0,35778.0655029,670.57408283,32629.3029706,3148.76253233,17905.1951913,14533.6970742,10765.0538377,1200,10800,2.27373675443e-13,1.81898940355e-12,7694.3759669,7728.2525995,7694.3759669,270.989572121,1063.11506296,21309.2306709,33375.3123084,2402.75319457,6490.96234338,17271.2444198,14020.1969494,1147.45089624,16,1007
2025-11-01,PuLP HiGHS,Optimal,3.0784371,7694.3759669,8101.67932682,1.124955|0.726615|0.384264,5403.358654|8101.679327|10800,5403.35865364,6689.22961015,20780.823328,3313.94555642,24094.7688844,17405.5392742,expected_cost,0.9,0,19809.2051153,24620.5138817,0,36863.1248681,871.886373797,33506.5236216,3356.60124654,18354.7426588,14500.7685297,9282.80271525,1200,10800,2.27373675443e-13,1.81898940355e-12,8101.67932682,7694.3759669,8101.67932682,248.818577323,712.048635927,21492.8719639,33681.8234932,3181.30137494,7642.72359634,17775.300089,14031.4200482,1048.79105135,17,1019
2025-11-02,PuLP HiGHS,Optimal,2.88637750001,8101.67932682,7660.77291282,1.124955|0.726615|0.384264,4521.545826|7660.772913|10800,4521.54582563,6017.59907423,47201.026342,3770.16672175,50971.1930637,44953.5939895,expected_cost,0.9,0,8254.39004364,19586.9974318,0,75693.5084724,969.696732949,71118.1110771,4575.39739526,22909.4849925,18953.4986165,2686.25050777,1200,10800,9.09494701773e-13,9.09494701773e-13,7660.77291282,8101.67932682,7660.77291282,730.782746159,2773.92388001,49974.950222,72210.215164,3483.29330833,368.385078516,21963.3930051,18187.1641067,1712.42649728,22,1357
2025-11-03,PuLP HiGHS,Optimal,3.93863610001,7660.77291282,7723.30358136,1.124955|0.726615|0.384264,4646.607163|7723.303581|10800,4646.60716272,6112.85172897,47854.8252444,3507.64053697,51362.4657813,45249.6140524,expected_cost,0.9,0,9334.76857163,16459.1934379,0,76789.4139617,927.792053166,71987.8652699,4801.54869185,23610.4698943,19068.2030127,2741.75002271,1200,10800,2.27373675443e-13,9.09494701773e-13,7723.30358136,7660.77291282,7723.30358136,1356.25464716,4008.30717099,51863.1324154,72912.4433824,3876.97057933,530.70245,21983.0931291,17750.0278329,2945.55194502,27,1365
2025-11-04,PuLP HiGHS,Optimal,5.7450639,7723.30358136,8188.67182634,1.124955|0.726615|0.384264,5577.343653|8188.671826|10800,5577.34365268,6821.7448497,49622.9769554,3621.874911,53244.8518664,46423.1070167,expected_cost,0.9,0,6588.54104183,16286.832286,0,79604.4166035,926.738503972,74299.4988006,5304.91780294,23876.7951293,18921.3726343,2854.42286451,1200,10800,6.25277607469e-13,9.09494701773e-13,8188.67182634,7723.30358136,8188.67182634,319.982709851,1173.30690104,50796.2838564,73175.1133224,6429.30328112,1460.84665344,21238.662763,16784.4854175,4775.01958307,30,1383
2025-11-05,PuLP HiGHS,Optimal,3.7616289,8188.67182634,8400.09807457,1.124955|0.726615|0.384264,6000.196149|8400.098075|10800,6000.19614913,7143.8093965,49794.7605294,4703.2216308,54497.9821602,47354.1727637,expected_cost,0.9,0,6586.29520538,30587.0729943,0,79509.1603173,1209.97324014,74432.6308685,5076.52944882,23628.0021615,18948.3981274,2727.73338416,1200,10800,2.27373675443e-13,9.09494701773e-13,8400.09807457,8188.67182634,8400.09807457,345.915068567,1109.75056135,50904.5110907,74681.5179656,4827.64235167,953.30244349,22135.9310559,17739.8205319,2700.64870122,28,1370
2025-11-06,PuLP HiGHS,Optimal,4.5601173,8400.09807457,8173.38619081,1.124955|0.726615|0.384264,5546.772382|8173.386191|10800,5546.77238162,6798.46031753,49103.6198282,4000.13080069,53103.7506289,46305.2903114,expected_cost,0.9,0,11518.6571813,19616.2663549,0,78410.8229136,1059.33077517,73518.3600859,4892.46282766,22988.4416569,18824.6784375,2585.98850659,1200,10800,4.54747350886e-13,4.54747350886e-13,8173.38619081,8400.09807457,8173.38619081,1399.87294909,5668.19532779,54771.815156,74100.8462146,4309.97669895,174.954046489,21895.9013821,17939.7208148,1977.49789754,14,1377
2025-11-07,PuLP HiGHS,Optimal,3.3322784,8173.38619081,7740.28143358,1.124955|0.726615|0.384264,4680.562867|7740.281434|10800,4680.56286716,6138.71400636,19993.2868219,2044.97939574,22038.2662177,15899.5522113,expected_cost,0.9,0,3298.56227953,8531.7940307,0,35617.5368208,539.183289432,32575.21372,3042.32310078,17954.7378749,14933.1319602,8082.73771373,1200,10800,4.54747350886e-13,3.63797880709e-12,7740.28143358,8173.38619081,7740.28143358,502.822672251,2237.54313375,22230.8299557,33127.9908315,2489.54598929,7304.7363407,17881.1034799,14873.4881003,133.278254829,6,999
2025-11-08,PuLP HiGHS,Optimal,3.0316972,7740.28143358,7705.1738898,1.124955|0.726615|0.384264,4610.34778|7705.17389|10800,4610.3477796,6085.23486047,20135.1659398,2479.90368664,22615.0696264,16529.834766,expected_cost,0.9,0,3665.38225661,13105.6645705,0,35804.2428228,650.423900548,32650.2119072,3154.03091557,17931.3775039,14556.0125676,7404.09721115,1200,10800,3.41060513165e-13,9.09494701773e-13,7705.1738898,7740.28143358,7705.1738898,267.120114133,1116.4060932,21251.572033,33499.8688389,2304.37398394,6725.49830273,17273.0544193,14022.770869,1191.56478318,18,1076
2025-11-09,PuLP HiGHS,Optimal,3.79310160001,7705.1738898,8187.34707372,1.124955|0.726615|0.384264,5574.694147|8187.347074|10800,5574.69414745,6819.72686067,50152.0915811,3231.96462904,53384.0562101,46564.3293494,expected_cost,0.9,0,9771.69652534,10942.2816836,0,80137.9887236,836.57273145,75031.0890341,5106.89968941,23816.1682295,18857.1404004,2801.49364292,1200,10800,4.54747350886e-13,9.09494701773e-13,8187.34707372,7705.1738898,8187.34707372,916.268694844,3721.90288451,53873.9944656,75873.9965632,4263.99216034,812.726933333,22088.238294,17457.5171526,3127.55318333,25,1359
2025-11-10,PuLP HiGHS,Optimal,3.5879043,8187.34707372,8386.08523063,1.124955|0.726615|0.384264,5972.170461|8386.085231|10800,5972.17046127,7122.4637014,50170.8959174,4211.25020891,54382.1461263,47259.6824249,expected_cost,0.9,0,8911.21733392,20764.3612385,0,80295.1268124,1098.47797261,75665.4875788,4629.63923356,23483.3690838,18842.6646167,2535.59630155,1200,10800,4.54747350886e-13,9.09494701773e-13,8386.08523063,8187.34707372,8386.08523063,1356.51306531,5254.5326257,55425.4285431,77148.2137499,3146.91306251,203.77825,22440.2164419,17997.7109767,1888.10628192,18,1378
2025-11-11,PuLP HiGHS,Optimal,2.7013817,8386.08523063,8252.97851207,1.124955|0.726615|0.384264,5705.957024|8252.978512|10800,5705.95702413,6919.70290254,50963.9952113,4620.62637044,55584.6215817,48664.9186792,expected_cost,0.9,0,10106.6273086,22749.6346102,0,80719.9054227,1204.21921521,75330.9930281,5388.91239463,23120.6321291,18847.5080713,2954.62786104,1200,10800,2.27373675443e-13,9.09494701773e-13,8252.97851207,8386.08523063,8252.97851207,307.476904356,1090.83516766,52054.8303789,75690.4924757,5029.41294705,492.4509,21401.5518951,17455.0530817,3111.53522364,29,1385
2025-11-12,PuLP HiGHS,Optimal,3.8014639,8252.97851207,8017.46971986,1.124955|0.726615|0.384264,5234.93944|8017.46972|10800,5234.93943973,6560.95353692,50738.631218,5285.07771459,56023.7089325,49462.7553956,expected_cost,0.9,0,8975.792747,30810.3297199,0,80829.9057861,1365.26286693,76092.5241014,4737.38168473,22904.9902309,18765,2457.04738663,1200,10800,4.54747350886e-13,4.54747350886e-13,8017.46971986,8252.97851207,8017.46971986,255.365460279,1248.22497221,51986.8561902,75065.90765,5763.9981361,436.498357967,21793.3942911,17864.6072888,2011.98865095,21,1382
2025-11-13,PuLP HiGHS,Optimal,3.9050271,8017.46971986,8260.19952167,1.124955|0.726615|0.384264,5720.399043|8260.199522|10800,5720.39904335,6930.70263037,52446.7617568,5726.27864422,58173.0404011,51242.3377707,expected_cost,0.9,0,25638.6185532,37278.9829788,0,83038.090199,1461.35709971,77790.762107,5247.32809196,23705.9295453,18983.34611,2615.75998787,1200,10800,4.54747350886e-13,4.54747350886e-13,8260.19952167,8017.46971986,8260.19952167,218.263558104,922.341601307,53369.1033581,76713.6913659,6324.39883302,335.8885,20956.5172934,16756.322186,4976.4361759,28,1387
2025-11-14,PuLP HiGHS,Optimal,2.93775690001,8260.19952167,8230.48398742,1.124955|0.726615|0.384264,5660.967975|8230.483987|10800,5660.96797484,6885.43710562,21557.2552147,2776.30334308,24333.5585578,17448.1214522,expected_cost,0.9,0,7380.83824827,14937.0308656,0,37709.4782608,727.305408784,34472.5139574,3236.96430336,18478.3155416,14994.1795695,6377.50159674,1200,10800,2.27373675443e-13,1.81898940355e-12,8230.48398742,8260.19952167,8230.48398742,147.58331359,568.867117485,22126.1223322,34990.359735,2719.11852582,4260.53767343,17398.3897681,14119.439693,1954.66564991,22,1125
2025-11-15,PuLP HiGHS,Optimal,3.26585459999,8230.48398742,8070.0890147,1.124955|0.726615|0.384264,5340.178029|8070.089015|10800,5340.1780294,6641.10824565,21282.6699481,3065.36578993,24348.0357381,17706.9274924,expected_cost,0.9,0,6604.2494978,18488.3468224,0,37669.3111783,797.670580666,34428.9978016,3240.31337676,17515.8838173,14332.2213675,6065.71067057,1200,10800,2.27373675443e-13,9.09494701773e-13,8070.0890147,8230.48398742,8070.0890147,282.041562413,1025.60893206,22308.2788802,35328.4036858,2340.90749248,4313.79954367,16995.3382282,13910.5794403,942.187516293,17,1175
2025-11-16,PuLP HiGHS,Optimal,3.4362287,8070.0890147,8106.46867558,1.124955|0.726615|0.384264,5412.937351|8106.468676|10800,5412.93735116,6696.52520117,52365.1225514,4089.68725059,56454.809802,49758.2846008,expected_cost,0.9,0,8770.10365982,20024.6920411,0,82977.5131143,1073.95251184,77760.82092,5216.69219433,23657.2667036,19129.6443351,2464.02379567,1200,10800,9.09494701773e-13,1.81898940355e-12,8106.46867558,8070.0890147,8106.46867558,807.680155461,2847.37264101,55212.4951924,78227.7026407,4749.81047362,270.200666667,22620.5055333,18289.8677872,1876.53771818,21,1371
2025-11-17,PuLP HiGHS,Optimal,3.58962890001,8106.46867558,8519.3051223,1.124955|0.726615|0.384264,6238.610245|8519.305122|10800,6238.61024459,7325.39689627,54032.5927127,4465.89104421,58498.483757,51173.0868607,expected_cost,0.9,0,7794.94047142,24560.7156083,0,85341.9899918,1176.64723206,79939.6443944,5402.34559743,24351.4117036,19353.0906779,2507.34053863,1200,10800,9.09494701773e-13,4.54747350886e-13,8519.3051223,8106.46867558,8519.3051223,198.836576956,607.093226122,54639.6859389,77333.489838,8008.50015376,269.16135,22083.4627874,17516.0520557,4104.98753842,27,1381
2025-11-18,PuLP HiGHS,Optimal,3.4191598,8519.3051223,8069.16651562,1.124955|0.726615|0.384264,5338.333031|8069.166516|10800,5338.33303124,6639.70300741,52641.4127091,4333.62434599,56975.0370551,50335.3340476,expected_cost,0.9,0,8320.13002394,21642.8236079,0,82980.3658871,1122.52328575,77744.07255,5236.29333705,23014.0525155,19046.5072835,2219.34571061,1200,10800,3.41060513165e-13,1.81898940355e-12,8069.16651562,8519.3051223,8069.16651562,624.755692625,2020.70945471,54662.1221638,77961.7181792,5018.6477079,62.127805697,21257.4683092,17623.6740765,3179.41741324,22,1378
2025-11-19,PuLP HiGHS,Optimal,4.1791814,8069.16651562,7684.97607145,1.124955|0.726615|0.384264,4569.952143|7684.976071|10800,4569.9521429,6054.46762476,52174.5287357,5240.34520292,57414.8739386,51360.4063139,expected_cost,0.9,0,29509.4078098,35191.4304203,0,82636.4873253,1353.26180348,77445.1500015,5191.33732381,23149.4198937,19096.8015137,2323.00969852,1200,10800,9.09494701773e-13,1.81898940355e-12,7684.97607145,8069.16651562,7684.97607145,909.148516575,3920.09988951,56094.6286252,78516.1653185,4120.32200676,105.079533333,22619.4426395,18667.5199378,959.258830123,13,1381
2025-11-20,PuLP HiGHS,Optimal,3.1849088,7684.97607145,8502.82289416,1.124955|0.726615|0.384264,6205.645788|8502.822894|10800,6205.64578832,7300.28960056,54588.2830183,4344.99375779,58933.2767761,51632.9871755,expected_cost,0.9,0,7574.94031816,23055.4886034,0,86311.6740075,1103.9863333,81123.2931006,5188.38090692,24871.725987,19410.035909,2322.31272251,1200,10800,9.09494701773e-13,9.09494701773e-13,8502.82289416,7684.97607145,8502.82289416,341.196520084,1244.5387478,55832.8217661,79635.5074891,6676.16651844,117.18455,22791.4804494,17725.0370236,3765.24442304,24,1386
2025-11-21,PuLP HiGHS,Optimal,2.98067419999,8502.82289416,7776.83434953,1.124955|0.726615|0.384264,4753.668699|7776.83435|10800,4753.66869905,6194.39488046,21879.0523096,3144.91700234,25023.9693119,18829.5744315,expected_cost,0.9,0,5699.71105433,19153.1467164,0,38653.7285413,853.128703097,35271.2752744,3382.45326684,17380.6393928,14731.7075984,5885.10991552,1200,10800,0,9.09494701773e-13,7776.83434953,8502.82289416,7776.83434953,305.45645523,801.385503164,22680.4378127,36041.8518021,2611.87673914,4980.78871472,16608.0271903,14105.8917143,1398.42808657,19,1186
2025-11-22,PuLP HiGHS,Optimal,8.76181130001,7776.83434953,8598.32808407,1.124955|0.726615|0.384264,6396.656168|8598.328084|10800,6396.65616814,7445.77217883,23150.3719756,4284.25537362,27434.6273492,19988.8551704,expected_cost,0.9,0,9703.30468898,28996.5313727,0,42232.2152231,1120.75946477,38741.7873978,3490.42782534,19327.6377746,14916.0422363,5954.42684651,1200,10800,3.12638803734e-13,1.81898940355e-12,8598.32808407,7776.83434953,8598.32808407,244.832456515,952.647352228,24103.0193278,39550.7425515,2681.47267162,5343.43160622,18384.0503018,14151.7363834,1707.89332568,23,1234
2025-11-23,PuLP HiGHS,Optimal,3.13724180001,8598.32808407,8257.28449153,1.124955|0.726615|0.384264,5714.568983|8257.284492|10800,5714.56898306,6926.26217952,54530.3770542,4877.15807107,59407.5351252,52481.2729457,expected_cost,0.9,0,11647.4997515,27449.9342057,0,85728.7372637,1242.30774474,80053.8265397,5674.91072394,24128.3821465,19850.928772,2333.83520763,1200,10800,9.09494701773e-13,9.09494701773e-13,8257.28449153,8598.32808407,8257.28449153,655.168628084,2854.10703656,57384.4840907,79063.2524326,6665.48483107,557.4432,22293.7937401,18364.9121628,3320.60501565,19,1395
2025-11-24,PuLP HiGHS,Optimal,3.4361429,8257.28449153,7678.08247005,1.124955|0.726615|0.384264,4556.16494|7678.08247|10800,4556.1649401,6043.96663622,52720.2202719,3775.56683953,56495.7871114,50451.8204752,expected_cost,0.9,0,7058.55498931,20252.6385568,0,83290.2364297,975.832413109,78478.2486755,4811.98775416,22984.9109042,19139.0596517,1966.88553201,1200,10800,4.54747350886e-13,1.81898940355e-12,7678.08247005,8257.28449153,7678.08247005,562.234701411,2179.31382359,54899.5340955,77516.3849497,5773.8514799,458.714083333,20943.3878271,17485.4259593,3695.1567694,28,1371
2025-11-25,PuLP HiGHS,Optimal,4.4804767,7678.08247005,8387.03882974,1.124955|0.726615|0.384264,5974.077659|8387.03883|10800,5974.07765948,7123.91631415,54840.8569304,4060.64223627,58901.4991667,51777.5828525,expected_cost,0.9,0,7644.01751787,21286.0165395,0,86881.2070999,1050.50658422,81579.113304,5302.09379592,25577.8254679,20079.9779053,2487.98701723,1200,10800,4.54747350886e-13,9.09494701773e-13,8387.03882974,7678.08247005,8387.03882974,420.715762088,1267.74292264,56108.599853,80954.9689808,5926.23811917,100.006583333,23520.8261533,18413.8084604,3723.16875942,28,1385
2025-11-26,PuLP HiGHS,Optimal,3.34325780001,8387.03882974,7817.76733852,1.124955|0.726615|0.384264,4835.534677|7817.767339|10800,4835.53467705,6256.74789794,53880.2673896,3378.26982521,57258.5372149,51001.7893169,expected_cost,0.9,0,6817.44985936,10445.5921265,0,84913.3620223,882.241163166,79776.2983577,5137.06366456,23703.9252613,19712.5238037,2139.59860044,1200,10800,1.13686837722e-12,2.27373675443e-13,7817.76733852,8387.03882974,7817.76733852,405.249497746,1562.25509322,55442.5224829,80133.151938,4780.2100843,2.94833333333,22579.6345324,18801.8483133,2034.96621921,22,1391
2025-11-27,PuLP HiGHS,Optimal,3.3895684,7817.76733852,8183.5388775,1.124955|0.726615|0.384264,5567.077755|8183.538877|10800,5567.077755,6813.9258544,54649.437219,3943.66764061,58593.1048596,51779.1790052,expected_cost,0.9,0,7451.96002268,18889.5949643,0,86311.0905278,996.893427679,81510.8424518,4800.24807595,24905.0521139,19843.8978271,2104.08868152,1200,10800,4.54747350886e-13,9.09494701773e-13,8183.5388775,7817.76733852,8183.5388775,241.105632707,880.99876709,55530.4359861,80272.1395044,6038.95102339,82.3215,22741.2448351,18091.2139314,3916.49117449,28,1384
2025-11-28,PuLP HiGHS,Optimal,3.46300979999,8183.5388775,8219.17458541,1.124955|0.726615|0.384264,5638.349171|8219.174585|10800,5638.34917082,6868.20955008,23185.0645746,4370.86917264,27555.9337473,20687.7241972,expected_cost,0.9,0,22285.1070611,27744.6515912,0,41105.5203638,1179.83207442,37438.2662959,3667.25406787,18552.0228303,14995.0663554,5130.65853442,1200,10800,4.54747350886e-13,1.81898940355e-12,8219.17458541,8183.5388775,8219.17458541,283.76583409,1032.97469214,24218.0392668,37763.0535423,3342.46682142,3699.32198714,17864.1405378,14437.8816985,1245.06694941,21,1236
2025-11-29,PuLP HiGHS,Optimal,2.97592469999,8219.17458541,8183.58055032,1.124955|0.726615|0.384264,5567.161101|8183.58055|10800,5567.16110064,6813.9893344,23525.1970323,4254.50314762,27779.70018,20965.7108456,expected_cost,0.9,0,16571.123602,29647.3078924,0,41933.6964949,1107.13841951,38378.0766603,3555.61983461,19030.0599096,15446.3831584,5130.10759696,1200,10800,0,1.81898940355e-12,8183.58055032,8219.17458541,8183.58055032,1302.91393372,3983.82308514,27509.0201175,38562.3794323,3371.31706264,1519.28986337,18150.4633379,14733.9099353,1592.06979478,20,1217
2025-11-30,PuLP HiGHS,Optimal,3.3906444,8183.58055032,7867.44137368,1.124955|0.726615|0.384264,4934.882747|7867.441374|10800,4934.88274736,6332.41610732,54958.090181,4219.25450046,59177.3446815,52844.9285742,expected_cost,0.9,0,9451.2352359,21853.4707723,0,86563.3016834,1070.79379187,81355.1068572,5208.19482617,24214.8060356,19898.5181478,2149.97746185,1200,10800,9.09494701773e-13,9.09494701773e-13,7867.44137368,8183.58055032,7867.44137368,1155.17578862,4278.81873861,59236.9089196,83325.4820213,3237.81966203,0,23791.341854,19555.5121607,766.470168726,12,1397
2025-12-01,PuLP HiGHS,Optimal,1.03384729999,7867.44137368,7950,1.124955|0.726615|0.384264,5121.374675|7960.687337|10800,5121.37467481,6466.69163796,55920.6709068,3437.53273487,59358.2036417,52891.5120037,expected_cost,0.9,0,8608.67263792,12645.6040722,0,88049.9318736,874.420033037,82762.2363051,5287.69556851,24910.4808023,20103.1866862,2274.90987623,1200,10800,9.09494701773e-13,9.09494701773e-13,7950,7867.44137368,7950,4711.03224608,17761.8688281,73682.5397349,86394.7945012,1655.13737246,0,24908.401317,20101.5023031,3.7638684936,2,1402
2025-12-02,PuLP HiGHS,Optimal,4.5788093,7950,8725.03402696,1.124955|0.726615|0.384264,6650.068054|8725.034027|10800,6650.06805392,7638.7827081,57078.9116116,5465.44685297,62544.3584646,54905.5757565,expected_cost,0.9,0,16331.8951012,28361.7317825,0,90124.5152357,1414.34858684,84361.1274835,5763.38775225,25694.4822522,20115,2276.11331224,1200,10800,1.13686837722e-13,1.81898940355e-12,8725.03402696,7950,8725.03402696,5354.70971321,21007.0002269,78085.9118384,88858.72967,1265.78556579,0,25674.2042574,20098.5748242,36.7031705729,2,1394
2025-12-03,PuLP HiGHS,Optimal,3.923377,8725.03402696,7703.99172617,1.124955|0.726615|0.384264,4607.983452|7703.991726|10800,4607.98345235,6083.43407652,55842.9799478,3809.33220876,59652.3121566,53568.8780801,expected_cost,0.9,0,6379.48480218,18274.3701674,0,87416.4219682,991.991715677,81798.2156528,5618.20631546,23712.9516589,20126.4289144,1869.12241325,1200,10800,6.11066752754e-13,9.09494701773e-13,7703.99172617,8725.03402696,7703.99172617,4651.35799012,15630.5324417,71473.5123895,86046.7845956,1369.63737263,0,23443.8531041,19908.459085,487.06838413,10,1398
2025-12-04,PuLP HiGHS,Optimal,2.5176036,7703.99172617,7645.71838678,1.124955|0.726615|0.384264,4491.436774|7645.718387|10800,4491.43677355,5994.66658998,56679.1026909,3738.23025555,60417.3329465,54422.6663565,expected_cost,0.9,0,13794.1180348,20334.4993045,0,88803.6083179,960.076653132,83530.6218909,5272.98642702,24768.5851784,20115,1888.69414823,1200,10800,3.41060513165e-13,9.09494701773e-13,7645.71838678,7703.99172617,7645.71838678,4478.58872577,16337.146713,73016.2494039,86902.4637268,1901.14459106,0,24538.3668846,19928.523182,416.695111903,9,1405
2025-12-05,PuLP HiGHS,Optimal,4.14472499999,7645.71838678,8153.63816232,1.124955|0.726615|0.384264,5507.276325|8153.638162|10800,5507.27632463,6768.37824446,24939.4279959,3161.01833022,28100.4463261,21332.0680816,expected_cost,0.9,0,8323.61729408,14620.7777443,0,45238.2255745,862.574172069,41484.3510258,3753.87454872,19895.6675972,15658.3629557,3848.91999726,1200,10800,4.54747350886e-13,1.81898940355e-12,8153.63816232,7645.71838678,8153.63816232,2833.90047223,9735.8375678,34675.2655637,43306.2757104,1931.94986406,599.872054818,19850.2560344,15621.5795898,82.1949287069,4,1256
2025-12-06,PuLP HiGHS,Optimal,3.12911960001,8153.63816232,8729.25495686,1.124955|0.726615|0.384264,6658.509914|8729.254957|10800,6658.50991373,7645.21242951,26220.0946428,3768.52747185,29988.6221146,22343.4096851,expected_cost,0.9,0,8522.85226354,21154.6984082,0,47305.0431326,1003.68505802,42982.8792676,4322.16386499,20350.5974542,15965.9288228,4542.66912219,1200,10800,4.54747350886e-13,9.09494701773e-13,8729.25495686,8153.63816232,8729.25495686,3635.45183346,10998.3515164,37218.4461592,45571.2055983,1733.83753434,1249.93034523,19863.3744987,15571.2782289,881.873549433,14,1267
2025-12-07,PuLP HiGHS,Optimal,1.04041650001,8729.25495686,7931.32036048,1.124955|0.726615|0.384264,5062.640721|7931.32036|10800,5062.64072096,6429.72264852,58096.3559795,5365.99289362,63462.3488731,57032.6262246,expected_cost,0.9,0,12459.0203676,36028.9768253,0,90405.4560254,1395.8862849,84367.25732,6038.19870535,23946.7393374,20115,1773.05540213,1200,10800,4.54747350886e-13,2.27373675443e-13,7931.32036048,8729.25495686,7931.32036048,2994.46730819,10237.0976365,68333.4536159,88383.6313777,2021.82464765,0,23387.1503824,19661.7329465,1012.85600847,13,1409
2025-12-08,PuLP HiGHS,Optimal,0.998995299989,7931.32036048,7920.81380679,1.124955|0.726615|0.384264,5041.627614|7920.813807|10800,5041.62761357,6413.71806781,63390.8445531,4319.77129954,67710.6158527,61296.8977848,expected_cost,0.9,0,9512.3308572,20797.7907614,0,98386.5238567,1115.54178568,92579.6502773,5806.87357941,25336.5248362,20532.0410156,1164.07600084,1200,10800,4.54747350886e-13,4.54747350886e-13,7920.81380679,7931.32036048,7920.81380679,422.824442762,1819.10091099,65209.9454641,91916.7054763,6469.81838048,0,23693.5510563,19201.2322539,2973.78254162,17,1417
2025-12-09,PuLP HiGHS,Optimal,2.8260535,7920.81380679,7715.13578038,1.124955|0.726615|0.384264,4630.271561|7715.13578|10800,4630.27156076,6100.40975857,63151.4863452,4085.44936197,67236.9357072,61136.5259486,expected_cost,0.9,0,8138.19937578,21265.2435094,0,98120.1806378,1067.29441227,92400.1733113,5720.00732643,25349.6160633,20718.299235,1383.81748047,1200,10800,0,9.09494701773e-13,7715.13578038,7920.81380679,7715.13578038,450.007422176,1990.77360528,65142.2599505,91360.1853621,6759.99527563,0,24246.5723232,19824.8338056,1996.50916946,15,1416
2025-12-10,PuLP HiGHS,Optimal,4.4881318,7715.13578038,8528.93794991,1.124955|0.726615|0.384264,6257.8759|8528.93795|10800,6257.87589983,7340.07053441,65032.0756219,5441.46517761,70473.5407995,63133.4702651,expected_cost,0.9,0,23384.2723806,30936.7321452,0,101166.018819,1401.83507898,94183.7328458,6982.28597333,26570.8912995,20790,1553.27811897,1200,10800,4.54747350886e-13,9.09494701773e-13,8528.93794991,7715.13578038,8528.93794991,231.383777892,909.539246322,65941.6148682,93528.4312599,7637.58755919,0,24419.8664134,19047.6698423,3893.35504386,18,1413
2025-12-11,PuLP HiGHS,Optimal,3.97188149999,8528.93794991,7775.99461983,1.124955|0.726615|0.384264,4751.98924|7775.99462|10800,4751.98923966,6193.11572441,63170.4815838,4011.96279917,67182.4443829,60989.3286585,expected_cost,0.9,0,9376.2257724,18068.4445999,0,97699.4597658,1029.90105699,91646.4675437,6052.99222216,24677.0902279,20666.0920817,1279.83631475,1200,10800,2.84217094304e-13,9.09494701773e-13,7775.99461983,8528.93794991,7775.99461983,198.606473644,584.300830847,63754.7824146,89427.7165174,8271.74324842,0,22856.4067796,19191.3384885,3295.43704151,21,1419
2025-12-12,PuLP HiGHS,Optimal,4.4420123,7775.99461983,8465.07773943,1.124955|0.726615|0.384264,6130.155479|8465.077739|10800,6130.15547887,7242.79259509,29622.2145654,4197.48283681,33819.6974022,26576.9048071,expected_cost,0.9,0,9410.59480225,24136.1429414,0,54052.8265288,1110.04979274,49319.6020725,4733.22445638,22265.1961254,17414.634054,3191.34080375,1200,10800,0,1.81898940355e-12,8465.07773943,7775.99461983,8465.07773943,482.975163161,1389.8277216,31012.042287,49869.9271141,4182.89941474,2085.26972949,20700.2329304,16147.013866,2832.58338293,29,1310
2025-12-13,PuLP HiGHS,Optimal,3.71164950001,8465.07773943,8176.21788531,1.124955|0.726615|0.384264,5552.435771|8176.217885|10800,5552.43577063,6802.77382361,29509.1575516,3598.22303142,33107.380583,26304.6067594,expected_cost,0.9,0,10379.3618195,17671.2026598,0,53935.073994,963.148046311,49188.760424,4746.31356995,21210.9021952,17440.8046468,3242.00419936,1200,10800,9.09494701773e-13,1.81898940355e-12,8176.21788531,8465.07773943,8176.21788531,217.820745816,1061.39641902,30570.5539706,48520.7783561,5414.29563788,1428.64982643,19849.4197939,16338.0039018,2464.28314635,30,1320
2025-12-14,PuLP HiGHS,Optimal,2.1882048,8176.21788531,8641.60808276,1.124955|0.726615|0.384264,6483.216166|8641.608083|10800,6483.21616552,7511.70038443,65042.1271928,4505.72792423,69547.8551171,62036.1547326,expected_cost,0.9,0,10432.2419331,22674.9249731,0,100623.342193,1149.94643855,94248.71536,6374.62683309,26183.7668861,20790,1406.55087534,1200,10800,9.09494701773e-13,9.09494701773e-13,8641.60808276,8176.21788531,8641.60808276,248.755660591,962.6672391,66004.7944319,93658.0410193,6965.30117377,0,24785.3879062,19657.3130263,2531.06595357,19,1411
2025-12-15,PuLP HiGHS,Optimal,0.852167899997,8641.60808276,7946.47868853,1.124955|0.726615|0.384264,5092.957377|7946.478689|10800,5092.95737706,6452.81325385,62478.8918239,3925.86803763,66404.7598615,59951.9466076,expected_cost,0.9,0,7366.72527139,17312.6298686,0,97022.4071224,1015.52414585,91231.3444321,5791.06269031,24556.4598307,20516.3489176,1348.24669944,1200,10800,4.54747350886e-13,4.54747350886e-13,7946.47868853,8641.60808276,7946.47868853,449.382804978,1595.0602618,64073.9520857,92907.4946772,4114.91244519,0,23752.2945806,19864.9750651,1455.53910259,15,1411
2025-12-16,PuLP HiGHS,Optimal,2.72252810001,7946.47868853,7664.62813306,1.124955|0.726615|0.384264,4529.256266|7664.628133|10800,4529.25626612,6023.47171195,63463.9604895,3919.62819587,67383.5886853,61360.1169734,expected_cost,0.9,0,8496.32388073,18704.8558117,0,98206.6845053,1022.54187307,92115.0974028,6091.58710252,25248.6295309,20705.0554199,1373.74265422,1200,10800,9.09494701773e-13,9.09494701773e-13,7664.62813306,7946.47868853,7664.62813306,273.868089305,952.654747178,64416.6152366,93498.6807891,4708.00371621,0,24253.2791844,19898.8216393,1801.58412716,15,1412
2025-12-17,PuLP HiGHS,Optimal,4.1294133,7664.62813306,8021.93848211,1.124955|0.726615|0.384264,5243.876964|8021.938482|10800,5243.87696423,6567.76078011,64170.330899,4644.88005369,68815.2109527,62247.4501726,expected_cost,0.9,0,8969.41117346,27243.9097205,0,99901.8392109,1167.79838547,94057.4302016,5844.4090093,25813.343703,20587.2290853,1362.92987765,1200,10800,2.27373675443e-13,4.54747350886e-13,8021.93848211,7664.62813306,8021.93848211,427.501954744,1732.44973369,65902.7806327,92699.0174711,7202.82173978,0,24279.4370793,19344.7647201,2776.37098898,18,1418
2025-12-18,PuLP HiGHS,Optimal,3.24937790001,8021.93848211,8110.73278576,1.124955|0.726615|0.384264,5421.465572|8110.732786|10800,5421.46557152,6703.02069888,63662.9272702,4167.85110946,67830.7783796,61127.7576807,expected_cost,0.9,0,8634.73165474,18778.5297423,0,98836.663251,1076.09497111,93140.6446283,5696.01862268,25482.3799253,20560.8128662,1285.72717971,1200,10800,4.54747350886e-13,9.09494701773e-13,8110.73278576,8021.93848211,8110.73278576,532.897107674,1715.62473673,65378.5520069,91571.8237302,7264.83952078,0,24518.6263051,19780.1724339,1744.39405255,16,1422
2025-12-19,PuLP HiGHS,Optimal,2.96190720001,8110.73278576,8782.85405369,1.124955|0.726615|0.384264,6765.708107|8782.854054|10800,6765.70810739,7726.85966572,30735.1336755,4359.5488898,35094.6825654,27367.8228996,expected_cost,0.9,0,15191.9300541,24282.7719155,0,56412.6492563,1174.9507194,51518.4603481,4894.18890826,22363.5440796,17509.5615633,3268.23097315,1200,10800,2.27373675443e-13,9.09494701773e-13,8782.85405369,8110.73278576,8782.85405369,90.1964634684,267.45147999,31002.5851555,50165.8950438,6246.75421252,2900.00230645,20225.2039985,15777.5060976,3870.39554683,31,1333
2025-12-20,PuLP HiGHS,Optimal,2.90252480001,8782.85405369,8551.48916051,1.124955|0.726615|0.384264,6302.978321|8551.489161|10800,6302.97832101,7374.42268075,30029.2443717,4121.19173524,34150.4361069,26776.0134262,expected_cost,0.9,0,8892.08613966,22823.7579663,0,53944.8062336,1086.25956962,48943.7507856,5001.05544801,21432.7487897,17568.7549235,3102.44680079,1200,10800,4.54747350886e-13,9.09494701773e-13,8551.48916051,8782.85405369,8551.48916051,200.501487864,651.91554315,30681.1599149,48672.6973313,5272.10890226,2357.25285273,20356.9585281,16697.3648116,1947.1803735,31,1321
2025-12-21,PuLP HiGHS,Optimal,1.1371395,8551.48916051,7950,1.124955|0.726615|0.384264,5101.519049|7950.759525|10800,5101.51904906,6458.782348,63782.1315176,3364.8866836,67147.0182012,60688.2358532,expected_cost,0.9,0,9301.99830261,12927.471217,0,98550.9820924,868.59328326,93124.7747246,5426.20736782,24963.1897803,20761.5239665,1168.76208231,1200,10800,1.81898940355e-12,9.09494701773e-13,7950,8551.48916051,7950,744.624174043,2271.18405519,66053.3155728,92181.7702571,6369.21183534,0,23315.5410995,19426.9285351,2982.2441121,18,1407
2025-12-22,PuLP HiGHS,Optimal,2.3377162,7950,8499.51002121,1.124955|0.726615|0.384264,6199.020042|8499.510021|10800,6199.02004242,7295.24311776,64625.1233963,4766.00054676,69391.123943,62095.8808253,expected_cost,0.9,0,9442.81446506,25358.0427022,0,100569.279654,1224.18288764,94733.0211875,5836.25846617,26199.9148247,20727.3719889,1254.09793669,1200,10800,0,9.09494701773e-13,8499.51002121,7950,8499.51002121,301.650584575,930.988858902,65556.1122552,93862.468724,6706.81092972,0,24905.9642428,19679.2720175,2342.05055335,18,1415
2025-12-23,PuLP HiGHS,Optimal,5.36043859999,8499.51002121,8566.14324587,1.124955|0.726615|0.384264,6332.286492|8566.143246|10800,6332.28649175,7396.74517572,64214.7321771,4205.08603695,68419.8182141,61023.0730383,expected_cost,0.9,0,10686.8887734,17635.0375228,0,99569.7689223,1097.82715288,93900.7986463,5668.97027595,25620.8035098,20692.8809408,1245.4698416,1200,10800,9.09494701773e-13,9.09494701773e-13,8566.14324587,8499.51002121,8566.14324587,99.7638632141,278.090573654,64492.8227508,91799.0864064,7770.68251585,0,24109.4096532,19468.6519169,2735.62288041,19,1408
2025-12-24,PuLP HiGHS,Optimal,1.02829229999,8566.14324587,8582.99473688,1.124955|0.726615|0.384264,6365.989474|8582.994737|10800,6365.98947375,7422.41496771,64251.6536937,4445.78738094,68697.4410747,61275.026107,expected_cost,0.9,0,10065.1895741,22792.5915153,0,99799.9778181,1127.9906865,94013.9105262,5786.06729195,25685.3905456,20790,1082.06558765,1200,10800,0,9.09494701773e-13,8582.99473688,8566.14324587,8582.99473688,186.933326878,696.586602806,64948.2402965,92284.7632627,7515.2145554,0,24220.8996371,19603.7623641,2650.72854436,18,1420
2025-12-25,PuLP HiGHS,Optimal,4.59956969999,8582.99473688,8258.58564677,1.124955|0.726615|0.384264,5717.171294|8258.585647|10800,5717.17129353,6928.24422279,63462.8919388,3332.29630114,66795.18824,59866.9440172,expected_cost,0.9,0,7531.57742759,9849.92757876,0,98428.7773232,871.107009975,92229.1729764,6199.60434671,25246.8353137,20741.9047852,1233.26984459,1200,10800,9.09494701773e-13,9.09494701773e-13,8258.58564677,8582.99473688,8258.58564677,602.571106199,2197.0146964,65659.9066352,91340.7102306,7088.06709254,0,23277.8999188,19147.0671154,3563.7730646,19,1413
2025-12-26,PuLP HiGHS,Optimal,2.61979030001,8258.58564677,7933.53431161,1.124955|0.726615|0.384264,5067.068623|7933.534312|10800,5067.06862322,6433.0951492,29464.5462545,3201.85422669,32666.4004812,26233.305332,expected_cost,0.9,0,8588.5126957,15877.8833933,0,53114.1159623,854.200641149,48565.1662735,4548.94968874,20933.4233815,17248.6191406,3142.27089824,1200,10800,4.54747350886e-13,9.09494701773e-13,7933.53431161,8258.58564677,7933.53431161,256.326271078,899.268779033,30363.8150336,48245.1442193,4868.97174294,2045.10764473,19690.982179,16242.2417666,2248.81857652,29,1297
2025-12-27,PuLP HiGHS,Optimal,2.78152789999,7933.53431161,7694.18488467,1.124955|0.726615|0.384264,4588.369769|7694.184885|10800,4588.36976935,6068.4953639,28672.5048646,3785.23426454,32457.7391292,26389.2437653,expected_cost,0.9,0,4315.61604419,23666.2198336,0,52566.0592944,1002.4730229,48145.6266418,4420.43265254,21325.2849892,17488.8953255,3202.10746411,1200,10800,2.27373675443e-13,4.54747350886e-13,7694.18488467,7933.53431161,7694.18488467,268.741949016,1009.49261997,29681.9974846,48358.1027574,4207.95653701,1751.33924284,19747.9520058,16211.255609,2854.97269999,29,1307
2025-12-28,PuLP HiGHS,Optimal,3.8803207,7694.18488467,8471.11941559,1.124955|0.726615|0.384264,6142.238831|8471.119416|10800,6142.23883119,7251.99585018,65017.1023422,4521.25548897,69538.3578312,62286.361981,expected_cost,0.9,0,9720.705651,25471.8057292,0,101036.927796,1153.08579778,95072.6337902,5964.29400581,26527.0695554,20787.685262,1159.11106213,1200,10800,4.54747350886e-13,1.81898940355e-12,8471.11941559,7694.18488467,8471.11941559,348.655651953,1256.42110269,66273.5234449,91743.269442,9293.65835402,0,24123.3119271,18840.6415831,4350.80130719,19,1407
2025-12-29,PuLP HiGHS,Optimal,3.1251811,8471.11941559,7766.10710787,1.124955|0.726615|0.384264,4732.214216|7766.107108|10800,4732.21421574,6178.05412688,63458.1960723,4887.1692027,68345.365275,62167.3111481,expected_cost,0.9,0,10411.5754691,29729.4950367,0,98123.6771637,1274.96509542,92151.7429661,5971.93419763,24883.3196581,20790,1291.07740433,1200,10800,2.27373675443e-13,4.54747350886e-13,7766.10710787,8471.11941559,7766.10710787,275.263187361,881.874849584,64340.0709219,90962.3591221,7161.31804162,0,22886.1427353,19172.2866925,3614.89023031,20,1422
2025-12-30,PuLP HiGHS,Optimal,3.4038799,7766.10710787,8060.18525155,1.124955|0.726615|0.384264,5320.370503|8060.185252|10800,5320.3705031,6626.02189276,63512.5172109,4313.36037125,67825.8775822,61199.8556894,expected_cost,0.9,0,10157.9594998,23161.9371185,0,98735.0460082,1105.74358332,92816.8605391,5918.18546909,25870.2322759,20690.2178141,1407.6995905,1200,10800,2.27373675443e-13,2.27373675443e-13,8060.18525155,7766.10710787,8060.18525155,227.30370542,687.830001365,64200.3472123,90822.0765695,7912.96943872,0,24001.6176082,19176.6399333,3382.19254844,21,1408
2025-12-31,PuLP HiGHS,Optimal,1.03945869999,8060.18525155,7834.33049198,1.124955|0.726615|0.384264,4868.660984|7834.330492|10800,4868.66098395,6281.97846677,63315.0642378,3588.9521865,66904.0164243,60622.0379575,expected_cost,0.9,0,8117.76455925,14054.4758572,0,98328.5315223,928.700224177,92767.7995845,5560.73193781,25134.2878973,20562.0424805,1234.19599369,1200,10800,4.54747350886e-13,9.09494701773e-13,7834.33049198,8060.18525155,7834.33049198,491.630160203,1408.56060453,64723.6248423,92561.3645883,5767.16693399,0,24262.3215724,19855.7497573,1578.25904809,17,1410
