date,variable,model,count,mae_kw,rmse_kw,bias_kw
2025-02-01,load,Yesterday,144,209.97981250,252.17041552,154.36307083
2025-02-01,load,Last Week,144,209.45260972,248.57118545,180.28575000
2025-02-01,load,Ridge phase-aware,144,197.94451483,236.13505115,164.27966711
2025-02-02,load,Yesterday,144,1891.69859861,2085.53631416,-1891.69859861
2025-02-02,load,Last Week,144,216.42944583,254.56814116,194.96150000
2025-02-02,load,Ridge phase-aware,144,193.76583470,235.63355758,168.35699943
2025-02-03,load,Yesterday,144,136.79985486,166.33477795,-37.40818125
2025-02-03,load,Last Week,144,163.32805139,206.88759766,126.63255139
2025-02-03,load,Ridge phase-aware,144,149.25190874,189.84774803,104.49155431
2025-02-04,load,Yesterday,144,140.99187014,172.27258242,42.73625625
2025-02-04,load,Last Week,144,238.82189653,280.67791235,204.93800347
2025-02-04,load,Ridge phase-aware,144,226.33986017,265.70941906,191.32971314
2025-02-05,load,Yesterday,144,118.20001319,158.57349024,-17.20773264
2025-02-05,load,Last Week,144,180.55471944,230.09485807,143.09835139
2025-02-05,load,Ridge phase-aware,144,162.75407170,207.77760865,118.52183286
2025-02-06,load,Yesterday,144,133.60575972,177.82380737,-10.87826111
2025-02-06,load,Last Week,144,185.48680347,224.85748647,156.62030208
2025-02-06,load,Ridge phase-aware,144,169.52408639,207.32292849,133.55609754
2025-02-07,load,Yesterday,144,1920.14857361,2114.86048053,1920.14857361
2025-02-07,load,Last Week,144,196.69926458,240.05247959,160.05512708
2025-02-07,load,Ridge phase-aware,144,189.43276859,232.42039756,135.54998180
2025-02-08,load,Yesterday,144,146.05727847,187.56507188,17.57539236
2025-02-08,load,Last Week,144,136.94161806,168.39401547,23.26744861
2025-02-08,load,Ridge phase-aware,144,130.01303302,159.62590874,14.69557490
2025-02-09,load,Yesterday,144,1908.37983542,2092.76075252,-1908.37983542
2025-02-09,load,Last Week,144,109.14504097,134.53702712,6.58621181
2025-02-09,load,Ridge phase-aware,144,113.80888648,141.17350838,-4.41381332
2025-02-10,load,Yesterday,144,124.53086181,161.73041306,2.93079375
2025-02-10,load,Last Week,144,144.70191181,175.96512123,46.92518681
2025-02-10,load,Ridge phase-aware,144,134.57073267,166.47147987,35.35025833
2025-02-11,load,Yesterday,144,118.16519583,145.27299912,1.51178750
2025-02-11,load,Last Week,144,116.34601806,147.51234669,5.70071806
2025-02-11,load,Ridge phase-aware,144,112.23793475,143.06241195,7.36091683
2025-02-12,load,Yesterday,144,105.78138194,131.65519647,3.22619722
2025-02-12,load,Last Week,144,125.48627708,158.03281147,26.13464792
2025-02-12,load,Ridge phase-aware,144,121.30058839,151.57961802,13.58604253
2025-02-13,load,Yesterday,144,123.62281944,160.75493374,2.23204861
2025-02-13,load,Last Week,144,146.03546875,177.91039519,39.24495764
2025-02-13,load,Ridge phase-aware,144,132.50592310,163.06472484,28.34060780
2025-02-14,load,Yesterday,144,1894.46260139,2067.70298959,1893.23524028
2025-02-14,load,Last Week,144,125.65687153,161.94070861,12.33162431
2025-02-14,load,Ridge phase-aware,144,131.07022350,163.04015011,-0.38006259
2025-02-15,load,Yesterday,144,134.55764583,173.67411794,-7.57976250
2025-02-15,load,Last Week,144,136.77212778,170.82670686,-12.82353056
2025-02-15,load,Ridge phase-aware,144,133.93318792,166.84726973,-20.01558338
2025-02-16,load,Yesterday,144,1884.26770972,2070.89229035,-1884.26770972
2025-02-16,load,Last Week,144,128.69866042,155.76556203,11.28859514
2025-02-16,load,Ridge phase-aware,144,129.28890763,160.00764772,1.50294683
2025-02-17,load,Yesterday,144,116.52323194,152.30542871,13.19185278
2025-02-17,load,Last Week,144,125.40665694,160.82471394,21.54965417
2025-02-17,load,Ridge phase-aware,144,123.40651077,156.08960677,13.44332093
2025-02-18,load,Yesterday,144,132.10909375,171.22991598,-15.45410069
2025-02-18,load,Last Week,144,124.39304097,157.38057330,4.58376597
2025-02-18,load,Ridge phase-aware,144,122.68297288,156.49161030,5.64643174
2025-02-19,load,Yesterday,144,132.51032569,175.50374418,-22.31345347
2025-02-19,load,Last Week,144,120.18850000,155.11407675,-20.95588472
2025-02-19,load,Ridge phase-aware,144,119.81899616,154.04794302,-31.48666949
2025-02-20,load,Yesterday,144,154.07094236,203.90065651,31.73071181
2025-02-20,load,Last Week,144,127.76803819,156.38178065,8.54277847
2025-02-20,load,Ridge phase-aware,144,126.44696993,155.62569217,2.07423327
2025-02-21,load,Yesterday,144,1889.30062500,2079.93104846,1887.63562500
2025-02-21,load,Last Week,144,142.00027986,171.22982970,2.94316319
2025-02-21,load,Ridge phase-aware,144,146.33730800,177.42218353,-9.13857511
2025-02-22,load,Yesterday,144,139.57425139,180.24840696,4.98999028
2025-02-22,load,Last Week,144,129.12408125,159.64518529,15.51291597
2025-02-22,load,Ridge phase-aware,144,127.55611843,155.94261312,7.06858737
2025-02-23,load,Yesterday,144,1895.71619444,2084.38657254,-1894.16244444
2025-02-23,load,Last Week,144,128.16946319,157.48183598,5.61818125
2025-02-23,load,Ridge phase-aware,144,129.13803087,164.54862038,-3.97924920
2025-02-24,load,Yesterday,144,134.51388125,168.74063822,21.38134931
2025-02-24,load,Last Week,144,125.53387361,149.12479032,13.80767778
2025-02-24,load,Ridge phase-aware,144,127.58457082,151.01899728,7.27232360
2025-02-25,load,Yesterday,144,132.04201250,165.18036559,-19.34768056
2025-02-25,load,Last Week,144,128.16446042,165.60588764,9.91409792
2025-02-25,load,Ridge phase-aware,144,120.71197186,157.64655920,10.67403697
2025-02-26,load,Yesterday,144,125.14937500,163.35474824,1.35828194
2025-02-26,load,Last Week,144,141.09937222,176.19594660,33.58583333
2025-02-26,load,Ridge phase-aware,144,133.86426506,169.41585302,20.75085827
2025-02-27,load,Yesterday,144,142.54808819,195.39845768,19.21854931
2025-02-27,load,Last Week,144,119.92690972,150.93492354,21.07367083
2025-02-27,load,Ridge phase-aware,144,120.29356947,149.33352510,13.64441899
2025-02-28,load,Yesterday,144,1887.18892986,2081.51334424,1883.93254097
2025-02-28,load,Last Week,144,127.93034792,157.73984033,17.37058681
2025-02-28,load,Ridge phase-aware,144,129.76876929,158.70402918,4.47802137
2025-03-01,load,Yesterday,144,202.49411944,255.97328422,130.87282500
2025-03-01,load,Last Week,144,208.59252292,262.82675696,143.25342153
2025-03-01,load,Ridge phase-aware,144,205.54790610,259.68292559,135.26707294
2025-03-02,load,Yesterday,144,1900.67737222,2080.73654503,-1900.67737222
2025-03-02,load,Last Week,144,195.86099931,254.12020085,136.73849375
2025-03-02,load,Ridge phase-aware,144,189.36606623,243.89485835,120.39090388
2025-03-03,load,Yesterday,144,132.52031181,165.24794079,-4.09702153
2025-03-03,load,Last Week,144,189.12511042,231.96703938,111.26012292
2025-03-03,load,Ridge phase-aware,144,181.25930630,222.77453837,99.00841539
2025-03-04,load,Yesterday,144,117.48553958,144.45920294,-7.51164097
2025-03-04,load,Last Week,144,186.71320417,238.19468788,123.09616250
2025-03-04,load,Ridge phase-aware,144,181.05127309,230.18382859,119.09119624
2025-03-05,load,Yesterday,144,114.30003403,141.98864302,2.73254792
2025-03-05,load,Last Week,144,191.38035069,235.60363445,124.47042847
2025-03-05,load,Ridge phase-aware,144,183.44832837,221.99662165,108.31018890
2025-03-06,load,Yesterday,144,137.24577292,184.20368785,16.66022014
2025-03-06,load,Last Week,144,195.43109236,241.81333013,121.91209931
2025-03-06,load,Ridge phase-aware,144,187.44336362,230.22452648,110.01132773
2025-03-07,load,Yesterday,144,1916.38487917,2095.01818855,1916.38487917
2025-03-07,load,Last Week,144,216.30944722,272.63636561,154.36443750
2025-03-07,load,Ridge phase-aware,144,213.13597465,269.32985946,136.81083075
2025-03-08,load,Yesterday,144,113.55486111,153.17241493,-27.68125556
2025-03-08,load,Last Week,144,118.11465278,143.34875036,-4.18964306
2025-03-08,load,Ridge phase-aware,144,111.90328883,138.09332678,-7.64161822
2025-03-09,load,Yesterday,144,1889.51145486,2079.20043573,-1889.51145486
2025-03-09,load,Last Week,144,128.34401875,156.17004590,6.97627431
2025-03-09,load,Ridge phase-aware,144,128.77570602,161.69382050,2.60865693
2025-03-10,load,Yesterday,144,137.25413194,169.68094830,-10.41991111
2025-03-10,load,Last Week,144,143.84330694,179.25295140,0.65338472
2025-03-10,load,Ridge phase-aware,144,137.32823288,171.49230035,-2.37498043
2025-03-11,load,Yesterday,144,129.27545208,157.82349899,18.47964236
2025-03-11,load,Last Week,144,130.15822500,159.29889670,26.64466806
2025-03-11,load,Ridge phase-aware,144,128.14441670,157.94543081,33.20099326
2025-03-12,load,Yesterday,144,126.40298403,157.51263529,-25.52849514
2025-03-12,load,Last Week,144,123.71012917,153.49429253,-1.61637500
2025-03-12,load,Ridge phase-aware,144,119.35948657,147.33145021,-8.40949608
2025-03-13,load,Yesterday,144,125.04814792,172.63004418,-5.21000903
2025-03-13,load,Last Week,144,125.26286806,156.71626072,-23.48660417
2025-03-13,load,Ridge phase-aware,144,122.05879739,154.25703620,-24.81337759
2025-03-14,load,Yesterday,144,1922.01700417,2096.58253139,1922.01700417
2025-03-14,load,Last Week,144,129.65256528,157.57180009,-17.85447917
2025-03-14,load,Ridge phase-aware,144,127.46700417,154.29882808,-20.93672015
2025-03-15,load,Yesterday,144,154.06349583,199.05912118,-25.67136806
2025-03-15,load,Last Week,144,105.97413194,133.53426859,-15.84459167
2025-03-15,load,Ridge phase-aware,144,111.77780069,139.81954649,-18.75557362
2025-03-16,load,Yesterday,144,1885.75975833,2079.78918111,-1885.75975833
2025-03-16,load,Last Week,144,124.46092847,157.51260228,-12.09289514
2025-03-16,load,Ridge phase-aware,144,123.24752473,160.59395865,-15.06001418
2025-03-17,load,Yesterday,144,121.30003542,151.38416489,12.06642431
2025-03-17,load,Last Week,144,140.58847639,178.68520910,10.39344028
2025-03-17,load,Ridge phase-aware,144,137.58382557,174.13410196,8.03194855
2025-03-18,load,Yesterday,144,117.70840347,156.41273615,18.34159236
2025-03-18,load,Last Week,144,123.99301528,155.43563469,10.25539028
2025-03-18,load,Ridge phase-aware,144,123.62512006,152.85468468,18.58006718
2025-03-19,load,Yesterday,144,120.26151736,153.17520671,-1.17226736
2025-03-19,load,Last Week,144,123.90326111,153.28550193,34.61161806
2025-03-19,load,Ridge phase-aware,144,124.23293594,151.92959226,27.16152987
2025-03-20,load,Yesterday,144,127.49016944,174.82901541,-15.28432222
2025-03-20,load,Last Week,144,129.55489236,157.66520133,24.53730486
2025-03-20,load,Ridge phase-aware,144,128.65166266,154.43442487,19.44141472
2025-03-21,load,Yesterday,144,1877.97414653,2068.03192773,1877.28539653
2025-03-21,load,Last Week,144,123.55918750,157.11868133,-20.19430278
2025-03-21,load,Ridge phase-aware,144,134.71578707,170.17967443,-26.05222104
2025-03-22,load,Yesterday,144,131.92408125,182.69411828,27.35844514
2025-03-22,load,Last Week,144,112.56750347,138.20193861,32.83551042
2025-03-22,load,Ridge phase-aware,144,105.68465063,128.83068630,29.58058840
2025-03-23,load,Yesterday,144,1909.77796111,2091.90382333,-1908.46032222
2025-03-23,load,Last Week,144,118.00314375,146.61171451,10.13494653
2025-03-23,load,Ridge phase-aware,144,123.54888099,152.00951662,4.46899746
2025-03-24,load,Yesterday,144,117.92056181,144.22109601,13.11694375
2025-03-24,load,Last Week,144,124.04888125,154.98966133,11.18546597
2025-03-24,load,Ridge phase-aware,144,116.36063755,147.72355328,9.20671510
2025-03-25,load,Yesterday,144,130.50831944,163.81226362,-26.16655000
2025-03-25,load,Last Week,144,140.16317778,169.06685243,-33.32267639
2025-03-25,load,Ridge phase-aware,144,134.09604963,162.58410191,-24.68018668
2025-03-26,load,Yesterday,144,121.40668819,152.50913324,14.52250069
2025-03-26,load,Last Week,144,111.54150278,139.46349955,-17.62790833
2025-03-26,load,Ridge phase-aware,144,109.66096425,136.69633215,-20.41649034
2025-03-27,load,Yesterday,144,125.60627361,171.05274809,-10.33210694
2025-03-27,load,Last Week,144,122.64203611,156.12294743,-12.67569306
2025-03-27,load,Ridge phase-aware,144,119.67907340,152.44280894,-14.76964295
2025-03-28,load,Yesterday,144,1921.41962917,2110.84914720,1919.20129583
2025-03-28,load,Last Week,144,134.06832847,170.72765115,29.24020625
2025-03-28,load,Ridge phase-aware,144,136.76213501,176.20042992,22.28433174
2025-03-29,load,Yesterday,144,134.15863333,172.41335503,-9.43792500
2025-03-29,load,Last Week,144,107.56497639,132.34465915,-7.55616389
2025-03-29,load,Ridge phase-aware,144,106.51582449,131.00440928,-9.46160024
2025-03-30,load,Yesterday,144,1911.51784931,2101.51083078,-1911.51784931
2025-03-30,load,Last Week,144,131.85515903,165.80116679,-10.61369097
2025-03-30,load,Ridge phase-aware,144,135.95577872,171.24217359,-15.02582061
2025-03-31,load,Yesterday,144,128.46623194,160.15815558,38.29334306
2025-03-31,load,Last Week,144,121.14367778,149.14294481,14.56270833
2025-03-31,load,Ridge phase-aware,144,120.35515373,149.28406886,14.08258208
2025-04-01,load,Yesterday,144,124.34899375,150.33147058,-37.14502847
2025-04-01,load,Last Week,144,136.93820208,169.60507437,3.58422986
2025-04-01,load,Ridge phase-aware,144,131.94783727,164.30941208,8.62344494
2025-04-02,load,Yesterday,144,112.10213264,139.24162458,-0.81179792
2025-04-02,load,Last Week,144,121.54698125,152.41737735,-11.75006875
2025-04-02,load,Ridge phase-aware,144,114.10648318,141.79464123,-16.23678698
2025-04-03,load,Yesterday,144,133.56643264,183.99379655,4.25722292
2025-04-03,load,Last Week,144,121.87539722,156.13776813,2.83926111
2025-04-03,load,Ridge phase-aware,144,116.63710517,150.25477147,0.24770483
2025-04-04,load,Yesterday,144,1926.40878958,2103.10520830,1922.86267847
2025-04-04,load,Last Week,144,136.05122847,167.41880225,6.50064375
2025-04-04,load,Ridge phase-aware,144,136.74663471,168.18922363,1.91796015
2025-04-05,load,Yesterday,144,132.61679653,175.42025014,-36.12461458
2025-04-05,load,Last Week,144,123.68162222,150.72779916,-20.18604583
2025-04-05,load,Ridge phase-aware,144,123.03691725,148.87620907,-23.07005913
2025-04-06,load,Yesterday,144,1859.38838958,2042.01688632,-1858.44533403
2025-04-06,load,Last Week,144,128.78665833,159.29720846,32.88646944
2025-04-06,load,Ridge phase-aware,144,131.33044051,157.11466333,28.58018084
2025-04-07,load,Yesterday,144,122.95418958,151.67103328,7.92868958
2025-04-07,load,Last Week,144,125.63834792,157.02252606,2.52181597
2025-04-07,load,Ridge phase-aware,144,117.11988574,146.47757082,1.63440389
2025-04-08,load,Yesterday,144,106.89286667,132.07659179,-29.08950972
2025-04-08,load,Last Week,144,131.22178056,157.81061360,10.57733472
2025-04-08,load,Ridge phase-aware,144,126.95069485,152.37953463,15.79768594
2025-04-09,load,Yesterday,144,118.14184028,147.22344055,1.49032222
2025-04-09,load,Last Week,144,121.61998125,152.95509689,12.87945486
2025-04-09,load,Ridge phase-aware,144,120.32608564,152.89271873,6.84735525
2025-04-10,load,Yesterday,144,129.55249375,177.07844044,0.36757708
2025-04-10,load,Last Week,144,120.46951875,155.38454119,8.98980903
2025-04-10,load,Ridge phase-aware,144,116.80711249,151.85183036,5.99225635
2025-04-11,load,Yesterday,144,1901.36280278,2093.54136824,1899.02933056
2025-04-11,load,Last Week,144,133.12501944,163.65558841,-14.84353889
2025-04-11,load,Ridge phase-aware,144,138.80770937,172.40263555,-19.32069101
2025-04-12,load,Yesterday,144,140.98649931,188.61379255,5.61754097
2025-04-12,load,Last Week,144,119.57172778,151.54178295,26.89861667
2025-04-12,load,Ridge phase-aware,144,116.71290264,147.17144587,23.02682476
2025-04-13,load,Yesterday,144,1891.67637917,2079.41996029,-1888.57860139
2025-04-13,load,Last Week,144,131.58447153,161.95466086,-3.23465069
2025-04-13,load,Ridge phase-aware,144,146.71306251,178.26508843,-6.06882752
2025-04-14,load,Yesterday,144,125.18219097,157.39293480,-25.76293681
2025-04-14,load,Last Week,144,130.28781319,162.58943319,-36.92627708
2025-04-14,load,Ridge phase-aware,144,128.71346771,159.22882411,-37.43331269
2025-04-15,load,Yesterday,144,114.91461181,144.84987451,35.18614653
2025-04-15,load,Last Week,144,123.46917639,149.08852810,27.34937917
2025-04-15,load,Ridge phase-aware,144,125.35193364,150.33512814,35.34468987
2025-04-16,load,Yesterday,144,112.43961806,141.09348836,-36.16582917
2025-04-16,load,Last Week,144,119.07345556,148.08194286,-10.30677222
2025-04-16,load,Ridge phase-aware,144,112.96391208,141.76740187,-16.61142753
2025-04-17,load,Yesterday,144,116.78783333,166.62480637,18.24343472
2025-04-17,load,Last Week,144,100.57392153,122.23637604,7.56908542
2025-04-17,load,Ridge phase-aware,144,98.07751085,118.07013665,5.86568981
2025-04-18,load,Yesterday,144,1917.42430347,2109.12869607,1916.53638681
2025-04-18,load,Last Week,144,138.33544306,170.66077589,25.07614167
2025-04-18,load,Ridge phase-aware,144,136.73374247,172.57539143,18.93927212
2025-04-19,load,Yesterday,144,124.68890417,173.03794472,-17.30191667
2025-04-19,load,Last Week,144,121.86587431,155.89097167,2.15668403
2025-04-19,load,Ridge phase-aware,144,114.53271084,148.05414915,-0.66631407
2025-04-20,load,Yesterday,144,1887.18337500,2069.81205257,-1887.18337500
2025-04-20,load,Last Week,144,129.35949931,166.23235877,3.55191042
2025-04-20,load,Ridge phase-aware,144,122.43223822,154.72166979,0.33043965
2025-04-21,load,Yesterday,144,135.43646806,169.75274630,-53.49256389
2025-04-21,load,Last Week,144,134.13915972,170.41560725,-24.17771667
2025-04-21,load,Ridge phase-aware,144,131.71549422,165.65316357,-28.04217270
2025-04-22,load,Yesterday,144,141.00910417,175.83979996,27.94320278
2025-04-22,load,Last Week,144,134.04565486,162.44346970,-31.42066042
2025-04-22,load,Ridge phase-aware,144,127.73190202,153.05388238,-19.85065052
2025-04-23,load,Yesterday,144,115.07169097,146.79739329,-9.14640625
2025-04-23,load,Last Week,144,127.78810833,157.42643215,-4.40123750
2025-04-23,load,Ridge phase-aware,144,125.20882328,154.39270423,-10.00633650
2025-04-24,load,Yesterday,144,118.75391806,165.55147166,22.19729583
2025-04-24,load,Last Week,144,101.86224167,130.38720257,-0.44737639
2025-04-24,load,Ridge phase-aware,144,102.46974313,128.49176309,-1.27709405
2025-04-25,load,Yesterday,144,1905.60243611,2090.17368746,1905.60243611
2025-04-25,load,Last Week,144,124.93731319,149.11654035,-11.38132708
2025-04-25,load,Ridge phase-aware,144,120.55294505,151.33596259,-15.33742517
2025-04-26,load,Yesterday,144,131.74282361,183.07297987,-14.06679861
2025-04-26,load,Last Week,144,132.25791736,165.55510538,-8.14620903
2025-04-26,load,Ridge phase-aware,144,133.09271373,163.54294120,-10.20888324
2025-04-27,load,Yesterday,144,1872.14992361,2065.66780740,-1872.14992361
2025-04-27,load,Last Week,144,129.67043403,165.02413399,6.88724236
2025-04-27,load,Ridge phase-aware,144,140.57017835,180.94171571,4.38281608
2025-04-28,load,Yesterday,144,131.12656528,169.66480358,-21.03242778
2025-04-28,load,Last Week,144,128.47116319,167.75005394,39.34737847
2025-04-28,load,Ridge phase-aware,144,126.83170432,165.55586587,33.05428817
2025-04-29,load,Yesterday,144,125.86075069,154.06124829,11.85592014
2025-04-29,load,Last Week,144,105.00335278,134.73917116,23.26009583
2025-04-29,load,Ridge phase-aware,144,103.52986303,131.51635980,30.13900784
2025-04-30,load,Yesterday,144,107.51693750,140.59822329,-17.92175000
2025-04-30,load,Last Week,144,132.42787292,161.49298939,14.48475208
2025-04-30,load,Ridge phase-aware,144,128.75450429,158.38727283,7.32632414
2025-05-01,load,Yesterday,144,232.02950556,311.29816556,-111.73763333
2025-05-01,load,Last Week,144,208.46656875,281.50838385,-119.45017708
2025-05-01,load,Ridge phase-aware,144,209.47529827,284.84907139,-121.04981665
2025-05-02,load,Yesterday,144,1901.51210486,2086.08332382,1900.14821597
2025-05-02,load,Last Week,144,187.69969583,250.84830121,-124.90439722
2025-05-02,load,Ridge phase-aware,144,199.83631499,261.88963437,-123.80830431
2025-05-03,load,Yesterday,144,155.29577569,207.19897824,-5.57593958
2025-05-03,load,Last Week,144,200.36671597,262.75825447,-116.41353819
2025-05-03,load,Ridge phase-aware,144,198.36624187,262.87514080,-112.87017570
2025-05-04,load,Yesterday,144,1908.65798403,2094.29126089,-1907.30145625
2025-05-04,load,Last Week,144,227.80463333,283.89379477,-151.56507083
2025-05-04,load,Ridge phase-aware,144,227.18403473,280.82235436,-147.59835706
2025-05-05,load,Yesterday,144,140.18195556,184.22482195,2.41334861
2025-05-05,load,Last Week,144,219.82066250,272.72103805,-128.11929444
2025-05-05,load,Ridge phase-aware,144,215.60505894,267.99256317,-123.37255659
2025-05-06,load,Yesterday,144,154.77182083,195.73798548,-16.87609306
2025-05-06,load,Last Week,144,210.32325069,281.01428589,-156.85130764
2025-05-06,load,Ridge phase-aware,144,200.76545992,269.75924594,-141.50103324
2025-05-07,load,Yesterday,144,135.77460625,171.52122800,-5.95937153
2025-05-07,load,Last Week,144,202.54123056,268.19769172,-144.88892917
2025-05-07,load,Ridge phase-aware,144,199.80874680,264.90530909,-142.88040111
2025-05-08,load,Yesterday,144,148.09975556,205.79162036,29.78073472
2025-05-08,load,Last Week,144,162.92337500,220.49142071,-3.37056111
2025-05-08,load,Ridge phase-aware,144,158.14681696,214.20826366,-7.93441817
2025-05-09,load,Yesterday,144,1924.65216389,2102.84002626,1924.65216389
2025-05-09,load,Last Week,144,146.55464097,187.11623646,21.13338681
2025-05-09,load,Ridge phase-aware,144,145.33450001,182.66212853,11.64976819
2025-05-10,load,Yesterday,144,164.44885972,218.31739561,-16.42340000
2025-05-10,load,Last Week,144,153.55333333,188.43757881,10.28592639
2025-05-10,load,Ridge phase-aware,144,149.90177563,183.93328991,2.74299887
2025-05-11,load,Yesterday,144,1920.62930694,2105.56807440,-1920.62930694
2025-05-11,load,Last Week,144,152.13198681,186.05282777,-3.04192431
2025-05-11,load,Ridge phase-aware,144,147.45759865,183.48632556,-12.63907039
2025-05-12,load,Yesterday,144,143.00286806,183.85883332,12.27028333
2025-05-12,load,Last Week,144,154.91782847,185.00232138,6.81501042
2025-05-12,load,Ridge phase-aware,144,147.44641637,177.71234476,0.68875151
2025-05-13,load,Yesterday,144,122.99848819,159.47469468,7.45716736
2025-05-13,load,Last Week,144,143.86684167,183.25833853,31.14827083
2025-05-13,load,Ridge phase-aware,144,144.09599942,181.24449346,32.65499133
2025-05-14,load,Yesterday,144,137.14989028,175.88426710,-13.43223611
2025-05-14,load,Last Week,144,122.93868681,158.65250629,23.67540625
2025-05-14,load,Ridge phase-aware,144,118.94167246,153.30498610,11.64119760
2025-05-15,load,Yesterday,144,146.08687986,196.19389057,41.40397708
2025-05-15,load,Last Week,144,158.31908472,211.03457148,35.29864861
2025-05-15,load,Ridge phase-aware,144,151.14372126,200.05674689,29.24919647
2025-05-16,load,Yesterday,144,1871.54021111,2064.25880164,1871.54021111
2025-05-16,load,Last Week,144,158.96481389,200.83544739,-17.81330417
2025-05-16,load,Ridge phase-aware,144,164.09224902,208.81765448,-27.26050724
2025-05-17,load,Yesterday,144,149.67197986,205.13929489,-24.71607014
2025-05-17,load,Last Week,144,148.20569236,181.45380337,-26.10597431
2025-05-17,load,Ridge phase-aware,144,142.72257811,176.18986006,-31.86414632
2025-05-18,load,Yesterday,144,1892.44985694,2078.00895600,-1892.18777361
2025-05-18,load,Last Week,144,149.64494931,191.47251437,2.33555903
2025-05-18,load,Ridge phase-aware,144,145.94417686,187.32696589,-6.20514988
2025-05-19,load,Yesterday,144,143.67972014,179.77785520,25.61037569
2025-05-19,load,Last Week,144,155.86542500,204.06085481,15.67565139
2025-05-19,load,Ridge phase-aware,144,151.93382427,197.83673934,10.01799129
2025-05-20,load,Yesterday,144,143.60066111,182.30253470,-15.21623889
2025-05-20,load,Last Week,144,136.50639236,172.10464573,-6.99775486
2025-05-20,load,Ridge phase-aware,144,133.36082342,165.90680971,-3.60180880
2025-05-21,load,Yesterday,144,130.21689722,167.52099685,6.43860139
2025-05-21,load,Last Week,144,129.37572014,168.78978125,12.87308264
2025-05-21,load,Ridge phase-aware,144,124.20903787,161.52775464,3.22985728
2025-05-22,load,Yesterday,144,150.95798472,207.34149956,23.05713611
2025-05-22,load,Last Week,144,150.59441250,197.15916982,-5.47375833
2025-05-22,load,Ridge phase-aware,144,144.25909544,188.34022711,-9.13526439
2025-05-23,load,Yesterday,144,1864.55342917,2054.80225056,1864.42898472
2025-05-23,load,Last Week,144,154.29640278,196.05706028,-12.58498472
2025-05-23,load,Ridge phase-aware,144,149.39200819,189.55948287,-23.28889023
2025-05-24,load,Yesterday,144,133.39131111,182.11836317,12.06527361
2025-05-24,load,Last Week,144,145.15237014,185.61164981,24.19635903
2025-05-24,load,Ridge phase-aware,144,141.40752971,177.63164522,16.82686172
2025-05-25,load,Yesterday,144,1902.48276875,2098.47523346,-1901.08582431
2025-05-25,load,Last Week,144,155.69090000,191.20797767,15.29830833
2025-05-25,load,Ridge phase-aware,144,167.34831055,204.90590590,5.73679629
2025-05-26,load,Yesterday,144,131.12025972,168.80809284,37.99617639
2025-05-26,load,Last Week,144,151.13057014,193.99869758,27.68410903
2025-05-26,load,Ridge phase-aware,144,142.38443007,182.68705087,22.60307604
2025-05-27,load,Yesterday,144,139.93346042,173.16837184,-26.61908264
2025-05-27,load,Last Week,144,132.80144722,160.22970229,16.28126528
2025-05-27,load,Ridge phase-aware,144,123.76897011,151.36979493,17.67701899
2025-05-28,load,Yesterday,144,128.98152917,172.00874033,5.20750556
2025-05-28,load,Last Week,144,131.36791944,163.00149669,15.05016944
2025-05-28,load,Ridge phase-aware,144,127.62646782,158.38357526,5.69273266
2025-05-29,load,Yesterday,144,148.61788403,213.08852946,-21.56112708
2025-05-29,load,Last Week,144,143.30912431,179.36277703,-29.56809375
2025-05-29,load,Ridge phase-aware,144,144.71947571,181.56529237,-34.46066899
2025-05-30,load,Yesterday,144,1909.74637986,2091.17366199,1909.46207431
2025-05-30,load,Last Week,144,130.66680000,165.51829203,15.46499583
2025-05-30,load,Ridge phase-aware,144,125.40523105,162.76531770,5.17102528
2025-05-31,load,Yesterday,144,175.34741528,255.59880662,-6.92117083
2025-05-31,load,Last Week,144,149.04413750,194.40772193,-3.52144861
2025-05-31,load,Ridge phase-aware,144,143.77754799,190.53477155,-9.58940019
2025-06-01,load,Yesterday,144,2229.54308819,2398.66584581,-2227.92614375
2025-06-01,load,Last Week,144,366.84841111,462.35212058,-330.36176806
2025-06-01,load,Ridge phase-aware,144,376.18905088,469.98596832,-338.42881134
2025-06-02,load,Yesterday,144,144.41991458,176.49823491,7.00096042
2025-06-02,load,Last Week,144,387.52927292,466.72945785,-361.35698403
2025-06-02,load,Ridge phase-aware,144,379.06266357,455.89277880,-347.37351629
2025-06-03,load,Yesterday,144,140.11699236,176.85575976,0.15401736
2025-06-03,load,Last Week,144,365.74333958,459.12584487,-334.58388403
2025-06-03,load,Ridge phase-aware,144,350.14064164,443.55482544,-313.53988994
2025-06-04,load,Yesterday,144,174.08575208,219.43049749,-19.29179236
2025-06-04,load,Last Week,144,385.03852500,466.00124043,-359.08318194
2025-06-04,load,Ridge phase-aware,144,376.10768416,457.66381002,-350.25026048
2025-06-05,load,Yesterday,144,169.67174375,220.20609360,3.49678819
2025-06-05,load,Last Week,144,356.00150556,439.69630462,-334.02526667
2025-06-05,load,Ridge phase-aware,144,345.88470146,428.78310568,-323.33044893
2025-06-06,load,Yesterday,144,1904.52106944,2077.36199415,1904.52106944
2025-06-06,load,Last Week,144,390.62609653,478.44177972,-338.96627153
2025-06-06,load,Ridge phase-aware,144,395.26371548,483.10397111,-331.06238955
2025-06-07,load,Yesterday,144,171.07806458,228.55904215,-17.05603125
2025-06-07,load,Last Week,144,376.80816528,483.55849031,-349.10113194
2025-06-07,load,Ridge phase-aware,144,369.37282172,472.77798784,-338.35580166
2025-06-08,load,Yesterday,144,1880.25459306,2071.25611505,-1879.59112083
2025-06-08,load,Last Week,144,143.87035069,183.82835811,-0.76610903
2025-06-08,load,Ridge phase-aware,144,153.83723527,198.64603700,-19.63765071
2025-06-09,load,Yesterday,144,155.11775417,197.61776069,4.07327778
2025-06-09,load,Last Week,144,160.03865972,202.69599673,-3.69379167
2025-06-09,load,Ridge phase-aware,144,155.03020367,198.37440651,-20.77186680
2025-06-10,load,Yesterday,144,175.05688194,223.65815364,31.44567500
2025-06-10,load,Last Week,144,151.95879375,189.03864905,27.59786597
2025-06-10,load,Ridge phase-aware,144,145.54677280,181.48324147,20.03238248
2025-06-11,load,Yesterday,144,156.47855278,195.99847942,-34.25773056
2025-06-11,load,Last Week,144,150.37369306,193.53402359,12.63192778
2025-06-11,load,Ridge phase-aware,144,149.81340710,194.51547748,-10.83325876
2025-06-12,load,Yesterday,144,180.05117639,241.30475655,21.45268056
2025-06-12,load,Last Week,144,163.34430347,211.22248998,30.58782014
2025-06-12,load,Ridge phase-aware,144,159.76913909,210.12928144,11.89685833
2025-06-13,load,Yesterday,144,1912.64857986,2089.40492687,1909.67594097
2025-06-13,load,Last Week,144,150.75022361,194.62048684,35.74269167
2025-06-13,load,Ridge phase-aware,144,142.19979192,181.41668672,12.92884975
2025-06-14,load,Yesterday,144,153.88561319,202.29954775,-15.14861319
2025-06-14,load,Last Week,144,146.25916667,184.35953675,37.65010972
2025-06-14,load,Ridge phase-aware,144,146.36087832,182.98083877,16.54515915
2025-06-15,load,Yesterday,144,1879.82197500,2088.38286494,-1879.82197500
2025-06-15,load,Last Week,144,161.88440694,198.82346269,37.41925556
2025-06-15,load,Ridge phase-aware,144,162.52407617,201.06442236,16.58060813
2025-06-16,load,Yesterday,144,159.44541667,193.16506429,-10.40614583
2025-06-16,load,Last Week,144,172.23467222,226.59307875,22.93983194
2025-06-16,load,Ridge phase-aware,144,166.61865159,216.12593704,3.65433690
2025-06-17,load,Yesterday,144,162.31552986,200.38226467,12.78655903
2025-06-17,load,Last Week,144,148.78037847,189.41446584,4.28071597
2025-06-17,load,Ridge phase-aware,144,143.32951620,185.86369513,-2.06791817
2025-06-18,load,Yesterday,144,150.19232292,186.36804061,16.77815347
2025-06-18,load,Last Week,144,154.56484861,195.74241572,55.31660000
2025-06-18,load,Ridge phase-aware,144,143.40048679,178.22412834,32.72242374
2025-06-19,load,Yesterday,144,171.80214931,219.42724569,-18.33283264
2025-06-19,load,Last Week,144,170.96235625,214.33034478,15.53108681
2025-06-19,load,Ridge phase-aware,144,167.08603619,204.74250519,-3.32058408
2025-06-20,load,Yesterday,144,1925.49946597,2112.67707958,1925.49946597
2025-06-20,load,Last Week,144,166.50302986,201.04377678,31.35461181
2025-06-20,load,Ridge phase-aware,144,169.97240996,205.01620108,10.83271467
2025-06-21,load,Yesterday,144,184.62454653,240.62065610,-11.29104514
2025-06-21,load,Last Week,144,155.71023819,205.16049106,35.21217986
2025-06-21,load,Ridge phase-aware,144,147.30565710,190.77362257,15.76431547
2025-06-22,load,Yesterday,144,1880.47487986,2069.46480514,-1880.47487986
2025-06-22,load,Last Week,144,150.95571389,197.84643336,34.55927500
2025-06-22,load,Ridge phase-aware,144,148.62480786,187.14065327,15.16305448
2025-06-23,load,Yesterday,144,169.29884861,215.55878988,-6.30879861
2025-06-23,load,Last Week,144,174.52072361,217.21301643,38.65662222
2025-06-23,load,Ridge phase-aware,144,168.84756932,210.15439322,19.60034984
2025-06-24,load,Yesterday,144,165.27053333,209.29620971,-17.58216389
2025-06-24,load,Last Week,144,173.61597292,211.16805406,8.28789931
2025-06-24,load,Ridge phase-aware,144,168.68169915,205.46380236,0.35569036
2025-06-25,load,Yesterday,144,179.24833819,229.09921106,33.43485764
2025-06-25,load,Last Week,144,161.53094931,201.77708921,24.94460347
2025-06-25,load,Ridge phase-aware,144,158.49926998,198.67541147,6.69275272
2025-06-26,load,Yesterday,144,161.24131944,212.41266328,-16.12653889
2025-06-26,load,Last Week,144,156.26355417,194.95821338,27.15089722
2025-06-26,load,Ridge phase-aware,144,153.54547030,188.92704617,8.37631458
2025-06-27,load,Yesterday,144,1963.92459861,2157.19828688,1963.92459861
2025-06-27,load,Last Week,144,164.72253264,216.67936808,65.57602986
2025-06-27,load,Ridge phase-aware,144,177.85921048,222.16620150,46.38166591
2025-06-28,load,Yesterday,144,159.31559583,220.20775650,-45.76324167
2025-06-28,load,Last Week,144,172.86088889,218.12754952,31.10383333
2025-06-28,load,Ridge phase-aware,144,164.58257252,210.25766707,11.37519829
2025-06-29,load,Yesterday,144,1907.78732986,2093.59729644,-1905.13482986
2025-06-29,load,Last Week,144,158.40667361,207.41133130,6.44388333
2025-06-29,load,Ridge phase-aware,144,158.09804021,206.04753749,-11.54860078
2025-06-30,load,Yesterday,144,184.69094167,241.65147949,18.22867222
2025-06-30,load,Last Week,144,171.60415556,228.90087401,30.98135417
2025-06-30,load,Ridge phase-aware,144,165.08034543,219.18008426,14.92667946
2025-07-01,load,Yesterday,144,651.25816875,698.79369401,-649.98043681
2025-07-01,load,Last Week,144,602.44080764,647.80643037,-601.41691875
2025-07-01,load,Ridge phase-aware,144,611.36853822,656.86560019,-610.20025542
2025-07-02,load,Yesterday,144,186.58582569,231.21571692,14.50803542
2025-07-02,load,Last Week,144,621.55916458,669.45248542,-620.34374097
2025-07-02,load,Ridge phase-aware,144,606.87243237,654.62315300,-606.07973401
2025-07-03,load,Yesterday,144,204.15058125,264.60550459,-15.28668403
2025-07-03,load,Last Week,144,622.63798889,668.87543618,-619.50388611
2025-07-03,load,Ridge phase-aware,144,607.91646365,655.92856946,-604.61700207
2025-07-04,load,Yesterday,144,1908.08706458,2094.14993068,1907.10303681
2025-07-04,load,Last Week,144,676.64864236,712.78751834,-676.32544792
2025-07-04,load,Ridge phase-aware,144,659.33462271,699.80868831,-658.59369106
2025-07-05,load,Yesterday,144,180.42330625,235.20825723,-3.24038125
2025-07-05,load,Last Week,144,633.80258750,681.22608016,-633.80258750
2025-07-05,load,Ridge phase-aware,144,616.91317290,666.44488768,-616.70270777
2025-07-06,load,Yesterday,144,1890.48915625,2078.99794264,-1890.48915625
2025-07-06,load,Last Week,144,619.15691389,666.00619120,-619.15691389
2025-07-06,load,Ridge phase-aware,144,604.89075026,652.89092175,-604.59046819
2025-07-07,load,Yesterday,144,190.89048194,236.79576179,-10.45081250
2025-07-07,load,Last Week,144,649.52625972,692.75831703,-647.83639861
2025-07-07,load,Ridge phase-aware,144,630.99301815,674.69162650,-629.95986767
2025-07-08,load,Yesterday,144,160.26125208,205.59885998,8.75696458
2025-07-08,load,Last Week,144,184.56061667,234.02213387,10.90100278
2025-07-08,load,Ridge phase-aware,144,182.95708619,226.42652424,-16.93036231
2025-07-09,load,Yesterday,144,177.60772500,221.80441506,28.93841806
2025-07-09,load,Last Week,144,187.46810486,228.00890211,25.33138542
2025-07-09,load,Ridge phase-aware,144,183.09759630,219.07768102,-14.34501344
2025-07-10,load,Yesterday,144,189.49145347,250.98055336,5.29844653
2025-07-10,load,Last Week,144,213.08967986,265.86638635,45.91651597
2025-07-10,load,Ridge phase-aware,144,203.21451372,250.31884667,6.20660342
2025-07-11,load,Yesterday,144,1912.56113264,2107.32384106,1905.10224375
2025-07-11,load,Last Week,144,164.50780069,209.40385618,43.91572292
2025-07-11,load,Ridge phase-aware,144,166.17777931,210.92228676,1.12086770
2025-07-12,load,Yesterday,144,171.11076806,216.94356169,-24.05344583
2025-07-12,load,Last Week,144,177.71272639,227.34789805,23.10265833
2025-07-12,load,Ridge phase-aware,144,172.07507188,218.79494314,-16.56330786
2025-07-13,load,Yesterday,144,1857.29147431,2051.16616526,-1857.29147431
2025-07-13,load,Last Week,144,179.35350694,222.47974078,56.30034028
2025-07-13,load,Ridge phase-aware,144,174.50529318,225.03818229,16.41239283
2025-07-14,load,Yesterday,144,184.96699236,224.78748129,-48.71070764
2025-07-14,load,Last Week,144,186.67683125,240.93647182,18.04044514
2025-07-14,load,Ridge phase-aware,144,190.02641837,239.52723164,-22.68206185
2025-07-15,load,Yesterday,144,174.16832639,214.84844159,63.21920000
2025-07-15,load,Last Week,144,215.16307361,274.31258231,72.50268056
2025-07-15,load,Ridge phase-aware,144,203.67313167,257.53404778,44.69854567
2025-07-16,load,Yesterday,144,220.30398403,278.41259702,-34.17094653
2025-07-16,load,Last Week,144,193.97973542,249.63287638,9.39331597
2025-07-16,load,Ridge phase-aware,144,191.07847477,246.63722836,-31.76401160
2025-07-17,load,Yesterday,144,227.99006389,288.27058052,33.17108750
2025-07-17,load,Last Week,144,210.95460278,265.72912156,37.26595694
2025-07-17,load,Ridge phase-aware,144,207.01713806,253.92066944,1.03353180
2025-07-18,load,Yesterday,144,1911.64511458,2093.22886798,1911.29525347
2025-07-18,load,Last Week,144,165.03035833,215.21517272,43.45896667
2025-07-18,load,Ridge phase-aware,144,161.12271029,203.25542602,2.56195051
2025-07-19,load,Yesterday,144,179.73753194,251.61370732,-36.10205000
2025-07-19,load,Last Week,144,171.73421944,212.37319389,31.41036250
2025-07-19,load,Ridge phase-aware,144,167.44158862,209.42847575,-8.46176395
2025-07-20,load,Yesterday,144,1845.39845972,2043.02166776,-1841.08401528
2025-07-20,load,Last Week,144,194.37649097,243.05627227,47.61782153
2025-07-20,load,Ridge phase-aware,144,192.30976177,237.59140300,10.98927921
2025-07-21,load,Yesterday,144,189.63935972,232.92393877,12.82162361
2025-07-21,load,Last Week,144,212.92934306,269.14574312,109.15015278
2025-07-21,load,Ridge phase-aware,144,187.68040646,242.50918466,67.57580111
2025-07-22,load,Yesterday,144,235.63835903,284.72660699,-44.66829236
2025-07-22,load,Last Week,144,176.42174375,229.52028187,1.26266042
2025-07-22,load,Ridge phase-aware,144,171.44454406,224.38111362,-25.81314208
2025-07-23,load,Yesterday,144,182.07910694,222.77263386,2.70104861
2025-07-23,load,Last Week,144,203.33346250,253.81251695,38.13465556
2025-07-23,load,Ridge phase-aware,144,194.49082915,239.91899638,-2.27799423
2025-07-24,load,Yesterday,144,185.49756944,244.87111592,22.82567222
2025-07-24,load,Last Week,144,180.91339722,225.63701322,27.78924028
2025-07-24,load,Ridge phase-aware,144,166.94933244,209.03532300,-7.16152422
2025-07-25,load,Yesterday,144,1941.97463194,2134.83393385,1939.47407639
2025-07-25,load,Last Week,144,170.28232292,208.46432721,55.96806319
2025-07-25,load,Ridge phase-aware,144,173.98643663,214.82497221,17.40810923
2025-07-26,load,Yesterday,144,168.75226181,216.75022814,-34.70209375
2025-07-26,load,Last Week,144,197.21512361,248.78219368,57.36801944
2025-07-26,load,Ridge phase-aware,144,182.34964726,233.80543317,17.37307999
2025-07-27,load,Yesterday,144,1871.77109792,2050.60386973,-1871.77109792
2025-07-27,load,Last Week,144,184.94698819,230.58849642,26.68093681
2025-07-27,load,Ridge phase-aware,144,172.24293392,211.60359900,-8.74621363
2025-07-28,load,Yesterday,144,189.46971319,236.73987205,-4.95008958
2025-07-28,load,Last Week,144,181.51408333,223.26311659,8.90922361
2025-07-28,load,Ridge phase-aware,144,178.78326694,221.18383679,-24.61838218
2025-07-29,load,Yesterday,144,223.29954931,279.94299126,-3.57277847
2025-07-29,load,Last Week,144,191.93051667,244.54257358,50.00473750
2025-07-29,load,Ridge phase-aware,144,184.38883574,232.68189861,22.58772809
2025-07-30,load,Yesterday,144,179.90830069,231.03020126,-4.56747153
2025-07-30,load,Last Week,144,161.37016736,204.38375045,42.73621736
2025-07-30,load,Ridge phase-aware,144,154.14994495,194.47746916,3.08060418
2025-07-31,load,Yesterday,144,195.49191875,248.05567599,41.71044653
2025-07-31,load,Last Week,144,205.07201944,252.68912774,61.62099167
2025-07-31,load,Ridge phase-aware,144,200.04336456,245.92834865,26.90391386
2025-08-01,load,Yesterday,144,1862.66206736,2058.29308153,1862.66206736
2025-08-01,load,Last Week,144,173.22384653,227.21704308,-15.19101736
2025-08-01,load,Ridge phase-aware,144,168.08722820,221.21123082,-52.04567200
2025-08-02,load,Yesterday,144,185.28258264,260.95060058,48.21582847
2025-08-02,load,Last Week,144,179.11642569,231.82759837,67.72690486
2025-08-02,load,Ridge phase-aware,144,168.56388519,215.73758316,33.43643203
2025-08-03,load,Yesterday,144,1942.42216389,2113.63576164,-1937.51008056
2025-08-03,load,Last Week,144,157.56887778,203.21885769,1.98792222
2025-08-03,load,Ridge phase-aware,144,170.46028130,215.42750403,-34.56285127
2025-08-04,load,Yesterday,144,167.32150694,211.03457672,-10.40086667
2025-08-04,load,Last Week,144,184.48916042,231.23836639,-3.46285486
2025-08-04,load,Ridge phase-aware,144,182.86926977,228.79277152,-36.32406897
2025-08-05,load,Yesterday,144,208.86821667,251.32509702,77.23373611
2025-08-05,load,Last Week,144,207.56013472,257.25083508,77.34365972
2025-08-05,load,Ridge phase-aware,144,199.58792959,244.34550976,54.40517293
2025-08-06,load,Yesterday,144,185.91994097,235.38978542,-10.73293819
2025-08-06,load,Last Week,144,209.12705694,258.18247498,71.17819306
2025-08-06,load,Ridge phase-aware,144,197.36858248,242.86198415,31.29515105
2025-08-07,load,Yesterday,144,221.23737778,285.25005084,-5.61111111
2025-08-07,load,Last Week,144,198.80853264,241.52925649,23.85663542
2025-08-07,load,Ridge phase-aware,144,185.29356045,227.59266488,-9.15122120
2025-08-08,load,Yesterday,144,1922.81409792,2094.95786381,1922.81409792
2025-08-08,load,Last Week,144,175.80007986,231.56351554,84.00866597
2025-08-08,load,Ridge phase-aware,144,162.83148226,217.17024516,44.64193610
2025-08-09,load,Yesterday,144,185.16956667,247.96314409,16.64101528
2025-08-09,load,Last Week,144,174.94751944,215.74575623,52.43385278
2025-08-09,load,Ridge phase-aware,144,168.26040396,209.98375841,19.73022288
2025-08-10,load,Yesterday,144,1926.31720694,2115.15336405,-1926.31720694
2025-08-10,load,Last Week,144,183.73342083,230.06002292,63.62672639
2025-08-10,load,Ridge phase-aware,144,185.21058915,226.69044125,24.59935698
2025-08-11,load,Yesterday,144,187.48134167,234.86074888,4.71588333
2025-08-11,load,Last Week,144,198.15280139,244.66846480,78.74347639
2025-08-11,load,Ridge phase-aware,144,184.14070071,225.44470558,42.37135210
2025-08-12,load,Yesterday,144,178.62280069,222.53279290,-8.97221597
2025-08-12,load,Last Week,144,169.32069792,211.81032093,-7.46247569
2025-08-12,load,Ridge phase-aware,144,160.51310651,204.78130957,-27.72058281
2025-08-13,load,Yesterday,144,196.09914931,242.74936302,3.73331319
2025-08-13,load,Last Week,144,182.51482708,224.48644031,7.00377569
2025-08-13,load,Ridge phase-aware,144,177.47807877,219.44579719,-26.37648409
2025-08-14,load,Yesterday,144,204.61395625,256.39334888,25.49757569
2025-08-14,load,Last Week,144,209.48115000,264.87680181,38.11246250
2025-08-14,load,Ridge phase-aware,144,209.28939046,259.92224648,6.80416890
2025-08-15,load,Yesterday,144,1917.03365000,2120.18571812,1915.33323333
2025-08-15,load,Last Week,144,183.95374514,229.58320010,30.63159792
2025-08-15,load,Ridge phase-aware,144,197.25804358,242.40589166,-3.42943432
2025-08-16,load,Yesterday,144,195.39237569,237.93176563,-8.97802431
2025-08-16,load,Last Week,144,161.92785833,203.34064655,5.01255833
2025-08-16,load,Ridge phase-aware,144,152.91991797,196.04590382,-24.72511180
2025-08-17,load,Yesterday,144,1882.73275625,2073.83783123,-1882.73275625
2025-08-17,load,Last Week,144,183.54294375,235.67133161,48.59700903
2025-08-17,load,Ridge phase-aware,144,178.44809423,227.76999762,14.79256786
2025-08-18,load,Yesterday,144,193.65713542,235.61438546,-14.21075903
2025-08-18,load,Last Week,144,195.15948750,247.28713908,29.67036667
2025-08-18,load,Ridge phase-aware,144,191.62615423,239.83520069,-2.37863413
2025-08-19,load,Yesterday,144,182.13671111,240.21135750,14.40382639
2025-08-19,load,Last Week,144,186.25159236,234.65982294,53.04640903
2025-08-19,load,Ridge phase-aware,144,178.01336505,222.95566025,30.64781574
2025-08-20,load,Yesterday,144,187.75185347,235.26574124,13.18455069
2025-08-20,load,Last Week,144,202.42675069,249.17802189,62.49764653
2025-08-20,load,Ridge phase-aware,144,196.61706253,240.54839709,27.04154931
2025-08-21,load,Yesterday,144,170.82009583,226.93220113,3.17728194
2025-08-21,load,Last Week,144,191.65238056,236.94146935,40.17735278
2025-08-21,load,Ridge phase-aware,144,176.10130733,218.85494934,8.99334694
2025-08-22,load,Yesterday,144,1851.66952083,2035.10692451,1851.66952083
2025-08-22,load,Last Week,144,173.35119444,221.61211808,-23.48635972
2025-08-22,load,Ridge phase-aware,144,172.86211490,224.03723267,-56.93986567
2025-08-23,load,Yesterday,144,192.92332500,252.54319382,34.77434028
2025-08-23,load,Last Week,144,150.42451319,197.87663405,20.26600486
2025-08-23,load,Ridge phase-aware,144,146.40507548,193.70622933,-7.85429757
2025-08-24,load,Yesterday,144,1890.45521528,2080.82682527,-1890.45521528
2025-08-24,load,Last Week,144,191.03772917,232.96359010,12.54354583
2025-08-24,load,Ridge phase-aware,144,187.92730311,229.50338573,-18.10173556
2025-08-25,load,Yesterday,144,176.29584931,214.03958016,23.18573542
2025-08-25,load,Last Week,144,167.10788889,211.72714827,49.94004028
2025-08-25,load,Ridge phase-aware,144,153.37385874,194.05693373,19.81122708
2025-08-26,load,Yesterday,144,167.79032569,203.41373244,5.94374236
2025-08-26,load,Last Week,144,185.80100069,235.04384077,41.47995625
2025-08-26,load,Ridge phase-aware,144,181.73526015,228.56103578,21.12504819
2025-08-27,load,Yesterday,144,164.52937917,203.23788851,24.19090972
2025-08-27,load,Last Week,144,155.66040000,193.85817093,52.48631528
2025-08-27,load,Ridge phase-aware,144,137.39815352,174.17474971,20.31452335
2025-08-28,load,Yesterday,144,191.03350417,249.93252241,-31.47643611
2025-08-28,load,Last Week,144,211.55759306,260.19324260,17.83259722
2025-08-28,load,Ridge phase-aware,144,201.83098300,253.92251321,-12.54387617
2025-08-29,load,Yesterday,144,1927.55211181,2121.53592961,1925.64516736
2025-08-29,load,Last Week,144,192.33926875,242.23697138,91.80824375
2025-08-29,load,Ridge phase-aware,144,182.31615617,226.33136241,55.43291135
2025-08-30,load,Yesterday,144,183.39082500,235.58933000,-29.03145972
2025-08-30,load,Last Week,144,166.67857986,214.55586067,28.00244375
2025-08-30,load,Ridge phase-aware,144,170.53697472,215.54415357,-3.00958879
2025-08-31,load,Yesterday,144,1857.62176042,2068.57465965,-1847.51134375
2025-08-31,load,Last Week,144,194.41153194,236.14855575,70.94631528
2025-08-31,load,Ridge phase-aware,144,189.10645437,235.01359852,39.96659115
2025-09-01,load,Yesterday,144,511.07156667,594.58321639,504.23919028
2025-09-01,load,Last Week,144,555.23994097,630.38100233,551.99977014
2025-09-01,load,Ridge phase-aware,144,526.24979813,592.96461616,522.58656461
2025-09-02,load,Yesterday,144,136.84690903,169.34112916,-11.21687014
2025-09-02,load,Last Week,144,545.14903542,628.41170737,534.83915764
2025-09-02,load,Ridge phase-aware,144,499.66392627,571.48571493,490.18058476
2025-09-03,load,Yesterday,144,137.48014653,175.76035208,4.12948819
2025-09-03,load,Last Week,144,531.22770694,601.85336542,514.77773611
2025-09-03,load,Ridge phase-aware,144,473.26213942,537.38814245,460.11608083
2025-09-04,load,Yesterday,144,165.55719444,211.65321941,15.52264167
2025-09-04,load,Last Week,144,569.82280972,659.64794277,561.77681389
2025-09-04,load,Ridge phase-aware,144,516.26763586,595.00980981,506.94101763
2025-09-05,load,Yesterday,144,1913.67469097,2108.24899084,1913.67469097
2025-09-05,load,Last Week,144,550.21429583,612.92089233,549.80633750
2025-09-05,load,Ridge phase-aware,144,492.96515066,546.35196262,492.96515066
2025-09-06,load,Yesterday,144,152.63430069,196.37860307,-28.89140486
2025-09-06,load,Last Week,144,576.69741875,659.70115465,549.94639236
2025-09-06,load,Ridge phase-aware,144,516.52858717,588.11278983,493.58151044
2025-09-07,load,Yesterday,144,1873.10978611,2064.72204115,-1873.10978611
2025-09-07,load,Last Week,144,543.18597500,628.49062829,524.34795000
2025-09-07,load,Ridge phase-aware,144,493.53068614,571.35590778,471.70427329
2025-09-08,load,Yesterday,144,132.90215139,171.88035543,-25.81597500
2025-09-08,load,Last Week,144,141.31385833,174.41757189,-5.70721528
2025-09-08,load,Ridge phase-aware,144,134.75339950,169.83475656,-14.08984297
2025-09-09,load,Yesterday,144,130.10749236,160.72203949,13.26486875
2025-09-09,load,Last Week,144,147.29022222,184.96218327,18.77452361
2025-09-09,load,Ridge phase-aware,144,143.65191551,178.85844972,20.43513109
2025-09-10,load,Yesterday,144,150.70765000,192.35155120,-8.02303750
2025-09-10,load,Last Week,144,150.65557431,191.55339508,6.62199792
2025-09-10,load,Ridge phase-aware,144,147.01661032,185.33808398,-4.68328917
2025-09-11,load,Yesterday,144,162.05456806,218.17166467,22.00042222
2025-09-11,load,Last Week,144,136.78460486,179.87596813,13.09977847
2025-09-11,load,Ridge phase-aware,144,133.57837053,175.27389490,6.27898203
2025-09-12,load,Yesterday,144,1877.48130139,2073.68218079,1877.48130139
2025-09-12,load,Last Week,144,137.79535417,174.03079461,-23.09361111
2025-09-12,load,Ridge phase-aware,144,143.22693724,174.91155839,-33.27713885
2025-09-13,load,Yesterday,144,147.78327639,196.14199902,25.98516667
2025-09-13,load,Last Week,144,144.82763681,180.63540785,31.78296042
2025-09-13,load,Ridge phase-aware,144,139.17365833,172.19249591,23.91540374
2025-09-14,load,Yesterday,144,1923.92135625,2107.93524732,-1923.92135625
2025-09-14,load,Last Week,144,160.75766528,202.47045285,-19.02860972
2025-09-14,load,Ridge phase-aware,144,168.65109261,209.52463500,-28.14912749
2025-09-15,load,Yesterday,144,167.93035347,208.67479568,19.90274097
2025-09-15,load,Last Week,144,158.90036597,198.32215209,26.69010625
2025-09-15,load,Ridge phase-aware,144,150.67088485,189.41943108,18.77715035
2025-09-16,load,Yesterday,144,172.70888125,213.46868556,-45.13864931
2025-09-16,load,Last Week,144,138.94536319,174.28006838,-31.71341181
2025-09-16,load,Ridge phase-aware,144,134.09367977,167.93791750,-29.78470981
2025-09-17,load,Yesterday,144,163.45416944,202.37154880,38.27343611
2025-09-17,load,Last Week,144,130.20364375,165.43968833,14.58306181
2025-09-17,load,Ridge phase-aware,144,123.76294142,158.61368489,5.44909017
2025-09-18,load,Yesterday,144,150.10703472,212.02451763,5.02827639
2025-09-18,load,Last Week,144,123.21489653,155.44039037,-2.38908403
2025-09-18,load,Ridge phase-aware,144,122.84176839,156.23118789,-8.81882923
2025-09-19,load,Yesterday,144,1897.00499583,2089.27585023,1896.54124583
2025-09-19,load,Last Week,144,147.71247847,182.69290040,16.67086042
2025-09-19,load,Ridge phase-aware,144,146.60869918,179.18285213,4.62041711
2025-09-20,load,Yesterday,144,171.64092778,226.49246647,-1.81671528
2025-09-20,load,Last Week,144,149.17629931,190.35135135,-11.13102153
2025-09-20,load,Ridge phase-aware,144,145.53174559,184.45974629,-17.10498184
2025-09-21,load,Yesterday,144,1898.69966736,2084.28785584,-1897.14813958
2025-09-21,load,Last Week,144,134.25836319,173.31245413,15.64219514
2025-09-21,load,Ridge phase-aware,144,138.38026975,173.67482740,5.44604727
2025-09-22,load,Yesterday,144,157.90850069,197.92942514,-14.82328125
2025-09-22,load,Last Week,144,153.23256736,190.37584006,-19.08382708
2025-09-22,load,Ridge phase-aware,144,151.71534868,189.70156871,-25.48956044
2025-09-23,load,Yesterday,144,143.40672222,187.91156524,1.49001667
2025-09-23,load,Last Week,144,148.89045833,196.29213992,27.54483889
2025-09-23,load,Ridge phase-aware,144,147.88924997,195.17245145,27.70777479
2025-09-24,load,Yesterday,144,149.42513542,190.29595378,7.00366319
2025-09-24,load,Last Week,144,148.76597708,181.87730480,-3.72493403
2025-09-24,load,Ridge phase-aware,144,137.44333800,170.20373185,-12.99471013
2025-09-25,load,Yesterday,144,146.96945556,202.93168875,19.49359444
2025-09-25,load,Last Week,144,166.72121319,218.98516899,10.74038403
2025-09-25,load,Ridge phase-aware,144,156.55205215,208.79542017,4.29311538
2025-09-26,load,Yesterday,144,1931.33305972,2108.99515632,1931.33305972
2025-09-26,load,Last Week,144,140.16192847,185.28340451,45.53219792
2025-09-26,load,Ridge phase-aware,144,142.17034824,183.06199178,34.37419029
2025-09-27,load,Yesterday,144,163.01817222,211.45516655,-72.97575139
2025-09-27,load,Last Week,144,185.68304514,227.69087287,-25.62683819
2025-09-27,load,Ridge phase-aware,144,179.85224933,219.56890580,-34.85797352
2025-09-28,load,Yesterday,144,1851.82699306,2044.69008398,-1851.82699306
2025-09-28,load,Last Week,144,143.88776806,181.81005084,19.69430833
2025-09-28,load,Ridge phase-aware,144,138.02393716,182.98696862,12.13845408
2025-09-29,load,Yesterday,144,153.49958125,194.11555129,-30.07480069
2025-09-29,load,Last Week,144,156.07497222,199.27855339,4.44278889
2025-09-29,load,Ridge phase-aware,144,149.51605673,189.66697911,-4.59987497
2025-09-30,load,Yesterday,144,151.68336944,190.53910911,8.12332222
2025-09-30,load,Last Week,144,140.11548194,176.79781601,11.07609444
2025-09-30,load,Ridge phase-aware,144,128.51311097,163.32188641,13.38533795
2025-10-01,load,Yesterday,144,209.22647292,286.62593998,154.08334792
2025-10-01,load,Last Week,144,210.28985139,275.31292023,158.15577917
2025-10-01,load,Ridge phase-aware,144,199.36101294,259.85594642,148.00612053
2025-10-02,load,Yesterday,144,127.02692639,177.11617947,-0.55229444
2025-10-02,load,Last Week,144,226.05912639,299.68647886,138.10989028
2025-10-02,load,Ridge phase-aware,144,208.11865735,272.88388170,124.60079944
2025-10-03,load,Yesterday,144,1905.36591597,2084.41078574,1904.47994375
2025-10-03,load,Last Week,144,185.64847292,252.50870969,111.25677431
2025-10-03,load,Ridge phase-aware,144,165.35078965,221.73401664,97.04353791
2025-10-04,load,Yesterday,144,140.36715139,184.29644514,-36.38432083
2025-10-04,load,Last Week,144,228.66238264,286.50460996,147.84820486
2025-10-04,load,Ridge phase-aware,144,205.68957862,256.23804882,130.79349878
2025-10-05,load,Yesterday,144,1884.19094722,2073.73851621,-1883.62525278
2025-10-05,load,Last Week,144,200.77576042,264.17822658,116.04994514
2025-10-05,load,Ridge phase-aware,144,190.68405832,247.25141121,102.72337785
2025-10-06,load,Yesterday,144,126.93303750,160.09101451,-12.15480139
2025-10-06,load,Last Week,144,213.82994167,267.91056159,133.96994444
2025-10-06,load,Ridge phase-aware,144,193.53760774,241.84525978,119.44962081
2025-10-07,load,Yesterday,144,111.21220972,140.06222760,22.45656250
2025-10-07,load,Last Week,144,207.21686250,275.75870310,148.30318472
2025-10-07,load,Ridge phase-aware,144,192.76523144,257.05741860,144.80078083
2025-10-08,load,Yesterday,144,112.81468958,146.80197941,-1.41182153
2025-10-08,load,Last Week,144,110.28844444,140.32099947,-7.19198472
2025-10-08,load,Ridge phase-aware,144,104.74066838,134.65491873,-11.21862940
2025-10-09,load,Yesterday,144,131.42330486,181.93980644,-1.74697431
2025-10-09,load,Last Week,144,105.66260903,138.15852127,-8.38666458
2025-10-09,load,Ridge phase-aware,144,104.17266481,136.62568693,-9.64614804
2025-10-10,load,Yesterday,144,1880.42845625,2065.37383510,1877.56081736
2025-10-10,load,Last Week,144,120.89222847,154.45328983,-35.30579097
2025-10-10,load,Ridge phase-aware,144,130.14404206,166.66289377,-39.52021008
2025-10-11,load,Yesterday,144,119.44242222,160.31711534,24.19022361
2025-10-11,load,Last Week,144,126.26748264,156.49458675,25.26875347
2025-10-11,load,Ridge phase-aware,144,123.38518783,153.03469435,22.72141158
2025-10-12,load,Yesterday,144,1913.26747639,2103.30691296,-1913.26747639
2025-10-12,load,Last Week,144,124.39097847,150.60121495,-4.37347014
2025-10-12,load,Ridge phase-aware,144,128.56343117,160.83971778,-8.98815091
2025-10-13,load,Yesterday,144,119.47259931,147.61856418,1.31793125
2025-10-13,load,Last Week,144,107.38290833,133.27802065,9.09926250
2025-10-13,load,Ridge phase-aware,144,104.87351403,130.64767028,6.32991835
2025-10-14,load,Yesterday,144,103.29662292,133.08605523,-14.76980625
2025-10-14,load,Last Week,144,110.11998403,139.11554162,-28.12710625
2025-10-14,load,Ridge phase-aware,144,103.06320321,130.79679334,-19.32525450
2025-10-15,load,Yesterday,144,126.86972847,153.54725737,28.73951736
2025-10-15,load,Last Week,144,111.84267292,140.48299426,2.02423264
2025-10-15,load,Ridge phase-aware,144,109.48688943,137.21387937,-1.20109170
2025-10-16,load,Yesterday,144,126.21466667,165.54137262,-16.28314861
2025-10-16,load,Last Week,144,110.81284583,141.75058405,-12.51194167
2025-10-16,load,Ridge phase-aware,144,107.23923140,137.68695715,-14.59543947
2025-10-17,load,Yesterday,144,1907.92099167,2093.61293168,1907.92099167
2025-10-17,load,Last Week,144,119.89841875,149.31895367,17.84823264
2025-10-17,load,Ridge phase-aware,144,126.27105138,155.67019667,11.22701665
2025-10-18,load,Yesterday,144,121.82941181,167.08802086,11.93629514
2025-10-18,load,Last Week,144,131.34112222,159.10140831,5.59430417
2025-10-18,load,Ridge phase-aware,144,128.49717287,154.71079672,4.32046041
2025-10-19,load,Yesterday,144,1930.60608056,2119.99154350,-1930.60608056
2025-10-19,load,Last Week,144,110.90325278,137.31089646,-11.74430000
2025-10-19,load,Ridge phase-aware,144,118.13611243,144.69636155,-17.01787254
2025-10-20,load,Yesterday,144,113.42319722,147.91811311,3.66369722
2025-10-20,load,Last Week,144,114.49425208,137.78022219,-9.39853403
2025-10-20,load,Ridge phase-aware,144,111.26568113,133.44390246,-10.79171194
2025-10-21,load,Yesterday,144,110.26797222,135.12352172,4.26956944
2025-10-21,load,Last Week,144,103.07629583,130.16707089,9.64084167
2025-10-21,load,Ridge phase-aware,144,100.92155840,128.48070584,16.49651697
2025-10-22,load,Yesterday,144,112.71899653,139.40273278,5.36926875
2025-10-22,load,Last Week,144,121.20009861,148.15939949,-13.72940694
2025-10-22,load,Ridge phase-aware,144,118.25460164,145.45972456,-17.26733700
2025-10-23,load,Yesterday,144,127.75528819,166.37832557,19.16545903
2025-10-23,load,Last Week,144,117.46837708,149.97120591,21.71920069
2025-10-23,load,Ridge phase-aware,144,114.44087159,147.05647701,19.25213796
2025-10-24,load,Yesterday,144,1878.18737431,2069.04932392,1878.18737431
2025-10-24,load,Last Week,144,124.03757500,151.66571801,-8.01441667
2025-10-24,load,Ridge phase-aware,144,126.83510915,158.07543839,-14.19624987
2025-10-25,load,Yesterday,144,122.20470833,161.63338856,3.86381389
2025-10-25,load,Last Week,144,132.06502847,163.45231725,-16.08689792
2025-10-25,load,Ridge phase-aware,144,126.14180547,158.43366362,-16.47457330
2025-10-26,load,Yesterday,144,1890.81488958,2081.81927783,-1890.81488958
2025-10-26,load,Last Week,144,123.78689306,156.26266680,23.70429306
2025-10-26,load,Ridge phase-aware,144,130.80148273,162.73551381,18.23226602
2025-10-27,load,Yesterday,144,124.32191667,151.38051569,-15.34249861
2025-10-27,load,Last Week,144,108.89354583,136.29728047,4.69809722
2025-10-27,load,Ridge phase-aware,144,107.60089146,135.21981073,1.29906743
2025-10-28,load,Yesterday,144,119.40545069,154.29792135,11.51747986
2025-10-28,load,Last Week,144,108.14632292,137.02948025,11.94600764
2025-10-28,load,Ridge phase-aware,144,108.12137483,138.98483928,19.39418909
2025-10-29,load,Yesterday,144,116.72805069,142.76832458,-8.64457153
2025-10-29,load,Last Week,144,106.02496597,132.59397638,-2.06783264
2025-10-29,load,Ridge phase-aware,144,106.79217753,129.88224341,-7.39060819
2025-10-30,load,Yesterday,144,141.69933681,179.91972567,33.56433125
2025-10-30,load,Last Week,144,124.12368542,155.70061357,12.33103958
2025-10-30,load,Ridge phase-aware,144,124.89683001,153.88156896,11.83765897
2025-10-31,load,Yesterday,144,1881.96173056,2072.03419897,1881.96173056
2025-10-31,load,Last Week,144,114.86614583,143.82384502,16.10539583
2025-10-31,load,Ridge phase-aware,144,118.95132415,149.65725779,8.61113591
2025-11-01,load,Yesterday,144,126.62382292,170.10846625,-9.38418542
2025-11-01,load,Last Week,144,133.61223403,166.34622315,2.85739653
2025-11-01,load,Ridge phase-aware,144,125.29500637,157.51725367,0.27194650
2025-11-02,load,Yesterday,144,1913.28875694,2095.17623333,-1911.20945139
2025-11-02,load,Last Week,144,114.08181806,144.88095110,-17.53716528
2025-11-02,load,Ridge phase-aware,144,119.10016104,148.46208587,-21.11336613
2025-11-03,load,Yesterday,144,107.67881597,133.36795616,1.43005347
2025-11-03,load,Last Week,144,108.94548819,142.40877086,-0.76461319
2025-11-03,load,Ridge phase-aware,144,103.50048063,135.42032642,-2.87374845
2025-11-04,load,Yesterday,144,133.60717639,165.05087705,17.17934583
2025-11-04,load,Last Week,144,138.12346667,163.37366637,4.89725278
2025-11-04,load,Ridge phase-aware,144,131.07929250,156.82594963,13.41217839
2025-11-05,load,Yesterday,144,130.01392153,159.27866107,-15.32487014
2025-11-05,load,Last Week,144,125.68333194,161.16076256,-1.78304583
2025-11-05,load,Ridge phase-aware,144,123.01794907,154.28686694,-7.53108008
2025-11-06,load,Yesterday,144,121.76940625,161.39400774,2.13806181
2025-11-06,load,Last Week,144,123.90614167,155.91078601,-33.20931528
2025-11-06,load,Ridge phase-aware,144,120.02764489,149.86068122,-32.55138739
2025-11-07,load,Yesterday,144,1899.41911667,2081.23793696,1895.86314444
2025-11-07,load,Last Week,144,131.44778750,159.27023084,-19.30790139
2025-11-07,load,Ridge phase-aware,144,129.93085855,161.51077839,-23.73911943
2025-11-08,load,Yesterday,144,123.23139514,160.74284035,7.39632708
2025-11-08,load,Last Week,144,116.95618056,150.62191971,-2.52738889
2025-11-08,load,Ridge phase-aware,144,111.19051808,144.75875031,-3.89194983
2025-11-09,load,Yesterday,144,1910.11680625,2096.91520051,-1910.11680625
2025-11-09,load,Last Week,144,124.36384653,152.48089264,-1.43474375
2025-11-09,load,Ridge phase-aware,144,138.14137784,167.27316572,-6.39266025
2025-11-10,load,Yesterday,144,124.04447500,151.92578657,-22.60135833
2025-11-10,load,Last Week,144,126.14786250,151.50699903,-25.46615556
2025-11-10,load,Ridge phase-aware,144,125.01220164,150.67090304,-27.56864887
2025-11-11,load,Yesterday,144,125.16720625,153.98299535,19.25980486
2025-11-11,load,Last Week,144,125.35436042,154.14838535,-23.38569653
2025-11-11,load,Ridge phase-aware,144,121.69695618,148.18986058,-13.16335572
2025-11-12,load,Yesterday,144,112.43663681,138.53593834,22.54806736
2025-11-12,load,Last Week,144,124.92102431,156.88763551,14.48724097
2025-11-12,load,Ridge phase-aware,144,120.98549389,152.17060106,9.76662696
2025-11-13,load,Yesterday,144,111.58747083,162.69912087,-15.14139306
2025-11-13,load,Last Week,144,136.69193750,168.49493974,-2.79221389
2025-11-13,load,Ridge phase-aware,144,132.30589933,164.79849802,-5.72399341
2025-11-14,load,Yesterday,144,1919.90447917,2109.95267594,1918.42559028
2025-11-14,load,Last Week,144,116.56454028,144.16449961,19.77023194
2025-11-14,load,Ridge phase-aware,144,120.24833379,150.76137229,13.81827220
2025-11-15,load,Yesterday,144,117.26567292,162.33886390,-30.37848819
2025-11-15,load,Last Week,144,122.98856944,151.46609930,-18.00458333
2025-11-15,load,Ridge phase-aware,144,118.13532772,146.67512055,-20.58497695
2025-11-16,load,Yesterday,144,1912.22055903,2109.36257979,-1912.22055903
2025-11-16,load,Last Week,144,139.35461806,173.91231699,-20.10833611
2025-11-16,load,Ridge phase-aware,144,148.69245639,184.21601687,-24.28057906
2025-11-17,load,Yesterday,144,126.00947847,160.25505237,45.43998264
2025-11-17,load,Last Week,144,139.82584792,172.05900218,47.93300486
2025-11-17,load,Ridge phase-aware,144,133.55622082,165.11136100,44.65414959
2025-11-18,load,Yesterday,144,133.62410347,164.03078922,-21.41566042
2025-11-18,load,Last Week,144,126.01822708,156.03898914,7.25753958
2025-11-18,load,Ridge phase-aware,144,125.37372430,156.33654501,13.04677490
2025-11-19,load,Yesterday,144,118.30630903,142.91054041,-16.50061875
2025-11-19,load,Last Week,144,126.19519514,162.92418180,-31.79114653
2025-11-19,load,Ridge phase-aware,144,123.52573443,157.29181640,-35.63138947
2025-11-20,load,Yesterday,144,133.98997431,182.20908444,13.88517153
2025-11-20,load,Last Week,144,120.26974306,147.69167136,-2.76458194
2025-11-20,load,Ridge phase-aware,144,116.22130848,144.26740806,-4.33135591
2025-11-21,load,Yesterday,144,1910.30333889,2111.07395086,1910.30333889
2025-11-21,load,Last Week,144,121.48154444,150.15263297,-10.88683333
2025-11-21,load,Ridge phase-aware,144,125.53947806,161.59934142,-14.99766628
2025-11-22,load,Yesterday,144,131.43306389,178.97512140,-22.94720972
2025-11-22,load,Last Week,144,116.02135069,141.77839055,-3.45555486
2025-11-22,load,Ridge phase-aware,144,113.68553472,139.49270761,-7.03577609
2025-11-23,load,Yesterday,144,1884.69925278,2072.83648889,-1884.69925278
2025-11-23,load,Last Week,144,124.32842083,154.09038228,24.06575139
2025-11-23,load,Ridge phase-aware,144,117.68029267,146.61297981,18.33737313
2025-11-24,load,Yesterday,144,128.16870903,154.93629922,-8.04148403
2025-11-24,load,Last Week,144,119.80480417,151.88964451,-29.41571528
2025-11-24,load,Ridge phase-aware,144,117.00152921,146.66348731,-29.78442941
2025-11-25,load,Yesterday,144,121.39289861,149.52753634,12.22065000
2025-11-25,load,Last Week,144,128.22808958,159.26892152,4.22059514
2025-11-25,load,Ridge phase-aware,144,121.99129362,149.52957145,12.11981996
2025-11-26,load,Yesterday,144,139.41182569,168.32417269,-0.16852153
2025-11-26,load,Last Week,144,135.37128819,167.91828047,20.55269236
2025-11-26,load,Ridge phase-aware,144,131.91449136,165.01160603,13.76321882
2025-11-27,load,Yesterday,144,143.78414653,196.39092517,20.34562847
2025-11-27,load,Last Week,144,112.06654931,134.15037680,27.01314931
2025-11-27,load,Ridge phase-aware,144,107.71044333,128.85528883,24.17061770
2025-11-28,load,Yesterday,144,1877.29904306,2059.72522982,1873.29668194
2025-11-28,load,Last Week,144,137.40422847,170.54072299,-9.99350764
2025-11-28,load,Ridge phase-aware,144,133.85313848,163.76897991,-16.40536628
2025-11-29,load,Yesterday,144,135.02240000,175.31451716,3.45089167
2025-11-29,load,Last Week,144,126.42014514,159.30265137,16.40459375
2025-11-29,load,Ridge phase-aware,144,123.14919709,154.70516066,13.03159946
2025-11-30,load,Yesterday,144,1910.52643958,2103.23948724,-1910.52643958
2025-11-30,load,Last Week,144,131.26943889,163.76003991,-9.42259306
2025-11-30,load,Ridge phase-aware,144,138.91659793,174.00651975,-13.90811205
2025-12-01,load,Yesterday,144,333.39810278,415.12524333,-303.43988333
2025-12-01,load,Last Week,144,341.71038958,408.71309022,-304.82099236
2025-12-01,load,Ridge phase-aware,144,337.48735891,402.35474170,-307.24557233
2025-12-02,load,Yesterday,144,130.43785417,162.37088948,-4.55133194
2025-12-02,load,Last Week,144,340.60985625,410.35088921,-321.59297431
2025-12-02,load,Ridge phase-aware,144,314.52414865,379.79040205,-297.93833923
2025-12-03,load,Yesterday,144,141.41298472,183.11352654,32.40385278
2025-12-03,load,Last Week,144,317.19040000,380.37686414,-289.02060000
2025-12-03,load,Ridge phase-aware,144,300.87022700,359.41775261,-277.80212577
2025-12-04,load,Yesterday,144,152.90946597,204.15368330,-29.72165903
2025-12-04,load,Last Week,144,351.77599028,424.04033810,-339.08788750
2025-12-04,load,Ridge phase-aware,144,335.06131876,402.49516760,-325.01121783
2025-12-05,load,Yesterday,144,1940.64207778,2126.05967711,1936.17416111
2025-12-05,load,Last Week,144,317.68053611,377.31091873,-276.21040833
2025-12-05,load,Ridge phase-aware,144,299.17118234,354.40148634,-266.35986248
2025-12-06,load,Yesterday,144,158.06725139,195.28896304,-25.11458611
2025-12-06,load,Last Week,144,333.49379722,395.04740852,-304.77588611
2025-12-06,load,Ridge phase-aware,144,316.94867274,371.86050562,-292.78956584
2025-12-07,load,Yesterday,144,1899.86007361,2095.31834183,-1899.86007361
2025-12-07,load,Last Week,144,318.24780903,379.81975713,-294.10952014
2025-12-07,load,Ridge phase-aware,144,305.69576826,367.64602983,-284.01610902
2025-12-08,load,Yesterday,144,132.00977708,157.82166883,27.37954097
2025-12-08,load,Last Week,144,126.56132917,161.43828855,36.70990417
2025-12-08,load,Ridge phase-aware,144,120.72536719,154.86909399,22.90215281
2025-12-09,load,Yesterday,144,144.28367847,174.67670384,-11.84696458
2025-12-09,load,Last Week,144,137.95692153,174.37698378,29.41427153
2025-12-09,load,Ridge phase-aware,144,135.11415013,169.46162815,23.53727820
2025-12-10,load,Yesterday,144,150.44725972,186.64498129,13.16319028
2025-12-10,load,Last Week,144,135.74940347,170.80425471,10.17360903
2025-12-10,load,Ridge phase-aware,144,132.35323636,165.58908460,-4.96780177
2025-12-11,load,Yesterday,144,167.63254514,220.77188230,24.62356458
2025-12-11,load,Last Week,144,147.38812569,192.43142253,64.51883264
2025-12-11,load,Ridge phase-aware,144,141.94575822,184.40053758,48.89814239
2025-12-12,load,Yesterday,144,1883.78174792,2078.01776607,1880.25397014
2025-12-12,load,Last Week,144,155.41641250,187.55082514,8.59864167
2025-12-12,load,Ridge phase-aware,144,155.03986712,189.88807825,-8.58081808
2025-12-13,load,Yesterday,144,139.29854583,180.68438956,-7.43557778
2025-12-13,load,Last Week,144,131.56589722,161.30020067,26.27765000
2025-12-13,load,Ridge phase-aware,144,124.20740947,153.63325079,11.59920565
2025-12-14,load,Yesterday,144,1903.43451250,2100.18544814,-1903.43451250
2025-12-14,load,Last Week,144,124.80745972,162.09980171,22.70321111
2025-12-14,load,Ridge phase-aware,144,136.75253566,173.87478990,6.15714478
2025-12-15,load,Yesterday,144,140.92099722,179.89644223,9.05668194
2025-12-15,load,Last Week,144,115.73021736,145.36607294,4.38035208
2025-12-15,load,Ridge phase-aware,144,115.63130905,143.13380210,-7.41437302
2025-12-16,load,Yesterday,144,133.68035833,168.66803119,-14.23824583
2025-12-16,load,Last Week,144,117.69324306,146.56129421,1.98907083
2025-12-16,load,Ridge phase-aware,144,113.64566273,141.09993303,-1.57756917
2025-12-17,load,Yesterday,144,143.88527639,174.92185614,7.51619722
2025-12-17,load,Last Week,144,142.39782500,175.64362407,-3.65792222
2025-12-17,load,Ridge phase-aware,144,138.10411684,170.16429948,-18.02417987
2025-12-18,load,Yesterday,144,136.73706181,180.27409401,6.29980764
2025-12-18,load,Last Week,144,146.75091944,187.84476971,-21.98167917
2025-12-18,load,Ridge phase-aware,144,141.21381739,179.82157697,-31.86483955
2025-12-19,load,Yesterday,144,1906.75696528,2094.76966391,1905.08474306
2025-12-19,load,Last Week,144,144.35585625,172.18288396,2.84909375
2025-12-19,load,Ridge phase-aware,144,147.08020104,176.94956714,-12.48034162
2025-12-20,load,Yesterday,144,141.22649931,182.28715005,-3.13311181
2025-12-20,load,Last Week,144,119.48555556,151.72644359,7.15155972
2025-12-20,load,Ridge phase-aware,144,116.36743629,147.30424385,-5.40916295
2025-12-21,load,Yesterday,144,1904.49670208,2105.99852857,-1904.49670208
2025-12-21,load,Last Week,144,148.00942431,183.24804885,6.08937014
2025-12-21,load,Ridge phase-aware,144,148.35897700,185.35803949,-8.86386522
2025-12-22,load,Yesterday,144,145.11243681,183.34957511,-14.25053542
2025-12-22,load,Last Week,144,136.27144028,170.71466806,-17.21784722
2025-12-22,load,Ridge phase-aware,144,132.97918346,164.92534114,-28.94306416
2025-12-23,load,Yesterday,144,151.59833125,180.53248408,31.74163542
2025-12-23,load,Last Week,144,116.15975208,146.83421755,28.76203403
2025-12-23,load,Ridge phase-aware,144,114.38936036,144.89999383,26.23601171
2025-12-24,load,Yesterday,144,126.88519514,166.92142985,0.09513681
2025-12-24,load,Last Week,144,129.13178889,155.18492774,21.34097361
2025-12-24,load,Ridge phase-aware,144,124.40308708,149.00549222,5.20753604
2025-12-25,load,Yesterday,144,145.50930764,196.76446779,6.85472431
2025-12-25,load,Last Week,144,154.82302222,197.30549382,21.89589028
2025-12-25,load,Ridge phase-aware,144,149.11882217,189.07295375,9.04324585
2025-12-26,load,Yesterday,144,1899.00292708,2084.02567311,1896.64792708
2025-12-26,load,Last Week,144,131.92539931,165.41541116,13.45907431
2025-12-26,load,Ridge phase-aware,144,133.62776363,165.92244311,-2.73080287
2025-12-27,load,Yesterday,144,136.15334514,177.96562318,-5.78651181
2025-12-27,load,Last Week,144,149.48139792,176.78850796,10.80567431
2025-12-27,load,Ridge phase-aware,144,141.95086668,167.80851086,-1.81917464
2025-12-28,load,Yesterday,144,1879.25357569,2058.95793120,-1879.25357569
2025-12-28,load,Last Week,144,161.27222708,192.60672791,36.04880069
2025-12-28,load,Ridge phase-aware,144,154.40932659,185.91719061,21.07400702
2025-12-29,load,Yesterday,144,132.55348750,170.57848039,-6.91819306
2025-12-29,load,Last Week,144,130.91031250,164.16313886,43.38114306
2025-12-29,load,Ridge phase-aware,144,121.74603669,154.09445117,28.35375904
2025-12-30,load,Yesterday,144,121.16431944,152.92839711,6.28322222
2025-12-30,load,Last Week,144,124.55061875,156.70481953,17.92272986
2025-12-30,load,Ridge phase-aware,144,117.51280357,146.99225640,15.68155182
2025-12-31,load,Yesterday,144,122.60672222,156.30293002,-11.04983472
2025-12-31,load,Last Week,144,146.77660556,184.44141878,6.77775833
2025-12-31,load,Ridge phase-aware,144,144.68140725,179.51274332,-8.42398769
2025-02-01,generation,Yesterday,144,101.20139097,195.14769055,-28.39305903
2025-02-01,generation,Last Week,144,89.34806944,160.35303686,11.06076944
2025-02-01,generation,7-day mean,144,63.87095407,119.76409334,-24.35781002
2025-02-01,generation,Seasonal,144,73.36670615,141.85847062,-10.63883622
2025-02-01,generation,Low-Rank rank 1,144,1909.78986181,2563.52243221,-810.18743253
2025-02-01,generation,Low-Rank rank 3,144,2154.32380227,2434.49262964,71.01512080
2025-02-01,generation,Low-Rank rank 5,144,2100.86395706,2434.42875732,-96.30743235
2025-02-01,generation,Seasonal + Low-Rank,144,73.36670615,141.85847062,-10.63883622
2025-02-02,generation,Yesterday,144,70.20849097,154.19629930,-59.27768125
2025-02-02,generation,Last Week,144,196.93489514,392.66434747,-194.31817014
2025-02-02,generation,7-day mean,144,90.89934127,177.50460891,-85.21560119
2025-02-02,generation,Seasonal,144,124.63145743,243.64192064,-120.04590125
2025-02-02,generation,Low-Rank rank 1,144,1965.78941857,2649.44405106,-871.30155129
2025-02-02,generation,Low-Rank rank 3,144,2167.44132431,2504.53413728,-110.25425956
2025-02-02,generation,Low-Rank rank 5,144,2154.17512852,2506.70406182,-154.89375932
2025-02-02,generation,Seasonal + Low-Rank,144,124.63145743,243.64192064,-120.04590125
2025-02-03,generation,Yesterday,144,96.86083889,201.22149159,40.11842500
2025-02-03,generation,Last Week,144,105.29599236,195.88910619,-39.11746042
2025-02-03,generation,7-day mean,144,76.21958264,146.52044091,-17.33743760
2025-02-03,generation,Seasonal,144,89.06455705,163.43895070,4.46227656
2025-02-03,generation,Low-Rank rank 1,144,2306.43210700,2460.63212149,518.36815438
2025-02-03,generation,Low-Rank rank 3,144,2040.90832286,2424.79299710,-351.07360190
2025-02-03,generation,Low-Rank rank 5,144,2117.29763913,2401.47264709,-78.34040691
2025-02-03,generation,Seasonal + Low-Rank,144,89.06455705,163.43895070,4.46227656
2025-02-04,generation,Yesterday,144,125.54616944,239.22718322,83.48406667
2025-02-04,generation,Last Week,144,85.02183056,190.08638035,-36.12597222
2025-02-04,generation,7-day mean,144,100.40614187,197.02187096,71.73483770
2025-02-04,generation,Seasonal,144,92.32708674,183.02772782,29.65954917
2025-02-04,generation,Low-Rank rank 1,144,1849.68468255,2436.80661556,-721.35996560
2025-02-04,generation,Low-Rank rank 3,144,2093.00240011,2333.23534799,148.17296453
2025-02-04,generation,Low-Rank rank 5,144,2042.79579017,2327.69654992,-13.51700880
2025-02-04,generation,Seasonal + Low-Rank,144,92.32708674,183.02772782,29.65954917
2025-02-05,generation,Yesterday,144,111.61679931,240.06837992,-35.80927292
2025-02-05,generation,Last Week,144,141.63846667,276.37670669,116.56609861
2025-02-05,generation,7-day mean,144,85.95806617,176.24931468,41.08641796
2025-02-05,generation,Seasonal,144,101.53291177,199.87979854,32.75964427
2025-02-05,generation,Low-Rank rank 1,144,1883.63008390,2463.28626561,-747.35446352
2025-02-05,generation,Low-Rank rank 3,144,2119.51209265,2350.21788502,127.73739852
2025-02-05,generation,Low-Rank rank 5,144,2046.69058026,2348.82642878,-116.31907069
2025-02-05,generation,Seasonal + Low-Rank,144,101.53291177,199.87979854,32.75964427
2025-02-06,generation,Yesterday,144,85.98351528,170.99618710,-30.76866806
2025-02-06,generation,Last Week,144,91.03269375,174.40820267,11.97340347
2025-02-06,generation,7-day mean,144,63.86398304,115.20857313,-6.33454990
2025-02-06,generation,Seasonal,144,71.76844260,142.75874616,-11.53473587
2025-02-06,generation,Low-Rank rank 1,144,1908.67063650,2523.71735815,-791.75993726
2025-02-06,generation,Low-Rank rank 3,144,2144.91146699,2398.69339840,86.77127820
2025-02-06,generation,Low-Rank rank 5,144,2091.60813890,2397.91151040,-89.64899532
2025-02-06,generation,Seasonal + Low-Rank,144,71.76844260,142.75874616,-11.53473587
2025-02-07,generation,Yesterday,144,173.94263264,349.01446259,-99.24215764
2025-02-07,generation,Last Week,144,160.95800972,331.08353070,-129.88834722
2025-02-07,generation,7-day mean,144,157.96700327,312.45038885,-107.28719375
2025-02-07,generation,Seasonal,144,162.09599003,329.59893156,-113.03294295
2025-02-07,generation,Low-Rank rank 1,144,2001.97091626,2736.08293045,-906.04677789
2025-02-07,generation,Low-Rank rank 3,144,2234.13254388,2580.74021577,-24.03611590
2025-02-07,generation,Low-Rank rank 5,144,2166.02280468,2592.73311884,-255.60712997
2025-02-07,generation,Seasonal + Low-Rank,144,162.09599003,329.59893156,-113.03294295
2025-02-08,generation,Yesterday,144,177.74571528,357.50173663,8.05385278
2025-02-08,generation,Last Week,144,112.79946736,217.34116506,-93.44143542
2025-02-08,generation,7-day mean,144,116.74707629,231.31417005,-80.67786280
2025-02-08,generation,Seasonal,144,133.96137969,258.46623909,-37.61902691
2025-02-08,generation,Low-Rank rank 1,144,2437.30261992,2613.19704545,645.00722187
2025-02-08,generation,Low-Rank rank 3,144,2107.51484786,2556.80971005,-407.66529522
2025-02-08,generation,Low-Rank rank 5,144,2188.13927532,2527.90734627,-118.79127432
2025-02-08,generation,Seasonal + Low-Rank,144,133.96137969,258.46623909,-37.61902691
2025-02-09,generation,Yesterday,144,157.14979028,341.07560425,90.71405000
2025-02-09,generation,Last Week,144,153.98690972,264.45966670,56.55029583
2025-02-09,generation,7-day mean,144,108.63029504,200.68029961,23.38496369
2025-02-09,generation,Seasonal,144,141.77995076,286.98285913,75.34036062
2025-02-09,generation,Low-Rank rank 1,144,1893.48691022,2472.84489985,-819.67230709
2025-02-09,generation,Low-Rank rank 3,144,2128.02561601,2336.02723514,113.84947367
2025-02-09,generation,Low-Rank rank 5,144,2059.62223136,2335.93362872,-132.32988458
2025-02-09,generation,Seasonal + Low-Rank,144,141.77995076,286.98285913,75.34036062
2025-02-10,generation,Yesterday,144,231.36322361,465.32844667,-214.93497222
2025-02-10,generation,Last Week,144,205.17416111,395.72167783,-198.50310139
2025-02-10,generation,7-day mean,144,199.73764167,367.86382576,-199.62862222
2025-02-10,generation,Seasonal,144,212.33967396,424.87687995,-207.54063035
2025-02-10,generation,Low-Rank rank 1,144,2115.91344194,2860.11950593,-984.67135677
2025-02-10,generation,Low-Rank rank 3,144,2336.46792112,2690.10091521,-118.95021440
2025-02-10,generation,Low-Rank rank 5,144,2288.61414668,2701.47563562,-284.53761802
2025-02-10,generation,Seasonal + Low-Rank,144,212.33967396,424.87687995,-207.54063035
2025-02-11,generation,Yesterday,144,101.88108958,190.23507727,38.76010208
2025-02-11,generation,Last Week,144,243.26164514,419.58809729,-243.22706597
2025-02-11,generation,7-day mean,144,132.51861300,230.96196840,-132.51093423
2025-02-11,generation,Seasonal,144,96.34777174,203.78325551,-88.13412354
2025-02-11,generation,Low-Rank rank 1,144,2062.12323573,2811.74226425,-1013.55762382
2025-02-11,generation,Low-Rank rank 3,144,2312.56266562,2623.29546513,-37.93085124
2025-02-11,generation,Low-Rank rank 5,144,2263.37484085,2630.14248787,-203.71685632
2025-02-11,generation,Seasonal + Low-Rank,144,96.34777174,203.78325551,-88.13412354
2025-02-12,generation,Yesterday,144,89.86344722,169.31712123,5.14865556
2025-02-12,generation,Last Week,144,218.33557778,423.53770775,-202.26913750
2025-02-12,generation,7-day mean,144,113.92407083,220.42664055,-92.61555496
2025-02-12,generation,Seasonal,144,131.38769389,249.06988269,-88.18935132
2025-02-12,generation,Low-Rank rank 1,144,2067.13395983,2785.10062587,-948.73038313
2025-02-12,generation,Low-Rank rank 3,144,2312.92295208,2620.22220595,3.80066121
2025-02-12,generation,Low-Rank rank 5,144,2262.05607817,2624.54397295,-167.52691656
2025-02-12,generation,Seasonal + Low-Rank,144,131.38769389,249.06988269,-88.18935132
2025-02-13,generation,Yesterday,144,164.92321597,310.52044238,-161.82033125
2025-02-13,generation,Last Week,144,333.32080069,566.46897270,-333.32080069
2025-02-13,generation,7-day mean,144,226.68636677,399.02386744,-225.54029514
2025-02-13,generation,Seasonal,144,238.99554250,411.93182767,-238.99554250
2025-02-13,generation,Low-Rank rank 1,144,2228.42749071,3016.18924505,-1088.97553336
2025-02-13,generation,Low-Rank rank 3,144,2460.64631640,2817.38653232,-139.27758425
2025-02-13,generation,Low-Rank rank 5,144,2412.05738102,2830.44022339,-313.32621180
2025-02-13,generation,Seasonal + Low-Rank,144,238.99554250,411.93182767,-238.99554250
2025-02-14,generation,Yesterday,144,195.08544583,416.82192516,162.91535694
2025-02-14,generation,Last Week,144,158.28403889,301.88789953,-71.16328611
2025-02-14,generation,7-day mean,144,108.74203214,208.21040215,-15.00768095
2025-02-14,generation,Seasonal,144,125.32408514,266.18726548,57.57996757
2025-02-14,generation,Low-Rank rank 1,144,2061.96118896,2739.60649188,-950.01668589
2025-02-14,generation,Low-Rank rank 3,144,2322.82687693,2571.04628611,83.58517701
2025-02-14,generation,Low-Rank rank 5,144,2251.24773541,2573.87863803,-164.79528975
2025-02-14,generation,Seasonal + Low-Rank,144,125.32408514,266.18726548,57.57996757
2025-02-15,generation,Yesterday,144,55.47673681,119.26667681,-29.31770903
2025-02-15,generation,Last Week,144,154.61833958,294.43765352,-108.53484792
2025-02-15,generation,7-day mean,144,83.02940089,158.52980497,-34.15920625
2025-02-15,generation,Seasonal,144,74.24695674,144.37182548,-64.96542153
2025-02-15,generation,Low-Rank rank 1,144,2550.20506432,2712.10965527,674.96522745
2025-02-15,generation,Low-Rank rank 3,144,2225.68943776,2647.21054171,-383.29563690
2025-02-15,generation,Low-Rank rank 5,144,2296.51577081,2622.74298188,-118.80240850
2025-02-15,generation,Seasonal + Low-Rank,144,74.24695674,144.37182548,-64.96542153
2025-02-16,generation,Yesterday,144,98.10573472,192.24603992,36.45262361
2025-02-16,generation,Last Week,144,163.09054514,300.71887835,-162.79627431
2025-02-16,generation,7-day mean,144,101.82026925,205.95852699,17.79839563
2025-02-16,generation,Seasonal,144,82.55723524,157.33350271,-53.20938045
2025-02-16,generation,Low-Rank rank 1,144,2073.35409228,2678.42914796,-842.61401349
2025-02-16,generation,Low-Rank rank 3,144,2308.90081740,2543.99233597,97.08540343
2025-02-16,generation,Low-Rank rank 5,144,2260.61348926,2542.57852062,-75.20121362
2025-02-16,generation,Seasonal + Low-Rank,144,82.55723524,157.33350271,-53.20938045
2025-02-17,generation,Yesterday,144,181.51779306,362.22335733,-161.53797778
2025-02-17,generation,Last Week,144,136.38757292,249.16028197,-109.39927986
2025-02-17,generation,7-day mean,144,131.59572827,225.21119996,-120.48297153
2025-02-17,generation,Seasonal,144,151.85426323,267.99471379,-138.07556372
2025-02-17,generation,Low-Rank rank 1,144,2661.31383377,2837.09092489,614.53739749
2025-02-17,generation,Low-Rank rank 3,144,2347.84924365,2799.93333062,-464.68186250
2025-02-17,generation,Low-Rank rank 5,144,2415.69660188,2769.62861777,-204.15491345
2025-02-17,generation,Seasonal + Low-Rank,144,151.85426323,267.99471379,-138.07556372
2025-02-18,generation,Yesterday,144,94.59268056,182.53454057,22.35942500
2025-02-18,generation,Last Week,144,143.28972639,266.08852883,-125.79995694
2025-02-18,generation,7-day mean,144,94.28786250,190.15489976,-82.49507798
2025-02-18,generation,Seasonal,144,95.02202611,178.57891822,-44.31229688
2025-02-18,generation,Low-Rank rank 1,144,2193.59663907,2902.10858188,-1012.52126330
2025-02-18,generation,Low-Rank rank 3,144,2431.71340709,2721.20750873,3.31189234
2025-02-18,generation,Low-Rank rank 5,144,2382.85177832,2725.97752585,-178.11575024
2025-02-18,generation,Seasonal + Low-Rank,144,95.02202611,178.57891822,-44.31229688
2025-02-19,generation,Yesterday,144,118.58472569,231.83734124,10.51736319
2025-02-19,generation,Last Week,144,129.27626319,221.38745214,-120.43124931
2025-02-19,generation,7-day mean,144,109.45394950,215.90623221,-54.00629236
2025-02-19,generation,Seasonal,144,101.00894319,184.02613420,-48.40951243
2025-02-19,generation,Low-Rank rank 1,144,2190.47132777,2909.11832567,-964.83491836
2025-02-19,generation,Low-Rank rank 3,144,2428.45997275,2745.77357065,33.13212409
2025-02-19,generation,Low-Rank rank 5,144,2378.04398675,2748.69004552,-149.86249528
2025-02-19,generation,Seasonal + Low-Rank,144,101.00894319,184.02613420,-48.40951243
2025-02-20,generation,Yesterday,144,149.69045278,282.39891658,-46.86069028
2025-02-20,generation,Last Week,144,140.39424306,273.38731530,-5.47160833
2025-02-20,generation,7-day mean,144,109.65649206,201.29304879,-83.66251845
2025-02-20,generation,Seasonal,144,131.96893694,252.03349638,-28.23560340
2025-02-20,generation,Low-Rank rank 1,144,2232.31697377,2936.85228667,-1013.46593994
2025-02-20,generation,Low-Rank rank 3,144,2477.11526950,2756.32630541,13.54695638
2025-02-20,generation,Low-Rank rank 5,144,2426.15554720,2760.85963149,-171.37731265
2025-02-20,generation,Seasonal + Low-Rank,144,131.96893694,252.03349638,-28.23560340
2025-02-21,generation,Yesterday,144,77.07409722,153.23416832,-5.40069583
2025-02-21,generation,Last Week,144,174.39791389,322.56269722,-173.78766111
2025-02-21,generation,7-day mean,144,92.45157500,164.92613549,-88.28155595
2025-02-21,generation,Seasonal,144,98.61082708,188.43364085,-81.17483021
2025-02-21,generation,Low-Rank rank 1,144,2238.04618840,2952.57433797,-1003.43330265
2025-02-21,generation,Low-Rank rank 3,144,2476.58022816,2777.23721837,9.44138250
2025-02-21,generation,Low-Rank rank 5,144,2424.43745791,2782.29165630,-181.68799131
2025-02-21,generation,Seasonal + Low-Rank,144,98.61082708,188.43364085,-81.17483021
2025-02-22,generation,Yesterday,144,118.66574514,218.02845356,100.17752569
2025-02-22,generation,Last Week,144,98.47030694,181.66582640,-44.29242639
2025-02-22,generation,7-day mean,144,72.64956161,131.84323270,36.72277847
2025-02-22,generation,Seasonal,144,78.57791878,151.31352721,35.16604726
2025-02-22,generation,Low-Rank rank 1,144,2138.26987276,2768.60485524,-886.96448571
2025-02-22,generation,Low-Rank rank 3,144,2382.19928088,2627.32362737,134.28592999
2025-02-22,generation,Low-Rank rank 5,144,2328.69862217,2623.56356735,-64.23974691
2025-02-22,generation,Seasonal + Low-Rank,144,78.57791878,151.31352721,35.16604726
2025-02-23,generation,Yesterday,144,120.39232917,221.76386282,-73.86699444
2025-02-23,generation,Last Week,144,183.50899444,335.82206342,-154.61204444
2025-02-23,generation,7-day mean,144,104.64387788,196.92805245,-30.81672649
2025-02-23,generation,Seasonal,144,142.23340410,252.75768839,-110.20226694
2025-02-23,generation,Low-Rank rank 1,144,2216.68384476,2853.84625449,-918.53929192
2025-02-23,generation,Low-Rank rank 3,144,2438.04302613,2702.34799745,34.61443515
2025-02-23,generation,Low-Rank rank 5,144,2378.78216184,2708.03080260,-191.64561847
2025-02-23,generation,Seasonal + Low-Rank,144,142.23340410,252.75768839,-110.20226694
2025-02-24,generation,Yesterday,144,167.08706319,325.02688578,-117.31948681
2025-02-24,generation,Last Week,144,118.61438264,215.57185223,-110.39355347
2025-02-24,generation,7-day mean,144,132.91126687,242.70068481,-126.04877837
2025-02-24,generation,Seasonal,144,131.57662042,263.12194992,-114.20281681
2025-02-24,generation,Low-Rank rank 1,144,2571.01521044,2890.75529999,-23.37377301
2025-02-24,generation,Low-Rank rank 3,144,2454.81995888,2926.22258772,-469.62206090
2025-02-24,generation,Low-Rank rank 5,144,2515.59221741,2898.14306132,-226.08190455
2025-02-24,generation,Seasonal + Low-Rank,144,131.57662042,263.12194992,-114.20281681
2025-02-25,generation,Yesterday,144,121.89972986,237.32628975,-118.58561319
2025-02-25,generation,Last Week,144,251.54170417,440.03271290,-251.33859167
2025-02-25,generation,7-day mean,144,228.97098393,403.19226991,-228.86388393
2025-02-25,generation,Seasonal,144,178.41585413,318.89241829,-178.32445351
2025-02-25,generation,Low-Rank rank 1,144,2434.40703028,3279.18049800,-1204.61640558
2025-02-25,generation,Low-Rank rank 3,144,2675.84342723,3055.53586570,-142.75345684
2025-02-25,generation,Low-Rank rank 5,144,2626.57923881,3068.81361071,-329.93198374
2025-02-25,generation,Seasonal + Low-Rank,144,178.41585413,318.89241829,-178.32445351
2025-02-26,generation,Yesterday,144,144.87831250,265.04994465,126.08848194
2025-02-26,generation,Last Week,144,158.69336875,309.04983216,-135.76747292
2025-02-26,generation,7-day mean,144,113.03136528,211.48351003,-66.86988889
2025-02-26,generation,Seasonal,144,105.10297934,183.00910977,8.25330226
2025-02-26,generation,Low-Rank rank 1,144,2305.74461355,3062.26795995,-1087.61904272
2025-02-26,generation,Low-Rank rank 3,144,2567.60213300,2866.04941510,31.14274375
2025-02-26,generation,Low-Rank rank 5,144,2500.30179668,2872.40193145,-218.65045327
2025-02-26,generation,Seasonal + Low-Rank,144,105.10297934,183.00910977,8.25330226
2025-02-27,generation,Yesterday,144,187.82092569,336.24697758,-58.20911042
2025-02-27,generation,Last Week,144,189.06104861,390.57847691,-147.11589306
2025-02-27,generation,7-day mean,144,144.96816032,291.71884648,-105.68364603
2025-02-27,generation,Seasonal,144,162.84477483,324.09636269,-98.21716260
2025-02-27,generation,Low-Rank rank 1,144,2372.56241486,3170.10367856,-1088.49643306
2025-02-27,generation,Low-Rank rank 3,144,2610.54652947,2978.11272111,-47.30499351
2025-02-27,generation,Low-Rank rank 5,144,2549.67641088,2989.92006045,-280.06524290
2025-02-27,generation,Seasonal + Low-Rank,144,162.84477483,324.09636269,-98.21716260
2025-02-28,generation,Yesterday,144,179.11052917,369.52871659,64.59959722
2025-02-28,generation,Last Week,144,135.30044722,255.68619869,-77.11560000
2025-02-28,generation,7-day mean,144,98.27133988,201.58792349,-20.06749266
2025-02-28,generation,Seasonal,144,148.04057854,286.66912288,0.82775847
2025-02-28,generation,Low-Rank rank 1,144,2306.58520366,3004.72692259,-1013.26092865
2025-02-28,generation,Low-Rank rank 3,144,2562.91981612,2831.66620192,82.55838867
2025-02-28,generation,Low-Rank rank 5,144,2510.42552217,2831.37618851,-108.54274795
2025-02-28,generation,Seasonal + Low-Rank,144,148.04057854,286.66912288,0.82775847
2025-03-01,generation,Yesterday,144,192.15430208,407.49675349,146.13000764
2025-03-01,generation,Last Week,144,129.09688056,227.86353268,-31.16311806
2025-03-01,generation,7-day mean,144,167.30993065,352.24872022,137.07902927
2025-03-01,generation,Seasonal,144,144.77625955,293.87828448,66.34810108
2025-03-01,generation,Low-Rank rank 1,144,2173.64733446,2777.50977595,-815.63887284
2025-03-01,generation,Low-Rank rank 3,144,2423.71407146,2662.15565477,208.51124185
2025-03-01,generation,Low-Rank rank 5,144,2361.57976210,2653.31618473,-12.14999300
2025-03-01,generation,Seasonal + Low-Rank,144,144.77625955,293.87828448,66.34810108
2025-03-02,generation,Yesterday,144,245.60621389,491.48424648,128.47017500
2025-03-02,generation,Last Week,144,230.26156528,446.71233962,171.17405139
2025-03-02,generation,7-day mean,144,286.20454593,570.63664073,270.00107827
2025-03-02,generation,Seasonal,144,222.32475306,446.78551518,147.68691937
2025-03-02,generation,Low-Rank rank 1,144,2050.17583884,2497.54888926,-625.55843228
2025-03-02,generation,Low-Rank rank 3,144,2166.83887290,2419.98811887,-95.74053476
2025-03-02,generation,Low-Rank rank 5,144,2231.46449066,2424.63293830,160.34273803
2025-03-02,generation,Seasonal + Low-Rank,144,222.32475306,446.78551518,147.68691937
2025-03-03,generation,Yesterday,144,190.51930069,353.65865443,-18.31203958
2025-03-03,generation,Last Week,144,283.56142083,500.65034614,270.18149861
2025-03-03,generation,7-day mean,144,231.90420556,413.68740792,227.23560278
2025-03-03,generation,Seasonal,144,150.48055878,295.39470181,111.51005260
2025-03-03,generation,Low-Rank rank 1,144,2071.69246051,2592.76573911,-649.45293438
2025-03-03,generation,Low-Rank rank 3,144,2303.20774479,2525.00806757,268.88869346
2025-03-03,generation,Low-Rank rank 5,144,2246.82577085,2510.78163345,72.59461316
2025-03-03,generation,Seasonal + Low-Rank,144,150.48055878,295.39470181,111.51005260
2025-03-04,generation,Yesterday,144,140.35293819,283.52927935,-124.91533681
2025-03-04,generation,Last Week,144,283.66882083,543.69875982,263.85177500
2025-03-04,generation,7-day mean,144,108.96462986,223.51803877,63.72290903
2025-03-04,generation,Seasonal,144,120.89499552,236.55758846,50.02986351
2025-03-04,generation,Low-Rank rank 1,144,2585.62416124,2753.35886550,719.35234989
2025-03-04,generation,Low-Rank rank 3,144,2288.23946413,2668.25436346,-303.89017140
2025-03-04,generation,Low-Rank rank 5,144,2355.38228179,2651.82787198,-36.32175162
2025-03-04,generation,Seasonal + Low-Rank,144,120.89499552,236.55758846,50.02986351
2025-03-05,generation,Yesterday,144,179.50545833,334.45415609,-125.14186528
2025-03-05,generation,Last Week,144,147.69278472,262.17825752,12.62142778
2025-03-05,generation,7-day mean,144,137.18088819,231.74642096,-99.11206696
2025-03-05,generation,Seasonal,144,131.49734403,239.12588463,-63.14838340
2025-03-05,generation,Low-Rank rank 1,144,2700.73517557,2874.64055852,686.03722222
2025-03-05,generation,Low-Rank rank 3,144,2398.01443214,2818.51349477,-450.52284352
2025-03-05,generation,Low-Rank rank 5,144,2458.45121180,2789.66907140,-189.35319612
2025-03-05,generation,Seasonal + Low-Rank,144,131.49734403,239.12588463,-63.14838340
2025-03-06,generation,Yesterday,144,122.03258889,209.85594839,8.75114167
2025-03-06,generation,Last Week,144,200.06683958,346.74195091,79.58167986
2025-03-06,generation,7-day mean,144,108.22979196,189.70110172,-92.16398641
2025-03-06,generation,Seasonal,144,117.95184851,213.34003589,40.62488385
2025-03-06,generation,Low-Rank rank 1,144,2263.27804995,2970.94675562,-1067.13552158
2025-03-06,generation,Low-Rank rank 3,144,2483.47362532,2775.35601278,-9.48199379
2025-03-06,generation,Low-Rank rank 5,144,2429.61463585,2783.09367168,-226.74576781
2025-03-06,generation,Seasonal + Low-Rank,144,117.95184851,213.34003589,40.62488385
2025-03-07,generation,Yesterday,144,99.23190972,187.60839342,40.61952083
2025-03-07,generation,Last Week,144,141.05237569,271.00789775,55.60160347
2025-03-07,generation,7-day mean,144,106.39351409,225.07149008,-62.91327698
2025-03-07,generation,Seasonal,144,104.88597038,203.90344577,47.36145802
2025-03-07,generation,Low-Rank rank 1,144,2226.68934437,2930.96606607,-1028.68676996
2025-03-07,generation,Low-Rank rank 3,144,2446.25435516,2746.61893776,8.41897486
2025-03-07,generation,Low-Rank rank 5,144,2401.55187528,2750.96246736,-174.23757808
2025-03-07,generation,Seasonal + Low-Rank,144,104.88597038,203.90344577,47.36145802
2025-03-08,generation,Yesterday,144,144.63034931,265.16314193,-105.14567292
2025-03-08,generation,Last Week,144,196.96625347,368.94722708,-195.67407708
2025-03-08,generation,7-day mean,144,176.00385417,288.95901035,-176.00203611
2025-03-08,generation,Seasonal,144,147.09611694,252.71684677,-145.88345479
2025-03-08,generation,Low-Rank rank 1,144,2329.59294854,3064.80327874,-1121.25519344
2025-03-08,generation,Low-Rank rank 3,144,2541.06604581,2855.65792355,-115.00531102
2025-03-08,generation,Low-Rank rank 5,144,2495.30328884,2868.58970837,-304.41067468
2025-03-08,generation,Seasonal + Low-Rank,144,147.09611694,252.71684677,-145.88345479
2025-03-09,generation,Yesterday,144,105.78508681,223.34125373,-44.91205764
2025-03-09,generation,Last Week,144,369.30187222,716.51603340,-369.05630972
2025-03-09,generation,7-day mean,144,193.12837996,383.76673123,-192.96065417
2025-03-09,generation,Seasonal,144,195.18698247,415.58766351,-190.77697108
2025-03-09,generation,Low-Rank rank 1,144,2761.30874352,2977.90972479,601.19549978
2025-03-09,generation,Low-Rank rank 3,144,2478.91325136,2957.14909206,-530.55587580
2025-03-09,generation,Low-Rank rank 5,144,2537.43901770,2921.20036259,-257.70873706
2025-03-09,generation,Seasonal + Low-Rank,144,195.18698247,415.58766351,-190.77697108
2025-03-10,generation,Yesterday,144,200.15159722,484.54296232,185.76952222
2025-03-10,generation,Last Week,144,211.97874375,346.16578405,-164.97474792
2025-03-10,generation,7-day mean,144,137.00078849,278.49340630,45.53119802
2025-03-10,generation,Seasonal,144,147.80863372,316.10815836,27.93460066
2025-03-10,generation,Low-Rank rank 1,144,2188.37486671,2774.06767781,-917.32537797
2025-03-10,generation,Low-Rank rank 3,144,2408.43882396,2621.78689951,136.70379930
2025-03-10,generation,Low-Rank rank 5,144,2357.08167806,2618.23995092,-72.33505731
2025-03-10,generation,Seasonal + Low-Rank,144,147.80863372,316.10815836,27.93460066
2025-03-11,generation,Yesterday,144,209.27142500,425.61593276,-152.48505139
2025-03-11,generation,Last Week,144,222.86572917,407.83584905,-192.54446250
2025-03-11,generation,7-day mean,144,133.16062669,258.91919409,-83.38603224
2025-03-11,generation,Seasonal,144,202.82797694,398.14543023,-170.51178639
2025-03-11,generation,Low-Rank rank 1,144,2353.00138182,3028.89090684,-984.29838433
2025-03-11,generation,Low-Rank rank 3,144,2560.09326724,2867.78306953,-23.01967352
2025-03-11,generation,Low-Rank rank 5,144,2514.37928278,2873.70641667,-205.09620270
2025-03-11,generation,Seasonal + Low-Rank,144,202.82797694,398.14543023,-170.51178639
2025-03-12,generation,Yesterday,144,102.83907917,195.12869412,-88.16950000
2025-03-12,generation,Last Week,144,188.74846111,335.77440283,-155.57209722
2025-03-12,generation,7-day mean,144,150.91760546,270.94654608,-144.04918046
2025-03-12,generation,Seasonal,144,123.67887806,228.11822318,-118.50066875
2025-03-12,generation,Low-Rank rank 1,144,2428.23890931,3187.39439064,-1139.17762667
2025-03-12,generation,Low-Rank rank 3,144,2647.65989997,2981.16313765,-87.69129252
2025-03-12,generation,Low-Rank rank 5,144,2590.35629001,2995.14534439,-317.25344510
2025-03-12,generation,Seasonal + Low-Rank,144,123.67887806,228.11822318,-118.50066875
2025-03-13,generation,Yesterday,144,272.25562708,553.12488848,207.71012986
2025-03-13,generation,Last Week,144,221.00201042,394.44550429,43.38689097
2025-03-13,generation,7-day mean,144,210.92778512,391.70174047,85.88553472
2025-03-13,generation,Seasonal,144,238.32484840,465.21080078,133.76467236
2025-03-13,generation,Low-Rank rank 1,144,2211.47425485,2771.59352686,-934.23783646
2025-03-13,generation,Low-Rank rank 3,144,2431.20958333,2614.86391288,155.38001770
2025-03-13,generation,Low-Rank rank 5,144,2386.34404654,2609.36902091,-32.17023562
2025-03-13,generation,Seasonal + Low-Rank,144,238.32484840,465.21080078,133.76467236
2025-03-14,generation,Yesterday,144,306.47669861,619.87708104,-224.49099722
2025-03-14,generation,Last Week,144,222.34772569,383.35606663,-221.72362708
2025-03-14,generation,7-day mean,144,166.83241597,312.47847821,-144.80358978
2025-03-14,generation,Seasonal,144,246.17405247,472.40817869,-223.24568066
2025-03-14,generation,Low-Rank rank 1,144,2814.94469049,3053.89318359,527.42994467
2025-03-14,generation,Low-Rank rank 3,144,2553.16405314,3040.17867782,-497.81422843
2025-03-14,generation,Low-Rank rank 5,144,2597.39879372,3014.46767283,-293.65947902
2025-03-14,generation,Seasonal + Low-Rank,144,246.17405247,472.40817869,-223.24568066
2025-03-15,generation,Yesterday,144,270.70012778,568.91955648,178.27443056
2025-03-15,generation,Last Week,144,189.48257222,354.69245361,61.69647639
2025-03-15,generation,7-day mean,144,165.70442242,324.03027527,65.14564464
2025-03-15,generation,Seasonal,144,223.27882437,463.35222833,125.81435118
2025-03-15,generation,Low-Rank rank 1,144,2255.80808552,2852.49180644,-971.80669851
2025-03-15,generation,Low-Rank rank 3,144,2479.74007229,2684.07591953,132.77775681
2025-03-15,generation,Low-Rank rank 5,144,2432.71155073,2680.64517192,-55.82737380
2025-03-15,generation,Seasonal + Low-Rank,144,223.27882437,463.35222833,125.81435118
2025-03-16,generation,Yesterday,144,236.49630347,494.69131566,-117.97135069
2025-03-16,generation,Last Week,144,179.13911806,381.71500341,-11.36281667
2025-03-16,generation,7-day mean,144,141.13674673,284.10059425,-61.63948839
2025-03-16,generation,Seasonal,144,190.71157281,393.65686919,-69.99751038
2025-03-16,generation,Low-Rank rank 1,144,2392.40977788,3075.15539683,-1001.78245470
2025-03-16,generation,Low-Rank rank 3,144,2508.54466721,2936.35988480,-410.63725779
2025-03-16,generation,Low-Rank rank 5,144,2561.90567925,2914.06549975,-179.82858185
2025-03-16,generation,Seasonal + Low-Rank,144,190.71157281,393.65686919,-69.99751038
2025-03-17,generation,Yesterday,144,217.67172153,376.43519977,-216.80505486
2025-03-17,generation,Last Week,144,414.33146875,743.35392196,-413.93739375
2025-03-17,generation,7-day mean,144,276.82647917,472.48451116,-276.82128373
2025-03-17,generation,Seasonal,144,305.53097299,516.66480462,-305.51460736
2025-03-17,generation,Low-Rank rank 1,144,2586.25427577,3393.53879829,-1268.27510951
2025-03-17,generation,Low-Rank rank 3,144,2783.48382699,3158.41007639,-221.50002929
2025-03-17,generation,Low-Rank rank 5,144,2746.01053526,3173.03845311,-385.82344688
2025-03-17,generation,Seasonal + Low-Rank,144,305.53097299,516.66480462,-305.51460736
2025-03-18,generation,Yesterday,144,201.72084375,400.83565356,154.50104792
2025-03-18,generation,Last Week,144,199.26650000,345.68056939,-106.95129444
2025-03-18,generation,7-day mean,144,147.19476647,249.96494047,-63.18632242
2025-03-18,generation,Seasonal,144,151.04157885,309.46752115,36.84749385
2025-03-18,generation,Low-Rank rank 1,144,2426.50129303,3168.75056980,-1138.65065465
2025-03-18,generation,Low-Rank rank 3,144,2607.66252246,2961.67008252,-181.54682299
2025-03-18,generation,Low-Rank rank 5,144,2611.08738858,2960.83812964,-167.18653373
2025-03-18,generation,Seasonal + Low-Rank,144,151.04157885,309.46752115,36.84749385
2025-03-19,generation,Yesterday,144,90.13300556,184.90962361,-70.35926389
2025-03-19,generation,Last Week,144,182.71900833,290.69472740,-89.14105833
2025-03-19,generation,7-day mean,144,174.78231964,303.87436447,-118.26682996
2025-03-19,generation,Seasonal,144,117.90582993,199.47788564,-78.81107139
2025-03-19,generation,Low-Rank rank 1,144,2929.33169391,3151.81861199,753.08293891
2025-03-19,generation,Low-Rank rank 3,144,2609.82756298,3091.32775854,-490.88675698
2025-03-19,generation,Low-Rank rank 5,144,2664.18387469,3061.52167735,-232.69638486
2025-03-19,generation,Seasonal + Low-Rank,144,117.90582993,199.47788564,-78.81107139
2025-03-20,generation,Yesterday,144,160.65061111,306.31712646,99.02781806
2025-03-20,generation,Last Week,144,219.40773125,445.22302555,-197.82337014
2025-03-20,generation,7-day mean,144,82.01601548,145.24049844,-6.50457500
2025-03-20,generation,Seasonal,144,95.78307358,181.53120328,-34.55521663
2025-03-20,generation,Low-Rank rank 1,144,2789.91353506,2981.68502448,650.17995870
2025-03-20,generation,Low-Rank rank 3,144,2537.45861693,2919.77564580,-318.78019955
2025-03-20,generation,Low-Rank rank 5,144,2583.56796158,2905.28784433,-110.24679228
2025-03-20,generation,Seasonal + Low-Rank,144,95.78307358,181.53120328,-34.55521663
2025-03-21,generation,Yesterday,144,228.71418125,417.20600806,-213.36032431
2025-03-21,generation,Last Week,144,211.58035139,358.25688074,-186.69269722
2025-03-21,generation,7-day mean,144,201.68897520,348.96980727,-191.60441786
2025-03-21,generation,Seasonal,144,207.57493913,367.94595145,-201.35989212
2025-03-21,generation,Low-Rank rank 1,144,2624.73471924,3390.22545965,-1187.01016174
2025-03-21,generation,Low-Rank rank 3,144,2731.02983100,3228.57337849,-585.71166758
2025-03-21,generation,Low-Rank rank 5,144,2783.93879188,3192.99186033,-331.96196945
2025-03-21,generation,Seasonal + Low-Rank,144,207.57493913,367.94595145,-201.35989212
2025-03-22,generation,Yesterday,144,206.53438333,379.69047550,187.68074583
2025-03-22,generation,Last Week,144,233.93216250,476.03527905,-177.28638194
2025-03-22,generation,7-day mean,144,106.26275833,188.70776123,22.74671329
2025-03-22,generation,Seasonal,144,137.16730444,245.36533804,23.44553833
2025-03-22,generation,Low-Rank rank 1,144,2423.43997736,3101.78827484,-1047.99998854
2025-03-22,generation,Low-Rank rank 3,144,2636.24253942,2922.24378698,97.46251411
2025-03-22,generation,Low-Rank rank 5,144,2595.01313786,2920.87377149,-86.31580115
2025-03-22,generation,Seasonal + Low-Rank,144,137.16730444,245.36533804,23.44553833
2025-03-23,generation,Yesterday,144,182.34146875,375.82524666,-121.43863958
2025-03-23,generation,Last Week,144,289.95536250,500.13464923,-180.75367083
2025-03-23,generation,7-day mean,144,174.83330466,320.92831714,-73.36530030
2025-03-23,generation,Seasonal,144,217.71949156,410.81410184,-148.13040365
2025-03-23,generation,Low-Rank rank 1,144,2558.97569642,3213.90382298,-1056.67178478
2025-03-23,generation,Low-Rank rank 3,144,2654.90490367,3069.09461197,-465.91174872
2025-03-23,generation,Low-Rank rank 5,144,2702.97484236,3041.94536541,-223.56355414
2025-03-23,generation,Seasonal + Low-Rank,144,217.71949156,410.81410184,-148.13040365
2025-03-24,generation,Yesterday,144,211.40855903,396.14507599,-19.01734931
2025-03-24,generation,Last Week,144,174.81716528,310.33123668,17.03403472
2025-03-24,generation,7-day mean,144,120.80705595,222.14105349,-66.56069663
2025-03-24,generation,Seasonal,144,153.73152420,300.15108295,-2.79422649
2025-03-24,generation,Low-Rank rank 1,144,3016.59266607,3243.81595372,858.15933674
2025-03-24,generation,Low-Rank rank 3,144,2684.16296907,3146.36396101,-426.62764086
2025-03-24,generation,Low-Rank rank 5,144,2738.98993301,3122.85862640,-168.71151605
2025-03-24,generation,Seasonal + Low-Rank,144,153.73152420,300.15108295,-2.79422649
2025-03-25,generation,Yesterday,144,186.83837083,375.95966407,96.81793472
2025-03-25,generation,Last Week,144,145.20308542,253.21469293,-40.64907847
2025-03-25,generation,7-day mean,144,124.09939702,241.79692109,27.82380456
2025-03-25,generation,Seasonal,144,151.27758955,292.34170321,34.95777878
2025-03-25,generation,Low-Rank rank 1,144,2467.40997600,3131.69671973,-1046.78924169
2025-03-25,generation,Low-Rank rank 3,144,2686.03299772,2952.87162461,94.49723511
2025-03-25,generation,Low-Rank rank 5,144,2637.47688108,2952.55080445,-110.19108237
2025-03-25,generation,Seasonal + Low-Rank,144,151.27758955,292.34170321,34.95777878
2025-03-26,generation,Yesterday,144,262.26431389,533.97174806,-208.70957639
2025-03-26,generation,Last Week,144,203.91160903,365.90467933,-178.99939097
2025-03-26,generation,7-day mean,144,190.72432411,368.06384162,-175.07876062
2025-03-26,generation,Seasonal,144,225.00790302,441.07549553,-195.33999295
2025-03-26,generation,Low-Rank rank 1,144,2677.21731516,3460.13700930,-1205.86140957
2025-03-26,generation,Low-Rank rank 3,144,2877.74569398,3246.02631414,-111.04152597
2025-03-26,generation,Low-Rank rank 5,144,2827.98322659,3260.41524850,-335.41980542
2025-03-26,generation,Seasonal + Low-Rank,144,225.00790302,441.07549553,-195.33999295
2025-03-27,generation,Yesterday,144,174.71151667,327.01916137,119.85266528
2025-03-27,generation,Last Week,144,167.81718819,309.39142789,-158.17454375
2025-03-27,generation,7-day mean,144,107.97427560,191.79821140,-29.65475377
2025-03-27,generation,Seasonal,144,108.93812663,197.06203850,-5.25957878
2025-03-27,generation,Low-Rank rank 1,144,2548.43339451,3279.00690641,-1123.27089585
2025-03-27,generation,Low-Rank rank 3,144,2777.35991980,3082.87792701,58.97519285
2025-03-27,generation,Low-Rank rank 5,144,2731.15214033,3083.99737079,-132.47732607
2025-03-27,generation,Seasonal + Low-Rank,144,108.93812663,197.06203850,-5.25957878
2025-03-28,generation,Yesterday,144,134.91333889,247.80740010,-76.42823056
2025-03-28,generation,Last Week,144,106.39333750,187.84338811,-21.24245000
2025-03-28,generation,7-day mean,144,111.55242629,190.56428131,-83.48662093
2025-03-28,generation,Seasonal,144,109.29315799,188.37379841,-51.59462931
2025-03-28,generation,Low-Rank rank 1,144,2627.53871230,3396.87658335,-1167.22447950
2025-03-28,generation,Low-Rank rank 3,144,2845.41661008,3189.83505894,-21.58704531
2025-03-28,generation,Low-Rank rank 5,144,2797.15259590,3197.47135077,-233.26450177
2025-03-28,generation,Seasonal + Low-Rank,144,109.29315799,188.37379841,-51.59462931
2025-03-29,generation,Yesterday,144,166.17297292,296.88093625,-139.21590764
2025-03-29,generation,Last Week,144,351.33510069,600.34484656,-348.13910347
2025-03-29,generation,7-day mean,144,234.12728968,390.40030711,-219.66789286
2025-03-29,generation,Seasonal,144,243.86059694,416.92243563,-233.23134576
2025-03-29,generation,Low-Rank rank 1,144,3206.72315586,3432.97747751,677.57139209
2025-03-29,generation,Low-Rank rank 3,144,2875.64890667,3409.76183795,-604.22179448
2025-03-29,generation,Low-Rank rank 5,144,2932.34105538,3373.88699634,-340.64301119
2025-03-29,generation,Seasonal + Low-Rank,144,243.86059694,416.92243563,-233.23134576
2025-03-30,generation,Yesterday,144,142.68104722,293.26061367,73.41592222
2025-03-30,generation,Last Week,144,248.67954028,469.62722346,-153.28454167
2025-03-30,generation,7-day mean,144,139.88309097,240.32513496,-96.51781300
2025-03-30,generation,Seasonal,144,154.93502465,297.51136029,-28.59928653
2025-03-30,generation,Low-Rank rank 1,144,2676.06829759,3462.80789448,-1250.37317432
2025-03-30,generation,Low-Rank rank 3,144,2884.58834997,3230.27407962,-28.66559456
2025-03-30,generation,Low-Rank rank 5,144,2841.29015714,3237.38720964,-231.16080792
2025-03-30,generation,Seasonal + Low-Rank,144,154.93502465,297.51136029,-28.59928653
2025-03-31,generation,Yesterday,144,193.81917292,377.59466509,105.20041736
2025-03-31,generation,Last Week,144,186.42583889,332.20130376,-29.06677500
2025-03-31,generation,7-day mean,144,185.11631429,328.53641520,30.58039603
2025-03-31,generation,Seasonal,144,176.17788434,331.61050389,44.78018080
2025-03-31,generation,Low-Rank rank 1,144,2577.70302903,3256.21817603,-1085.56593934
2025-03-31,generation,Low-Rank rank 3,144,2803.03163093,3076.02160615,101.00758335
2025-03-31,generation,Low-Rank rank 5,144,2751.95109137,3074.67808892,-112.97949858
2025-03-31,generation,Seasonal + Low-Rank,144,176.17788434,331.61050389,44.78018080
2025-04-01,generation,Yesterday,144,206.85096042,418.49334606,98.58255625
2025-04-01,generation,Last Week,144,208.91159514,358.61941222,-27.30215347
2025-04-01,generation,7-day mean,144,229.46929732,471.82793908,133.31534871
2025-04-01,generation,Seasonal,144,160.34584729,313.26061849,41.93443688
2025-04-01,generation,Low-Rank rank 1,144,2483.21212355,3040.00152631,-955.81357149
2025-04-01,generation,Low-Rank rank 3,144,2682.27051276,2891.52870676,143.94183084
2025-04-01,generation,Low-Rank rank 5,144,2644.68493699,2886.95983132,-27.63513861
2025-04-01,generation,Seasonal + Low-Rank,144,160.34584729,313.26061849,41.93443688
2025-04-02,generation,Yesterday,144,229.05479861,400.70732623,8.62503056
2025-04-02,generation,Last Week,144,310.95137986,608.20052107,190.03245347
2025-04-02,generation,7-day mean,144,274.26823135,473.46006270,145.84068690
2025-04-02,generation,Seasonal,144,221.62491205,409.37262704,90.25837087
2025-04-02,generation,Low-Rank rank 1,144,2469.68918959,3031.01357066,-912.34497346
2025-04-02,generation,Low-Rank rank 3,144,2659.89133713,2891.96102918,165.77058176
2025-04-02,generation,Low-Rank rank 5,144,2608.72024789,2887.76751831,-69.61448376
2025-04-02,generation,Seasonal + Low-Rank,144,221.62491205,409.37262704,90.25837087
2025-04-03,generation,Yesterday,144,309.10511736,582.08722281,-186.23465764
2025-04-03,generation,Last Week,144,155.42544167,289.04112634,-116.05486944
2025-04-03,generation,7-day mean,144,139.81310754,265.66685539,-67.54146409
2025-04-03,generation,Seasonal,144,205.52200948,411.82206136,-154.65375295
2025-04-03,generation,Low-Rank rank 1,144,3089.22128458,3328.84264529,817.74357289
2025-04-03,generation,Low-Rank rank 3,144,2768.76289528,3244.12862788,-414.62528796
2025-04-03,generation,Low-Rank rank 5,144,2812.38384483,3224.71287017,-205.23230869
2025-04-03,generation,Seasonal + Low-Rank,144,205.52200948,411.82206136,-154.65375295
2025-04-04,generation,Yesterday,144,165.73500694,358.53386215,-136.83432222
2025-04-04,generation,Last Week,144,190.27911250,330.22657420,-176.46096111
2025-04-04,generation,7-day mean,144,193.89634821,369.86793062,-187.79651925
2025-04-04,generation,Seasonal,144,169.57824563,332.40523336,-154.66630972
2025-04-04,generation,Low-Rank rank 1,144,2775.26771943,3596.61578843,-1310.60910579
2025-04-04,generation,Low-Rank rank 3,144,2982.04697348,3350.41781253,-117.19590019
2025-04-04,generation,Low-Rank rank 5,144,2934.40204711,3364.19341392,-333.13487433
2025-04-04,generation,Seasonal + Low-Rank,144,169.57824563,332.40523336,-154.66630972
2025-04-05,generation,Yesterday,144,236.49169931,456.74751972,197.76341597
2025-04-05,generation,Last Week,144,247.14786111,442.60026462,160.51836250
2025-04-05,generation,7-day mean,144,134.14323264,243.64543435,35.17560546
2025-04-05,generation,Seasonal,144,228.59678288,434.43696624,181.00314191
2025-04-05,generation,Low-Rank rank 1,144,3017.49551662,3241.73065062,1015.22945021
2025-04-05,generation,Low-Rank rank 3,144,2686.96105487,3087.42167742,-359.45170587
2025-04-05,generation,Low-Rank rank 5,144,2738.31750942,3068.68676504,-85.89239549
2025-04-05,generation,Seasonal + Low-Rank,144,228.59678288,434.43696624,181.00314191
2025-04-06,generation,Yesterday,144,150.59588194,287.83810430,-93.19694722
2025-04-06,generation,Last Week,144,125.05784722,224.88825256,-6.09450694
2025-04-06,generation,7-day mean,144,105.01385188,195.99680403,-80.95253641
2025-04-06,generation,Seasonal,144,112.11189500,215.65987473,-54.00084910
2025-04-06,generation,Low-Rank rank 1,144,2671.94210425,3399.54472315,-1171.16021511
2025-04-06,generation,Low-Rank rank 3,144,2863.48973121,3192.86444106,-31.42405671
2025-04-06,generation,Low-Rank rank 5,144,2818.27367774,3201.30690519,-249.17833255
2025-04-06,generation,Seasonal + Low-Rank,144,112.11189500,215.65987473,-54.00084910
2025-04-07,generation,Yesterday,144,174.42186250,345.18091834,-40.71118472
2025-04-07,generation,Last Week,144,170.32211597,327.18981600,-152.00610903
2025-04-07,generation,7-day mean,144,192.07591855,392.96410926,-120.79307728
2025-04-07,generation,Seasonal,144,139.45724656,284.16496311,-90.79390066
2025-04-07,generation,Low-Rank rank 1,144,3108.64986644,3336.52916439,821.74161832
2025-04-07,generation,Low-Rank rank 3,144,2796.99693251,3260.10849927,-507.53979775
2025-04-07,generation,Low-Rank rank 5,144,2844.63586312,3231.23425072,-247.71852406
2025-04-07,generation,Seasonal + Low-Rank,144,139.45724656,284.16496311,-90.79390066
2025-04-08,generation,Yesterday,144,271.50914444,490.62571808,17.18025417
2025-04-08,generation,Last Week,144,317.92147639,651.61454432,-233.40841111
2025-04-08,generation,7-day mean,144,141.35982738,292.51752907,-81.89766468
2025-04-08,generation,Seasonal,144,256.97901958,496.27340784,-95.58464521
2025-04-08,generation,Low-Rank rank 1,144,2699.89944289,3495.09411949,-1205.57098014
2025-04-08,generation,Low-Rank rank 3,144,2910.89411355,3280.96602905,-47.86901472
2025-04-08,generation,Low-Rank rank 5,144,2877.85912565,3286.09864420,-200.92759392
2025-04-08,generation,Seasonal + Low-Rank,144,256.97901958,496.27340784,-95.58464521
2025-04-09,generation,Yesterday,144,281.88483056,540.19191958,200.70354722
2025-04-09,generation,Last Week,144,205.46879306,365.56401389,-41.32989444
2025-04-09,generation,7-day mean,144,202.64677619,366.51431732,152.14994127
2025-04-09,generation,Seasonal,144,206.60931979,363.31143587,91.78849847
2025-04-09,generation,Low-Rank rank 1,144,2485.15515118,3065.36432951,-968.24249353
2025-04-09,generation,Low-Rank rank 3,144,2678.71062457,2916.15786488,206.32840161
2025-04-09,generation,Low-Rank rank 5,144,2636.27173370,2907.89861246,4.81559695
2025-04-09,generation,Seasonal + Low-Rank,144,206.60931979,363.31143587,91.78849847
2025-04-10,generation,Yesterday,144,265.19976667,510.33974051,-194.36880278
2025-04-10,generation,Last Week,144,163.74879236,301.32453665,-49.46403958
2025-04-10,generation,7-day mean,144,144.14268730,275.71325299,-36.31459087
2025-04-10,generation,Seasonal,144,198.11345719,360.48810995,-129.16165934
2025-04-10,generation,Low-Rank rank 1,144,2695.53668590,3412.39758707,-1086.67361259
2025-04-10,generation,Low-Rank rank 3,144,2887.78471342,3236.46866716,1.70051845
2025-04-10,generation,Low-Rank rank 5,144,2845.94288575,3241.06771656,-191.92921069
2025-04-10,generation,Seasonal + Low-Rank,144,198.11345719,360.48810995,-129.16165934
2025-04-11,generation,Yesterday,144,234.72269583,411.46254407,-148.63682500
2025-04-11,generation,Last Week,144,111.39500764,185.94853276,-61.26654236
2025-04-11,generation,7-day mean,144,185.98993304,347.92994018,-177.88512450
2025-04-11,generation,Seasonal,144,160.18575892,268.55923483,-109.32019781
2025-04-11,generation,Low-Rank rank 1,144,2820.85807548,3619.27008607,-1334.85851983
2025-04-11,generation,Low-Rank rank 3,144,3004.59065602,3366.10456090,-129.62541047
2025-04-11,generation,Low-Rank rank 5,144,2964.74803976,3379.67798398,-336.73534175
2025-04-11,generation,Seasonal + Low-Rank,144,160.18575892,268.55923483,-109.32019781
2025-04-12,generation,Yesterday,144,234.66618611,455.09949190,160.13880694
2025-04-12,generation,Last Week,144,191.96320000,318.66097852,-98.89115139
2025-04-12,generation,7-day mean,144,160.19475893,265.73576163,-8.99395437
2025-04-12,generation,Seasonal,144,173.84652424,324.88256984,43.57532569
2025-04-12,generation,Low-Rank rank 1,144,3073.77751721,3258.23932000,988.16853652
2025-04-12,generation,Low-Rank rank 3,144,2759.88988118,3115.87254271,-391.60321459
2025-04-12,generation,Low-Rank rank 5,144,2805.59108056,3095.15316272,-129.65428411
2025-04-12,generation,Seasonal + Low-Rank,144,173.84652424,324.88256984,43.57532569
2025-04-13,generation,Yesterday,144,166.13934722,287.59265007,-3.11202083
2025-04-13,generation,Last Week,144,144.08986528,266.34512617,-8.80622500
2025-04-13,generation,7-day mean,144,105.97367440,211.67298577,2.02133214
2025-04-13,generation,Seasonal,144,130.07447813,240.97301267,-5.67441271
2025-04-13,generation,Low-Rank rank 1,144,2680.44022413,3356.52402221,-1110.67061071
2025-04-13,generation,Low-Rank rank 3,144,2884.05624939,3167.66112529,22.48802995
2025-04-13,generation,Low-Rank rank 5,144,2843.59950277,3170.71277187,-157.92097667
2025-04-13,generation,Seasonal + Low-Rank,144,130.07447813,240.97301267,-5.67441271
2025-04-14,generation,Yesterday,144,153.76864583,267.04548220,-98.60988194
2025-04-14,generation,Last Week,144,238.96432222,438.17692013,-66.70492222
2025-04-14,generation,7-day mean,144,130.29296885,223.64838583,-95.33051766
2025-04-14,generation,Seasonal,144,152.07015069,279.23732797,-84.25265007
2025-04-14,generation,Low-Rank rank 1,144,3150.73503227,3347.80123593,856.86552616
2025-04-14,generation,Low-Rank rank 3,144,2854.82283381,3263.08272273,-483.02467339
2025-04-14,generation,Low-Rank rank 5,144,2899.73685932,3235.83076711,-230.28000139
2025-04-14,generation,Seasonal + Low-Rank,144,152.07015069,279.23732797,-84.25265007
2025-04-15,generation,Yesterday,144,242.78605486,420.21344339,-64.33897708
2025-04-15,generation,Last Week,144,274.29700069,469.89004962,-148.22415347
2025-04-15,generation,7-day mean,144,231.36243938,413.77219375,-150.14022014
2025-04-15,generation,Seasonal,144,238.19537944,409.83306315,-102.08730646
2025-04-15,generation,Low-Rank rank 1,144,2815.20519113,3590.33696931,-1292.88162514
2025-04-15,generation,Low-Rank rank 3,144,2999.53266464,3354.45022498,-88.25637279
2025-04-15,generation,Low-Rank rank 5,144,2962.27646781,3363.36845798,-278.11934101
2025-04-15,generation,Seasonal + Low-Rank,144,238.19537944,409.83306315,-102.08730646
2025-04-16,generation,Yesterday,144,271.45687153,535.46207338,198.84096736
2025-04-16,generation,Last Week,144,181.99800694,320.37828314,-150.08673333
2025-04-16,generation,7-day mean,144,127.45665962,243.16963764,69.87562629
2025-04-16,generation,Seasonal,144,175.22034615,324.52940478,41.82350205
2025-04-16,generation,Low-Rank rank 1,144,2608.70822166,3241.73788079,-1097.77478531
2025-04-16,generation,Low-Rank rank 3,144,2785.82132385,3051.80835805,95.33111271
2025-04-16,generation,Low-Rank rank 5,144,2752.39892162,3050.36071239,-72.85558292
2025-04-16,generation,Seasonal + Low-Rank,144,175.22034615,324.52940478,41.82350205
2025-04-17,generation,Yesterday,144,175.40722500,341.49470880,-103.05863194
2025-04-17,generation,Last Week,144,190.47755833,346.34187577,-58.77656250
2025-04-17,generation,7-day mean,144,105.88634931,188.70084832,-11.74204375
2025-04-17,generation,Seasonal,144,137.80416611,275.24183618,-83.13170069
2025-04-17,generation,Low-Rank rank 1,144,2724.70822241,3390.43572227,-1102.07457134
2025-04-17,generation,Low-Rank rank 3,144,2832.37429972,3226.06534304,-352.42836949
2025-04-17,generation,Low-Rank rank 5,144,2867.27384397,3212.09062434,-169.03199023
2025-04-17,generation,Seasonal + Low-Rank,144,137.80416611,275.24183618,-83.13170069
2025-04-18,generation,Yesterday,144,165.07889514,286.80953056,-21.55632847
2025-04-18,generation,Last Week,144,154.11887847,293.65666125,68.30393403
2025-04-18,generation,7-day mean,144,103.23698869,194.82234358,-24.90172044
2025-04-18,generation,Seasonal,144,125.84596187,222.39583871,18.88078965
2025-04-18,generation,Low-Rank rank 1,144,2737.22000440,3424.50837919,-1192.06469108
2025-04-18,generation,Low-Rank rank 3,144,2914.68603854,3211.01253725,-3.80739702
2025-04-18,generation,Low-Rank rank 5,144,2880.94037556,3215.41388934,-184.37356208
2025-04-18,generation,Seasonal + Low-Rank,144,125.84596187,222.39583871,18.88078965
2025-04-19,generation,Yesterday,144,149.07341389,257.51493125,0.63816944
2025-04-19,generation,Last Week,144,214.54826042,342.84411446,-91.19670347
2025-04-19,generation,7-day mean,144,137.09998145,235.36757256,-34.02125585
2025-04-19,generation,Seasonal,144,158.38054302,262.97479002,-40.68752337
2025-04-19,generation,Low-Rank rank 1,144,2733.94976502,3380.22771527,-1040.22000980
2025-04-19,generation,Low-Rank rank 3,144,2813.44340994,3241.86695126,-414.47019523
2025-04-19,generation,Low-Rank rank 5,144,2854.49200262,3220.48470768,-173.85591846
2025-04-19,generation,Seasonal + Low-Rank,144,158.38054302,262.97479002,-40.68752337
2025-04-20,generation,Yesterday,144,161.34681806,286.21282216,-4.97230694
2025-04-20,generation,Last Week,144,186.36170208,322.94807156,-93.05698958
2025-04-20,generation,7-day mean,144,140.82255258,240.41061321,-25.96546230
2025-04-20,generation,Seasonal,144,146.57327677,269.70033418,-44.61041413
2025-04-20,generation,Low-Rank rank 1,144,2740.31637826,3447.58331466,-1157.00045780
2025-04-20,generation,Low-Rank rank 3,144,2934.98230262,3249.37773181,27.68745943
2025-04-20,generation,Low-Rank rank 5,144,2892.63994993,3252.87299985,-175.29812976
2025-04-20,generation,Seasonal + Low-Rank,144,146.57327677,269.70033418,-44.61041413
2025-04-21,generation,Yesterday,144,239.61585694,432.29065899,-196.86066806
2025-04-21,generation,Last Week,144,201.22487431,363.54556071,-191.30777569
2025-04-21,generation,7-day mean,144,211.57649931,370.79428665,-209.53227470
2025-04-21,generation,Seasonal,144,209.46690240,378.60677162,-194.36186649
2025-04-21,generation,Low-Rank rank 1,144,2916.81875397,3700.21477097,-1367.07502669
2025-04-21,generation,Low-Rank rank 3,144,3071.85235490,3443.42141936,-178.62918469
2025-04-21,generation,Low-Rank rank 5,144,3039.72638587,3457.85908910,-370.40841189
2025-04-21,generation,Seasonal + Low-Rank,144,209.46690240,378.60677162,-194.36186649
2025-04-22,generation,Yesterday,144,233.11568889,465.45046448,179.44399167
2025-04-22,generation,Last Week,144,185.60554167,331.83322214,52.47519306
2025-04-22,generation,7-day mean,144,133.95393690,226.79111378,-2.75860079
2025-04-22,generation,Seasonal,144,159.00960118,336.97025997,122.30803229
2025-04-22,generation,Low-Rank rank 1,144,3172.02748635,3384.13504967,1047.03363847
2025-04-22,generation,Low-Rank rank 3,144,2842.70869713,3229.09931067,-392.20849074
2025-04-22,generation,Low-Rank rank 5,144,2880.14796504,3210.73080139,-175.03805007
2025-04-22,generation,Seasonal + Low-Rank,144,159.00960118,336.97025997,122.30803229
2025-04-23,generation,Yesterday,144,111.26518264,208.81324565,-40.52193125
2025-04-23,generation,Last Week,144,207.81252778,396.66775271,-186.88770556
2025-04-23,generation,7-day mean,144,158.13236716,267.06865121,-50.77698819
2025-04-23,generation,Seasonal,144,134.25494128,258.89979662,-106.38652969
2025-04-23,generation,Low-Rank rank 1,144,2781.32232182,3433.63573006,-1183.46199999
2025-04-23,generation,Low-Rank rank 3,144,2935.16924112,3224.88564709,-25.92225312
2025-04-23,generation,Low-Rank rank 5,144,2905.17487124,3229.78395698,-196.25867699
2025-04-23,generation,Seasonal + Low-Rank,144,134.25494128,258.89979662,-106.38652969
2025-04-24,generation,Yesterday,144,224.65776181,421.34247234,-157.37812153
2025-04-24,generation,Last Week,144,268.95425486,475.16480244,-241.20719514
2025-04-24,generation,7-day mean,144,192.11360694,354.11676902,-181.45686607
2025-04-24,generation,Seasonal,144,215.04033688,415.50290268,-195.10120465
2025-04-24,generation,Low-Rank rank 1,144,2939.58636870,3678.24118738,-1333.36938749
2025-04-24,generation,Low-Rank rank 3,144,3104.12921637,3431.43673076,-149.37408526
2025-04-24,generation,Low-Rank rank 5,144,3074.02608380,3442.26610210,-319.28903596
2025-04-24,generation,Seasonal + Low-Rank,144,215.04033688,415.50290268,-195.10120465
2025-04-25,generation,Yesterday,144,139.04381042,252.45031634,26.86289236
2025-04-25,generation,Last Week,144,222.33329375,395.97269950,-192.78797431
2025-04-25,generation,7-day mean,144,146.87481746,270.53974453,-120.13580298
2025-04-25,generation,Seasonal,144,157.24678264,256.64793129,-71.97999764
2025-04-25,generation,Low-Rank rank 1,144,2899.54676944,3618.95277376,-1320.93689283
2025-04-25,generation,Low-Rank rank 3,144,2987.90383701,3405.00335713,-506.61794671
2025-04-25,generation,Low-Rank rank 5,144,3019.13996433,3381.29214805,-306.13590896
2025-04-25,generation,Seasonal + Low-Rank,144,157.24678264,256.64793129,-71.97999764
2025-04-26,generation,Yesterday,144,320.31526181,545.00192075,-94.49029931
2025-04-26,generation,Last Week,144,341.57843750,626.54408763,-287.91644306
2025-04-26,generation,7-day mean,144,276.29207222,508.45829811,-187.08496310
2025-04-26,generation,Seasonal,144,320.37014399,552.87549466,-181.53206399
2025-04-26,generation,Low-Rank rank 1,144,2998.01926987,3835.99376423,-1368.64716027
2025-04-26,generation,Low-Rank rank 3,144,3178.93536298,3590.60727968,-135.22360648
2025-04-26,generation,Low-Rank rank 5,144,3141.64592473,3601.15517562,-323.65283415
2025-04-26,generation,Seasonal + Low-Rank,144,320.37014399,552.87549466,-181.53206399
2025-04-27,generation,Yesterday,144,186.51995208,355.16215888,148.81997431
2025-04-27,generation,Last Week,144,172.93049375,340.90810655,-134.12416181
2025-04-27,generation,7-day mean,144,125.85003105,249.48225690,2.86593165
2025-04-27,generation,Seasonal,144,111.93807604,212.22617266,21.49511306
2025-04-27,generation,Low-Rank rank 1,144,2858.00001872,3638.54814541,-1260.90106507
2025-04-27,generation,Low-Rank rank 3,144,3062.36969414,3414.95946908,28.62622960
2025-04-27,generation,Low-Rank rank 5,144,3021.51858052,3417.98606516,-172.10522911
2025-04-27,generation,Seasonal + Low-Rank,144,111.93807604,212.22617266,21.49511306
2025-04-28,generation,Yesterday,144,367.06115833,694.77174848,314.32157778
2025-04-28,generation,Last Week,144,395.77117708,691.74289016,377.05808403
2025-04-28,generation,7-day mean,144,354.53119782,621.95285796,336.34810397
2025-04-28,generation,Seasonal,144,368.39076316,675.08202207,342.55300559
2025-04-28,generation,Low-Rank rank 1,144,2539.88424546,3036.09163615,-886.01501877
2025-04-28,generation,Low-Rank rank 3,144,2723.91979745,2927.60936769,368.90394069
2025-04-28,generation,Low-Rank rank 5,144,2683.36940475,2907.80464599,163.36985649
2025-04-28,generation,Seasonal + Low-Rank,144,368.39076316,675.08202207,342.55300559
2025-04-29,generation,Yesterday,144,399.87968542,723.85881899,-371.00881319
2025-04-29,generation,Last Week,144,246.76922222,397.73694390,-173.39472083
2025-04-29,generation,7-day mean,144,186.17049901,307.93488968,-88.52614980
2025-04-29,generation,Seasonal,144,325.77199330,548.18841385,-282.08247163
2025-04-29,generation,Low-Rank rank 1,144,2913.97099314,3603.91962554,-1151.79623777
2025-04-29,generation,Low-Rank rank 3,144,2999.58944131,3450.60436710,-480.03753553
2025-04-29,generation,Low-Rank rank 5,144,3034.01403170,3429.91380047,-280.10320780
2025-04-29,generation,Seasonal + Low-Rank,144,325.77199330,548.18841385,-282.08247163
2025-04-30,generation,Yesterday,144,245.58339097,428.89835762,16.39661319
2025-04-30,generation,Last Week,144,210.19374306,365.71783956,-116.47617639
2025-04-30,generation,7-day mean,144,210.05896300,344.52213931,-47.35886220
2025-04-30,generation,Seasonal,144,208.22190684,355.74080344,-43.39614212
2025-04-30,generation,Low-Rank rank 1,144,2871.85441898,3546.36440182,-1283.82774142
2025-04-30,generation,Low-Rank rank 3,144,3020.71585731,3307.03515782,-60.89916263
2025-04-30,generation,Low-Rank rank 5,144,2992.22379439,3313.44072139,-227.53107701
2025-04-30,generation,Seasonal + Low-Rank,144,208.22190684,355.74080344,-43.39614212
2025-05-01,generation,Yesterday,144,259.18281944,449.89804573,3.03421528
2025-05-01,generation,Last Week,144,202.20672153,340.35363325,43.93616042
2025-05-01,generation,7-day mean,144,133.68339772,231.85838084,-27.68519315
2025-05-01,generation,Seasonal,144,225.86893941,373.82917932,21.44009059
2025-05-01,generation,Low-Rank rank 1,144,2888.96824863,3650.84488437,-1231.61967625
2025-05-01,generation,Low-Rank rank 3,144,3080.88727725,3437.61733512,-14.70123933
2025-05-01,generation,Low-Rank rank 5,144,3049.36427505,3440.87753766,-166.78788761
2025-05-01,generation,Seasonal + Low-Rank,144,225.86893941,373.82917932,21.44009059
2025-05-02,generation,Yesterday,144,377.03167361,677.16708904,370.10410278
2025-05-02,generation,Last Week,144,393.29087500,664.14885275,387.17737083
2025-05-02,generation,7-day mean,144,339.12304722,552.70918918,336.14231528
2025-05-02,generation,Seasonal,144,380.27647049,652.09582118,377.78707340
2025-05-02,generation,Low-Rank rank 1,144,2525.15564333,3059.54476258,-885.94857017
2025-05-02,generation,Low-Rank rank 3,144,2741.99386548,2954.14538032,371.28185254
2025-05-02,generation,Low-Rank rank 5,144,2697.86986712,2934.85892580,178.37442244
2025-05-02,generation,Seasonal + Low-Rank,144,380.27647049,652.09582118,377.78707340
2025-05-03,generation,Yesterday,144,234.76917431,403.83215340,-231.54045764
2025-05-03,generation,Last Week,144,291.23261389,576.26135438,250.12721250
2025-05-03,generation,7-day mean,144,118.91191260,212.32667784,49.29080466
2025-05-03,generation,Seasonal,144,127.54814990,223.46581497,-14.79000608
2025-05-03,generation,Low-Rank rank 1,144,3117.28990502,3339.61662570,945.23546893
2025-05-03,generation,Low-Rank rank 3,144,2819.14102868,3210.43567558,-361.88665922
2025-05-03,generation,Low-Rank rank 5,144,2859.46746514,3193.44586802,-120.11255073
2025-05-03,generation,Seasonal + Low-Rank,144,127.54814990,223.46581497,-14.79000608
2025-05-04,generation,Yesterday,144,202.38447639,347.05779425,-121.15580278
2025-05-04,generation,Last Week,144,305.14843403,515.76670466,-19.84856458
2025-05-04,generation,7-day mean,144,206.28273065,319.99728507,-107.59745704
2025-05-04,generation,Seasonal,144,239.01638566,379.30352882,-75.56754559
2025-05-04,generation,Low-Rank rank 1,144,2839.42437642,3508.65053279,-1281.35960249
2025-05-04,generation,Low-Rank rank 3,144,2970.22487935,3273.27740945,-181.01149330
2025-05-04,generation,Low-Rank rank 5,144,2956.56992416,3278.16461695,-260.60483744
2025-05-04,generation,Seasonal + Low-Rank,144,239.01638566,379.30352882,-75.56754559
2025-05-05,generation,Yesterday,144,267.04437778,442.42358186,141.63582639
2025-05-05,generation,Last Week,144,315.48961597,545.62378567,-192.53431597
2025-05-05,generation,7-day mean,144,206.97674821,327.82669927,36.87387857
2025-05-05,generation,Seasonal,144,206.18992309,382.38498142,-8.74073767
2025-05-05,generation,Low-Rank rank 1,144,2722.98912967,3408.02269897,-1118.55739425
2025-05-05,generation,Low-Rank rank 3,144,2918.83362769,3218.22694530,34.26275073
2025-05-05,generation,Low-Rank rank 5,144,2889.69182079,3218.97525080,-94.78269866
2025-05-05,generation,Seasonal + Low-Rank,144,206.18992309,382.38498142,-8.74073767
2025-05-06,generation,Yesterday,144,164.95621944,318.97800178,-108.78961111
2025-05-06,generation,Last Week,144,260.67640833,466.31896243,69.68488611
2025-05-06,generation,7-day mean,144,207.58591756,366.30955358,-44.41083026
2025-05-06,generation,Seasonal,144,158.59198194,291.11149218,-28.47608736
2025-05-06,generation,Low-Rank rank 1,144,3235.41636565,3485.07760302,951.01670078
2025-05-06,generation,Low-Rank rank 3,144,2922.71341687,3369.68791096,-417.07508313
2025-05-06,generation,Low-Rank rank 5,144,2966.31666706,3348.37633793,-166.97806196
2025-05-06,generation,Seasonal + Low-Rank,144,158.59198194,291.11149218,-28.47608736
2025-05-07,generation,Yesterday,144,186.36441389,320.51309393,85.61411111
2025-05-07,generation,Last Week,144,256.26362153,417.01670643,138.90238403
2025-05-07,generation,7-day mean,144,101.06620585,191.30824051,31.24829712
2025-05-07,generation,Seasonal,144,145.56798247,253.24862512,109.59383392
2025-05-07,generation,Low-Rank rank 1,144,3180.49823090,3407.06827706,1048.77623391
2025-05-07,generation,Low-Rank rank 3,144,2853.52441271,3247.47775121,-348.44364789
2025-05-07,generation,Low-Rank rank 5,144,2899.08521747,3231.36556374,-101.52941562
2025-05-07,generation,Seasonal + Low-Rank,144,145.56798247,253.24862512,109.59383392
2025-05-08,generation,Yesterday,144,187.24421597,338.89855181,61.39183681
2025-05-08,generation,Last Week,144,335.04819583,568.72241582,197.26000556
2025-05-08,generation,7-day mean,144,185.20701835,311.37319657,72.79693621
2025-05-08,generation,Seasonal,144,250.08816997,428.63113592,122.53251274
2025-05-08,generation,Low-Rank rank 1,144,2658.90967489,3235.67513781,-1100.95125427
2025-05-08,generation,Low-Rank rank 3,144,2808.34154384,3045.56406514,103.53082579
2025-05-08,generation,Low-Rank rank 5,144,2774.12676767,3044.23090288,-96.81032472
2025-05-08,generation,Seasonal + Low-Rank,144,250.08816997,428.63113592,122.53251274
2025-05-09,generation,Yesterday,144,190.62079375,343.65023669,-47.31144236
2025-05-09,generation,Last Week,144,253.68956597,444.73668919,-220.15553958
2025-05-09,generation,7-day mean,144,119.83899921,225.22414438,-2.69450694
2025-05-09,generation,Seasonal,144,187.17290653,363.79384923,-125.09128611
2025-05-09,generation,Low-Rank rank 1,144,2730.78976518,3339.93997826,-991.75089912
2025-05-09,generation,Low-Rank rank 3,144,2870.13500594,3189.64515379,-63.53907606
2025-05-09,generation,Low-Rank rank 5,144,2853.34150024,3192.13426108,-147.97791708
2025-05-09,generation,Seasonal + Low-Rank,144,187.17290653,363.79384923,-125.09128611
2025-05-10,generation,Yesterday,144,196.32678750,378.48509974,134.47907639
2025-05-10,generation,Last Week,144,227.69108611,415.51259613,145.86399444
2025-05-10,generation,7-day mean,144,205.10610466,361.54430132,163.23536081
2025-05-10,generation,Seasonal,144,191.02100035,359.05271413,139.60228951
2025-05-10,generation,Low-Rank rank 1,144,2964.00362744,3196.40968617,1131.73885580
2025-05-10,generation,Low-Rank rank 3,144,2648.83106104,2986.05191850,-210.01275667
2025-05-10,generation,Low-Rank rank 5,144,2685.84048239,2979.28938037,16.57586362
2025-05-10,generation,Seasonal + Low-Rank,144,191.02100035,359.05271413,139.60228951
2025-05-11,generation,Yesterday,144,202.24064306,353.02362247,-113.83623194
2025-05-11,generation,Last Week,144,274.74895556,500.06072689,153.18356528
2025-05-11,generation,7-day mean,144,165.77106458,268.26969860,28.56141538
2025-05-11,generation,Seasonal,144,176.59115181,320.92886836,6.32267681
2025-05-11,generation,Low-Rank rank 1,144,2995.90265748,3216.14157761,946.19339597
2025-05-11,generation,Low-Rank rank 3,144,2743.00379373,3081.16328202,-334.22599669
2025-05-11,generation,Low-Rank rank 5,144,2775.81266133,3065.97795756,-117.31527707
2025-05-11,generation,Seasonal + Low-Rank,144,176.59115181,320.92886836,6.32267681
2025-05-12,generation,Yesterday,144,318.18060764,545.53641760,-135.76654375
2025-05-12,generation,Last Week,144,317.56569236,552.95253354,-124.21880486
2025-05-12,generation,7-day mean,144,290.72862937,495.54483791,-129.08849484
2025-05-12,generation,Seasonal,144,294.59023639,507.37706384,-130.57006125
2025-05-12,generation,Low-Rank rank 1,144,2807.01762565,3450.61584112,-1252.86406293
2025-05-12,generation,Low-Rank rank 3,144,2943.73134367,3222.21560198,-121.12864538
2025-05-12,generation,Low-Rank rank 5,144,2912.47964711,3233.28736054,-311.01937297
2025-05-12,generation,Seasonal + Low-Rank,144,294.59023639,507.37706384,-130.57006125
2025-05-13,generation,Yesterday,144,231.62551597,398.82879109,57.37456458
2025-05-13,generation,Last Week,144,234.43131389,393.74389673,41.94537083
2025-05-13,generation,7-day mean,144,93.02661627,157.21202884,-53.96838671
2025-05-13,generation,Seasonal,144,132.74621212,238.04724516,50.43142740
2025-05-13,generation,Low-Rank rank 1,144,2735.74657476,3390.32299949,-1255.55176219
2025-05-13,generation,Low-Rank rank 3,144,2858.24669085,3150.43110056,-89.34854898
2025-05-13,generation,Low-Rank rank 5,144,2837.93399187,3156.03482930,-217.81860952
2025-05-13,generation,Seasonal + Low-Rank,144,132.74621212,238.04724516,50.43142740
2025-05-14,generation,Yesterday,144,141.15317569,237.55856176,-18.22656875
2025-05-14,generation,Last Week,144,196.30646458,326.82441749,-61.89530903
2025-05-14,generation,7-day mean,144,128.95639216,239.19020502,-78.18715129
2025-05-14,generation,Seasonal,144,138.69374444,246.12605254,-37.87750188
2025-05-14,generation,Low-Rank rank 1,144,2772.79271736,3416.53619001,-1214.03655870
2025-05-14,generation,Low-Rank rank 3,144,2863.76072929,3222.97915791,-442.49640399
2025-05-14,generation,Low-Rank rank 5,144,2898.78025343,3200.83256111,-222.05967092
2025-05-14,generation,Seasonal + Low-Rank,144,138.69374444,246.12605254,-37.87750188
2025-05-15,generation,Yesterday,144,175.31613958,330.88081006,31.02520625
2025-05-15,generation,Last Week,144,186.72712847,334.87477744,-92.26193958
2025-05-15,generation,7-day mean,144,144.48050645,263.72023765,-38.31975804
2025-05-15,generation,Seasonal,144,158.19365993,288.16009440,-24.45400938
2025-05-15,generation,Low-Rank rank 1,144,2733.98243822,3418.14912920,-1172.08550257
2025-05-15,generation,Low-Rank rank 3,144,2822.99180953,3235.29049925,-394.13953211
2025-05-15,generation,Low-Rank rank 5,144,2861.36005920,3216.89686863,-174.05340386
2025-05-15,generation,Seasonal + Low-Rank,144,158.19365993,288.16009440,-24.45400938
2025-05-16,generation,Yesterday,144,226.01200764,363.98586567,-213.85777847
2025-05-16,generation,Last Week,144,307.47556597,482.02073843,-258.80827569
2025-05-16,generation,7-day mean,144,243.93733065,406.16763323,-238.99725942
2025-05-16,generation,Seasonal,144,256.18162938,392.75464022,-234.08550222
2025-05-16,generation,Low-Rank rank 1,144,2933.81298240,3682.29318681,-1403.64635633
2025-05-16,generation,Low-Rank rank 3,144,3059.43552049,3414.64912262,-234.46997833
2025-05-16,generation,Low-Rank rank 5,144,3033.04966190,3429.55117204,-405.04996054
2025-05-16,generation,Seasonal + Low-Rank,144,256.18162938,392.75464022,-234.08550222
2025-05-17,generation,Yesterday,144,321.89262500,591.76169034,297.50445278
2025-05-17,generation,Last Week,144,247.75960208,441.82922121,-95.78289931
2025-05-17,generation,7-day mean,144,190.22061964,351.83925726,95.47980417
2025-05-17,generation,Seasonal,144,228.58632649,429.45272693,120.52514434
2025-05-17,generation,Low-Rank rank 1,144,2642.76986702,3203.41793936,-1113.12273954
2025-05-17,generation,Low-Rank rank 3,144,2790.59934596,3009.82523497,108.39840322
2025-05-17,generation,Low-Rank rank 5,144,2764.63380139,3006.91440971,-50.05033704
2025-05-17,generation,Seasonal + Low-Rank,144,228.58632649,429.45272693,120.52514434
2025-05-18,generation,Yesterday,144,268.31667292,434.21588894,-91.04739792
2025-05-18,generation,Last Week,144,234.93708333,431.55783329,-72.99406528
2025-05-18,generation,7-day mean,144,161.84749663,303.32519842,18.11567758
2025-05-18,generation,Seasonal,144,237.67544580,402.20631705,-82.92339823
2025-05-18,generation,Low-Rank rank 1,144,2743.27171564,3311.64001934,-1093.31895165
2025-05-18,generation,Low-Rank rank 3,144,2869.83949952,3126.35331540,-28.62965191
2025-05-18,generation,Low-Rank rank 5,144,2846.77890676,3130.33879556,-172.73874424
2025-05-18,generation,Seasonal + Low-Rank,144,237.67544580,402.20631705,-82.92339823
2025-05-19,generation,Yesterday,144,310.96567500,643.02844535,-231.09593889
2025-05-19,generation,Last Week,144,337.49016181,636.26499778,-168.32346042
2025-05-19,generation,7-day mean,144,241.52595139,477.67983731,-202.55253770
2025-05-19,generation,Seasonal,144,290.25361483,615.44735987,-202.84832358
2025-05-19,generation,Low-Rank rank 1,144,3297.83041543,3552.15694983,766.23856307
2025-05-19,generation,Low-Rank rank 3,144,3047.52367172,3500.99472711,-540.70276670
2025-05-19,generation,Low-Rank rank 5,144,3080.04257204,3474.25738419,-318.86418764
2025-05-19,generation,Seasonal + Low-Rank,144,290.25361483,615.44735987,-202.84832358
2025-05-20,generation,Yesterday,144,341.77774444,686.16297963,276.95785556
2025-05-20,generation,Last Week,144,178.34969444,351.22405100,51.25983056
2025-05-20,generation,7-day mean,144,162.41273760,313.97194961,98.45152649
2025-05-20,generation,Seasonal,144,258.18003819,509.05122888,175.39374431
2025-05-20,generation,Low-Rank rank 1,144,2684.93104310,3258.66219109,-1120.38041650
2025-05-20,generation,Low-Rank rank 3,144,2764.70777997,3072.42762244,-273.88229788
2025-05-20,generation,Low-Rank rank 5,144,2797.87718021,3061.64312135,-41.96993490
2025-05-20,generation,Seasonal + Low-Rank,144,258.18003819,509.05122888,175.39374431
2025-05-21,generation,Yesterday,144,290.35928611,564.46129344,-125.42721250
2025-05-21,generation,Last Week,144,265.81695764,441.65001210,-55.94081319
2025-05-21,generation,7-day mean,144,221.68608958,385.08368826,-34.29851895
2025-05-21,generation,Seasonal,144,274.48484156,483.33148558,-94.15833281
2025-05-21,generation,Low-Rank rank 1,144,2812.80056830,3459.55681178,-1164.84253249
2025-05-21,generation,Low-Rank rank 3,144,2940.85556383,3261.07792922,-63.40138984
2025-05-21,generation,Low-Rank rank 5,144,2920.62132951,3265.48210151,-197.04061714
2025-05-21,generation,Seasonal + Low-Rank,144,274.48484156,483.33148558,-94.15833281
2025-05-22,generation,Yesterday,144,165.01836667,291.09546901,0.30778333
2025-05-22,generation,Last Week,144,163.77512222,270.48486523,-86.65823611
2025-05-22,generation,7-day mean,144,95.62563333,178.98508946,-25.99919087
2025-05-22,generation,Seasonal,144,115.47381389,202.80391499,-38.82692542
2025-05-22,generation,Low-Rank rank 1,144,2804.59667548,3458.23283408,-1205.06877788
2025-05-22,generation,Low-Rank rank 3,144,2881.31136951,3270.35879286,-430.31463178
2025-05-22,generation,Low-Rank rank 5,144,2912.69798383,3250.69751734,-224.58938680
2025-05-22,generation,Seasonal + Low-Rank,144,115.47381389,202.80391499,-38.82692542
2025-05-23,generation,Yesterday,144,124.67400694,252.47497661,14.60890417
2025-05-23,generation,Last Week,144,171.50261597,318.45828315,141.80844653
2025-05-23,generation,7-day mean,144,110.13669425,195.50958291,0.98946131
2025-05-23,generation,Seasonal,144,121.25535747,226.58852797,71.84869823
2025-05-23,generation,Low-Rank rank 1,144,2782.96855768,3427.39057984,-1196.15710196
2025-05-23,generation,Low-Rank rank 3,144,2888.81136819,3220.64589009,-203.72491400
2025-05-23,generation,Low-Rank rank 5,144,2893.37053840,3219.17578886,-175.10721792
2025-05-23,generation,Seasonal + Low-Rank,144,121.25535747,226.58852797,71.84869823
2025-05-24,generation,Yesterday,144,209.97685000,357.09985730,-99.03670556
2025-05-24,generation,Last Week,144,329.47009097,600.41827764,-254.73271181
2025-05-24,generation,7-day mean,144,201.43875685,344.23485232,-118.30559375
2025-05-24,generation,Seasonal,144,253.91442753,438.58665840,-169.09990837
2025-05-24,generation,Low-Rank rank 1,144,2881.83058746,3579.64781150,-1274.96285762
2025-05-24,generation,Low-Rank rank 3,144,2994.63955868,3348.05780676,-131.36766412
2025-05-24,generation,Low-Rank rank 5,144,2973.32850786,3356.50291284,-280.41745941
2025-05-24,generation,Seasonal + Low-Rank,144,253.91442753,438.58665840,-169.09990837
2025-05-25,generation,Yesterday,144,180.62322847,311.43489884,-34.81462431
2025-05-25,generation,Last Week,144,280.31878264,518.89265578,-198.49993819
2025-05-25,generation,7-day mean,144,141.34951181,255.15712627,-116.72983065
2025-05-25,generation,Seasonal,144,179.32260097,330.49567586,-108.47301556
2025-05-25,generation,Low-Rank rank 1,144,2914.44224780,3616.38131513,-1308.26054710
2025-05-25,generation,Low-Rank rank 3,144,3050.34078162,3375.51640758,-113.24583495
2025-05-25,generation,Low-Rank rank 5,144,3024.79770407,3383.31104982,-267.77841802
2025-05-25,generation,Seasonal + Low-Rank,144,179.32260097,330.49567586,-108.47301556
2025-05-26,generation,Yesterday,144,305.73419722,562.67484735,289.44712500
2025-05-26,generation,Last Week,144,343.40557708,641.98322884,322.04312569
2025-05-26,generation,7-day mean,144,236.90937063,446.36740255,201.07442837
2025-05-26,generation,Seasonal,144,315.03409955,580.42875726,304.11532531
2025-05-26,generation,Low-Rank rank 1,144,2624.64101105,3185.06210503,-1039.85678058
2025-05-26,generation,Low-Rank rank 3,144,2787.71158495,3015.60827844,200.15409308
2025-05-26,generation,Low-Rank rank 5,144,2754.01738117,3008.45620429,27.77046458
2025-05-26,generation,Seasonal + Low-Rank,144,315.03409955,580.42875726,304.11532531
2025-05-27,generation,Yesterday,144,254.09887361,480.19523576,-242.84681806
2025-05-27,generation,Last Week,144,257.19476042,486.49490801,-197.76154792
2025-05-27,generation,7-day mean,144,141.29756042,249.98904661,-87.77855050
2025-05-27,generation,Seasonal,144,231.22187865,437.10705222,-222.55844649
2025-05-27,generation,Low-Rank rank 1,144,3158.44691423,3407.42102848,828.67983745
2025-05-27,generation,Low-Rank rank 3,144,2924.39930108,3322.51896279,-435.24749585
2025-05-27,generation,Low-Rank rank 5,144,2944.25441045,3306.68596206,-283.72038445
2025-05-27,generation,Seasonal + Low-Rank,144,231.22187865,437.10705222,-222.55844649
2025-05-28,generation,Yesterday,144,283.33359722,510.67576338,125.35153889
2025-05-28,generation,Last Week,144,242.29414792,447.93902583,53.01720347
2025-05-28,generation,7-day mean,144,244.11559782,412.37411150,65.82463810
2025-05-28,generation,Seasonal,144,254.54855358,449.87524729,92.80108795
2025-05-28,generation,Low-Rank rank 1,144,2761.41134994,3368.47080307,-1103.35071489
2025-05-28,generation,Low-Rank rank 3,144,2873.14465907,3187.23308258,-212.96354464
2025-05-28,generation,Low-Rank rank 5,144,2895.02117992,3181.47658340,-85.64914946
2025-05-28,generation,Seasonal + Low-Rank,144,254.54855358,449.87524729,92.80108795
2025-05-29,generation,Yesterday,144,157.40308681,280.57060844,54.95134792
2025-05-29,generation,Last Week,144,211.00999167,374.16565698,107.66076806
2025-05-29,generation,7-day mean,144,173.88290813,320.96144855,113.20209980
2025-05-29,generation,Seasonal,144,139.49000281,253.28785959,78.67058698
2025-05-29,generation,Low-Rank rank 1,144,3088.01952542,3314.42823599,1097.72962913
2025-05-29,generation,Low-Rank rank 3,144,2782.91546369,3127.22400670,-236.07354658
2025-05-29,generation,Low-Rank rank 5,144,2817.69194107,3118.72522328,-22.20062505
2025-05-29,generation,Seasonal + Low-Rank,144,139.49000281,253.28785959,78.67058698
2025-05-30,generation,Yesterday,144,260.48296597,494.90815772,-70.28335208
2025-05-30,generation,Last Week,144,194.63041181,341.75954101,22.76851181
2025-05-30,generation,7-day mean,144,187.98150446,338.35584457,27.53863800
2025-05-30,generation,Seasonal,144,179.47232361,354.61937945,-28.41001333
2025-05-30,generation,Low-Rank rank 1,144,3173.69564302,3432.65797503,994.58469427
2025-05-30,generation,Low-Rank rank 3,144,2871.29584719,3287.90465967,-323.43828975
2025-05-30,generation,Low-Rank rank 5,144,2904.77849751,3275.46114239,-127.18928917
2025-05-30,generation,Seasonal + Low-Rank,144,179.47232361,354.61937945,-28.41001333
2025-05-31,generation,Yesterday,144,223.78899653,393.67006640,67.78500764
2025-05-31,generation,Last Week,144,204.23207083,370.33329595,189.59022500
2025-05-31,generation,7-day mean,144,166.23703562,308.21699605,92.07100109
2025-05-31,generation,Seasonal,144,184.76403788,334.93231053,122.59735545
2025-05-31,generation,Low-Rank rank 1,144,2680.10012987,3299.45935627,-1103.51157583
2025-05-31,generation,Low-Rank rank 3,144,2824.68597176,3110.99497874,93.28945970
2025-05-31,generation,Low-Rank rank 5,144,2791.13097448,3110.36970364,-101.96078283
2025-05-31,generation,Seasonal + Low-Rank,144,184.76403788,334.93231053,122.59735545
2025-06-01,generation,Yesterday,144,433.10490139,812.24432726,390.22572083
2025-06-01,generation,Last Week,144,618.32324931,1074.03040613,614.63057014
2025-06-01,generation,7-day mean,144,460.02775605,828.65733855,455.21240407
2025-06-01,generation,Seasonal,144,495.86296122,909.09207613,491.20790302
2025-06-01,generation,Low-Rank rank 1,144,2695.70581720,2929.81023762,1363.64864669
2025-06-01,generation,Low-Rank rank 3,144,2402.57124233,2582.34600069,86.83848901
2025-06-01,generation,Low-Rank rank 5,144,2440.79837247,2598.99651444,299.70690350
2025-06-01,generation,Seasonal + Low-Rank,144,495.86296122,909.09207613,491.20790302
2025-06-02,generation,Yesterday,144,353.25973611,694.05777273,-100.66649167
2025-06-02,generation,Last Week,144,376.07367153,623.60489935,224.51695347
2025-06-02,generation,7-day mean,144,353.16795813,573.16913100,266.74154524
2025-06-02,generation,Seasonal,144,335.37205441,588.50398283,45.66605865
2025-06-02,generation,Low-Rank rank 1,144,2440.96755638,2958.98021558,-709.52229790
2025-06-02,generation,Low-Rank rank 3,144,2591.56277868,2883.53027863,214.01125185
2025-06-02,generation,Low-Rank rank 5,144,2478.97844841,2901.71258601,-405.81197574
2025-06-02,generation,Seasonal + Low-Rank,144,335.37205441,588.50398283,45.66605865
2025-06-03,generation,Yesterday,144,269.45571528,493.62994214,-18.53100833
2025-06-03,generation,Last Week,144,451.00079236,714.09952534,448.83276319
2025-06-03,generation,7-day mean,144,225.38455506,379.28780308,216.13668641
2025-06-03,generation,Seasonal,144,259.46693670,471.23111515,191.78268885
2025-06-03,generation,Low-Rank rank 1,144,2442.93531791,2962.10524994,-871.48004959
2025-06-03,generation,Low-Rank rank 3,144,2587.02451561,2836.44408505,204.80592908
2025-06-03,generation,Low-Rank rank 5,144,2495.30977577,2852.20417394,-363.38288519
2025-06-03,generation,Seasonal + Low-Rank,144,259.46693670,471.23111515,191.78268885
2025-06-04,generation,Yesterday,144,202.15226667,418.14621474,41.24545694
2025-06-04,generation,Last Week,144,384.72347708,749.56740895,364.72668125
2025-06-04,generation,7-day mean,144,201.52391250,435.01046681,193.26317718
2025-06-04,generation,Seasonal,144,236.07327135,509.71572257,186.81200788
2025-06-04,generation,Low-Rank rank 1,144,2384.72157423,2851.88217387,-854.52692212
2025-06-04,generation,Low-Rank rank 3,144,2526.68937198,2729.67611165,203.36017538
2025-06-04,generation,Low-Rank rank 5,144,2446.42500087,2734.30412843,-268.82493438
2025-06-04,generation,Seasonal + Low-Rank,144,236.07327135,509.71572257,186.81200788
2025-06-05,generation,Yesterday,144,193.26098403,345.88823274,66.16583819
2025-06-05,generation,Last Week,144,379.13650486,671.64334648,375.94117153
2025-06-05,generation,7-day mean,144,224.36372679,384.17033328,207.32520377
2025-06-05,generation,Seasonal,144,218.23771035,399.87520980,205.56473819
2025-06-05,generation,Low-Rank rank 1,144,2321.98304623,2820.91814849,-824.90963092
2025-06-05,generation,Low-Rank rank 3,144,2455.17185024,2703.71423550,181.86087345
2025-06-05,generation,Low-Rank rank 5,144,2406.55080401,2699.41678932,-102.01592128
2025-06-05,generation,Seasonal + Low-Rank,144,218.23771035,399.87520980,205.56473819
2025-06-06,generation,Yesterday,144,261.13210347,443.71896984,225.59096042
2025-06-06,generation,Last Week,144,672.28945347,1115.34907086,671.81548403
2025-06-06,generation,7-day mean,144,379.25908155,615.59290347,379.21028254
2025-06-06,generation,Seasonal,144,427.05215146,715.15851123,426.39199604
2025-06-06,generation,Low-Rank rank 1,144,2541.66739962,2746.94504804,1236.43276642
2025-06-06,generation,Low-Rank rank 3,144,2201.39292731,2437.79408223,41.06261957
2025-06-06,generation,Low-Rank rank 5,144,2234.04049025,2447.76001663,192.64031833
2025-06-06,generation,Seasonal + Low-Rank,144,427.05215146,715.15851123,426.39199604
2025-06-07,generation,Yesterday,144,202.29085764,344.04186239,-5.74279097
2025-06-07,generation,Last Week,144,598.28768542,979.47399145,598.28768542
2025-06-07,generation,7-day mean,144,280.02280496,492.78890190,277.49385099
2025-06-07,generation,Seasonal,144,285.94578597,517.43317808,266.07092340
2025-06-07,generation,Low-Rank rank 1,144,2103.49097591,2480.81903137,-684.09544976
2025-06-07,generation,Low-Rank rank 3,144,2216.98916778,2396.12607891,244.02106675
2025-06-07,generation,Low-Rank rank 5,144,2170.19287024,2383.91943692,-51.59664221
2025-06-07,generation,Seasonal + Low-Rank,144,285.94578597,517.43317808,266.07092340
2025-06-08,generation,Yesterday,144,477.50115556,838.31087688,-460.49070000
2025-06-08,generation,Last Week,144,353.90082569,665.72519815,-252.42873542
2025-06-08,generation,7-day mean,144,288.32016716,515.41364098,-268.46651835
2025-06-08,generation,Seasonal,144,399.36019337,734.02140076,-366.86281594
2025-06-08,generation,Low-Rank rank 1,144,2560.73409551,3176.56947426,-1151.57592668
2025-06-08,generation,Low-Rank rank 3,144,2654.94277712,2977.58847297,-289.96273701
2025-06-08,generation,Low-Rank rank 5,144,2588.95210583,3070.07232106,-809.50850953
2025-06-08,generation,Seasonal + Low-Rank,144,399.36019337,734.02140076,-366.86281594
2025-06-09,generation,Yesterday,144,277.53939722,471.07878983,243.56450556
2025-06-09,generation,Last Week,144,204.03704514,425.59970992,91.80226181
2025-06-09,generation,7-day mean,144,147.35522639,253.08762382,11.15923512
2025-06-09,generation,Seasonal,144,209.06631677,389.53859860,175.27149587
2025-06-09,generation,Low-Rank rank 1,144,2320.95342849,2930.86247127,-1060.92951372
2025-06-09,generation,Low-Rank rank 3,144,2420.84041064,2743.19314907,-244.21257422
2025-06-09,generation,Low-Rank rank 5,144,2475.71265595,2734.91305807,38.72989482
2025-06-09,generation,Seasonal + Low-Rank,144,209.06631677,389.53859860,175.27149587
2025-06-10,generation,Yesterday,144,188.52542083,329.24097587,60.01782083
2025-06-10,generation,Last Week,144,283.38136042,477.56706158,170.35109097
2025-06-10,generation,7-day mean,144,149.36188046,250.88331465,58.06244712
2025-06-10,generation,Seasonal,144,206.62987128,348.09254296,109.66779240
2025-06-10,generation,Low-Rank rank 1,144,2251.53675703,2778.36048005,-943.17149279
2025-06-10,generation,Low-Rank rank 3,144,2375.84271871,2616.65434231,51.45778862
2025-06-10,generation,Low-Rank rank 5,144,2391.14218238,2620.52288350,129.52804116
2025-06-10,generation,Seasonal + Low-Rank,144,206.62987128,348.09254296,109.66779240
2025-06-11,generation,Yesterday,144,230.27138264,439.42594857,151.82568958
2025-06-11,generation,Last Week,144,299.52158611,517.21754381,280.93132361
2025-06-11,generation,7-day mean,144,205.50162609,396.97502270,185.55226657
2025-06-11,generation,Seasonal,144,241.87680747,441.97927960,209.92322490
2025-06-11,generation,Low-Rank rank 1,144,2106.33939887,2564.72787011,-781.73101370
2025-06-11,generation,Low-Rank rank 3,144,2181.79730427,2445.18834460,-128.36642067
2025-06-11,generation,Low-Rank rank 5,144,2230.81630484,2446.92178017,141.28550097
2025-06-11,generation,Seasonal + Low-Rank,144,241.87680747,441.97927960,209.92322490
2025-06-12,generation,Yesterday,144,198.98248681,389.51543715,-129.88293958
2025-06-12,generation,Last Week,144,158.77988472,285.64202495,84.88254583
2025-06-12,generation,7-day mean,144,101.21851528,179.72354462,15.53628075
2025-06-12,generation,Seasonal,144,136.11643469,248.72258924,-33.23847115
2025-06-12,generation,Low-Rank rank 1,144,2238.44256042,2734.18219113,-888.93889394
2025-06-12,generation,Low-Rank rank 3,144,2296.74104313,2603.81947515,-296.29183009
2025-06-12,generation,Low-Rank rank 5,144,2294.79648886,2605.34116777,-310.52012372
2025-06-12,generation,Seasonal + Low-Rank,144,136.11643469,248.72258924,-33.23847115
2025-06-13,generation,Yesterday,144,243.35000764,413.95626544,71.88103542
2025-06-13,generation,Last Week,144,246.27481111,422.02142428,-68.82737917
2025-06-13,generation,7-day mean,144,194.75943065,341.66584018,75.29123819
2025-06-13,generation,Seasonal,144,231.58059795,391.19080674,8.56224885
2025-06-13,generation,Low-Rank rank 1,144,2156.27438546,2669.62043362,-822.41035687
2025-06-13,generation,Low-Rank rank 3,144,2224.18446488,2548.61399065,-228.88327260
2025-06-13,generation,Low-Rank rank 5,144,2212.24156077,2556.35946188,-303.64574522
2025-06-13,generation,Seasonal + Low-Rank,144,231.58059795,391.19080674,8.56224885
2025-06-14,generation,Yesterday,144,271.40801111,493.75043968,-104.81406944
2025-06-14,generation,Last Week,144,245.98489097,477.92986389,-167.89865764
2025-06-14,generation,7-day mean,144,144.73450804,288.41662377,-19.69034851
2025-06-14,generation,Seasonal,144,229.36783670,455.52200305,-133.20213413
2025-06-14,generation,Low-Rank rank 1,144,2519.19458577,2694.07403724,732.01604298
2025-06-14,generation,Low-Rank rank 3,144,2311.60270842,2600.42092132,-316.67763951
2025-06-14,generation,Low-Rank rank 5,144,2305.28658560,2607.38166507,-368.37959069
2025-06-14,generation,Seasonal + Low-Rank,144,229.36783670,455.52200305,-133.20213413
2025-06-15,generation,Yesterday,144,202.70865208,359.10711173,-28.42065903
2025-06-15,generation,Last Week,144,345.14330972,600.94059842,264.17138333
2025-06-15,generation,7-day mean,144,154.98966637,251.08401785,-24.12548502
2025-06-15,generation,Seasonal,144,233.66050767,397.35295751,103.24576003
2025-06-15,generation,Low-Rank rank 1,144,2269.17795456,2761.29832659,-1007.05920248
2025-06-15,generation,Low-Rank rank 3,144,2317.86779099,2593.14828004,-342.41976409
2025-06-15,generation,Low-Rank rank 5,144,2354.60447787,2573.45808565,-64.53866510
2025-06-15,generation,Seasonal + Low-Rank,144,233.66050767,397.35295751,103.24576003
2025-06-16,generation,Yesterday,144,186.01189236,318.21770771,75.72212431
2025-06-16,generation,Last Week,144,199.98401042,358.76559034,96.32900208
2025-06-16,generation,7-day mean,144,112.81947917,212.10015062,13.85787024
2025-06-16,generation,Seasonal,144,167.40728951,288.42142873,84.99521931
2025-06-16,generation,Low-Rank rank 1,144,2226.10761097,2746.67149864,-927.26036513
2025-06-16,generation,Low-Rank rank 3,144,2290.86303425,2599.82057441,-273.08385820
2025-06-16,generation,Low-Rank rank 5,144,2315.09473447,2588.31722495,-103.98848542
2025-06-16,generation,Seasonal + Low-Rank,144,167.40728951,288.42142873,84.99521931
2025-06-17,generation,Yesterday,144,210.54794514,407.41760941,93.74315903
2025-06-17,generation,Last Week,144,237.81107639,489.29204105,130.05434028
2025-06-17,generation,7-day mean,144,183.69316448,384.59975239,93.83974325
2025-06-17,generation,Seasonal,144,204.11822816,423.45600753,110.08319059
2025-06-17,generation,Low-Rank rank 1,144,2119.67663218,2556.84619729,-834.52894788
2025-06-17,generation,Low-Rank rank 3,144,2214.20381409,2422.91202016,104.09891138
2025-06-17,generation,Low-Rank rank 5,144,2191.06201193,2419.89440295,-51.56968190
2025-06-17,generation,Seasonal + Low-Rank,144,204.11822816,423.45600753,110.08319059
2025-06-18,generation,Yesterday,144,207.06509722,394.44639889,-137.74769306
2025-06-18,generation,Last Week,144,224.64888542,408.40390788,-159.51904236
2025-06-18,generation,7-day mean,144,123.35883115,220.61935078,-62.48714127
2025-06-18,generation,Seasonal,144,193.04941865,345.27436697,-147.54480024
2025-06-18,generation,Low-Rank rank 1,144,2251.07990986,2757.62748434,-959.68899864
2025-06-18,generation,Low-Rank rank 3,144,2353.15687736,2589.65638781,-106.12971443
2025-06-18,generation,Low-Rank rank 5,144,2328.83714232,2598.70449745,-251.26296967
2025-06-18,generation,Seasonal + Low-Rank,144,193.04941865,345.27436697,-147.54480024
2025-06-19,generation,Yesterday,144,230.66388681,440.63043754,-129.53644514
2025-06-19,generation,Last Week,144,228.90545347,437.88354263,-159.17254792
2025-06-19,generation,7-day mean,144,217.95863373,427.66011335,-169.23515179
2025-06-19,generation,Seasonal,144,216.94903222,416.63207344,-142.87269139
2025-06-19,generation,Low-Rank rank 1,144,2379.49418203,3001.80967395,-1104.73085037
2025-06-19,generation,Low-Rank rank 3,144,2437.42622211,2829.83726588,-466.53065490
2025-06-19,generation,Low-Rank rank 5,144,2454.49210403,2810.16702086,-321.90021469
2025-06-19,generation,Seasonal + Low-Rank,144,216.94903222,416.63207344,-142.87269139
2025-06-20,generation,Yesterday,144,178.66625833,309.90783615,14.71099306
2025-06-20,generation,Last Week,144,247.60366528,436.88306944,-216.34259028
2025-06-20,generation,7-day mean,144,156.12025387,255.02922311,-131.78522331
2025-06-20,generation,Seasonal,144,163.42757201,288.01883011,-89.26311944
2025-06-20,generation,Low-Rank rank 1,144,2359.42660782,2935.65811211,-1125.61931464
2025-06-20,generation,Low-Rank rank 3,144,2468.99323562,2716.98744392,-119.56688793
2025-06-20,generation,Low-Rank rank 5,144,2442.41439956,2726.87543068,-272.90121686
2025-06-20,generation,Seasonal + Low-Rank,144,163.42757201,288.01883011,-89.26311944
2025-06-21,generation,Yesterday,144,249.71647222,457.17786504,-139.03439722
2025-06-21,generation,Last Week,144,346.64048194,662.96086984,-250.56291806
2025-06-21,generation,7-day mean,144,286.28272272,550.71241801,-239.91353621
2025-06-21,generation,Seasonal,144,281.71554521,536.42313810,-189.22223160
2025-06-21,generation,Low-Rank rank 1,144,2515.22081813,3188.10445402,-1220.83517724
2025-06-21,generation,Low-Rank rank 3,144,2573.05019606,2989.49486034,-517.69145146
2025-06-21,generation,Low-Rank rank 5,144,2588.96682095,2969.14046222,-380.01567980
2025-06-21,generation,Seasonal + Low-Rank,144,281.71554521,536.42313810,-189.22223160
2025-06-22,generation,Yesterday,144,306.42383403,571.44139140,124.63348264
2025-06-22,generation,Last Week,144,194.84957778,354.13703700,-97.50877639
2025-06-22,generation,7-day mean,144,185.76511885,299.24300203,-79.48535099
2025-06-22,generation,Seasonal,144,233.88547913,399.50231476,24.66946608
2025-06-22,generation,Low-Rank rank 1,144,2365.52553049,2903.82812933,-1109.88516835
2025-06-22,generation,Low-Rank rank 3,144,2424.44493296,2703.51901590,-311.43351355
2025-06-22,generation,Low-Rank rank 5,144,2469.97777296,2688.15448664,41.25931144
2025-06-22,generation,Seasonal + Low-Rank,144,233.88547913,399.50231476,24.66946608
2025-06-23,generation,Yesterday,144,169.53042500,301.52072099,-22.81109444
2025-06-23,generation,Last Week,144,221.54008542,368.37370366,-196.04199514
2025-06-23,generation,7-day mean,144,141.32826845,246.84925397,-88.36662024
2025-06-23,generation,Seasonal,144,160.26658976,268.54885846,-100.76499976
2025-06-23,generation,Low-Rank rank 1,144,2407.55487949,2988.73344294,-1073.71043905
2025-06-23,generation,Low-Rank rank 3,144,2508.57296562,2795.60719964,-123.57847000
2025-06-23,generation,Low-Rank rank 5,144,2512.54149049,2793.28652139,-93.38725547
2025-06-23,generation,Seasonal + Low-Rank,144,160.26658976,268.54885846,-100.76499976
2025-06-24,generation,Yesterday,144,389.12628125,696.98532610,366.06392986
2025-06-24,generation,Last Week,144,262.20783542,481.24015926,76.27877569
2025-06-24,generation,7-day mean,144,308.41016964,543.17535761,305.70330893
2025-06-24,generation,Seasonal,144,286.08142681,536.14123792,235.66061049
2025-06-24,generation,Low-Rank rank 1,144,2048.53363134,2427.90642270,-684.26152871
2025-06-24,generation,Low-Rank rank 3,144,2130.59730654,2328.37770621,46.18817289
2025-06-24,generation,Low-Rank rank 5,144,2141.00087934,2330.59513362,115.14756512
2025-06-24,generation,Seasonal + Low-Rank,144,286.08142681,536.14123792,235.66061049
2025-06-25,generation,Yesterday,144,246.14190972,407.10474933,-209.53892917
2025-06-25,generation,Last Week,144,196.00446042,331.38893671,4.48753958
2025-06-25,generation,7-day mean,144,180.37515248,355.41046411,85.26741181
2025-06-25,generation,Seasonal,144,184.26120073,302.13900273,-113.22701823
2025-06-25,generation,Low-Rank rank 1,144,2500.75368686,2670.66848818,800.18986339
2025-06-25,generation,Low-Rank rank 3,144,2312.58255834,2548.89332575,-207.14452979
2025-06-25,generation,Low-Rank rank 5,144,2276.42265051,2587.11372340,-488.29140870
2025-06-25,generation,Seasonal + Low-Rank,144,184.26120073,302.13900273,-113.22701823
2025-06-26,generation,Yesterday,144,210.69755972,441.92436572,-136.54476944
2025-06-26,generation,Last Week,144,220.03649167,425.33363162,-2.52078472
2025-06-26,generation,7-day mean,144,178.83584861,310.86529481,-51.91843472
2025-06-26,generation,Seasonal,144,167.72898222,358.01286615,-76.23397632
2025-06-26,generation,Low-Rank rank 1,144,2579.34462786,2781.06697069,378.12666766
2025-06-26,generation,Low-Rank rank 3,144,2446.83724152,2773.27105174,-343.04658321
2025-06-26,generation,Low-Rank rank 5,144,2427.92762045,2797.35021307,-500.04125494
2025-06-26,generation,Seasonal + Low-Rank,144,167.72898222,358.01286615,-76.23397632
2025-06-27,generation,Yesterday,144,157.50363472,299.16725761,-26.73115000
2025-06-27,generation,Last Week,144,147.27979444,276.95293167,-43.96292778
2025-06-27,generation,7-day mean,144,135.28403849,271.50172927,-78.28947262
2025-06-27,generation,Seasonal,144,120.23748222,240.09061236,-34.48545000
2025-06-27,generation,Low-Rank rank 1,144,2718.54631332,2936.93507085,782.04617133
2025-06-27,generation,Low-Rank rank 3,144,2493.23029037,2844.03690138,-360.87908527
2025-06-27,generation,Low-Rank rank 5,144,2513.52806572,2831.20181887,-226.44527680
2025-06-27,generation,Seasonal + Low-Rank,144,120.23748222,240.09061236,-34.48545000
2025-06-28,generation,Yesterday,144,161.50373958,295.93234431,37.79010208
2025-06-28,generation,Last Week,144,196.99349931,337.08916121,132.86157153
2025-06-28,generation,7-day mean,144,180.35407609,344.49876465,-34.21895228
2025-06-28,generation,Seasonal,144,151.43646833,264.26533342,80.57226333
2025-06-28,generation,Low-Rank rank 1,144,2364.26784907,3004.01225457,-1065.22073528
2025-06-28,generation,Low-Rank rank 3,144,2476.64421740,2809.70856198,-18.55269688
2025-06-28,generation,Low-Rank rank 5,144,2492.66953945,2811.60990054,64.76474864
2025-06-28,generation,Seasonal + Low-Rank,144,151.43646833,264.26533342,80.57226333
2025-06-29,generation,Yesterday,144,239.13594722,528.93154910,73.65027083
2025-06-29,generation,Last Week,144,248.45097778,422.73391892,81.87835972
2025-06-29,generation,7-day mean,144,164.45137321,307.48519854,20.45109405
2025-06-29,generation,Seasonal,144,208.42690799,403.46690551,77.35291083
2025-06-29,generation,Low-Rank rank 1,144,2596.64852617,2795.54561722,867.28016002
2025-06-29,generation,Low-Rank rank 3,144,2353.82264063,2664.26204014,-293.25447336
2025-06-29,generation,Low-Rank rank 5,144,2417.88766963,2652.29954251,118.90131161
2025-06-29,generation,Seasonal + Low-Rank,144,208.42690799,403.46690551,77.35291083
2025-06-30,generation,Yesterday,144,176.50171875,348.83555122,43.64181597
2025-06-30,generation,Last Week,144,268.38269792,480.76366185,148.33127014
2025-06-30,generation,7-day mean,144,154.31151062,272.56727568,52.39600149
2025-06-30,generation,Seasonal,144,184.19678875,356.01578564,90.75207035
2025-06-30,generation,Low-Rank rank 1,144,2603.03992936,2784.11786231,879.52664325
2025-06-30,generation,Low-Rank rank 3,144,2344.65078862,2644.09419875,-240.80228078
2025-06-30,generation,Low-Rank rank 5,144,2386.59728385,2633.38987534,-17.16387865
2025-06-30,generation,Seasonal + Low-Rank,144,184.19678875,356.01578564,90.75207035
2025-07-01,generation,Yesterday,144,288.67451389,497.07506897,-275.44460139
2025-07-01,generation,Last Week,144,493.36892778,789.76005124,-493.17726111
2025-07-01,generation,7-day mean,144,245.13699008,407.88935048,-244.23878135
2025-07-01,generation,Seasonal,144,373.52974097,601.56472833,-373.42429826
2025-07-01,generation,Low-Rank rank 1,144,2514.35423998,3127.68312890,-1164.81458353
2025-07-01,generation,Low-Rank rank 3,144,2593.92670227,2912.06086377,-236.60640141
2025-07-01,generation,Low-Rank rank 5,144,2553.51263506,2956.68717171,-569.33224060
2025-07-01,generation,Seasonal + Low-Rank,144,373.52974097,601.56472833,-373.42429826
2025-07-02,generation,Yesterday,144,254.53579653,435.82205180,-233.89936736
2025-07-02,generation,Last Week,144,521.92979236,896.96106863,-517.53769931
2025-07-02,generation,7-day mean,144,408.27237728,641.72694077,-407.68425427
2025-07-02,generation,Seasonal,144,369.95020194,624.13045227,-361.53661674
2025-07-02,generation,Low-Rank rank 1,144,2746.27179606,3487.84781000,-1430.92934903
2025-07-02,generation,Low-Rank rank 3,144,2824.44821527,3204.88276517,-383.77403691
2025-07-02,generation,Low-Rank rank 5,144,2808.76539626,3222.32871560,-513.19267671
2025-07-02,generation,Seasonal + Low-Rank,144,369.95020194,624.13045227,-361.53661674
2025-07-03,generation,Yesterday,144,279.38322569,488.27677030,270.36550625
2025-07-03,generation,Last Week,144,205.66117500,348.23315888,-110.62742361
2025-07-03,generation,7-day mean,144,122.50637490,208.73447334,-63.38479097
2025-07-03,generation,Seasonal,144,150.69347010,287.44924278,98.91868781
2025-07-03,generation,Low-Rank rank 1,144,2475.57166570,3086.34580771,-1189.96681405
2025-07-03,generation,Low-Rank rank 3,144,2564.25400415,2847.78890747,-38.38151628
2025-07-03,generation,Low-Rank rank 5,144,2621.13111107,2863.84282299,289.61105904
2025-07-03,generation,Seasonal + Low-Rank,144,150.69347010,287.44924278,98.91868781
2025-07-04,generation,Yesterday,144,237.21112292,514.35743006,-212.87827431
2025-07-04,generation,Last Week,144,296.90736042,528.26414060,-296.77454792
2025-07-04,generation,7-day mean,144,261.80446925,511.78625920,-260.45914762
2025-07-04,generation,Seasonal,144,251.89972104,499.25333157,-250.63159743
2025-07-04,generation,Low-Rank rank 1,144,2693.00441551,3418.64849542,-1282.42474349
2025-07-04,generation,Low-Rank rank 3,144,2737.55688607,3222.87368820,-587.93616477
2025-07-04,generation,Low-Rank rank 5,144,2798.50262992,3172.19147552,-111.12676127
2025-07-04,generation,Seasonal + Low-Rank,144,251.89972104,499.25333157,-250.63159743
2025-07-05,generation,Yesterday,144,163.02917014,304.80557752,-7.02319375
2025-07-05,generation,Last Week,144,361.26528125,618.43482222,-341.58784375
2025-07-05,generation,7-day mean,144,238.72309226,441.39441197,-225.08597738
2025-07-05,generation,Seasonal,144,219.24003437,393.11492928,-157.57728625
2025-07-05,generation,Low-Rank rank 1,144,2708.15772963,3463.09699658,-1339.07065724
2025-07-05,generation,Low-Rank rank 3,144,2832.19883092,3201.58594408,-195.17208482
2025-07-05,generation,Low-Rank rank 5,144,2848.83325172,3196.33024672,-96.07482390
2025-07-05,generation,Seasonal + Low-Rank,144,219.24003437,393.11492928,-157.57728625
2025-07-06,generation,Yesterday,144,267.51800694,483.82543190,234.67340972
2025-07-06,generation,Last Week,144,275.21917847,522.46381401,-180.56470486
2025-07-06,generation,7-day mean,144,197.68585208,325.06542830,58.38569573
2025-07-06,generation,Seasonal,144,190.00221997,322.56681190,47.81625816
2025-07-06,generation,Low-Rank rank 1,144,2477.12513395,3078.95933544,-1056.02028238
2025-07-06,generation,Low-Rank rank 3,144,2621.51571304,2897.59847829,74.17242998
2025-07-06,generation,Low-Rank rank 5,144,2615.06667408,2894.86865793,51.24589583
2025-07-06,generation,Seasonal + Low-Rank,144,190.00221997,322.56681190,47.81625816
2025-07-07,generation,Yesterday,144,305.71454097,507.81504264,-276.47159514
2025-07-07,generation,Last Week,144,501.40478958,787.09017388,-500.67811597
2025-07-07,generation,7-day mean,144,203.68396141,332.85850155,-192.29094157
2025-07-07,generation,Seasonal,144,378.67854000,590.80406702,-377.36452951
2025-07-07,generation,Low-Rank rank 1,144,2742.48581305,3380.36580376,-1236.52309527
2025-07-07,generation,Low-Rank rank 3,144,2836.91800209,3157.19845053,-238.44224842
2025-07-07,generation,Low-Rank rank 5,144,2794.74051720,3193.46952663,-549.23125164
2025-07-07,generation,Seasonal + Low-Rank,144,378.67854000,590.80406702,-377.36452951
2025-07-08,generation,Yesterday,144,265.46167639,407.65411460,98.83630833
2025-07-08,generation,Last Week,144,266.40935764,484.96300936,-126.39720625
2025-07-08,generation,7-day mean,144,192.25104464,339.41650783,-21.92918810
2025-07-08,generation,Seasonal,144,236.22230212,392.22291577,-2.51877323
2025-07-08,generation,Low-Rank rank 1,144,2676.66523261,3402.81560460,-1163.92117488
2025-07-08,generation,Low-Rank rank 3,144,2827.23905854,3198.77626305,-36.10674422
2025-07-08,generation,Low-Rank rank 5,144,2798.53502584,3202.74652594,-179.75189189
2025-07-08,generation,Seasonal + Low-Rank,144,236.22230212,392.22291577,-2.51877323
2025-07-09,generation,Yesterday,144,239.79234861,430.75248760,-34.08916528
2025-07-09,generation,Last Week,144,178.83923056,297.20012499,73.41299583
2025-07-09,generation,7-day mean,144,143.53824732,259.73748174,-37.96160962
2025-07-09,generation,Seasonal,144,182.31471736,316.53290163,14.28680722
2025-07-09,generation,Low-Rank rank 1,144,2697.14123300,3352.17648944,-1185.76940838
2025-07-09,generation,Low-Rank rank 3,144,2849.90008399,3136.14081621,-13.31663125
2025-07-09,generation,Low-Rank rank 5,144,2827.05881087,3138.59859953,-138.70936980
2025-07-09,generation,Seasonal + Low-Rank,144,182.31471736,316.53290163,14.28680722
2025-07-10,generation,Yesterday,144,198.19746319,350.50025032,-44.91412153
2025-07-10,generation,Last Week,144,282.27943472,537.34674189,-241.86663194
2025-07-10,generation,7-day mean,144,124.95849881,248.05253027,-93.36330198
2025-07-10,generation,Seasonal,144,187.90916281,385.91915471,-133.54275122
2025-07-10,generation,Low-Rank rank 1,144,2734.71751121,3431.92309747,-1205.55828654
2025-07-10,generation,Low-Rank rank 3,144,2865.39703012,3216.07372417,-82.97709470
2025-07-10,generation,Low-Rank rank 5,144,2838.75442866,3222.64942649,-238.56707377
2025-07-10,generation,Seasonal + Low-Rank,144,187.90916281,385.91915471,-133.54275122
2025-07-11,generation,Yesterday,144,301.45525903,575.59128962,224.48365069
2025-07-11,generation,Last Week,144,316.50053889,590.85121036,195.49529306
2025-07-11,generation,7-day mean,144,266.90107887,470.60733596,165.67272470
2025-07-11,generation,Seasonal,144,302.93982462,571.74996896,211.43888976
2025-07-11,generation,Low-Rank rank 1,144,2525.27355200,3056.03971027,-993.58292829
2025-07-11,generation,Low-Rank rank 3,144,2682.91985407,2893.56325751,183.38345583
2025-07-11,generation,Low-Rank rank 5,144,2666.82214970,2889.21784782,102.09037787
2025-07-11,generation,Seasonal + Low-Rank,144,302.93982462,571.74996896,211.43888976
2025-07-12,generation,Yesterday,144,212.34136875,390.97214246,-83.82568819
2025-07-12,generation,Last Week,144,165.33928056,345.56689683,118.69279861
2025-07-12,generation,7-day mean,144,114.13981369,218.08518073,53.91913750
2025-07-12,generation,Seasonal,144,132.69696413,241.32579680,7.30763087
2025-07-12,generation,Low-Rank rank 1,144,2973.96826915,3201.38549241,962.27517419
2025-07-12,generation,Low-Rank rank 3,144,2689.92409712,3055.22236950,-280.50587064
2025-07-12,generation,Low-Rank rank 5,144,2701.34282667,3049.78898452,-209.09845838
2025-07-12,generation,Seasonal + Low-Rank,144,132.69696413,241.32579680,7.30763087
2025-07-13,generation,Yesterday,144,271.68519792,475.68433418,-266.31326319
2025-07-13,generation,Last Week,144,409.53237569,755.09373138,-382.29387431
2025-07-13,generation,7-day mean,144,241.59051399,452.10517926,-229.35023978
2025-07-13,generation,Seasonal,144,330.43880347,578.63669444,-318.50453819
2025-07-13,generation,Low-Rank rank 1,144,3175.87892406,3462.61737898,679.38720341
2025-07-13,generation,Low-Rank rank 3,144,2929.64491048,3436.19987548,-585.48370789
2025-07-13,generation,Low-Rank rank 5,144,2956.57764035,3409.68078462,-397.07752517
2025-07-13,generation,Seasonal + Low-Rank,144,330.43880347,578.63669444,-318.50453819
2025-07-14,generation,Yesterday,144,197.84053194,378.65778468,57.12090972
2025-07-14,generation,Last Week,144,133.95083056,237.59595092,-48.70136944
2025-07-14,generation,7-day mean,144,142.86248194,259.87138186,-117.61591944
2025-07-14,generation,Seasonal,144,130.42493222,241.58600731,9.50088410
2025-07-14,generation,Low-Rank rank 1,144,3147.67663314,3370.86089889,876.48587921
2025-07-14,generation,Low-Rank rank 3,144,2885.46231921,3279.31258353,-482.62405398
2025-07-14,generation,Low-Rank rank 5,144,2918.42967670,3254.21437396,-252.89976090
2025-07-14,generation,Seasonal + Low-Rank,144,130.42493222,241.58600731,9.50088410
2025-07-15,generation,Yesterday,144,224.32303472,428.74934265,102.44300694
2025-07-15,generation,Last Week,144,351.14289861,629.34499370,-45.09467083
2025-07-15,generation,7-day mean,144,238.68253254,441.05015609,-8.21557401
2025-07-15,generation,Seasonal,144,236.24482111,484.05077604,36.05105194
2025-07-15,generation,Low-Rank rank 1,144,2721.08922937,3337.76652400,-1170.04807057
2025-07-15,generation,Low-Rank rank 3,144,2812.16559337,3149.82705145,-383.11348891
2025-07-15,generation,Low-Rank rank 5,144,2887.96766583,3129.46865521,62.74925337
2025-07-15,generation,Seasonal + Low-Rank,144,236.24482111,484.05077604,36.05105194
2025-07-16,generation,Yesterday,144,153.96056597,323.33951908,-59.77457986
2025-07-16,generation,Last Week,144,169.51017014,285.01428671,-70.78008542
2025-07-16,generation,7-day mean,144,146.55487688,258.61998155,-61.54805804
2025-07-16,generation,Seasonal,144,129.78202708,256.43771414,-64.72705736
2025-07-16,generation,Low-Rank rank 1,144,2780.59604460,3438.09102273,-1204.18711254
2025-07-16,generation,Low-Rank rank 3,144,2912.54975141,3223.69598437,-80.14652807
2025-07-16,generation,Low-Rank rank 5,144,2894.29022419,3227.68692673,-194.41369745
2025-07-16,generation,Seasonal + Low-Rank,144,129.78202708,256.43771414,-64.72705736
2025-07-17,generation,Yesterday,144,202.72121458,366.69763347,57.58161597
2025-07-17,generation,Last Week,144,110.65134653,189.10864469,31.71565208
2025-07-17,generation,7-day mean,144,125.88361101,232.38864017,6.14499871
2025-07-17,generation,Seasonal,144,139.46454840,246.17914714,45.94193222
2025-07-17,generation,Low-Rank rank 1,144,2718.16015065,3408.36168840,-1169.10854541
2025-07-17,generation,Low-Rank rank 3,144,2884.95144649,3203.56055387,11.20438269
2025-07-17,generation,Low-Rank rank 5,144,2852.60377083,3205.90071286,-147.01970834
2025-07-17,generation,Seasonal + Low-Rank,144,139.46454840,246.17914714,45.94193222
2025-07-18,generation,Yesterday,144,228.71084931,439.84448996,184.37158819
2025-07-18,generation,Last Week,144,159.91929792,286.57272729,-8.39641042
2025-07-18,generation,7-day mean,144,208.23227371,378.83290246,185.98577946
2025-07-18,generation,Seasonal,144,148.61175694,270.30287068,97.62598882
2025-07-18,generation,Low-Rank rank 1,144,2538.13280713,3069.84323561,-953.23766031
2025-07-18,generation,Low-Rank rank 3,144,2680.59808469,2923.13098772,175.96889738
2025-07-18,generation,Low-Rank rank 5,144,2650.34007308,2917.14395896,5.13925942
2025-07-18,generation,Seasonal + Low-Rank,144,148.61175694,270.30287068,97.62598882
2025-07-19,generation,Yesterday,144,234.72831875,418.30918260,-206.57826042
2025-07-19,generation,Last Week,144,150.00116875,268.45995641,-131.14898264
2025-07-19,generation,7-day mean,144,123.46004573,213.47976591,-19.39299375
2025-07-19,generation,Seasonal,144,190.56774764,329.13399972,-172.63508542
2025-07-19,generation,Low-Rank rank 1,144,2750.91495606,3363.69957411,-1076.44107658
2025-07-19,generation,Low-Rank rank 3,144,2820.61991449,3210.16655308,-383.50973041
2025-07-19,generation,Low-Rank rank 5,144,2849.41984319,3193.94685963,-194.03133525
2025-07-19,generation,Seasonal + Low-Rank,144,190.56774764,329.13399972,-172.63508542
2025-07-20,generation,Yesterday,144,181.27867222,306.96083580,30.04761667
2025-07-20,generation,Last Week,144,220.68025556,447.83560579,165.21189722
2025-07-20,generation,7-day mean,144,113.31393393,202.63003711,29.39019187
2025-07-20,generation,Seasonal,144,179.66699361,335.97508189,90.87154292
2025-07-20,generation,Low-Rank rank 1,144,2715.39323710,3341.51414909,-1148.50271991
2025-07-20,generation,Low-Rank rank 3,144,2864.32815577,3137.93542592,32.33800181
2025-07-20,generation,Low-Rank rank 5,144,2829.68400966,3141.09438574,-161.28244771
2025-07-20,generation,Seasonal + Low-Rank,144,179.66699361,335.97508189,90.87154292
2025-07-21,generation,Yesterday,144,205.63144167,350.26727535,91.97875417
2025-07-21,generation,Last Week,144,257.29159444,423.08842055,200.06974167
2025-07-21,generation,7-day mean,144,156.51241468,258.36271121,97.76724643
2025-07-21,generation,Seasonal,144,209.82659743,350.15960914,140.61969854
2025-07-21,generation,Low-Rank rank 1,144,2635.21673369,3246.65401580,-1043.69746323
2025-07-21,generation,Low-Rank rank 3,144,2802.72714448,3079.17655420,116.40106182
2025-07-21,generation,Low-Rank rank 5,144,2770.69249853,3076.28205861,-51.19888236
2025-07-21,generation,Seasonal + Low-Rank,144,209.82659743,350.15960914,140.61969854
2025-07-22,generation,Yesterday,144,232.45399236,434.98670986,-52.77682292
2025-07-22,generation,Last Week,144,249.21930347,466.61828165,44.84991181
2025-07-22,generation,7-day mean,144,178.83584633,348.72278588,16.40903185
2025-07-22,generation,Seasonal,144,214.43493299,413.73601601,-8.84479229
2025-07-22,generation,Low-Rank rank 1,144,2690.39798816,3286.46427538,-1098.18882534
2025-07-22,generation,Low-Rank rank 3,144,2775.10260454,3117.71678458,-355.51566682
2025-07-22,generation,Low-Rank rank 5,144,2807.69866889,3101.77103396,-148.59153803
2025-07-22,generation,Seasonal + Low-Rank,144,214.43493299,413.73601601,-8.84479229
2025-07-23,generation,Yesterday,144,242.11282222,427.99411266,20.25948611
2025-07-23,generation,Last Week,144,227.48939583,386.10804913,124.88397778
2025-07-23,generation,7-day mean,144,158.19245833,267.37214084,30.26138770
2025-07-23,generation,Seasonal,144,196.88622806,356.42125996,67.34050736
2025-07-23,generation,Low-Rank rank 1,144,2670.60920741,3331.49798897,-1097.76523075
2025-07-23,generation,Low-Rank rank 3,144,2767.45629709,3162.55473947,-330.55437499
2025-07-23,generation,Low-Rank rank 5,144,2805.54980471,3148.36506747,-119.53883606
2025-07-23,generation,Seasonal + Low-Rank,144,196.88622806,356.42125996,67.34050736
2025-07-24,generation,Yesterday,144,227.66361736,409.22954110,-2.17745764
2025-07-24,generation,Last Week,144,239.20272639,427.28965625,65.12490417
2025-07-24,generation,7-day mean,144,201.90418859,344.74159138,10.24336181
2025-07-24,generation,Seasonal,144,213.07223997,385.79614991,28.10860517
2025-07-24,generation,Low-Rank rank 1,144,2663.00448283,3285.22621120,-1126.30027001
2025-07-24,generation,Low-Rank rank 3,144,2815.93199862,3092.21334548,35.40591565
2025-07-24,generation,Low-Rank rank 5,144,2781.37001249,3093.77194338,-146.87807091
2025-07-24,generation,Seasonal + Low-Rank,144,213.07223997,385.79614991,28.10860517
2025-07-25,generation,Yesterday,144,223.27303333,388.12461094,-23.49060833
2025-07-25,generation,Last Week,144,182.65900069,353.36196500,-142.73729236
2025-07-25,generation,7-day mean,144,107.85718661,181.72565878,-22.55080427
2025-07-25,generation,Seasonal,144,151.14663448,258.88277934,-77.15161615
2025-07-25,generation,Low-Rank rank 1,144,2691.34642819,3321.04927203,-1156.34096534
2025-07-25,generation,Low-Rank rank 3,144,2819.39539365,3114.79953662,-69.32611339
2025-07-25,generation,Low-Rank rank 5,144,2797.84787037,3120.08018342,-205.00712035
2025-07-25,generation,Seasonal + Low-Rank,144,151.14663448,258.88277934,-77.15161615
2025-07-26,generation,Yesterday,144,175.35340486,326.47106561,47.12173958
2025-07-26,generation,Last Week,144,234.82617708,391.17412398,110.96270764
2025-07-26,generation,7-day mean,144,142.75952192,260.10592878,44.96197708
2025-07-26,generation,Seasonal,144,179.60142139,333.73399646,75.85017521
2025-07-26,generation,Low-Rank rank 1,144,2658.91640807,3239.90201433,-1087.83005177
2025-07-26,generation,Low-Rank rank 3,144,2812.09612892,3053.05340247,64.08616022
2025-07-26,generation,Low-Rank rank 5,144,2783.33599711,3053.35580562,-105.00214664
2025-07-26,generation,Seasonal + Low-Rank,144,179.60142139,333.73399646,75.85017521
2025-07-27,generation,Yesterday,144,191.02372292,375.92619603,12.23299514
2025-07-27,generation,Last Week,144,200.34223056,352.57002830,93.14808611
2025-07-27,generation,7-day mean,144,145.15819931,269.53567299,41.34315685
2025-07-27,generation,Seasonal,144,180.87303851,340.22063335,48.64478608
2025-07-27,generation,Low-Rank rank 1,144,2649.50501483,3297.05677187,-1070.98088397
2025-07-27,generation,Low-Rank rank 3,144,2800.10481803,3117.66146973,46.96378333
2025-07-27,generation,Low-Rank rank 5,144,2770.58796984,3118.70141387,-109.76098455
2025-07-27,generation,Seasonal + Low-Rank,144,180.87303851,340.22063335,48.64478608
2025-07-28,generation,Yesterday,144,238.03838542,440.99391975,172.95355347
2025-07-28,generation,Last Week,144,202.13579097,351.73937815,174.12288542
2025-07-28,generation,7-day mean,144,212.05195179,400.05699683,200.98984087
2025-07-28,generation,Seasonal,144,207.93783417,361.94016733,173.47975285
2025-07-28,generation,Low-Rank rank 1,144,2871.76971331,3085.85945206,1143.56813587
2025-07-28,generation,Low-Rank rank 3,144,2570.55294918,2858.20006624,-156.80777351
2025-07-28,generation,Low-Rank rank 5,144,2611.17777941,2855.60527220,68.20470414
2025-07-28,generation,Seasonal + Low-Rank,144,207.93783417,361.94016733,173.47975285
2025-07-29,generation,Yesterday,144,202.15810833,351.04096124,-82.14074861
2025-07-29,generation,Last Week,144,234.85709722,443.80298816,144.75895972
2025-07-29,generation,7-day mean,144,169.97166935,344.25978423,93.97439435
2025-07-29,generation,Seasonal,144,156.70384312,299.43378394,19.96412014
2025-07-29,generation,Low-Rank rank 1,144,2538.62477952,3051.32075434,-955.84956145
2025-07-29,generation,Low-Rank rank 3,144,2607.78818529,2909.65998551,-275.43937187
2025-07-29,generation,Low-Rank rank 5,144,2638.03875067,2898.16003710,-78.27668531
2025-07-29,generation,Seasonal + Low-Rank,144,156.70384312,299.43378394,19.96412014
2025-07-30,generation,Yesterday,144,249.58322708,414.65491545,-86.48380069
2025-07-30,generation,Last Week,144,184.37972847,335.67542965,38.01567292
2025-07-30,generation,7-day mean,144,168.85962063,307.41564310,-13.18925774
2025-07-30,generation,Seasonal,144,160.36696007,298.22458675,-30.45903757
2025-07-30,generation,Low-Rank rank 1,144,2992.26730970,3237.54491172,834.86237637
2025-07-30,generation,Low-Rank rank 3,144,2732.15386542,3140.78807110,-358.79583475
2025-07-30,generation,Low-Rank rank 5,144,2765.78768767,3124.77867241,-161.27259133
2025-07-30,generation,Seasonal + Low-Rank,144,160.36696007,298.22458675,-30.45903757
2025-07-31,generation,Yesterday,144,196.64581389,389.27767907,66.36637222
2025-07-31,generation,Last Week,144,217.31808611,394.27798993,106.55950278
2025-07-31,generation,7-day mean,144,112.87494732,202.70822834,47.74630407
2025-07-31,generation,Seasonal,144,149.53724049,279.24984529,84.45328097
2025-07-31,generation,Low-Rank rank 1,144,2931.40201200,3165.24884237,1011.18911894
2025-07-31,generation,Low-Rank rank 3,144,2654.15286680,3002.21733802,-294.67876790
2025-07-31,generation,Low-Rank rank 5,144,2686.34369784,2989.85340513,-91.37534964
2025-07-31,generation,Seasonal + Low-Rank,144,149.53724049,279.24984529,84.45328097
2025-08-01,generation,Yesterday,144,368.55760625,602.69938769,-364.15612431
2025-08-01,generation,Last Week,144,246.85318125,424.15232805,-234.10601319
2025-08-01,generation,7-day mean,144,333.00728234,534.64886783,-331.63260635
2025-08-01,generation,Seasonal,144,311.18338187,510.25127075,-305.63357431
2025-08-01,generation,Low-Rank rank 1,144,2915.49822254,3679.99499708,-1420.16152578
2025-08-01,generation,Low-Rank rank 3,144,3022.97246138,3410.92192647,-315.13671260
2025-08-01,generation,Low-Rank rank 5,144,2998.73488173,3429.88592627,-484.56528774
2025-08-01,generation,Seasonal + Low-Rank,144,311.18338187,510.25127075,-305.63357431
2025-08-02,generation,Yesterday,144,148.03719236,287.12433624,34.70188125
2025-08-02,generation,Last Week,144,281.38299097,560.21648604,-246.52587153
2025-08-02,generation,7-day mean,144,270.19717063,488.17103580,-263.48700893
2025-08-02,generation,Seasonal,144,162.89759153,348.41224233,-91.85060750
2025-08-02,generation,Low-Rank rank 1,144,2889.14698544,3703.67640058,-1467.65445304
2025-08-02,generation,Low-Rank rank 3,144,2982.03776437,3432.10191090,-462.48479211
2025-08-02,generation,Low-Rank rank 5,144,3015.33720513,3410.61811343,-246.19008248
2025-08-02,generation,Seasonal + Low-Rank,144,162.89759153,348.41224233,-91.85060750
2025-08-03,generation,Yesterday,144,241.27690625,413.11611787,-191.15778681
2025-08-03,generation,Last Week,144,454.48219653,749.06777984,-449.91665347
2025-08-03,generation,7-day mean,144,421.47703631,684.67786856,-419.42681409
2025-08-03,generation,Seasonal,144,328.19627271,545.97433333,-307.59927681
2025-08-03,generation,Low-Rank rank 1,144,3080.31505280,3954.99815951,-1623.87089213
2025-08-03,generation,Low-Rank rank 3,144,3206.83510872,3627.36381945,-386.44207282
2025-08-03,generation,Low-Rank rank 5,144,3247.28864347,3609.69651856,-135.79609881
2025-08-03,generation,Seasonal + Low-Rank,144,328.19627271,545.97433333,-307.59927681
2025-08-04,generation,Yesterday,144,144.95703194,282.65391694,96.93976250
2025-08-04,generation,Last Week,144,533.79171944,880.73066555,-525.93044444
2025-08-04,generation,7-day mean,144,268.54687887,448.09131478,-258.21324395
2025-08-04,generation,Seasonal,144,195.16113681,358.64470256,-183.35183062
2025-08-04,generation,Low-Rank rank 1,144,2995.44768213,3799.22080484,-1464.79520071
2025-08-04,generation,Low-Rank rank 3,144,3144.92106796,3512.64337997,-195.87517689
2025-08-04,generation,Low-Rank rank 5,144,3188.58233144,3507.38591598,59.02155340
2025-08-04,generation,Seasonal + Low-Rank,144,195.16113681,358.64470256,-183.35183062
2025-08-05,generation,Yesterday,144,139.51481042,271.71532043,66.26101319
2025-08-05,generation,Last Week,144,416.11412569,695.69173592,-377.52868264
2025-08-05,generation,7-day mean,144,157.65499683,258.84936711,-116.81931012
2025-08-05,generation,Seasonal,144,168.06413667,300.19661033,-133.44434993
2025-08-05,generation,Low-Rank rank 1,144,2944.14517361,3674.85777085,-1332.07976700
2025-08-05,generation,Low-Rank rank 3,144,3096.19357418,3425.72059348,-93.70109156
2025-08-05,generation,Low-Rank rank 5,144,3111.89106975,3423.39585718,5.75204512
2025-08-05,generation,Seasonal + Low-Rank,144,168.06413667,300.19661033,-133.44434993
2025-08-06,generation,Yesterday,144,234.68706458,440.76853073,112.68745903
2025-08-06,generation,Last Week,144,321.92127014,537.15234634,-178.35742292
2025-08-06,generation,7-day mean,144,193.91670198,340.62193225,49.80081786
2025-08-06,generation,Seasonal,144,258.34501951,424.90913253,-18.28273785
2025-08-06,generation,Low-Rank rank 1,144,2828.46484598,3508.28241885,-1147.77155270
2025-08-06,generation,Low-Rank rank 3,144,2998.72540003,3320.93364201,83.78529392
2025-08-06,generation,Low-Rank rank 5,144,2963.48677120,3318.22254317,-97.79937310
2025-08-06,generation,Seasonal + Low-Rank,144,258.34501951,424.90913253,-18.28273785
2025-08-07,generation,Yesterday,144,238.12227292,465.74186845,-202.54502847
2025-08-07,generation,Last Week,144,453.55554722,785.85281461,-447.26882361
2025-08-07,generation,7-day mean,144,146.92471508,288.39606973,-127.26457877
2025-08-07,generation,Seasonal,144,322.54057240,572.61020099,-312.67073628
2025-08-07,generation,Low-Rank rank 1,144,3026.65671383,3802.28414743,-1308.22651659
2025-08-07,generation,Low-Rank rank 3,144,3180.19295933,3574.53051281,-149.98269417
2025-08-07,generation,Low-Rank rank 5,144,3121.70377255,3602.12446189,-483.32690743
2025-08-07,generation,Seasonal + Low-Rank,144,322.54057240,572.61020099,-312.67073628
2025-08-08,generation,Yesterday,144,148.14507431,259.81479005,-61.05315208
2025-08-08,generation,Last Week,144,239.93408333,423.25703831,-144.16585139
2025-08-08,generation,7-day mean,144,197.28829494,343.03287918,-124.42218462
2025-08-08,generation,Seasonal,144,177.80699191,304.83502663,-98.45386677
2025-08-08,generation,Low-Rank rank 1,144,3102.36900496,3929.83229617,-1397.55393939
2025-08-08,generation,Low-Rank rank 3,144,3290.52690356,3673.00367754,-90.54462826
2025-08-08,generation,Low-Rank rank 5,144,3252.91211575,3682.51232064,-288.00576956
2025-08-08,generation,Seasonal + Low-Rank,144,177.80699191,304.83502663,-98.45386677
2025-08-09,generation,Yesterday,144,218.17692014,429.78302395,147.75592153
2025-08-09,generation,Last Week,144,190.56957500,315.14847337,-31.11181111
2025-08-09,generation,7-day mean,144,150.72163194,271.42533096,43.92885853
2025-08-09,generation,Seasonal,144,171.92867615,315.20532997,67.26544184
2025-08-09,generation,Low-Rank rank 1,144,3423.06778683,3630.51261859,1143.23283270
2025-08-09,generation,Low-Rank rank 3,144,3075.63484596,3453.31746020,-368.64364982
2025-08-09,generation,Low-Rank rank 5,144,3124.25771414,3435.92363463,-103.69528042
2025-08-09,generation,Seasonal + Low-Rank,144,171.92867615,315.20532997,67.26544184
2025-08-10,generation,Yesterday,144,150.47664792,272.52971687,6.29487847
2025-08-10,generation,Last Week,144,247.46709306,468.20948961,166.34085417
2025-08-10,generation,7-day mean,144,164.61699296,320.01638697,54.66828145
2025-08-10,generation,Seasonal,144,182.19926608,320.89899524,78.31556753
2025-08-10,generation,Low-Rank rank 1,144,2952.09980435,3623.99596699,-1191.51742592
2025-08-10,generation,Low-Rank rank 3,144,3126.96705228,3425.57068060,76.03324174
2025-08-10,generation,Low-Rank rank 5,144,3093.16130431,3425.25878247,-106.20418076
2025-08-10,generation,Seasonal + Low-Rank,144,182.19926608,320.89899524,78.31556753
2025-08-11,generation,Yesterday,144,169.27621181,308.15370410,-26.25768819
2025-08-11,generation,Last Week,144,162.59601736,281.78037632,43.14340347
2025-08-11,generation,7-day mean,144,131.98462143,245.29907174,4.64761409
2025-08-11,generation,Seasonal,144,149.40609896,264.07411319,4.97280306
2025-08-11,generation,Low-Rank rank 1,144,2981.57130969,3712.30203535,-1240.11531779
2025-08-11,generation,Low-Rank rank 3,144,3163.75790440,3499.27850570,15.51818442
2025-08-11,generation,Low-Rank rank 5,144,3129.91913964,3502.36146159,-166.00843237
2025-08-11,generation,Seasonal + Low-Rank,144,149.40609896,264.07411319,4.97280306
2025-08-12,generation,Yesterday,144,226.72975417,423.84538568,124.33154722
2025-08-12,generation,Last Week,144,194.78215833,312.65296382,101.21393750
2025-08-12,generation,7-day mean,144,197.58988760,327.25673492,122.81581796
2025-08-12,generation,Seasonal,144,203.37834090,331.37076609,113.92862285
2025-08-12,generation,Low-Rank rank 1,144,2854.58834039,3489.62165926,-1123.67961114
2025-08-12,generation,Low-Rank rank 3,144,3037.09273256,3310.73910350,155.18541527
2025-08-12,generation,Low-Rank rank 5,144,2999.13540150,3305.98027912,-41.73857517
2025-08-12,generation,Seasonal + Low-Rank,144,203.37834090,331.37076609,113.92862285
2025-08-13,generation,Yesterday,144,166.20071181,292.97212709,-64.58186181
2025-08-13,generation,Last Week,144,229.28457361,427.68821451,-76.05538333
2025-08-13,generation,7-day mean,144,141.41143016,266.09797782,43.77482222
2025-08-13,generation,Seasonal,144,158.41129823,323.48172808,-69.74494649
2025-08-13,generation,Low-Rank rank 1,144,3029.75854460,3375.97472580,-310.44255970
2025-08-13,generation,Low-Rank rank 3,144,3018.45263203,3383.38786946,-384.01741845
2025-08-13,generation,Low-Rank rank 5,144,3052.37947569,3366.18226555,-167.42772159
2025-08-13,generation,Seasonal + Low-Rank,144,158.41129823,323.48172808,-69.74494649
2025-08-14,generation,Yesterday,144,202.16800764,350.81826239,17.38555625
2025-08-14,generation,Last Week,144,221.46118056,355.52429642,143.87520139
2025-08-14,generation,7-day mean,144,144.51698323,242.39440988,72.02543323
2025-08-14,generation,Seasonal,144,178.48775010,294.99370090,74.30589656
2025-08-14,generation,Low-Rank rank 1,144,2937.01088811,3635.02942734,-1150.90361498
2025-08-14,generation,Low-Rank rank 3,144,3059.93867512,3458.05456637,-294.84440723
2025-08-14,generation,Low-Rank rank 5,144,3098.48197827,3446.87608405,-88.18274164
2025-08-14,generation,Seasonal + Low-Rank,144,178.48775010,294.99370090,74.30589656
2025-08-15,generation,Yesterday,144,170.31724861,294.44005862,-116.60693750
2025-08-15,generation,Last Week,144,136.90471181,263.28037773,88.32141597
2025-08-15,generation,7-day mean,144,133.01416141,240.69330478,-65.13510446
2025-08-15,generation,Seasonal,144,115.12568483,210.32050439,-24.38917844
2025-08-15,generation,Low-Rank rank 1,144,3037.36944981,3813.20202785,-1301.88403216
2025-08-15,generation,Low-Rank rank 3,144,3231.27981332,3584.52349994,-8.97369678
2025-08-15,generation,Low-Rank rank 5,144,3189.06285614,3590.42258007,-221.75375622
2025-08-15,generation,Seasonal + Low-Rank,144,115.12568483,210.32050439,-24.38917844
2025-08-16,generation,Yesterday,144,189.04604861,336.14664949,-18.57996250
2025-08-16,generation,Last Week,144,183.96892778,333.63054481,-78.01446806
2025-08-16,generation,7-day mean,144,150.72067222,301.17406083,-96.33241210
2025-08-16,generation,Seasonal,144,155.91731646,287.13283681,-45.32549000
2025-08-16,generation,Low-Rank rank 1,144,3043.88866991,3803.20101530,-1361.98608639
2025-08-16,generation,Low-Rank rank 3,144,3230.97051245,3554.79268813,-46.04479497
2025-08-16,generation,Low-Rank rank 5,144,3192.61662186,3561.78466049,-248.73646662
2025-08-16,generation,Seasonal + Low-Rank,144,155.91731646,287.13283681,-45.32549000
2025-08-17,generation,Yesterday,144,240.44270000,405.95276764,43.77196250
2025-08-17,generation,Last Week,144,162.58874931,305.67551273,-40.53738403
2025-08-17,generation,7-day mean,144,139.93493393,257.62693949,-41.41552560
2025-08-17,generation,Seasonal,144,184.61423573,313.37150423,5.83275656
2025-08-17,generation,Low-Rank rank 1,144,3025.81782063,3800.92648816,-1317.22278653
2025-08-17,generation,Low-Rank rank 3,144,3227.34374208,3564.71510187,-25.99736479
2025-08-17,generation,Low-Rank rank 5,144,3182.09243676,3572.82887850,-253.85741004
2025-08-17,generation,Seasonal + Low-Rank,144,184.61423573,313.37150423,5.83275656
2025-08-18,generation,Yesterday,144,166.98157292,303.71266610,36.98599097
2025-08-18,generation,Last Week,144,183.98129931,330.30963273,22.70629514
2025-08-18,generation,7-day mean,144,132.55814048,249.99568922,1.36152024
2025-08-18,generation,Seasonal,144,160.97720118,291.57474720,30.56012785
2025-08-18,generation,Low-Rank rank 1,144,2985.26718476,3739.46008426,-1255.67810325
2025-08-18,generation,Low-Rank rank 3,144,3193.72691975,3523.30715684,59.35771561
2025-08-18,generation,Low-Rank rank 5,144,3151.78059808,3524.93989219,-148.02050222
2025-08-18,generation,Seasonal + Low-Rank,144,160.97720118,291.57474720,30.56012785
2025-08-19,generation,Yesterday,144,193.63657222,344.25761716,11.21817778
2025-08-19,generation,Last Week,144,183.65632708,323.99532306,-90.40707431
2025-08-19,generation,7-day mean,144,126.31251101,213.52559455,9.33594157
2025-08-19,generation,Seasonal,144,132.33496316,253.78880521,-34.51318566
2025-08-19,generation,Low-Rank rank 1,144,3382.23145322,3619.70390811,1044.23634707
2025-08-19,generation,Low-Rank rank 3,144,3069.97561151,3472.68082802,-377.53766288
2025-08-19,generation,Low-Rank rank 5,144,3109.44423729,3456.10510415,-141.36376593
2025-08-19,generation,Seasonal + Low-Rank,144,132.33496316,253.78880521,-34.51318566
2025-08-20,generation,Yesterday,144,330.83955278,564.14699616,277.06084306
2025-08-20,generation,Last Week,144,279.99014028,482.17103773,251.23563056
2025-08-20,generation,7-day mean,144,317.74544306,545.81747948,299.31208095
2025-08-20,generation,Seasonal,144,295.64262757,505.02457674,265.43949743
2025-08-20,generation,Low-Rank rank 1,144,2719.76401230,3311.16947246,-946.46000521
2025-08-20,generation,Low-Rank rank 3,144,2938.61626690,3182.61812882,301.08347185
2025-08-20,generation,Low-Rank rank 5,144,2893.87137393,3169.83518013,102.06892825
2025-08-20,generation,Seasonal + Low-Rank,144,295.64262757,505.02457674,265.43949743
2025-08-21,generation,Yesterday,144,256.45785625,474.96552281,-197.08407569
2025-08-21,generation,Last Week,144,215.79784583,395.51052851,36.76599861
2025-08-21,generation,7-day mean,144,163.48020149,296.18734004,66.33720089
2025-08-21,generation,Seasonal,144,206.32786712,376.81815640,-91.85154226
2025-08-21,generation,Low-Rank rank 1,144,2912.64513930,3487.30175610,-1028.33601873
2025-08-21,generation,Low-Rank rank 3,144,3025.94304086,3339.07115963,-207.63227306
2025-08-21,generation,Low-Rank rank 5,144,3047.84555368,3334.26253910,-84.66811071
2025-08-21,generation,Seasonal + Low-Rank,144,206.32786712,376.81815640,-91.85154226
2025-08-22,generation,Yesterday,144,166.17019792,301.59986744,-7.24085764
2025-08-22,generation,Last Week,144,225.83450764,396.24946527,146.13207847
2025-08-22,generation,7-day mean,144,159.04552063,271.78403985,53.84405774
2025-08-22,generation,Seasonal,144,158.35570861,270.85430963,61.77696361
2025-08-22,generation,Low-Rank rank 1,144,2901.41960002,3592.17006241,-1171.58006126
2025-08-22,generation,Low-Rank rank 3,144,3089.01091181,3400.39519828,67.29326143
2025-08-22,generation,Low-Rank rank 5,144,3052.75389688,3400.17604931,-112.16359171
2025-08-22,generation,Seasonal + Low-Rank,144,158.35570861,270.85430963,61.77696361
2025-08-23,generation,Yesterday,144,208.14481458,413.30307350,88.91753819
2025-08-23,generation,Last Week,144,270.64962917,495.65773460,253.62957917
2025-08-23,generation,7-day mean,144,160.65059246,311.65757758,121.88558472
2025-08-23,generation,Seasonal,144,219.47076740,430.28239340,163.03795663
2025-08-23,generation,Low-Rank rank 1,144,2813.73280746,3454.61117129,-1119.56653846
2025-08-23,generation,Low-Rank rank 3,144,3001.15939023,3270.74719694,133.28647231
2025-08-23,generation,Low-Rank rank 5,144,2963.37014598,3267.65745314,-55.29067694
2025-08-23,generation,Seasonal + Low-Rank,144,219.47076740,430.28239340,163.03795663
2025-08-24,generation,Yesterday,144,284.20732083,533.95846204,-173.63924306
2025-08-24,generation,Last Week,144,239.11948750,435.70433748,36.21837361
2025-08-24,generation,7-day mean,144,203.72968730,377.93087583,-87.98645536
2025-08-24,generation,Seasonal,144,237.89413229,427.83694591,-79.20331556
2025-08-24,generation,Low-Rank rank 1,144,3001.46752539,3819.55570882,-1279.38872458
2025-08-24,generation,Low-Rank rank 3,144,3198.47741474,3601.96769094,-66.45353077
2025-08-24,generation,Low-Rank rank 5,144,3157.98981084,3609.88575395,-264.23627761
2025-08-24,generation,Seasonal + Low-Rank,144,237.89413229,427.83694591,-79.20331556
2025-08-25,generation,Yesterday,144,333.60391597,645.96199014,316.49813264
2025-08-25,generation,Last Week,144,362.06672222,616.80006217,315.73051528
2025-08-25,generation,7-day mean,144,250.61243919,421.94533783,223.33762391
2025-08-25,generation,Seasonal,144,343.88390024,612.84283402,316.15270483
2025-08-25,generation,Low-Rank rank 1,144,2684.05441931,3325.15413649,-1056.24331586
2025-08-25,generation,Low-Rank rank 3,144,2915.11379558,3167.83860038,271.13172718
2025-08-25,generation,Low-Rank rank 5,144,2864.02525448,3155.05893178,53.36629424
2025-08-25,generation,Seasonal + Low-Rank,144,343.88390024,612.84283402,316.15270483
2025-08-26,generation,Yesterday,144,255.72271736,492.79654565,-212.56745069
2025-08-26,generation,Last Week,144,203.27980069,350.14826502,91.94488681
2025-08-26,generation,7-day mean,144,143.23375238,275.97766976,-34.33418611
2025-08-26,generation,Seasonal,144,184.51163812,353.69209469,-75.53689882
2025-08-26,generation,Low-Rank rank 1,144,2895.91544422,3660.49752671,-1193.77884563
2025-08-26,generation,Low-Rank rank 3,144,3093.29015494,3461.92175576,-24.15600287
2025-08-26,generation,Low-Rank rank 5,144,3052.42830301,3466.88559904,-203.51653901
2025-08-26,generation,Seasonal + Low-Rank,144,184.51163812,353.69209469,-75.53689882
2025-08-27,generation,Yesterday,144,176.59783264,327.65637129,123.57967986
2025-08-27,generation,Last Week,144,250.50075972,422.40781853,-61.53627639
2025-08-27,generation,7-day mean,144,159.40888730,262.37555280,76.11050992
2025-08-27,generation,Seasonal,144,152.23471399,252.57762724,40.27749955
2025-08-27,generation,Low-Rank rank 1,144,2787.55920887,3524.04335658,-1143.20376134
2025-08-27,generation,Low-Rank rank 3,144,3005.15801605,3336.04596899,100.70234900
2025-08-27,generation,Low-Rank rank 5,144,2962.41256358,3334.74444172,-89.88641544
2025-08-27,generation,Seasonal + Low-Rank,144,152.23471399,252.57762724,40.27749955
2025-08-28,generation,Yesterday,144,251.59386875,500.48848611,87.42548542
2025-08-28,generation,Last Week,144,282.90487083,544.08151378,222.97328472
2025-08-28,generation,7-day mean,144,249.90207569,494.20124372,172.32689196
2025-08-28,generation,Seasonal,144,217.35065642,467.93386922,148.42199510
2025-08-28,generation,Low-Rank rank 1,144,2701.99861182,3291.28126716,-1005.22093527
2025-08-28,generation,Low-Rank rank 3,144,2815.66786239,3141.81632431,-253.65103729
2025-08-28,generation,Low-Rank rank 5,144,2864.20746246,3131.85034685,3.02466690
2025-08-28,generation,Seasonal + Low-Rank,144,217.35065642,467.93386922,148.42199510
2025-08-29,generation,Yesterday,144,227.65577847,443.78402719,-83.21210903
2025-08-29,generation,Last Week,144,233.77904444,387.90256815,147.00203333
2025-08-29,generation,7-day mean,144,133.61489960,228.14853826,57.26145655
2025-08-29,generation,Seasonal,144,180.70758733,291.41070118,20.38425503
2025-08-29,generation,Low-Rank rank 1,144,3271.41320891,3485.13604404,1028.93817208
2025-08-29,generation,Low-Rank rank 3,144,2923.91347313,3335.03844620,-316.75913783
2025-08-29,generation,Low-Rank rank 5,144,2969.79451644,3321.71257279,-88.99343760
2025-08-29,generation,Seasonal + Low-Rank,144,180.70758733,291.41070118,20.38425503
2025-08-30,generation,Yesterday,144,266.42919097,475.54203500,-197.46898125
2025-08-30,generation,Last Week,144,282.09426944,561.87034086,-139.38448611
2025-08-30,generation,7-day mean,144,210.51439196,417.06431470,-161.20781518
2025-08-30,generation,Seasonal,144,255.57515628,489.74194669,-171.33095844
2025-08-30,generation,Low-Rank rank 1,144,2975.77525871,3778.09296052,-1327.72519513
2025-08-30,generation,Low-Rank rank 3,144,3163.20687973,3543.09688811,-105.89465737
2025-08-30,generation,Low-Rank rank 5,144,3125.64436100,3553.03490675,-303.64803939
2025-08-30,generation,Seasonal + Low-Rank,144,255.57515628,489.74194669,-171.33095844
2025-08-31,generation,Yesterday,144,219.47153889,439.95174227,158.06795833
2025-08-31,generation,Last Week,144,245.44646667,473.44777137,192.32271528
2025-08-31,generation,7-day mean,144,127.30372232,217.40830508,16.77221260
2025-08-31,generation,Seasonal,144,228.64705340,432.71187834,173.48259896
2025-08-31,generation,Low-Rank rank 1,144,2820.39039460,3566.82805290,-1260.32707822
2025-08-31,generation,Low-Rank rank 3,144,3039.82166143,3338.11651484,57.76248415
2025-08-31,generation,Low-Rank rank 5,144,2994.28341015,3339.64845333,-145.04141158
2025-08-31,generation,Seasonal + Low-Rank,144,228.64705340,432.71187834,173.48259896
2025-09-01,generation,Yesterday,144,136.35475347,263.32401427,-40.44783264
2025-09-01,generation,Last Week,144,229.58446250,420.65982127,-164.62325000
2025-09-01,generation,7-day mean,144,166.28790972,282.65584466,-51.15029365
2025-09-01,generation,Seasonal,144,161.42692531,290.28629965,-96.32677045
2025-09-01,generation,Low-Rank rank 1,144,3296.40127927,3472.71027372,920.08717609
2025-09-01,generation,Low-Rank rank 3,144,2980.39493270,3367.54667594,-457.65150778
2025-09-01,generation,Low-Rank rank 5,144,3028.47888120,3343.33163093,-199.77125449
2025-09-01,generation,Seasonal + Low-Rank,144,161.42692531,290.28629965,-96.32677045
2025-09-02,generation,Yesterday,144,219.68834028,382.15668793,8.93401806
2025-09-02,generation,Last Week,144,180.88501319,304.19905678,56.87821875
2025-09-02,generation,7-day mean,144,137.37469504,225.34968761,-18.69866845
2025-09-02,generation,Seasonal,144,168.95379385,270.97458217,30.50890837
2025-09-02,generation,Low-Rank rank 1,144,2860.88566094,3604.61577789,-1221.34195594
2025-09-02,generation,Low-Rank rank 3,144,3065.63010038,3390.67376056,14.04581936
2025-09-02,generation,Low-Rank rank 5,144,3023.16337577,3395.62750445,-197.67020766
2025-09-02,generation,Seasonal + Low-Rank,144,168.95379385,270.97458217,30.50890837
2025-09-03,generation,Yesterday,144,235.50678542,394.08318425,66.21121319
2025-09-03,generation,Last Week,144,181.53540764,329.86030263,-0.49024792
2025-09-03,generation,7-day mean,144,170.08721250,278.43471797,39.38708492
2025-09-03,generation,Seasonal,144,200.45527944,341.24047478,36.19555569
2025-09-03,generation,Low-Rank rank 1,144,3260.25594543,3477.65155468,1033.99145994
2025-09-03,generation,Low-Rank rank 3,144,2922.33731633,3325.17721564,-367.93364145
2025-09-03,generation,Low-Rank rank 5,144,2972.96540347,3308.05395300,-104.35882346
2025-09-03,generation,Seasonal + Low-Rank,144,200.45527944,341.24047478,36.19555569
2025-09-04,generation,Yesterday,144,198.95265417,361.89945877,-52.06701250
2025-09-04,generation,Last Week,144,355.71147222,692.61314603,-139.98274583
2025-09-04,generation,7-day mean,144,187.26211101,350.05955572,-12.60989216
2025-09-04,generation,Seasonal,144,238.71839146,474.65395498,-91.62909250
2025-09-04,generation,Low-Rank rank 1,144,2871.69715269,3650.24918285,-1196.65133438
2025-09-04,generation,Low-Rank rank 3,144,3090.32614257,3452.82276425,-25.80128246
2025-09-04,generation,Low-Rank rank 5,144,3050.09353501,3457.33876759,-202.11941880
2025-09-04,generation,Seasonal + Low-Rank,144,238.71839146,474.65395498,-91.62909250
2025-09-05,generation,Yesterday,144,196.57336250,342.55811784,-48.87963750
2025-09-05,generation,Last Week,144,171.02460486,302.79930260,-105.65027431
2025-09-05,generation,7-day mean,144,110.71803542,230.22098476,-41.49199454
2025-09-05,generation,Seasonal,144,153.59290295,270.26479940,-74.42642406
2025-09-05,generation,Low-Rank rank 1,144,2905.67134391,3645.10357328,-1270.18502646
2025-09-05,generation,Low-Rank rank 3,144,3110.94505336,3418.02998986,-25.01938767
2025-09-05,generation,Low-Rank rank 5,144,3069.49467375,3424.07046415,-221.89029402
2025-09-05,generation,Seasonal + Low-Rank,144,153.59290295,270.26479940,-74.42642406
2025-09-06,generation,Yesterday,144,228.51186042,448.88799707,8.47617986
2025-09-06,generation,Last Week,144,324.13579375,558.15730959,100.29488681
2025-09-06,generation,7-day mean,144,240.32303661,413.43619911,-17.92291835
2025-09-06,generation,Seasonal,144,267.83987042,460.57856579,49.79459799
2025-09-06,generation,Low-Rank rank 1,144,3394.38834072,3639.64161552,1010.39738967
2025-09-06,generation,Low-Rank rank 3,144,3028.50867256,3516.02931284,-437.53676386
2025-09-06,generation,Low-Rank rank 5,144,3080.48413689,3493.43766905,-179.33742305
2025-09-06,generation,Seasonal + Low-Rank,144,267.83987042,460.57856579,49.79459799
2025-09-07,generation,Yesterday,144,211.97438819,438.79116425,95.21937708
2025-09-07,generation,Last Week,144,175.73401944,302.53128179,37.44630556
2025-09-07,generation,7-day mean,144,114.98552867,235.25092294,62.96861776
2025-09-07,generation,Seasonal,144,154.50173927,319.96973380,69.22149490
2025-09-07,generation,Low-Rank rank 1,144,3281.75304131,3487.51598164,1101.66656855
2025-09-07,generation,Low-Rank rank 3,144,2937.39301241,3315.15468275,-346.04801773
2025-09-07,generation,Low-Rank rank 5,144,2989.20989475,3298.81431676,-77.70319766
2025-09-07,generation,Seasonal + Low-Rank,144,154.50173927,319.96973380,69.22149490
2025-09-08,generation,Yesterday,144,227.33423403,446.24223986,158.95843819
2025-09-08,generation,Last Week,144,281.40613056,513.94331691,236.85257639
2025-09-08,generation,7-day mean,144,232.40033234,440.72670472,216.57758373
2025-09-08,generation,Seasonal,144,226.24690538,451.14280615,194.01080038
2025-09-08,generation,Low-Rank rank 1,144,2657.19435803,3271.16540786,-950.21910890
2025-09-08,generation,Low-Rank rank 3,144,2878.78881576,3145.47126745,262.55150537
2025-09-08,generation,Low-Rank rank 5,144,2834.73676509,3133.80445477,71.93393109
2025-09-08,generation,Seasonal + Low-Rank,144,226.24690538,451.14280615,194.01080038
2025-09-09,generation,Yesterday,144,288.53153958,533.60657843,-248.93243403
2025-09-09,generation,Last Week,144,234.97134514,415.04159926,-21.01387569
2025-09-09,generation,7-day mean,144,191.23588462,331.95710936,-66.19093264
2025-09-09,generation,Seasonal,144,227.08599417,419.25110257,-146.36908278
2025-09-09,generation,Low-Rank rank 1,144,2910.86979034,3719.85332179,-1216.95653057
2025-09-09,generation,Low-Rank rank 3,144,3118.12347224,3519.52086589,-70.57308837
2025-09-09,generation,Low-Rank rank 5,144,3073.23998713,3527.90929107,-271.81616768
2025-09-09,generation,Seasonal + Low-Rank,144,227.08599417,419.25110257,-146.36908278
2025-09-10,generation,Yesterday,144,357.97061597,664.33701118,334.19214514
2025-09-10,generation,Last Week,144,279.21224653,495.53947274,246.96705625
2025-09-10,generation,7-day mean,144,276.12478700,480.11002597,271.00319474
2025-09-10,generation,Seasonal,144,314.91006847,566.84672603,294.94085514
2025-09-10,generation,Low-Rank rank 1,144,2580.58213235,3196.85608272,-952.25511784
2025-09-10,generation,Low-Rank rank 3,144,2820.38950566,3068.98341193,320.76790139
2025-09-10,generation,Low-Rank rank 5,144,2773.56105282,3053.53073571,121.38576856
2025-09-10,generation,Seasonal + Low-Rank,144,314.91006847,566.84672603,294.94085514
2025-09-11,generation,Yesterday,144,334.36421667,636.30815279,-303.82928056
2025-09-11,generation,Last Week,144,195.37035347,372.09029149,-4.79521181
2025-09-11,generation,7-day mean,144,137.64582302,298.64240348,-68.10709385
2025-09-11,generation,Seasonal,144,204.55893469,434.06755058,-169.26394962
2025-09-11,generation,Low-Rank rank 1,144,3346.53013230,3599.16876499,848.08749877
2025-09-11,generation,Low-Rank rank 3,144,3014.61143160,3519.63136973,-479.76822583
2025-09-11,generation,Low-Rank rank 5,144,3070.02224165,3494.50810751,-216.84508059
2025-09-11,generation,Seasonal + Low-Rank,144,204.55893469,434.06755058,-169.26394962
2025-09-12,generation,Yesterday,144,180.79740486,343.52799979,129.79673542
2025-09-12,generation,Last Week,144,213.94899167,341.22138021,173.88116111
2025-09-12,generation,7-day mean,144,125.62520357,213.23093505,62.37467183
2025-09-12,generation,Seasonal,144,158.09462851,275.67819161,149.63472698
2025-09-12,generation,Low-Rank rank 1,144,2758.10488933,3504.84537053,-1159.97418322
2025-09-12,generation,Low-Rank rank 3,144,2892.26805506,3326.96246819,-375.07953491
2025-09-12,generation,Low-Rank rank 5,144,2957.55827812,3307.59487081,-86.20707269
2025-09-12,generation,Seasonal + Low-Rank,144,158.09462851,275.67819161,149.63472698
2025-09-13,generation,Yesterday,144,205.19503403,433.49466781,-121.70461319
2025-09-13,generation,Last Week,144,285.61761250,465.57819578,43.70036806
2025-09-13,generation,7-day mean,144,199.49850427,365.47714816,-84.17010724
2025-09-13,generation,Seasonal,144,224.51142656,398.35999726,-47.27237163
2025-09-13,generation,Low-Rank rank 1,144,2892.27578804,3766.10505347,-1259.10863014
2025-09-13,generation,Low-Rank rank 3,144,3143.79311261,3551.67771736,-27.42900003
2025-09-13,generation,Low-Rank rank 5,144,3090.86119197,3558.41352651,-238.91563508
2025-09-13,generation,Seasonal + Low-Rank,144,224.51142656,398.35999726,-47.27237163
2025-09-14,generation,Yesterday,144,279.57524653,570.68327549,246.58794653
2025-09-14,generation,Last Week,144,204.00342083,314.97365277,195.06893750
2025-09-14,generation,7-day mean,144,172.23378869,319.28124718,156.17492956
2025-09-14,generation,Seasonal,144,225.56016934,412.53940305,223.40439247
2025-09-14,generation,Low-Rank rank 1,144,2636.76956707,3311.61235831,-1067.96976325
2025-09-14,generation,Low-Rank rank 3,144,2890.34952111,3143.12556877,227.84932621
2025-09-14,generation,Low-Rank rank 5,144,2840.11726764,3133.88755915,17.19492663
2025-09-14,generation,Seasonal + Low-Rank,144,225.56016934,412.53940305,223.40439247
2025-09-15,generation,Yesterday,144,279.37347917,539.04065069,-189.77618056
2025-09-15,generation,Last Week,144,303.18032708,538.13294891,-153.66568125
2025-09-15,generation,7-day mean,144,167.09818492,315.76447277,-61.46824206
2025-09-15,generation,Seasonal,144,256.95544156,509.32723960,-173.52645587
2025-09-15,generation,Low-Rank rank 1,144,3331.14043593,3597.60018287,854.49191199
2025-09-15,generation,Low-Rank rank 3,144,2974.29500055,3513.18040115,-462.46018632
2025-09-15,generation,Low-Rank rank 5,144,3034.40036776,3489.40974634,-196.65506792
2025-09-15,generation,Seasonal + Low-Rank,144,256.95544156,509.32723960,-173.52645587
2025-09-16,generation,Yesterday,144,207.82700139,463.72493569,139.22549028
2025-09-16,generation,Last Week,144,252.30634722,470.21401372,234.49224306
2025-09-16,generation,7-day mean,144,138.57356796,289.51766946,99.70948839
2025-09-16,generation,Seasonal,144,214.13288444,442.45365680,182.09552903
2025-09-16,generation,Low-Rank rank 1,144,2694.17226744,3380.19126090,-1097.40729598
2025-09-16,generation,Low-Rank rank 3,144,2876.88181116,3199.02290662,-99.46918208
2025-09-16,generation,Low-Rank rank 5,144,2890.56713565,3198.01665448,-38.97143846
2025-09-16,generation,Seasonal + Low-Rank,144,214.13288444,442.45365680,182.09552903
2025-09-17,generation,Yesterday,144,180.79555208,345.48150127,57.78795347
2025-09-17,generation,Last Week,144,169.19827500,328.93047309,-41.91194861
2025-09-17,generation,7-day mean,144,154.91947698,305.36089567,123.99855000
2025-09-17,generation,Seasonal,144,160.21488490,285.30603508,12.92299753
2025-09-17,generation,Low-Rank rank 1,144,2651.73592518,3317.51562639,-988.22415557
2025-09-17,generation,Low-Rank rank 3,144,2879.37973973,3170.93209880,161.34544725
2025-09-17,generation,Low-Rank rank 5,144,2833.93412361,3166.14987531,-29.83330963
2025-09-17,generation,Seasonal + Low-Rank,144,160.21488490,285.30603508,12.92299753
2025-09-18,generation,Yesterday,144,129.61683403,271.21420500,-36.80786042
2025-09-18,generation,Last Week,144,234.65147847,453.62428968,225.10947153
2025-09-18,generation,7-day mean,144,114.01215704,230.72643420,93.17811081
2025-09-18,generation,Seasonal,144,134.93256153,284.04926735,81.05493896
2025-09-18,generation,Low-Rank rank 1,144,2683.46413722,3374.28731352,-1025.94625221
2025-09-18,generation,Low-Rank rank 3,144,2813.52041190,3226.39276680,-285.62269150
2025-09-18,generation,Low-Rank rank 5,144,2862.93538198,3215.01104002,-58.94776121
2025-09-18,generation,Seasonal + Low-Rank,144,134.93256153,284.04926735,81.05493896
2025-09-19,generation,Yesterday,144,160.78907639,320.84211262,110.92879583
2025-09-19,generation,Last Week,144,211.90688750,346.56696122,206.24153194
2025-09-19,generation,7-day mean,144,175.07092679,324.42844981,171.94841071
2025-09-19,generation,Seasonal,144,158.06520479,293.72397433,153.81952708
2025-09-19,generation,Low-Rank rank 1,144,2577.49395588,3223.29592001,-958.80687096
2025-09-19,generation,Low-Rank rank 3,144,2822.27024571,3087.18430340,235.78062545
2025-09-19,generation,Low-Rank rank 5,144,2767.89896718,3077.15892557,21.32841783
2025-09-19,generation,Seasonal + Low-Rank,144,158.06520479,293.72397433,153.81952708
2025-09-20,generation,Yesterday,144,162.54609653,302.74794478,-20.81332292
2025-09-20,generation,Last Week,144,309.84953472,539.23914266,307.13282222
2025-09-20,generation,7-day mean,144,155.82024534,278.52272452,121.67201181
2025-09-20,generation,Seasonal,144,150.67084969,272.91605485,126.76244240
2025-09-20,generation,Low-Rank rank 1,144,2610.04855561,3333.18761254,-978.69046723
2025-09-20,generation,Low-Rank rank 3,144,2740.48349761,3199.81098076,-308.37693016
2025-09-20,generation,Low-Rank rank 5,144,2803.96140258,3185.72517613,-31.53886212
2025-09-20,generation,Seasonal + Low-Rank,144,150.67084969,272.91605485,126.76244240
2025-09-21,generation,Yesterday,144,242.08597778,462.61703395,-120.39590000
2025-09-21,generation,Last Week,144,179.43592847,307.14457423,-59.85102431
2025-09-21,generation,7-day mean,144,155.15804911,284.00030741,-42.60000565
2025-09-21,generation,Seasonal,144,184.61123594,356.77102150,-93.15070594
2025-09-21,generation,Low-Rank rank 1,144,2722.65740264,3426.78772570,-1136.46807752
2025-09-21,generation,Low-Rank rank 3,144,2959.52287925,3234.88990066,37.36686221
2025-09-21,generation,Low-Rank rank 5,144,2905.67957210,3238.96082256,-189.43454447
2025-09-21,generation,Seasonal + Low-Rank,144,184.61123594,356.77102150,-93.15070594
2025-09-22,generation,Yesterday,144,115.14804653,221.02640756,82.11556875
2025-09-22,generation,Last Week,144,245.44705417,476.13072222,212.04072500
2025-09-22,generation,7-day mean,144,78.64598204,137.90086903,48.06570942
2025-09-22,generation,Seasonal,144,142.40463351,243.70030667,140.58188906
2025-09-22,generation,Low-Rank rank 1,144,2643.91179196,3339.00244269,-1047.74359226
2025-09-22,generation,Low-Rank rank 3,144,2770.70400821,3192.30930720,-374.23255186
2025-09-22,generation,Low-Rank rank 5,144,2821.65495615,3174.64970928,-147.36243712
2025-09-22,generation,Seasonal + Low-Rank,144,142.40463351,243.70030667,140.58188906
2025-09-23,generation,Yesterday,144,128.94405278,255.04814645,64.09817083
2025-09-23,generation,Last Week,144,194.09795833,338.86999586,136.91340556
2025-09-23,generation,7-day mean,144,121.71967629,232.43819110,81.87234812
2025-09-23,generation,Seasonal,144,153.83928312,279.32260494,96.86502646
2025-09-23,generation,Low-Rank rank 1,144,2581.92166636,3284.30985780,-1030.42654086
2025-09-23,generation,Low-Rank rank 3,144,2831.35614905,3123.30758141,141.99788164
2025-09-23,generation,Low-Rank rank 5,144,2767.57103484,3120.63309428,-109.97223035
2025-09-23,generation,Seasonal + Low-Rank,144,153.83928312,279.32260494,96.86502646
2025-09-24,generation,Yesterday,144,167.63530972,305.74298529,-36.88760694
2025-09-24,generation,Last Week,144,153.72139375,282.45807844,42.23784514
2025-09-24,generation,7-day mean,144,105.15943343,182.25690905,25.42568323
2025-09-24,generation,Seasonal,144,148.27233913,262.62934587,-1.28115351
2025-09-24,generation,Low-Rank rank 1,144,2619.02191351,3338.74393203,-1066.94124576
2025-09-24,generation,Low-Rank rank 3,144,2858.66753029,3164.45267632,83.39921613
2025-09-24,generation,Low-Rank rank 5,144,2802.03915402,3165.68419489,-141.68433269
2025-09-24,generation,Seasonal + Low-Rank,144,148.27233913,262.62934587,-1.28115351
2025-09-25,generation,Yesterday,144,105.30637083,197.61368194,-10.83041389
2025-09-25,generation,Last Week,144,160.17131944,271.23530015,68.21529167
2025-09-25,generation,7-day mean,144,93.50581647,161.45813938,8.56129147
2025-09-25,generation,Seasonal,144,104.64108896,191.02938494,24.74015361
2025-09-25,generation,Low-Rank rank 1,144,2633.94660480,3376.89807310,-1086.70188382
2025-09-25,generation,Low-Rank rank 3,144,2885.66149183,3200.84223344,96.32828217
2025-09-25,generation,Low-Rank rank 5,144,2827.65227893,3200.63418738,-128.48932229
2025-09-25,generation,Seasonal + Low-Rank,144,104.64108896,191.02938494,24.74015361
2025-09-26,generation,Yesterday,144,189.97569861,396.87158489,154.61616806
2025-09-26,generation,Last Week,144,131.47355139,257.74887594,111.90266389
2025-09-26,generation,7-day mean,144,157.13223413,316.13473998,153.43241786
2025-09-26,generation,Seasonal,144,153.73690160,320.43799117,135.39509118
2025-09-26,generation,Low-Rank rank 1,144,2473.15781895,3126.25876982,-951.35866072
2025-09-26,generation,Low-Rank rank 3,144,2721.98724752,2985.81438802,219.20086657
2025-09-26,generation,Low-Rank rank 5,144,2669.46444749,2976.87541444,8.97833456
2025-09-26,generation,Seasonal + Low-Rank,144,153.73690160,320.43799117,135.39509118
2025-09-27,generation,Yesterday,144,243.50315486,471.59881140,-68.51497014
2025-09-27,generation,Last Week,144,239.21836389,432.23633109,64.20101667
2025-09-27,generation,7-day mean,144,194.82700427,331.34592405,68.93135288
2025-09-27,generation,Seasonal,144,225.32314080,417.89576222,-8.79277608
2025-09-27,generation,Low-Rank rank 1,144,2558.61916419,3248.55512029,-969.83374213
2025-09-27,generation,Low-Rank rank 3,144,2808.31073567,3108.42167984,141.22698703
2025-09-27,generation,Low-Rank rank 5,144,2740.11254366,3105.32251365,-117.01740882
2025-09-27,generation,Seasonal + Low-Rank,144,225.32314080,417.89576222,-8.79277608
2025-09-28,generation,Yesterday,144,183.01934097,347.29193236,51.76996181
2025-09-28,generation,Last Week,144,263.24391597,440.15814288,236.36687847
2025-09-28,generation,7-day mean,144,133.06779405,240.01203725,111.52974087
2025-09-28,generation,Seasonal,144,168.30421556,323.34340654,134.83857431
2025-09-28,generation,Low-Rank rank 1,144,2496.09545963,3163.64533308,-997.77632161
2025-09-28,generation,Low-Rank rank 3,144,2737.86325598,3006.06869770,148.78009907
2025-09-28,generation,Low-Rank rank 5,144,2690.23605288,3001.76625746,-38.81609681
2025-09-28,generation,Seasonal + Low-Rank,144,168.30421556,323.34340654,134.83857431
2025-09-29,generation,Yesterday,144,83.92783542,161.25769694,-60.39719931
2025-09-29,generation,Last Week,144,118.51937986,207.21563775,93.85411042
2025-09-29,generation,7-day mean,144,69.88329226,127.89177134,17.36584464
2025-09-29,generation,Seasonal,144,56.63770674,105.09165011,9.01589007
2025-09-29,generation,Low-Rank rank 1,144,2573.42971637,3242.15407668,-971.48511033
2025-09-29,generation,Low-Rank rank 3,144,2690.93169277,3113.74380821,-362.46006238
2025-09-29,generation,Low-Rank rank 5,144,2748.73156411,3095.24000704,-109.15747023
2025-09-29,generation,Seasonal + Low-Rank,144,56.63770674,105.09165011,9.01589007
2025-09-30,generation,Yesterday,144,161.53266944,294.98046482,119.05178750
2025-09-30,generation,Last Week,144,163.65356181,283.50241170,148.80772708
2025-09-30,generation,7-day mean,144,168.50322887,286.30892606,123.00990208
2025-09-30,generation,Seasonal,144,157.11048059,267.69127672,132.44196031
2025-09-30,generation,Low-Rank rank 1,144,2449.71970664,3146.47967261,-946.21716258
2025-09-30,generation,Low-Rank rank 3,144,2710.12400500,3009.14067660,203.78044956
2025-09-30,generation,Low-Rank rank 5,144,2652.92978808,3001.06225509,-7.53538481
2025-09-30,generation,Seasonal + Low-Rank,144,157.11048059,267.69127672,132.44196031
2025-10-01,generation,Yesterday,144,502.81346319,864.91838468,-502.61053681
2025-10-01,generation,Last Week,144,363.76786528,692.72078730,-316.91520278
2025-10-01,generation,7-day mean,144,407.60545843,745.02036855,-400.85888145
2025-10-01,generation,Seasonal,144,424.72200885,764.17909243,-419.04763649
2025-10-01,generation,Low-Rank rank 1,144,2937.79835347,3926.97331822,-1448.97323987
2025-10-01,generation,Low-Rank rank 3,144,3165.75159798,3669.07078794,-333.95350675
2025-10-01,generation,Low-Rank rank 5,144,3112.49820949,3694.34326489,-555.55540361
2025-10-01,generation,Seasonal + Low-Rank,144,424.72200885,764.17909243,-419.04763649
2025-10-02,generation,Yesterday,144,213.14163958,397.53937211,85.66693819
2025-10-02,generation,Last Week,144,237.24202014,434.60187475,-220.41785069
2025-10-02,generation,7-day mean,144,274.36062718,478.21738997,-269.91834286
2025-10-02,generation,Seasonal,144,153.07198000,283.95968866,-52.07121681
2025-10-02,generation,Low-Rank rank 1,144,2831.62285426,3807.98993539,-1515.83306380
2025-10-02,generation,Low-Rank rank 3,144,3091.43755913,3497.38319152,-167.22075488
2025-10-02,generation,Low-Rank rank 5,144,3059.31165368,3505.41012516,-299.51250971
2025-10-02,generation,Seasonal + Low-Rank,144,153.07198000,283.95968866,-52.07121681
2025-10-03,generation,Yesterday,144,119.87631944,237.81527808,74.74538472
2025-10-03,generation,Last Week,144,318.09803542,589.27059479,-300.28863403
2025-10-03,generation,7-day mean,144,171.52294851,322.13735145,-163.68469375
2025-10-03,generation,Seasonal,144,145.31928545,281.42954859,-94.01992372
2025-10-03,generation,Low-Rank rank 1,144,2778.44924054,3665.87368720,-1323.14322082
2025-10-03,generation,Low-Rank rank 3,144,3027.50394026,3421.22145482,-84.39742257
2025-10-03,generation,Low-Rank rank 5,144,3083.85296522,3423.45025902,138.84045887
2025-10-03,generation,Seasonal + Low-Rank,144,145.31928545,281.42954859,-94.01992372
2025-10-04,generation,Yesterday,144,192.57317778,342.94467054,183.56687639
2025-10-04,generation,Last Week,144,198.00033611,362.60960529,-48.20678750
2025-10-04,generation,7-day mean,144,91.86165615,164.15956529,62.78055893
2025-10-04,generation,Seasonal,144,128.54621493,230.37644125,79.26872764
2025-10-04,generation,Low-Rank rank 1,144,3161.54463017,3360.49376051,1033.48763204
2025-10-04,generation,Low-Rank rank 3,144,2756.03359439,3207.31554493,-363.83859482
2025-10-04,generation,Low-Rank rank 5,144,2900.76705752,3194.20973284,203.22578363
2025-10-04,generation,Seasonal + Low-Rank,144,128.54621493,230.37644125,79.26872764
2025-10-05,generation,Yesterday,144,154.28022500,280.22460618,-148.62614306
2025-10-05,generation,Last Week,144,268.70462847,475.81789361,-248.60289236
2025-10-05,generation,7-day mean,144,96.40077302,175.98976822,-78.95890020
2025-10-05,generation,Seasonal,144,201.72962962,353.09286551,-193.61568024
2025-10-05,generation,Low-Rank rank 1,144,2770.42456254,3558.33402027,-1157.59391008
2025-10-05,generation,Low-Rank rank 3,144,2915.62979217,3391.81332969,-428.44068364
2025-10-05,generation,Low-Rank rank 5,144,2938.21352247,3380.17645260,-327.16622879
2025-10-05,generation,Seasonal + Low-Rank,144,201.72962962,353.09286551,-193.61568024
2025-10-06,generation,Yesterday,144,132.25058264,236.03433287,112.72637292
2025-10-06,generation,Last Week,144,129.45907153,240.00248607,-75.47932014
2025-10-06,generation,7-day mean,144,91.33689583,187.96936987,69.28217163
2025-10-06,generation,Seasonal,144,84.26507132,154.15062980,28.03381104
2025-10-06,generation,Low-Rank rank 1,144,2662.94165527,3407.26563278,-1075.17754065
2025-10-06,generation,Low-Rank rank 3,144,2936.40305548,3237.71693505,125.89846888
2025-10-06,generation,Low-Rank rank 5,144,2887.92691586,3234.68033019,-60.27388645
2025-10-06,generation,Seasonal + Low-Rank,144,84.26507132,154.15062980,28.03381104
2025-10-07,generation,Yesterday,144,108.31285069,186.90730806,24.05880208
2025-10-07,generation,Last Week,144,188.29352361,354.52710127,-170.47230556
2025-10-07,generation,7-day mean,144,120.23737302,211.62916677,104.12373373
2025-10-07,generation,Seasonal,144,91.93840295,182.39509824,-63.48019635
2025-10-07,generation,Low-Rank rank 1,144,2652.14176088,3366.80200763,-986.27180256
2025-10-07,generation,Low-Rank rank 3,144,2911.29727015,3222.67143242,143.66178825
2025-10-07,generation,Low-Rank rank 5,144,2859.98439863,3218.99429478,-49.20026577
2025-10-07,generation,Seasonal + Low-Rank,144,91.93840295,182.39509824,-63.48019635
2025-10-08,generation,Yesterday,144,134.60931181,244.68790563,-55.28962708
2025-10-08,generation,Last Week,144,342.67171111,616.09532043,276.84860417
2025-10-08,generation,7-day mean,144,137.89052073,270.34882877,73.18729315
2025-10-08,generation,Seasonal,144,168.09442233,323.74807922,94.17257698
2025-10-08,generation,Low-Rank rank 1,144,3258.62125452,3440.26864637,1034.20061199
2025-10-08,generation,Low-Rank rank 3,144,2853.03419731,3292.17668138,-370.21172966
2025-10-08,generation,Low-Rank rank 5,144,2935.82577319,3272.26820090,-37.65788503
2025-10-08,generation,Seasonal + Low-Rank,144,168.09442233,323.74807922,94.17257698
2025-10-09,generation,Yesterday,144,143.75251944,296.08078545,-31.68505694
2025-10-09,generation,Last Week,144,174.10056319,300.60198106,159.49660903
2025-10-09,generation,7-day mean,144,121.63347510,213.62104958,1.95243562
2025-10-09,generation,Seasonal,144,138.87147580,231.27161709,54.34669274
2025-10-09,generation,Low-Rank rank 1,144,2734.95477453,3556.63522808,-1138.75230365
2025-10-09,generation,Low-Rank rank 3,144,3026.44656615,3371.12433841,98.03772220
2025-10-09,generation,Low-Rank rank 5,144,2960.14061075,3371.71157620,-143.73676658
2025-10-09,generation,Seasonal + Low-Rank,144,138.87147580,231.27161709,54.34669274
2025-10-10,generation,Yesterday,144,116.09061458,237.15439230,-56.45463125
2025-10-10,generation,Last Week,144,161.57272917,283.39261289,28.29659306
2025-10-10,generation,7-day mean,144,151.01615685,307.59527955,-77.28742550
2025-10-10,generation,Seasonal,144,115.38588003,207.37964398,-18.31658031
2025-10-10,generation,Low-Rank rank 1,144,2791.62270112,3697.11185580,-1224.10540559
2025-10-10,generation,Low-Rank rank 3,144,2945.54162770,3525.74194444,-518.71037669
2025-10-10,generation,Low-Rank rank 5,144,3009.70344816,3498.11570901,-266.91130401
2025-10-10,generation,Seasonal + Low-Rank,144,115.38588003,207.37964398,-18.31658031
2025-10-11,generation,Yesterday,144,228.22573194,453.00934785,222.63616806
2025-10-11,generation,Last Week,144,129.44682500,224.24507616,67.36588472
2025-10-11,generation,7-day mean,144,144.29456716,258.28377796,141.30637212
2025-10-11,generation,Seasonal,144,161.33514069,305.82222683,152.76454056
2025-10-11,generation,Low-Rank rank 1,144,2573.43830739,3309.77796661,-1014.49919421
2025-10-11,generation,Low-Rank rank 3,144,2878.89384137,3159.81575881,250.96446887
2025-10-11,generation,Low-Rank rank 5,144,2794.66193333,3149.21112571,-55.44261995
2025-10-11,generation,Seasonal + Low-Rank,144,161.33514069,305.82222683,152.76454056
2025-10-12,generation,Yesterday,144,134.99114167,261.04460868,-62.90737639
2025-10-12,generation,Last Week,144,174.68188889,301.20287184,153.08465139
2025-10-12,generation,7-day mean,144,120.05224077,224.83958412,68.77529792
2025-10-12,generation,Seasonal,144,109.25516597,211.19011853,34.28903611
2025-10-12,generation,Low-Rank rank 1,144,3179.41220696,3356.97328321,979.25638469
2025-10-12,generation,Low-Rank rank 3,144,2787.54872751,3221.11079761,-363.37284848
2025-10-12,generation,Low-Rank rank 5,144,2864.69864705,3201.98479427,-57.19369189
2025-10-12,generation,Seasonal + Low-Rank,144,109.25516597,211.19011853,34.28903611
2025-10-13,generation,Yesterday,144,125.40576667,268.62409116,-60.66376389
2025-10-13,generation,Last Week,144,104.27847153,201.88264604,-20.30548542
2025-10-13,generation,7-day mean,144,106.13696260,213.76840118,-13.75770188
2025-10-13,generation,Seasonal,144,104.80538878,224.58658150,-42.50253858
2025-10-13,generation,Low-Rank rank 1,144,2700.45549280,3497.93205051,-1105.49067308
2025-10-13,generation,Low-Rank rank 3,144,2969.14234261,3321.14190571,60.66699095
2025-10-13,generation,Low-Rank rank 5,144,2912.05358517,3322.87641737,-152.40546034
2025-10-13,generation,Seasonal + Low-Rank,144,104.80538878,224.58658150,-42.50253858
2025-10-14,generation,Yesterday,144,168.70818889,298.93851301,141.33160972
2025-10-14,generation,Last Week,144,112.28882778,198.43959170,96.96732222
2025-10-14,generation,7-day mean,144,133.87934087,226.34592822,130.47469147
2025-10-14,generation,Seasonal,144,137.35721576,226.75748125,121.36768035
2025-10-14,generation,Low-Rank rank 1,144,2561.75188155,3321.22101181,-1002.38199705
2025-10-14,generation,Low-Rank rank 3,144,2870.40557248,3174.21530210,217.58760001
2025-10-14,generation,Low-Rank rank 5,144,2788.56298767,3166.08756153,-60.46864026
2025-10-14,generation,Seasonal + Low-Rank,144,137.35721576,226.75748125,121.36768035
2025-10-15,generation,Yesterday,144,131.21351042,255.63934444,76.49761597
2025-10-15,generation,Last Week,144,242.08446528,422.18086973,228.75456528
2025-10-15,generation,7-day mean,144,193.28578125,358.69627710,193.11983284
2025-10-15,generation,Seasonal,144,152.77795052,298.22786383,145.01324316
2025-10-15,generation,Low-Rank rank 1,144,2496.71348485,3148.24605441,-890.40402982
2025-10-15,generation,Low-Rank rank 3,144,2789.09930437,3034.14162568,283.95274549
2025-10-15,generation,Low-Rank rank 5,144,2724.10040401,3020.15590858,56.86449807
2025-10-15,generation,Seasonal + Low-Rank,144,152.77795052,298.22786383,145.01324316
2025-10-16,generation,Yesterday,144,138.11218611,257.17258073,27.31890556
2025-10-16,generation,Last Week,144,303.14097222,553.08448687,287.75852778
2025-10-16,generation,7-day mean,144,196.53980923,370.18504198,187.75951478
2025-10-16,generation,Seasonal,144,183.47407542,331.20913448,144.51673556
2025-10-16,generation,Low-Rank rank 1,144,2475.17043954,3191.80813888,-874.01611358
2025-10-16,generation,Low-Rank rank 3,144,2777.93106078,3084.06263345,266.78343085
2025-10-16,generation,Low-Rank rank 5,144,2695.41264427,3070.77225851,-6.57943955
2025-10-16,generation,Seasonal + Low-Rank,144,183.47407542,331.20913448,144.51673556
2025-10-17,generation,Yesterday,144,128.56996528,239.44679624,-48.84040972
2025-10-17,generation,Last Week,144,299.73823819,584.91655862,295.37274931
2025-10-17,generation,7-day mean,144,118.15772847,217.84736567,97.81074395
2025-10-17,generation,Seasonal,144,142.94309663,288.72499496,106.05551184
2025-10-17,generation,Low-Rank rank 1,144,2507.62024703,3217.09793342,-985.80812307
2025-10-17,generation,Low-Rank rank 3,144,2787.03640602,3069.69932597,178.63812537
2025-10-17,generation,Low-Rank rank 5,144,2705.90644237,3064.98321809,-116.09654170
2025-10-17,generation,Seasonal + Low-Rank,144,142.94309663,288.72499496,106.05551184
2025-10-18,generation,Yesterday,144,66.95788333,123.25407299,14.95270972
2025-10-18,generation,Last Week,144,170.56526875,305.78197632,87.68929097
2025-10-18,generation,7-day mean,144,110.06104901,196.57636993,70.56734663
2025-10-18,generation,Seasonal,144,102.42527191,179.97691851,47.68417128
2025-10-18,generation,Low-Rank rank 1,144,2492.50125634,3214.45714554,-993.60941146
2025-10-18,generation,Low-Rank rank 3,144,2774.52115648,3063.28153727,141.16107197
2025-10-18,generation,Low-Rank rank 5,144,2700.41916318,3060.73941683,-122.86467102
2025-10-18,generation,Seasonal + Low-Rank,144,102.42527191,179.97691851,47.68417128
2025-10-19,generation,Yesterday,144,134.49366528,244.46220356,61.44097222
2025-10-19,generation,Last Week,144,242.16946597,440.29725841,212.03763958
2025-10-19,generation,7-day mean,144,141.01150268,259.65394782,119.48127728
2025-10-19,generation,Seasonal,144,178.73646163,311.39766573,129.20947253
2025-10-19,generation,Low-Rank rank 1,144,2432.98049606,3186.94400663,-947.06464724
2025-10-19,generation,Low-Rank rank 3,144,2729.64882544,3051.92935374,189.76096824
2025-10-19,generation,Low-Rank rank 5,144,2648.67358916,3045.20695090,-76.03681908
2025-10-19,generation,Seasonal + Low-Rank,144,178.73646163,311.39766573,129.20947253
2025-10-20,generation,Yesterday,144,169.32589583,308.90421437,26.79119028
2025-10-20,generation,Last Week,144,303.83366875,520.45649156,299.49259375
2025-10-20,generation,7-day mean,144,140.18473095,291.44872552,115.98137619
2025-10-20,generation,Seasonal,144,183.67395413,349.20426783,149.50682184
2025-10-20,generation,Low-Rank rank 1,144,2403.97362570,3120.76666939,-945.39603289
2025-10-20,generation,Low-Rank rank 3,144,2685.29784544,2980.44016179,200.60387044
2025-10-20,generation,Low-Rank rank 5,144,2603.77101103,2974.12115145,-94.53635957
2025-10-20,generation,Seasonal + Low-Rank,144,183.67395413,349.20426783,149.50682184
2025-10-21,generation,Yesterday,144,122.04154236,253.31286385,88.51119375
2025-10-21,generation,Last Week,144,250.56344583,446.61067797,246.67217778
2025-10-21,generation,7-day mean,144,174.69958968,308.05948002,161.70791369
2025-10-21,generation,Seasonal,144,164.58550594,319.93497201,159.68363656
2025-10-21,generation,Low-Rank rank 1,144,2327.10179385,2955.29053169,-852.66006623
2025-10-21,generation,Low-Rank rank 3,144,2611.59575435,2842.60463165,268.93445381
2025-10-21,generation,Low-Rank rank 5,144,2551.09362585,2829.41700123,56.36796640
2025-10-21,generation,Seasonal + Low-Rank,144,164.58550594,319.93497201,159.68363656
2025-10-22,generation,Yesterday,144,127.14736111,236.72855934,-32.45092500
2025-10-22,generation,Last Week,144,194.66537986,359.62310550,137.72363681
2025-10-22,generation,7-day mean,144,161.96265952,313.52381450,94.01810615
2025-10-22,generation,Seasonal,144,138.77149747,261.42896473,44.12762781
2025-10-22,generation,Low-Rank rank 1,144,2358.40053054,3041.41700336,-876.52427372
2025-10-22,generation,Low-Rank rank 3,144,2628.43566884,2917.24594634,182.79129758
2025-10-22,generation,Low-Rank rank 5,144,2567.48169444,2910.94908432,-26.06060456
2025-10-22,generation,Seasonal + Low-Rank,144,138.77149747,261.42896473,44.12762781
2025-10-23,generation,Yesterday,144,144.05935208,312.98941292,-71.47619375
2025-10-23,generation,Last Week,144,123.88315278,227.72989282,38.92853750
2025-10-23,generation,7-day mean,144,105.46997599,201.85561703,2.86710714
2025-10-23,generation,Seasonal,144,87.76433378,179.79394884,-21.79406469
2025-10-23,generation,Low-Rank rank 1,144,2939.21402638,3148.27907128,847.77411000
2025-10-23,generation,Low-Rank rank 3,144,2565.93107621,3047.67550961,-387.66432079
2025-10-23,generation,Low-Rank rank 5,144,2647.10797736,3024.93277885,-82.54267715
2025-10-23,generation,Seasonal + Low-Rank,144,87.76433378,179.79394884,-21.79406469
2025-10-24,generation,Yesterday,144,114.75023333,213.02634155,4.87711111
2025-10-24,generation,Last Week,144,127.09759583,216.58721507,92.64605833
2025-10-24,generation,7-day mean,144,79.20156270,136.06727875,2.18299861
2025-10-24,generation,Seasonal,144,92.01518743,151.63890672,44.37313736
2025-10-24,generation,Low-Rank rank 1,144,2420.09244175,3201.29332490,-1011.90909703
2025-10-24,generation,Low-Rank rank 3,144,2713.09393987,3040.74221811,105.71612044
2025-10-24,generation,Low-Rank rank 5,144,2645.14617552,3040.11603695,-123.21743961
2025-10-24,generation,Seasonal + Low-Rank,144,92.01518743,151.63890672,44.37313736
2025-10-25,generation,Yesterday,144,99.47945764,209.85301926,44.62973125
2025-10-25,generation,Last Week,144,158.36347986,314.97564127,122.32307986
2025-10-25,generation,7-day mean,144,83.57643899,159.72635173,33.57757867
2025-10-25,generation,Seasonal,144,106.84685750,235.66407520,79.59173812
2025-10-25,generation,Low-Rank rank 1,144,2381.58133044,3092.67853064,-930.87324870
2025-10-25,generation,Low-Rank rank 3,144,2558.66244205,2956.11187025,-195.55782295
2025-10-25,generation,Low-Rank rank 5,144,2593.64717761,2951.02155077,-69.61711586
2025-10-25,generation,Seasonal + Low-Rank,144,106.84685750,235.66407520,79.59173812
2025-10-26,generation,Yesterday,144,82.06070694,169.89418167,-9.73658611
2025-10-26,generation,Last Week,144,138.66105486,251.90787761,51.14552153
2025-10-26,generation,7-day mean,144,67.53254127,139.42700257,6.36626687
2025-10-26,generation,Seasonal,144,96.75596983,182.47432949,17.66036233
2025-10-26,generation,Low-Rank rank 1,144,2387.35343029,3101.03384392,-965.59490942
2025-10-26,generation,Low-Rank rank 3,144,2520.97597259,2972.19591863,-390.90482994
2025-10-26,generation,Low-Rank rank 5,144,2599.88869344,2948.91804079,-96.32744331
2025-10-26,generation,Seasonal + Low-Rank,144,96.75596983,182.47432949,17.66036233
2025-10-27,generation,Yesterday,144,186.04297431,356.82324625,-56.66459653
2025-10-27,generation,Last Week,144,221.59058472,398.24808696,-32.31026528
2025-10-27,generation,7-day mean,144,189.38355516,354.23405464,-57.60483274
2025-10-27,generation,Seasonal,144,194.20749885,357.98067253,-45.70514747
2025-10-27,generation,Low-Rank rank 1,144,2442.59676720,3315.09702137,-1062.67055183
2025-10-27,generation,Low-Rank rank 3,144,2738.59572492,3143.44920885,30.40381509
2025-10-27,generation,Low-Rank rank 5,144,2655.17595343,3150.65876173,-239.65814849
2025-10-27,generation,Seasonal + Low-Rank,144,194.20749885,357.98067253,-45.70514747
2025-10-28,generation,Yesterday,144,175.57966875,342.67802408,112.34414792
2025-10-28,generation,Last Week,144,147.79392361,257.79633085,-8.47731111
2025-10-28,generation,7-day mean,144,88.40656855,172.62632769,59.35506736
2025-10-28,generation,Seasonal,144,88.36698240,185.04798138,57.97449135
2025-10-28,generation,Low-Rank rank 1,144,2325.80138691,3089.40691683,-981.83966837
2025-10-28,generation,Low-Rank rank 3,144,2624.84787535,2933.81076651,148.17370749
2025-10-28,generation,Low-Rank rank 5,144,2536.38660382,2932.39990468,-146.80633229
2025-10-28,generation,Seasonal + Low-Rank,144,88.36698240,185.04798138,57.97449135
2025-10-29,generation,Yesterday,144,161.86877153,338.63573969,130.51522431
2025-10-29,generation,Last Week,144,165.89076875,309.26004674,154.48883819
2025-10-29,generation,7-day mean,144,191.08133611,364.86818172,191.08133611
2025-10-29,generation,Seasonal,144,148.69350000,292.28003653,141.30335056
2025-10-29,generation,Low-Rank rank 1,144,2206.45805436,2834.48062230,-794.21473475
2025-10-29,generation,Low-Rank rank 3,144,2488.65149107,2735.22988187,279.79205110
2025-10-29,generation,Low-Rank rank 5,144,2405.51889737,2719.76957640,-0.62481493
2025-10-29,generation,Seasonal + Low-Rank,144,148.69350000,292.28003653,141.30335056
2025-10-30,generation,Yesterday,144,181.64104028,370.32370429,-154.95396667
2025-10-30,generation,Last Week,144,128.37186667,223.41111557,71.01106528
2025-10-30,generation,7-day mean,144,83.22149891,147.96350136,14.05753542
2025-10-30,generation,Seasonal,144,116.99183639,219.58378607,-53.26970229
2025-10-30,generation,Low-Rank rank 1,144,2377.84731600,3122.60194645,-917.60777774
2025-10-30,generation,Low-Rank rank 3,144,2660.23233447,2988.49261970,108.40194664
2025-10-30,generation,Low-Rank rank 5,144,2597.36106133,2986.87577707,-93.83963855
2025-10-30,generation,Seasonal + Low-Rank,144,116.99183639,219.58378607,-53.26970229
2025-10-31,generation,Yesterday,144,188.84533403,351.21594768,178.48149792
2025-10-31,generation,Last Week,144,244.61545208,429.46349508,244.61545208
2025-10-31,generation,7-day mean,144,182.62307163,339.24639798,182.39459544
2025-10-31,generation,Seasonal,144,210.25340181,380.10784457,208.24177729
2025-10-31,generation,Low-Rank rank 1,144,2184.93264950,2842.47026056,-822.14052197
2025-10-31,generation,Low-Rank rank 3,144,2492.27580735,2738.05801163,289.76117671
2025-10-31,generation,Low-Rank rank 5,144,2426.81715302,2722.56295744,79.99195105
2025-10-31,generation,Seasonal + Low-Rank,144,210.25340181,380.10784457,208.24177729
2025-11-01,generation,Yesterday,144,100.50211736,214.91106782,-66.06142014
2025-11-01,generation,Last Week,144,151.55784792,258.08917943,133.92430069
2025-11-01,generation,7-day mean,144,86.41047937,155.61752430,81.38811071
2025-11-01,generation,Seasonal,144,76.04843778,134.13948787,23.93215424
2025-11-01,generation,Low-Rank rank 1,144,2257.98654004,2938.70992935,-846.95390859
2025-11-01,generation,Low-Rank rank 3,144,2532.74992234,2821.47691023,169.20462810
2025-11-01,generation,Low-Rank rank 5,144,2472.07940786,2815.31088978,-33.38399968
2025-11-01,generation,Seasonal + Low-Rank,144,76.04843778,134.13948787,23.93215424
2025-11-02,generation,Yesterday,144,81.54710000,152.32021902,15.97161111
2025-11-02,generation,Last Week,144,164.87719514,280.16682740,159.63249792
2025-11-02,generation,7-day mean,144,96.09431498,179.58350861,78.22767887
2025-11-02,generation,Seasonal,144,92.17295858,175.46593959,80.61901017
2025-11-02,generation,Low-Rank rank 1,144,2235.17122419,2924.74207764,-883.95269935
2025-11-02,generation,Low-Rank rank 3,144,2515.29370291,2793.61936343,165.97257108
2025-11-02,generation,Low-Rank rank 5,144,2452.57257337,2787.99181662,-43.03817213
2025-11-02,generation,Seasonal + Low-Rank,144,92.17295858,175.46593959,80.61901017
2025-11-03,generation,Yesterday,144,131.42869167,257.72232657,30.95281806
2025-11-03,generation,Last Week,144,261.18218889,608.50655303,247.24991250
2025-11-03,generation,7-day mean,144,129.52504861,270.10112896,86.37585437
2025-11-03,generation,Seasonal,144,171.70810479,383.41344416,128.28651056
2025-11-03,generation,Low-Rank rank 1,144,2721.48398897,2870.32282820,893.02282858
2025-11-03,generation,Low-Rank rank 3,144,2338.29608458,2735.55244922,-308.65017043
2025-11-03,generation,Low-Rank rank 5,144,2425.26011290,2719.15076473,2.25859685
2025-11-03,generation,Seasonal + Low-Rank,144,171.70810479,383.41344416,128.28651056
2025-11-04,generation,Yesterday,144,107.22106597,276.02602136,-63.02308125
2025-11-04,generation,Last Week,144,143.44716389,298.85051047,71.88268333
2025-11-04,generation,7-day mean,144,97.61995744,201.83832410,-11.96864296
2025-11-04,generation,Seasonal,144,103.82945837,223.31966568,-2.31548719
2025-11-04,generation,Low-Rank rank 1,144,2265.55117248,3002.13879403,-941.95841290
2025-11-04,generation,Low-Rank rank 3,144,2540.82042477,2852.56363944,79.37592651
2025-11-04,generation,Low-Rank rank 5,144,2482.64472681,2852.80750507,-114.62911292
2025-11-04,generation,Seasonal + Low-Rank,144,103.82945837,223.31966568,-2.31548719
2025-11-05,generation,Yesterday,144,106.54540486,227.02577742,72.08963125
2025-11-05,generation,Last Week,144,92.12743194,164.22071197,13.45709028
2025-11-05,generation,7-day mean,144,73.72097381,130.57890726,49.85203353
2025-11-05,generation,Seasonal,144,92.03025753,172.02828000,45.70498781
2025-11-05,generation,Low-Rank rank 1,144,2191.00426059,2895.73897860,-892.97266773
2025-11-05,generation,Low-Rank rank 3,144,2479.60880296,2759.99699708,150.86224332
2025-11-05,generation,Low-Rank rank 5,144,2419.41747909,2755.08945317,-39.22472658
2025-11-05,generation,Seasonal + Low-Rank,144,92.03025753,172.02828000,45.70498781
2025-11-06,generation,Yesterday,144,147.31853750,264.62472780,72.61991528
2025-11-06,generation,Last Week,144,257.87660000,500.66568911,241.03097222
2025-11-06,generation,7-day mean,144,164.15751349,299.23706928,120.54950734
2025-11-06,generation,Seasonal,144,190.83819215,353.24686387,148.40489090
2025-11-06,generation,Low-Rank rank 1,144,2124.92131797,2776.04721982,-812.96424344
2025-11-06,generation,Low-Rank rank 3,144,2416.36673259,2662.24187915,224.66680243
2025-11-06,generation,Low-Rank rank 5,144,2353.94985714,2652.29785834,25.96704679
2025-11-06,generation,Seasonal + Low-Rank,144,190.83819215,353.24686387,148.40489090
2025-11-07,generation,Yesterday,144,114.08914722,254.03024914,-106.26697083
2025-11-07,generation,Last Week,144,227.33602014,378.36946281,-43.71749653
2025-11-07,generation,7-day mean,144,167.18793274,283.84384972,-20.15045952
2025-11-07,generation,Seasonal,144,151.10015628,276.74898801,-78.11970740
2025-11-07,generation,Low-Rank rank 1,144,2729.52908194,2930.52540465,734.18387027
2025-11-07,generation,Low-Rank rank 3,144,2374.38373009,2857.50089385,-377.23649151
2025-11-07,generation,Low-Rank rank 5,144,2455.46401774,2834.05745977,-95.07812933
2025-11-07,generation,Seasonal + Low-Rank,144,151.10015628,276.74898801,-78.11970740
2025-11-08,generation,Yesterday,144,136.30405694,249.84799917,27.09404861
2025-11-08,generation,Last Week,144,122.46999722,234.04496992,49.43797222
2025-11-08,generation,7-day mean,144,50.34422470,97.67223763,13.18894573
2025-11-08,generation,Seasonal,144,76.48633590,146.26940427,37.14881424
2025-11-08,generation,Low-Rank rank 1,144,2712.92971965,2873.70237563,825.09616601
2025-11-08,generation,Low-Rank rank 3,144,2341.71185915,2766.27908579,-347.95329649
2025-11-08,generation,Low-Rank rank 5,144,2429.36920155,2745.38486703,-38.11336562
2025-11-08,generation,Seasonal + Low-Rank,144,76.48633590,146.26940427,37.14881424
2025-11-09,generation,Yesterday,144,116.62462361,233.89714257,71.36694722
2025-11-09,generation,Last Week,144,130.81574444,245.78943216,104.83330833
2025-11-09,generation,7-day mean,144,105.51057927,207.66442511,77.49332550
2025-11-09,generation,Seasonal,144,106.99483340,218.11412838,86.42680972
2025-11-09,generation,Low-Rank rank 1,144,2132.83938046,2811.26324921,-838.45089387
2025-11-09,generation,Low-Rank rank 3,144,2414.95593064,2690.49646017,178.91277608
2025-11-09,generation,Low-Rank rank 5,144,2354.36133726,2683.52221075,-13.36847356
2025-11-09,generation,Seasonal + Low-Rank,144,106.99483340,218.11412838,86.42680972
2025-11-10,generation,Yesterday,144,109.65965069,198.32272119,82.04972153
2025-11-10,generation,Last Week,144,157.96614375,280.43659466,155.93021181
2025-11-10,generation,7-day mean,144,150.27591468,258.95937000,144.56686012
2025-11-10,generation,Seasonal,144,118.74580674,211.46716064,115.29594215
2025-11-10,generation,Low-Rank rank 1,144,2062.82996700,2695.27315968,-750.95675647
2025-11-10,generation,Low-Rank rank 3,144,2354.91429748,2600.15487131,240.14189024
2025-11-10,generation,Low-Rank rank 5,144,2266.97990036,2588.04449696,-30.16826069
2025-11-10,generation,Seasonal + Low-Rank,144,118.74580674,211.46716064,115.29594215
2025-11-11,generation,Yesterday,144,102.47719375,206.40840143,-76.54950486
2025-11-11,generation,Last Week,144,154.13848542,288.70569565,142.40378819
2025-11-11,generation,7-day mean,144,72.05738175,131.96383945,45.74161071
2025-11-11,generation,Seasonal,144,68.58784937,134.11848780,21.97947701
2025-11-11,generation,Low-Rank rank 1,144,2133.73844530,2821.32302492,-829.28801838
2025-11-11,generation,Low-Rank rank 3,144,2409.94306147,2701.40961852,145.87290604
2025-11-11,generation,Low-Rank rank 5,144,2322.89888746,2699.40005778,-130.45983952
2025-11-11,generation,Seasonal + Low-Rank,144,68.58784937,134.11848780,21.97947701
2025-11-12,generation,Yesterday,144,81.46512222,161.04943744,-2.57826250
2025-11-12,generation,Last Week,144,130.29463472,242.89101758,67.73589444
2025-11-12,generation,7-day mean,144,88.21834435,174.62280987,22.81994990
2025-11-12,generation,Seasonal,144,95.75945938,182.82208866,29.06310813
2025-11-12,generation,Low-Rank rank 1,144,2128.97856775,2851.53750431,-873.46720339
2025-11-12,generation,Low-Rank rank 3,144,2413.12542712,2718.06329793,131.27958939
2025-11-12,generation,Low-Rank rank 5,144,2353.04279055,2714.61986652,-57.12262162
2025-11-12,generation,Seasonal + Low-Rank,144,95.75945938,182.82208866,29.06310813
2025-11-13,generation,Yesterday,144,133.05013889,299.18060766,44.85375556
2025-11-13,generation,Last Week,144,181.72026389,326.71722912,39.96973472
2025-11-13,generation,7-day mean,144,131.67365625,258.32699325,57.99714911
2025-11-13,generation,Seasonal,144,149.79740625,290.38949113,42.65594618
2025-11-13,generation,Low-Rank rank 1,144,2079.96896070,2737.09118528,-836.63666008
2025-11-13,generation,Low-Rank rank 3,144,2357.53461965,2612.84802250,156.92465097
2025-11-13,generation,Low-Rank rank 5,144,2271.92114902,2609.22215167,-118.59633902
2025-11-13,generation,Seasonal + Low-Rank,144,149.79740625,290.38949113,42.65594618
2025-11-14,generation,Yesterday,144,84.75326458,175.31888937,51.86658958
2025-11-14,generation,Last Week,144,245.53879931,459.92966836,198.10329514
2025-11-14,generation,7-day mean,144,114.60787877,219.08339674,104.15377659
2025-11-14,generation,Seasonal,144,128.51712632,235.44987756,117.67310708
2025-11-14,generation,Low-Rank rank 1,144,2033.73820782,2669.32236094,-794.57269942
2025-11-14,generation,Low-Rank rank 3,144,2313.40467006,2555.50680769,175.07652240
2025-11-14,generation,Low-Rank rank 5,144,2231.42384262,2549.49642015,-82.21918755
2025-11-14,generation,Seasonal + Low-Rank,144,128.51712632,235.44987756,117.67310708
2025-11-15,generation,Yesterday,144,92.05872083,174.92302348,-4.81883750
2025-11-15,generation,Last Week,144,166.95447153,287.30913702,166.19040903
2025-11-15,generation,7-day mean,144,75.71109256,144.84090833,71.03446835
2025-11-15,generation,Seasonal,144,92.16816198,171.25245886,72.13532344
2025-11-15,generation,Low-Rank rank 1,144,2039.54760079,2693.52989365,-796.03657986
2025-11-15,generation,Low-Rank rank 3,144,2313.48805807,2578.53249052,158.45768563
2025-11-15,generation,Low-Rank rank 5,144,2230.49524824,2574.54117412,-101.07402247
2025-11-15,generation,Seasonal + Low-Rank,144,92.16816198,171.25245886,72.13532344
2025-11-16,generation,Yesterday,144,88.44262014,187.58310786,13.72350208
2025-11-16,generation,Last Week,144,128.73789861,274.64939461,108.54696389
2025-11-16,generation,7-day mean,144,97.48987014,210.87803085,61.01648343
2025-11-16,generation,Seasonal,144,93.98871316,201.03362168,56.39405990
2025-11-16,generation,Low-Rank rank 1,144,2022.59825869,2684.86509128,-795.03713676
2025-11-16,generation,Low-Rank rank 3,144,2295.52802846,2570.21011427,165.80996874
2025-11-16,generation,Low-Rank rank 5,144,2236.70392207,2564.06453716,-17.28913831
2025-11-16,generation,Seasonal + Low-Rank,144,93.98871316,201.03362168,56.39405990
2025-11-17,generation,Yesterday,144,88.81142083,173.40455543,-27.00960278
2025-11-17,generation,Last Week,144,80.52467569,185.50779613,-0.51236042
2025-11-17,generation,7-day mean,144,70.36589395,134.51895250,18.50017153
2025-11-17,generation,Seasonal,144,71.77838045,140.12592476,-15.08584372
2025-11-17,generation,Low-Rank rank 1,144,2055.15248117,2746.36815923,-824.58359150
2025-11-17,generation,Low-Rank rank 3,144,2331.17855713,2622.43056816,121.04942297
2025-11-17,generation,Low-Rank rank 5,144,2272.66924087,2619.55068308,-58.21322088
2025-11-17,generation,Seasonal + Low-Rank,144,71.77838045,140.12592476,-15.08584372
2025-11-18,generation,Yesterday,144,145.66058403,306.21169940,70.03423542
2025-11-18,generation,Last Week,144,162.67042292,335.04539372,146.07137986
2025-11-18,generation,7-day mean,144,111.54022847,239.88698925,88.60760129
2025-11-18,generation,Seasonal,144,147.02900292,307.34737816,104.25095042
2025-11-18,generation,Low-Rank rank 1,144,1979.14244347,2590.37915307,-772.50439038
2025-11-18,generation,Low-Rank rank 3,144,2255.98935337,2483.03344880,205.26617364
2025-11-18,generation,Low-Rank rank 5,144,2168.42635581,2474.05839224,-77.55444431
2025-11-18,generation,Seasonal + Low-Rank,144,147.02900292,307.34737816,104.25095042
2025-11-19,generation,Yesterday,144,134.22161319,267.77907586,3.40603819
2025-11-19,generation,Last Week,144,154.28548194,282.03415529,152.05568056
2025-11-19,generation,7-day mean,144,86.90352153,167.85902474,71.14629950
2025-11-19,generation,Seasonal,144,99.09790219,192.38391094,70.29837726
2025-11-19,generation,Low-Rank rank 1,144,1977.05246264,2632.21792273,-773.13187836
2025-11-19,generation,Low-Rank rank 3,144,2244.32079745,2520.44098620,152.98839606
2025-11-19,generation,Low-Rank rank 5,144,2162.17804344,2517.06748391,-104.29177263
2025-11-19,generation,Seasonal + Low-Rank,144,99.09790219,192.38391094,70.29837726
2025-11-20,generation,Yesterday,144,137.79011319,260.22084765,-10.08297708
2025-11-20,generation,Last Week,144,102.47387708,181.63578336,97.11894792
2025-11-20,generation,7-day mean,144,84.78166111,170.22928182,39.34108234
2025-11-20,generation,Seasonal,144,82.77487007,164.20296287,38.15788917
2025-11-20,generation,Low-Rank rank 1,144,2459.93902947,2618.78890437,746.16297247
2025-11-20,generation,Low-Rank rank 3,144,2111.69335123,2520.24442279,-308.78754968
2025-11-20,generation,Low-Rank rank 5,144,2196.43400032,2502.50892135,-23.46935425
2025-11-20,generation,Seasonal + Low-Rank,144,82.77487007,164.20296287,38.15788917
2025-11-21,generation,Yesterday,144,65.10105694,142.89991518,-3.39215972
2025-11-21,generation,Last Week,144,78.61626528,144.31992270,41.86019861
2025-11-21,generation,7-day mean,144,69.98682054,138.14849585,22.07478720
2025-11-21,generation,Seasonal,144,58.46531306,116.29518460,16.97140153
2025-11-21,generation,Low-Rank rank 1,144,1989.09676907,2653.19104632,-815.09641263
2025-11-21,generation,Low-Rank rank 3,144,2257.29506430,2528.54643393,109.76244492
2025-11-21,generation,Low-Rank rank 5,144,2175.54090151,2529.03877487,-145.24806130
2025-11-21,generation,Seasonal + Low-Rank,144,58.46531306,116.29518460,16.97140153
2025-11-22,generation,Yesterday,144,93.99773125,204.28018756,33.52968264
2025-11-22,generation,Last Week,144,92.36739236,165.22161385,80.20871875
2025-11-22,generation,7-day mean,144,65.35201468,132.22462856,49.62444147
2025-11-22,generation,Seasonal,144,76.76527722,162.69107630,54.53524889
2025-11-22,generation,Low-Rank rank 1,144,1955.93331395,2609.03484631,-790.50327375
2025-11-22,generation,Low-Rank rank 3,144,2229.00258142,2490.56443922,144.35328909
2025-11-22,generation,Low-Rank rank 5,144,2145.17589639,2488.15011064,-117.09373385
2025-11-22,generation,Seasonal + Low-Rank,144,76.76527722,162.69107630,54.53524889
2025-11-23,generation,Yesterday,144,106.49343472,207.15860770,-9.18813611
2025-11-23,generation,Last Week,144,111.02385139,196.98517674,57.29708056
2025-11-23,generation,7-day mean,144,130.94202470,240.58165472,28.97791696
2025-11-23,generation,Seasonal,144,95.01846458,177.58818177,20.73021139
2025-11-23,generation,Low-Rank rank 1,144,1969.13599075,2638.04612780,-789.58386261
2025-11-23,generation,Low-Rank rank 3,144,2239.63855645,2519.21278137,134.64431189
2025-11-23,generation,Low-Rank rank 5,144,2154.63919501,2518.50114050,-131.40617015
2025-11-23,generation,Seasonal + Low-Rank,144,95.01846458,177.58818177,20.73021139
2025-11-24,generation,Yesterday,144,188.65850417,370.99263091,-52.63117500
2025-11-24,generation,Last Week,144,121.36209583,224.91963830,31.67550833
2025-11-24,generation,7-day mean,144,88.10255982,179.76997869,-31.83855526
2025-11-24,generation,Seasonal,144,152.63443278,288.51157512,-14.69316750
2025-11-24,generation,Low-Rank rank 1,144,2468.81912421,2660.84957382,584.87710845
2025-11-24,generation,Low-Rank rank 3,144,2148.18230923,2615.36925973,-373.94832634
2025-11-24,generation,Low-Rank rank 5,144,2235.88945256,2591.03865875,-86.06255366
2025-11-24,generation,Seasonal + Low-Rank,144,152.63443278,288.51157512,-14.69316750
2025-11-25,generation,Yesterday,144,130.72855278,272.13621906,95.83384861
2025-11-25,generation,Last Week,144,140.75015625,264.60177572,57.47512153
2025-11-25,generation,7-day mean,144,79.20880506,150.04770408,59.47022073
2025-11-25,generation,Seasonal,144,127.75534774,247.03732765,78.57242142
2025-11-25,generation,Low-Rank rank 1,144,1917.36249738,2576.71034909,-786.51314838
2025-11-25,generation,Low-Rank rank 3,144,2199.36253879,2458.54404371,159.49944603
2025-11-25,generation,Low-Rank rank 5,144,2112.90521572,2454.65994275,-103.85564621
2025-11-25,generation,Seasonal + Low-Rank,144,127.75534774,247.03732765,78.57242142
2025-11-26,generation,Yesterday,144,72.10433472,148.51258929,24.37341250
2025-11-26,generation,Last Week,144,102.99931944,212.84357711,78.44249583
2025-11-26,generation,7-day mean,144,78.38840397,161.29580379,75.63290159
2025-11-26,generation,Seasonal,144,81.28752708,167.95420474,48.70450000
2025-11-26,generation,Low-Rank rank 1,144,1902.72334211,2496.52453558,-726.34601651
2025-11-26,generation,Low-Rank rank 3,144,2169.51936021,2396.12979688,180.93709126
2025-11-26,generation,Low-Rank rank 5,144,2104.88979546,2388.36513081,-18.25600707
2025-11-26,generation,Seasonal + Low-Rank,144,81.28752708,167.95420474,48.70450000
2025-11-27,generation,Yesterday,144,90.75408889,169.15910675,-20.35329444
2025-11-27,generation,Last Week,144,100.92024514,191.19624262,68.17217847
2025-11-27,generation,7-day mean,144,81.38488234,157.91512494,44.07353631
2025-11-27,generation,Seasonal,144,75.98483809,147.65207124,19.48316837
2025-11-27,generation,Low-Rank rank 1,144,2372.55912472,2535.88584678,607.23075529
2025-11-27,generation,Low-Rank rank 3,144,2056.61887274,2472.88264041,-297.41914888
2025-11-27,generation,Low-Rank rank 5,144,2142.10107866,2456.22289935,-29.95535941
2025-11-27,generation,Seasonal + Low-Rank,144,75.98483809,147.65207124,19.48316837
2025-11-28,generation,Yesterday,144,118.49800069,205.98006392,4.14442431
2025-11-28,generation,Last Week,144,90.94510972,205.95994647,75.70876250
2025-11-28,generation,7-day mean,144,58.99986508,115.98614909,38.47907798
2025-11-28,generation,Seasonal,144,99.74560059,183.16346193,36.34837649
2025-11-28,generation,Low-Rank rank 1,144,1913.49716626,2564.05837339,-778.69978929
2025-11-28,generation,Low-Rank rank 3,144,2182.42720401,2446.08286026,127.45208756
2025-11-28,generation,Low-Rank rank 5,144,2114.05496237,2443.31052674,-80.74720172
2025-11-28,generation,Seasonal + Low-Rank,144,99.74560059,183.16346193,36.34837649
2025-11-29,generation,Yesterday,144,173.37263819,386.37232999,170.45970625
2025-11-29,generation,Last Week,144,213.51373750,436.34455550,212.63878611
2025-11-29,generation,7-day mean,144,198.14703403,402.02866483,198.12324673
2025-11-29,generation,Seasonal,144,189.96264184,404.76184332,189.44029219
2025-11-29,generation,Low-Rank rank 1,144,1746.75037551,2249.34263143,-601.65788862
2025-11-29,generation,Low-Rank rank 3,144,2022.65030084,2189.62721928,304.33631832
2025-11-29,generation,Low-Rank rank 5,144,1964.36624724,2171.43890824,132.77130384
2025-11-29,generation,Seasonal + Low-Rank,144,189.96264184,404.76184332,189.44029219
2025-11-30,generation,Yesterday,144,66.35533750,136.03221581,-22.38568889
2025-11-30,generation,Last Week,144,206.84396944,443.35436830,199.44123333
2025-11-30,generation,7-day mean,144,145.41332312,270.43313711,145.36058839
2025-11-30,generation,Seasonal,144,83.53466826,172.14364736,77.43642611
2025-11-30,generation,Low-Rank rank 1,144,1776.48719336,2301.13138542,-600.55477922
2025-11-30,generation,Low-Rank rank 3,144,2023.21070620,2232.22221802,211.77191414
2025-11-30,generation,Low-Rank rank 5,144,1946.61868751,2221.16526410,-21.54597663
2025-11-30,generation,Seasonal + Low-Rank,144,83.53466826,172.14364736,77.43642611
2025-12-01,generation,Yesterday,144,105.63664792,240.03095965,-51.18573264
2025-12-01,generation,Last Week,144,200.95536736,384.23843684,200.88667569
2025-12-01,generation,7-day mean,144,102.26946786,202.88320411,65.68325099
2025-12-01,generation,Seasonal,144,97.80484743,207.53440182,62.24685111
2025-12-01,generation,Low-Rank rank 1,144,1825.25109488,2416.48744131,-672.58580471
2025-12-01,generation,Low-Rank rank 3,144,1939.81699471,2336.06466541,-267.44716997
2025-12-01,generation,Low-Rank rank 5,144,2021.92688072,2321.63030577,-4.06073410
2025-12-01,generation,Seasonal + Low-Rank,144,97.80484743,207.53440182,62.24685111
2025-12-02,generation,Yesterday,144,119.56075764,261.28368087,92.90209375
2025-12-02,generation,Last Week,144,203.43699861,368.43345313,197.95492083
2025-12-02,generation,7-day mean,144,130.11783313,250.00906418,129.88724821
2025-12-02,generation,Seasonal,144,144.28180441,277.96741949,140.17586594
2025-12-02,generation,Low-Rank rank 1,144,1716.20133232,2276.08999653,-645.60440701
2025-12-02,generation,Low-Rank rank 3,144,1983.98658669,2193.46340868,216.50745734
2025-12-02,generation,Low-Rank rank 5,144,1898.75387114,2181.99768686,-34.46997957
2025-12-02,generation,Seasonal + Low-Rank,144,144.28180441,277.96741949,140.17586594
2025-12-03,generation,Yesterday,144,112.90068125,266.26689996,-29.05703819
2025-12-03,generation,Last Week,144,156.06796042,279.92928242,144.52447014
2025-12-03,generation,7-day mean,144,106.08851696,198.10033736,72.55093562
2025-12-03,generation,Seasonal,144,112.64963493,224.39971485,49.05464056
2025-12-03,generation,Low-Rank rank 1,144,1753.84534984,2315.67173254,-652.36461604
2025-12-03,generation,Low-Rank rank 3,144,2005.89016692,2229.67062192,164.68234586
2025-12-03,generation,Low-Rank rank 5,144,1951.39006280,2222.59427955,4.40642083
2025-12-03,generation,Seasonal + Low-Rank,144,112.64963493,224.39971485,49.05464056
2025-12-04,generation,Yesterday,144,118.22971111,249.04517526,-46.03581806
2025-12-04,generation,Last Week,144,125.72683958,256.12715764,118.84194653
2025-12-04,generation,7-day mean,144,66.66057143,130.95368613,5.86876468
2025-12-04,generation,Seasonal,144,91.57459191,186.01892898,28.15917601
2025-12-04,generation,Low-Rank rank 1,144,1789.78304576,2432.15364225,-736.96209198
2025-12-04,generation,Low-Rank rank 3,144,2043.99159175,2320.39952733,99.31371106
2025-12-04,generation,Low-Rank rank 5,144,1970.93765258,2320.51745016,-121.62001246
2025-12-04,generation,Seasonal + Low-Rank,144,91.57459191,186.01892898,28.15917601
2025-12-05,generation,Yesterday,144,80.48529167,190.58516404,42.02495000
2025-12-05,generation,Last Week,144,160.09432917,321.70213226,156.72247222
2025-12-05,generation,7-day mean,144,70.70230784,147.30738234,30.91629375
2025-12-05,generation,Seasonal,144,102.65573937,236.64680075,93.63883500
2025-12-05,generation,Low-Rank rank 1,144,1739.12272969,2366.96498697,-732.56763618
2025-12-05,generation,Low-Rank rank 3,144,2002.91228660,2255.93236922,135.51045260
2025-12-05,generation,Low-Rank rank 5,144,1925.36591494,2252.66869584,-95.30393348
2025-12-05,generation,Seasonal + Low-Rank,144,102.65573937,236.64680075,93.63883500
2025-12-06,generation,Yesterday,144,132.52671667,269.78194232,72.92721111
2025-12-06,generation,Last Week,144,117.72097986,219.69349928,59.18997708
2025-12-06,generation,7-day mean,144,96.11787708,208.34704836,81.45458026
2025-12-06,generation,Seasonal,144,109.61350698,219.74081958,66.74545580
2025-12-06,generation,Low-Rank rank 1,144,1671.09502509,2223.90098701,-646.60332136
2025-12-06,generation,Low-Rank rank 3,144,1923.77901105,2135.07574019,172.68337378
2025-12-06,generation,Low-Rank rank 5,144,1843.62444017,2128.17433104,-67.19093983
2025-12-06,generation,Seasonal + Low-Rank,144,109.61350698,219.74081958,66.74545580
2025-12-07,generation,Yesterday,144,112.25364167,228.59049982,-67.02463889
2025-12-07,generation,Last Week,144,82.99693403,153.88103635,14.55102708
2025-12-07,generation,7-day mean,144,60.82817520,110.97376679,5.97423036
2025-12-07,generation,Seasonal,144,91.29381753,173.70181793,-30.31558920
2025-12-07,generation,Low-Rank rank 1,144,1744.99631304,2339.63853694,-690.28213968
2025-12-07,generation,Low-Rank rank 3,144,1986.00799649,2239.55126595,92.16206210
2025-12-07,generation,Low-Rank rank 5,144,1935.45972040,2237.37383067,-56.69089839
2025-12-07,generation,Seasonal + Low-Rank,144,91.29381753,173.70181793,-30.31558920
2025-12-08,generation,Yesterday,144,68.49863819,151.98875139,35.48495208
2025-12-08,generation,Last Week,144,122.90837014,254.03692983,101.22171181
2025-12-08,generation,7-day mean,144,79.06642956,167.03061888,39.38046429
2025-12-08,generation,Seasonal,144,83.07599243,179.46943847,65.06649396
2025-12-08,generation,Low-Rank rank 1,144,1696.56667033,2275.94516417,-702.92266732
2025-12-08,generation,Low-Rank rank 3,144,1944.84177596,2170.41357076,126.02646773
2025-12-08,generation,Low-Rank rank 5,144,1871.11174535,2167.59255144,-99.48781029
2025-12-08,generation,Seasonal + Low-Rank,144,83.07599243,179.46943847,65.06649396
2025-12-09,generation,Yesterday,144,91.23238611,182.85257793,-30.96183333
2025-12-09,generation,Last Week,144,121.66049722,262.49998098,-22.64221528
2025-12-09,generation,7-day mean,144,82.90744315,158.84708953,-6.04161359
2025-12-09,generation,Seasonal,144,95.15360319,190.68858867,-27.21800521
2025-12-09,generation,Low-Rank rank 1,144,1730.84147350,2373.73792163,-725.01300192
2025-12-09,generation,Low-Rank rank 3,144,1974.59895332,2262.82457826,67.26767309
2025-12-09,generation,Low-Rank rank 5,144,1898.51748289,2266.16516309,-158.82346289
2025-12-09,generation,Seasonal + Low-Rank,144,95.15360319,190.68858867,-27.21800521
2025-12-10,generation,Yesterday,144,123.59647083,247.45685660,54.79503194
2025-12-10,generation,Last Week,144,102.11156458,198.39978089,61.20985486
2025-12-10,generation,7-day mean,144,87.53298383,173.20646494,51.98802054
2025-12-10,generation,Seasonal,144,101.85105260,206.45619204,57.68170226
2025-12-10,generation,Low-Rank rank 1,144,1673.46279239,2241.63775086,-680.64988221
2025-12-10,generation,Low-Rank rank 3,144,1931.62714144,2143.40143335,146.70014777
2025-12-10,generation,Low-Rank rank 5,144,1847.63841130,2138.88055402,-96.52924509
2025-12-10,generation,Seasonal + Low-Rank,144,101.85105260,206.45619204,57.68170226
2025-12-11,generation,Yesterday,144,127.70519792,256.60439984,-76.47492569
2025-12-11,generation,Last Week,144,62.02617778,148.05317372,30.77074722
2025-12-11,generation,7-day mean,144,71.97787212,148.82223678,-33.23117014
2025-12-11,generation,Seasonal,144,73.56807135,147.52083990,-28.21437288
2025-12-11,generation,Low-Rank rank 1,144,1749.35543957,2370.91936145,-755.36489637
2025-12-11,generation,Low-Rank rank 3,144,1985.84322490,2248.18332414,37.90482580
2025-12-11,generation,Low-Rank rank 5,144,1910.90085864,2255.17140127,-193.01793236
2025-12-11,generation,Seasonal + Low-Rank,144,73.56807135,147.52083990,-28.21437288
2025-12-12,generation,Yesterday,144,120.17067361,278.98882480,119.96891944
2025-12-12,generation,Last Week,144,140.81343611,329.32759627,108.71471667
2025-12-12,generation,7-day mean,144,109.55586756,237.69781949,82.34192827
2025-12-12,generation,Seasonal,144,121.36683028,286.61267733,114.90452819
2025-12-12,generation,Low-Rank rank 1,144,1627.80468748,2157.27806922,-648.69958557
2025-12-12,generation,Low-Rank rank 3,144,1755.03314100,2066.84764429,-206.13078417
2025-12-12,generation,Low-Rank rank 5,144,1831.86013581,2057.45332311,34.18779689
2025-12-12,generation,Seasonal + Low-Rank,144,121.36683028,286.61267733,114.90452819
2025-12-13,generation,Yesterday,144,84.31963472,192.04533607,-3.93058194
2025-12-13,generation,Last Week,144,97.58819028,221.64065092,31.85692361
2025-12-13,generation,7-day mean,144,84.31209891,166.28881055,62.88067252
2025-12-13,generation,Seasonal,144,79.55466104,176.95315782,12.17379556
2025-12-13,generation,Low-Rank rank 1,144,1641.94950893,2166.09359775,-613.54880345
2025-12-13,generation,Low-Rank rank 3,144,1873.59250060,2083.21849895,142.71715493
2025-12-13,generation,Low-Rank rank 5,144,1800.86319916,2078.65726861,-76.49862023
2025-12-13,generation,Seasonal + Low-Rank,144,79.55466104,176.95315782,12.17379556
2025-12-14,generation,Yesterday,144,82.99771319,161.93305303,-29.25999514
2025-12-14,generation,Last Week,144,82.50236458,166.50295163,69.62156736
2025-12-14,generation,7-day mean,144,45.34673810,108.72037709,29.06968829
2025-12-14,generation,Seasonal,144,56.04239854,115.54969629,15.23670799
2025-12-14,generation,Low-Rank rank 1,144,2083.77264820,2210.78422957,582.70402988
2025-12-14,generation,Low-Rank rank 3,144,1788.66916711,2141.36652394,-255.45678399
2025-12-14,generation,Low-Rank rank 5,144,1860.32897546,2127.14758176,-34.30947388
2025-12-14,generation,Seasonal + Low-Rank,144,56.04239854,115.54969629,15.23670799
2025-12-15,generation,Yesterday,144,72.28378194,160.65707815,37.84152222
2025-12-15,generation,Last Week,144,121.95190417,239.12637511,71.97813750
2025-12-15,generation,7-day mean,144,78.99972768,172.46151904,56.96527232
2025-12-15,generation,Seasonal,144,85.75172062,182.57422857,53.20299910
2025-12-15,generation,Low-Rank rank 1,144,1632.12009525,2157.63295319,-618.62271564
2025-12-15,generation,Low-Rank rank 3,144,1740.31617364,2080.35229754,-241.29896608
2025-12-15,generation,Low-Rank rank 5,144,1816.36413366,2066.83258419,-1.56225765
2025-12-15,generation,Seasonal + Low-Rank,144,85.75172062,182.57422857,53.20299910
2025-12-16,generation,Yesterday,144,53.63122083,116.91673741,-16.38268889
2025-12-16,generation,Last Week,144,147.84055139,303.21523869,86.55728194
2025-12-16,generation,7-day mean,144,63.55830268,127.65533577,30.29999236
2025-12-16,generation,Seasonal,144,74.46555806,156.79383686,29.94029799
2025-12-16,generation,Low-Rank rank 1,144,2053.55137570,2176.43821403,605.15438550
2025-12-16,generation,Low-Rank rank 3,144,1751.45841131,2102.34254738,-269.74151798
2025-12-16,generation,Low-Rank rank 5,144,1830.19278358,2085.61217937,-22.26322602
2025-12-16,generation,Seasonal + Low-Rank,144,74.46555806,156.79383686,29.94029799
2025-12-17,generation,Yesterday,144,62.17621528,133.89035829,-43.57731389
2025-12-17,generation,Last Week,144,88.21819306,159.59964798,-11.81506389
2025-12-17,generation,7-day mean,144,45.65987113,99.96078782,-25.64264752
2025-12-17,generation,Seasonal,144,46.72964646,101.58015997,-29.28430139
2025-12-17,generation,Low-Rank rank 1,144,2097.41291149,2231.85530645,554.20610350
2025-12-17,generation,Low-Rank rank 3,144,1794.89500494,2178.29567274,-313.80675608
2025-12-17,generation,Low-Rank rank 5,144,1871.42912261,2157.61540651,-74.58174375
2025-12-17,generation,Seasonal + Low-Rank,144,46.72964646,101.58015997,-29.28430139
2025-12-18,generation,Yesterday,144,109.47878819,246.57432915,-28.09936319
2025-12-18,generation,Last Week,144,93.47088333,197.92742087,36.56049861
2025-12-18,generation,7-day mean,144,94.60333274,224.74556641,-52.05414444
2025-12-18,generation,Seasonal,144,93.58550733,206.96942470,0.99757462
2025-12-18,generation,Low-Rank rank 1,144,1702.47341544,2360.35648074,-765.98432674
2025-12-18,generation,Low-Rank rank 3,144,1943.82951372,2233.24024564,38.43597006
2025-12-18,generation,Low-Rank rank 5,144,1868.39223293,2240.28532325,-192.60376691
2025-12-18,generation,Seasonal + Low-Rank,144,93.58550733,206.96942470,0.99757462
2025-12-19,generation,Yesterday,144,129.48861806,275.65585422,52.67325694
2025-12-19,generation,Last Week,144,106.50358750,212.28744148,-30.73516389
2025-12-19,generation,7-day mean,144,77.02841171,159.93396816,-4.60381587
2025-12-19,generation,Seasonal,144,87.98092188,185.79826724,15.13946757
2025-12-19,generation,Low-Rank rank 1,144,1651.33806607,2257.03910132,-713.47801547
2025-12-19,generation,Low-Rank rank 3,144,1895.69319368,2144.95837541,94.35708660
2025-12-19,generation,Low-Rank rank 5,144,1848.46958787,2142.48968418,-46.62654389
2025-12-19,generation,Seasonal + Low-Rank,144,87.98092188,185.79826724,15.13946757
2025-12-20,generation,Yesterday,144,76.81741389,157.89640733,-5.30140556
2025-12-20,generation,Last Week,144,84.94160972,171.74438202,-32.10598750
2025-12-20,generation,7-day mean,144,67.98513810,133.55501124,-5.51448373
2025-12-20,generation,Seasonal,144,65.56610722,133.48163720,-17.36346743
2025-12-20,generation,Low-Rank rank 1,144,1662.68104777,2274.06413835,-700.74704687
2025-12-20,generation,Low-Rank rank 3,144,1899.92156841,2165.21986840,77.81480087
2025-12-20,generation,Low-Rank rank 5,144,1823.46842029,2168.23377337,-152.12380641
2025-12-20,generation,Seasonal + Low-Rank,144,65.56610722,133.48163720,-17.36346743
2025-12-21,generation,Yesterday,144,121.96978611,241.02008674,19.72953194
2025-12-21,generation,Last Week,144,54.72223542,120.34318489,16.88353958
2025-12-21,generation,7-day mean,144,74.53843571,153.06674362,18.80161786
2025-12-21,generation,Seasonal,144,78.75310844,167.87923686,18.44883538
2025-12-21,generation,Low-Rank rank 1,144,1644.17051015,2208.82616011,-672.41231568
2025-12-21,generation,Low-Rank rank 3,144,1886.85399310,2108.59904512,118.35123507
2025-12-21,generation,Low-Rank rank 5,144,1806.43478472,2107.43703758,-119.87729617
2025-12-21,generation,Seasonal + Low-Rank,144,78.75310844,167.87923686,18.44883538
2025-12-22,generation,Yesterday,144,80.64907361,169.36923981,-18.43198472
2025-12-22,generation,Last Week,144,74.88075625,164.83559560,-39.38996736
2025-12-22,generation,7-day mean,144,38.48679355,76.00321822,-2.04230109
2025-12-22,generation,Seasonal,144,71.59683510,148.43402556,-27.86307691
2025-12-22,generation,Low-Rank rank 1,144,1663.91306024,2248.16997069,-688.82832916
2025-12-22,generation,Low-Rank rank 3,144,1899.60987449,2142.14917716,77.15415128
2025-12-22,generation,Low-Rank rank 5,144,1825.82081703,2144.60603440,-144.00824806
2025-12-22,generation,Seasonal + Low-Rank,144,71.59683510,148.43402556,-27.86307691
2025-12-23,generation,Yesterday,144,60.21583333,120.72311805,-38.23063750
2025-12-23,generation,Last Week,144,97.20728681,200.63655282,-61.23791597
2025-12-23,generation,7-day mean,144,52.30372282,107.02327536,-34.64580040
2025-12-23,generation,Seasonal,144,71.53097212,145.11059641,-48.58391281
2025-12-23,generation,Low-Rank rank 1,144,1699.77656112,2305.45100940,-729.70543925
2025-12-23,generation,Low-Rank rank 3,144,1932.61983136,2188.72604006,53.02308670
2025-12-23,generation,Low-Rank rank 5,144,1858.83543345,2193.88845309,-174.40359229
2025-12-23,generation,Seasonal + Low-Rank,144,71.53097212,145.11059641,-48.58391281
2025-12-24,generation,Yesterday,144,87.96886806,183.08121175,24.94791944
2025-12-24,generation,Last Week,144,86.64636042,187.65068004,7.28731736
2025-12-24,generation,7-day mean,144,70.46620149,150.33034409,-0.94960724
2025-12-24,generation,Seasonal,144,80.86502865,171.54527457,17.00064851
2025-12-24,generation,Low-Rank rank 1,144,1671.50588038,2283.47611936,-714.02564456
2025-12-24,generation,Low-Rank rank 3,144,1913.65563986,2172.10750647,90.88324483
2025-12-24,generation,Low-Rank rank 5,144,1836.97870730,2173.64088462,-142.12453731
2025-12-24,generation,Seasonal + Low-Rank,144,80.86502865,171.54527457,17.00064851
2025-12-25,generation,Yesterday,144,98.72551667,217.17958160,5.10010833
2025-12-25,generation,Last Week,144,111.01821389,253.54097560,40.48678889
2025-12-25,generation,7-day mean,144,56.09199762,125.22251266,3.10945575
2025-12-25,generation,Seasonal,144,90.20805917,212.56194458,21.02411458
2025-12-25,generation,Low-Rank rank 1,144,1665.71393177,2239.74863090,-708.55750216
2025-12-25,generation,Low-Rank rank 3,144,1905.85933252,2127.77635241,92.45803360
2025-12-25,generation,Low-Rank rank 5,144,1827.23674215,2129.70081538,-147.89326650
2025-12-25,generation,Seasonal + Low-Rank,144,90.20805917,212.56194458,21.02411458
2025-12-26,generation,Yesterday,144,113.97363542,223.47394793,29.78017292
2025-12-26,generation,Last Week,144,70.41550903,155.17179544,17.59370486
2025-12-26,generation,7-day mean,144,75.64193026,168.56289962,27.10580169
2025-12-26,generation,Seasonal,144,87.46574194,181.62709483,24.29626229
2025-12-26,generation,Low-Rank rank 1,144,1641.65718252,2230.81725385,-666.90385652
2025-12-26,generation,Low-Rank rank 3,144,1879.81369265,2133.03083987,107.27853492
2025-12-26,generation,Low-Rank rank 5,144,1832.84758157,2129.70197277,-30.57334150
2025-12-26,generation,Seasonal + Low-Rank,144,87.46574194,181.62709483,24.29626229
2025-12-27,generation,Yesterday,144,95.36659931,195.68907046,8.01293125
2025-12-27,generation,Last Week,144,80.26481111,166.06495427,30.90804167
2025-12-27,generation,7-day mean,144,56.88974514,116.64693403,32.60534653
2025-12-27,generation,Seasonal,144,75.79955983,161.97964523,18.31573094
2025-12-27,generation,Low-Rank rank 1,144,1631.47511724,2183.06643479,-664.39262380
2025-12-27,generation,Low-Rank rank 3,144,1865.73516038,2083.44666108,115.26158607
2025-12-27,generation,Low-Rank rank 5,144,1788.86947733,2082.70661817,-121.40308287
2025-12-27,generation,Seasonal + Low-Rank,144,75.79955983,161.97964523,18.31573094
2025-12-28,generation,Yesterday,144,87.29821528,178.25954116,-67.98500556
2025-12-28,generation,Last Week,144,99.52608889,212.02706154,-56.80649583
2025-12-28,generation,7-day mean,144,66.62702569,152.01174568,-39.79509355
2025-12-28,generation,Seasonal,144,85.38263410,173.97622715,-62.95467618
2025-12-28,generation,Low-Rank rank 1,144,1704.33683788,2301.54672437,-719.82275310
2025-12-28,generation,Low-Rank rank 3,144,1939.76543189,2186.62856709,47.50225061
2025-12-28,generation,Low-Rank rank 5,144,1864.78699781,2192.48321166,-177.03699041
2025-12-28,generation,Seasonal + Low-Rank,144,85.38263410,173.97622715,-62.95467618
2025-12-29,generation,Yesterday,144,101.90246875,193.31282287,22.85312014
2025-12-29,generation,Last Week,144,65.86960486,136.79242242,-15.52139097
2025-12-29,generation,7-day mean,144,66.21815000,137.72769842,-8.82675972
2025-12-29,generation,Seasonal,144,81.48964632,155.15393472,5.58459014
2025-12-29,generation,Low-Rank rank 1,144,1673.78004637,2245.04218705,-711.68566930
2025-12-29,generation,Low-Rank rank 3,144,1823.13536639,2137.70368512,-186.98891672
2025-12-29,generation,Low-Rank rank 5,144,1865.61403486,2130.86982629,-55.62574053
2025-12-29,generation,Seasonal + Low-Rank,144,81.48964632,155.15393472,5.58459014
2025-12-30,generation,Yesterday,144,137.28039722,277.42092099,-47.85693056
2025-12-30,generation,Last Week,144,88.19979375,184.11318218,-25.14768403
2025-12-30,generation,7-day mean,144,99.83002431,209.15998830,-54.46634871
2025-12-30,generation,Seasonal,144,111.23852122,224.65652008,-37.63776962
2025-12-30,generation,Low-Rank rank 1,144,1724.08574346,2375.45401882,-761.04834619
2025-12-30,generation,Low-Rank rank 3,144,1965.68615328,2250.32161889,25.85046073
2025-12-30,generation,Low-Rank rank 5,144,1890.90884751,2258.08146496,-197.81615787
2025-12-30,generation,Seasonal + Low-Rank,144,111.23852122,224.65652008,-37.63776962
2025-12-31,generation,Yesterday,144,121.34430417,245.12744217,89.86767917
2025-12-31,generation,Last Week,144,95.35517431,202.48019654,39.77207569
2025-12-31,generation,7-day mean,144,60.45075317,129.89588595,38.99385675
2025-12-31,generation,Seasonal,144,93.09769226,187.23641448,67.32465760
2025-12-31,generation,Low-Rank rank 1,144,2057.03092779,2183.61274784,651.71940999
2025-12-31,generation,Low-Rank rank 3,144,1744.83580285,2094.44565337,-263.93342261
2025-12-31,generation,Low-Rank rank 5,144,1827.90233819,2078.40926146,2.56676543
2025-12-31,generation,Seasonal + Low-Rank,144,93.09769226,187.23641448,67.32465760
