date,solver,status,runtime_seconds,initial_energy_kwh,final_energy_kwh,terminal_value_rates_yuan_per_kwh,terminal_value_breakpoints_kwh,terminal_uncertainty_reserve_kwh,terminal_value_credit_yuan,planned_purchase_cost_yuan,expected_emergency_cost_yuan,expected_total_cost_yuan,optimization_objective_yuan,planned_purchase_energy_kwh,expected_emergency_energy_kwh,expected_planned_grid_used_energy_kwh,expected_unused_planned_grid_energy_kwh,charge_energy_kwh,discharge_energy_kwh,expected_spill_energy_kwh,minimum_energy_kwh,maximum_energy_kwh,maximum_power_balance_residual_kw,maximum_soc_residual_kwh,realized_emergency_energy_kwh,realized_emergency_cost_yuan,realized_surplus_energy_kwh,realized_planned_grid_used_energy_kwh,realized_unused_planned_grid_energy_kwh,realized_pv_spill_energy_kwh,realized_total_cost_yuan,realized_unabsorbed_discharge_energy_kwh
2025-02-01,PuLP HiGHS,Optimal,3.3208922,6000,7153.06334,1.124955|0.726615|0.384264,3506.12668|7153.06334|10800,3506.12668,5244.207621,25894.69778,1454.14617,27348.84395,22104.63633,48873.88094,407.2762005,45691.86569,3182.015254,21561.042,16426.68701,2630.100045,1200,10800,4.547473509e-13,1.818989404e-12,156.5228147,793.4395206,9484.159431,43469.32058,5404.56036,4079.599071,26688.1373,33.71340467
2025-02-02,PuLP HiGHS,Optimal,1.0315709,7153.06334,7055.402408,1.124955|0.726615|0.384264,3310.804815|7055.402408|10800,3310.804815,5095.441211,58967.216,2200.228719,61167.44472,56072.00351,93024.18104,580.8905112,88767.23222,4256.948819,24724.82119,20115,1024.009007,1200,10800,4.547473509e-13,9.094947018e-13,72.96312193,253.6633666,10131.04502,84948.96615,8075.214891,2055.830134,59220.87937,0
2025-02-03,PuLP HiGHS,Optimal,1.0443374,7055.402408,7055.402352,1.124955|0.726615|0.384264,3310.804704|7055.402352|10800,3310.804704,5095.441126,57836.62875,2020.340802,59856.96955,54761.52842,91679.38121,524.206916,87406.15126,4273.229947,24822.0709,20105.87748,1174.416902,1200,10800,0,4.547473509e-13,176.0214088,645.483924,6922.292695,86471.83575,5207.545453,1714.747242,58482.11267,0
2025-02-04,PuLP HiGHS,Optimal,1.0386816,7055.402352,7057.813454,1.124955|0.726615|0.384264,3315.626909|7057.813454|10800,3315.626909,5099.113946,57963.13444,2191.610412,60154.74485,55055.63091,91874.20319,576.5940858,87511.06328,4363.139911,24620.30902,19940.28031,1167.39227,1200,10800,0,9.094947018e-13,585.5496467,2231.986821,6565.598179,85981.23956,5892.96363,672.6345492,60195.12126,19.262004
2025-02-05,PuLP HiGHS,Optimal,0.8563233,7057.813454,6873.549115,1.124955|0.726615|0.384264,2947.09823|6873.549115|10800,2947.09823,4818.424999,56814.84571,2157.647312,58972.49302,54154.06802,90264.71812,567.5858983,86037.05524,4227.66288,24123.68363,19706.02165,1061.370929,1200,10800,4.547473509e-13,9.094947018e-13,403.7644253,1585.322298,5502.393577,85450.91935,4813.798771,688.5948055,58400.16801,0
2025-02-06,PuLP HiGHS,Optimal,2.7701467,6873.549115,7068.771209,1.124955|0.726615|0.384264,3337.542418|7068.771209|10800,3337.542418,5115.805839,58546.04066,2050.926566,60596.96723,55481.16139,92447.3966,536.8793895,88132.84173,4314.554876,25035.89753,20103.37712,1118.954424,1200,10800,9.094947018e-13,4.547473509e-13,109.2620415,393.8790727,7331.783496,86705.50768,5741.88892,1589.894576,58939.91973,21.29751517
2025-02-07,PuLP HiGHS,Optimal,3.3855131,7068.771209,7044.466731,1.124955|0.726615|0.384264,3288.933463|7044.466731|10800,3288.933463,5078.78295,24481.40328,1486.74332,25968.1466,20889.36365,46102.22928,400.865583,42999.68306,3102.546225,20180.40439,16368.00159,2786.5733,1200,10800,2.273736754e-13,1.818989404e-12,124.4544631,713.25085,10579.13229,40687.85691,5414.372369,5164.759925,25194.65413,29.46897917
2025-02-08,PuLP HiGHS,Optimal,3.1509015,7044.466731,7044.466687,1.124955|0.726615|0.384264,3288.933374|7044.466687|10800,3288.933374,5078.782882,22011.04108,1636.267917,23647.309,18568.52611,41321.23973,463.3325871,38547.81171,2773.428016,19514.90874,15807.07612,3328.047169,1200,10800,4.547473509e-13,9.094947018e-13,350.9646045,1539.427234,6371.907457,38655.21801,2666.021719,3705.885738,23550.46831,15.30153683
2025-02-09,PuLP HiGHS,Optimal,1.0506517,7044.466687,7044.466721,1.124955|0.726615|0.384264,3288.933442|7044.466721|10800,3288.933442,5078.782934,54258.12844,2123.566875,56381.69532,51302.91238,86530.52953,564.3308484,82364.81404,4165.715492,24452.23262,19806.30839,1289.87493,1200,10800,9.094947018e-13,9.094947018e-13,1158.092962,3880.431089,3487.282298,83762.93403,2767.595497,719.6868005,58138.55953,0
2025-02-10,PuLP HiGHS,Optimal,1.0316681,7044.466721,6898.747002,1.124955|0.726615|0.384264,2997.494005|6898.747002|10800,2997.494005,4856.808815,55151.29219,2007.055055,57158.34725,52301.53843,87702.43427,545.4621436,83604.53875,4097.895515,24328.57896,19837.2967,1297.943739,1200,10800,9.094947018e-13,9.094947018e-13,208.8535053,718.9778091,9088.797261,81766.44511,5935.989163,3152.808098,55870.27,4.570674167
2025-02-11,PuLP HiGHS,Optimal,3.1351646,6898.747002,6962.263736,1.124955|0.726615|0.384264,3124.527471|6962.263736|10800,3124.527471,4953.563537,53758.66808,2038.784104,55797.45218,50843.88865,85951.91107,551.8375683,81921.48044,4030.430625,24477.93871,19769.96529,1409.744966,1200,10800,4.547473509e-13,1.818989404e-12,219.153295,1102.707002,6242.493817,81514.86291,4437.048156,1805.445661,54861.37508,0
2025-02-12,PuLP HiGHS,Optimal,3.8634938,6962.263736,7010.445729,1.124955|0.726615|0.384264,3220.891458|7010.445729|10800,3220.891458,5026.958927,53354.50686,2147.825875,55502.33274,50475.37381,85448.50306,578.739213,81543.04536,3905.457693,24193.08362,19553.03394,1397.916774,1200,10800,4.547473509e-13,9.094947018e-13,360.1514465,1489.190915,5901.868689,81142.98065,4305.52241,1596.346279,54843.69778,0
2025-02-13,PuLP HiGHS,Optimal,4.2592961,7010.445729,7112.239464,1.124955|0.726615|0.384264,3424.478928|7112.239464|10800,3424.478928,5182.020814,53397.16894,1984.427673,55381.59661,50199.5758,85339.56833,529.1664299,81304.84322,4034.725109,24113.10415,19440,1367.322313,1200,10800,2.273736754e-13,4.547473509e-13,308.7778242,1327.555902,9645.762988,79283.81467,6055.753662,3590.009326,54724.72484,0
2025-02-14,PuLP HiGHS,Optimal,3.1634922,7112.239464,7112.239468,1.124955|0.726615|0.384264,3424.478937|7112.239468|10800,3424.478937,5182.020821,20259.58981,1558.459698,21818.04951,16636.02869,37618.64629,438.0016775,35073.38057,2545.265721,18606.02082,15070.87686,3959.85434,1200,10800,4.547473509e-13,1.818989404e-12,1047.732821,3501.563245,5329.433333,35590.07987,2028.566421,3300.866912,23761.15305,0
2025-02-15,PuLP HiGHS,Optimal,3.6349647,7112.239468,7011.219578,1.124955|0.726615|0.384264,3222.439156|7011.219578|10800,3222.439156,5028.137727,20116.63436,1465.515895,21582.15025,16554.01252,37339.1828,405.7785234,34736.02074,2603.162062,18333.22563,14940.83066,4299.909658,1200,10800,4.547473509e-13,1.818989404e-12,795.0812428,2888.397977,5461.777973,35611.19091,1727.991889,3733.786084,23005.03234,0
2025-02-16,PuLP HiGHS,Optimal,4.3120084,7011.219578,7041.732583,1.124955|0.726615|0.384264,3283.465166|7041.732583|10800,3283.465166,5074.618035,51417.04114,2167.032291,53584.07343,48509.4554,82669.50543,571.0076633,78749.1128,3920.392634,23360.97301,18894.92643,1588.120341,1200,10800,2.273736754e-13,1.818989404e-12,977.8747665,3712.885937,3803.954523,79907.16943,2762.336001,1041.618522,55129.92708,0
2025-02-17,PuLP HiGHS,Optimal,1.0275445,7041.732583,6992.555341,1.124955|0.726615|0.384264,3185.110681|6992.555341|10800,3185.110681,4999.706587,50562.1457,2123.427607,52685.57331,47685.86672,81615.17198,572.0926453,77743.71649,3871.455484,23102.83927,18757.55932,1536.124949,1200,10800,0,4.547473509e-13,317.7098541,1297.486155,6403.738722,77875.67093,3739.501044,2664.237678,51859.63186,0
2025-02-18,PuLP HiGHS,Optimal,7.404576,6992.555341,6967.989425,1.124955|0.726615|0.384264,3135.97885|6967.989425|10800,3135.97885,4962.285451,50420.12062,2063.525538,52483.64615,47521.3607,81211.44152,557.8588005,77358.65982,3852.781707,23205.12983,18818.26449,1696.068707,1200,10800,3.410605132e-13,1.818989404e-12,397.5433621,1517.93417,5130.731757,77837.87651,3373.565013,1757.166743,51938.05479,0
2025-02-19,PuLP HiGHS,Optimal,3.8123057,6967.989425,6999.399923,1.124955|0.726615|0.384264,3198.799846|6999.399923|10800,3198.799846,5010.132905,50126.84898,2090.273061,52217.12204,47206.98913,80853.47017,560.0151356,77066.49699,3786.973178,23259.21167,18811.692,1686.403537,1200,10800,3.410605132e-13,1.818989404e-12,976.602998,3390.916514,4503.22612,77068.79118,3784.678995,718.5471251,53517.76549,0
2025-02-20,PuLP HiGHS,Optimal,5.5064164,6999.399923,7044.466751,1.124955|0.726615|0.384264,3288.933502|7044.466751|10800,3288.933502,5078.78298,49790.57987,2051.344205,51841.92407,46763.14109,80587.64404,546.0751387,76819.09288,3768.551153,23260.53584,18800.47389,1671.554159,1200,10800,9.094947018e-13,1.818989404e-12,513.1987108,2271.881743,5640.402058,76591.73954,3995.904501,1644.497557,52062.46161,7.245
2025-02-21,PuLP HiGHS,Optimal,3.0219916,7044.466751,6833.884266,1.124955|0.726615|0.384264,2867.768532|6833.884266|10800,2867.768532,4758.003733,19600.31901,1094.384499,20694.70351,15936.69977,36439.94038,293.5220876,34008.72685,2431.213533,17952.61132,14731.1394,5747.175324,1200,10800,4.547473509e-13,1.818989404e-12,262.4784899,878.8876181,7920.684923,34157.97327,2281.96711,5638.717813,20479.20663,0
2025-02-22,PuLP HiGHS,Optimal,3.1324707,6833.884266,7007.711735,1.124955|0.726615|0.384264,3215.423471|7007.711735|10800,3215.423471,5022.794248,19713.03758,1208.947321,20921.9849,15899.19065,36688.26297,320.4172624,34297.65566,2390.607314,17951.91354,14384.60524,5767.187569,1200,10800,0,1.818989404e-12,308.6076569,1099.454951,5584.799453,34609.38017,2078.882801,3505.916652,20812.49253,0
2025-02-23,PuLP HiGHS,Optimal,4.0807761,7007.711735,6967.989437,1.124955|0.726615|0.384264,3135.978874|6967.989437|10800,3135.978874,4962.28547,49335.40238,1822.533422,51157.9358,46195.65033,79635.11901,492.3574113,75755.24135,3879.877665,23143.525,18782.00532,1773.553365,1200,10800,4.547473509e-13,1.818989404e-12,680.4406182,2234.828795,4415.398414,76734.46108,2900.65793,1514.740484,51570.23118,6.7878505
2025-02-24,PuLP HiGHS,Optimal,7.3660961,6967.989437,6916.90828,1.124955|0.726615|0.384264,3033.816561|6916.90828|10800,3033.816561,4884.473799,48460.14239,2091.889214,50552.03161,45667.55781,78644.17638,559.8112112,74859.78799,3784.388384,23184.82483,18825.68115,1789.30369,1200,10800,9.094947018e-13,1.818989404e-12,377.8748217,1606.432935,6459.873908,74770.65214,3873.524234,2586.349674,50066.57533,0
2025-02-25,PuLP HiGHS,Optimal,4.9223773,6916.90828,6999.399984,1.124955|0.726615|0.384264,3198.799968|6999.399984|10800,3198.799968,5010.132999,48437.87401,2123.552778,50561.42679,45551.29379,78563.26336,565.828489,74922.44682,3640.81654,23356.47361,18844.50109,1760.806977,1200,10800,0,1.818989404e-12,334.2250763,1151.063573,8564.19268,73932.90518,4630.358172,3933.834508,49588.93758,0
2025-02-26,PuLP HiGHS,Optimal,5.8599536,6999.399984,7011.219256,1.124955|0.726615|0.384264,3222.438512|7011.219256|10800,3222.438512,5028.137237,48389.69091,1967.374537,50357.06544,45328.92821,78519.44562,533.272167,75008.94105,3510.504574,23189.40507,18772.78076,1825.490632,1200,10800,9.094947018e-13,1.818989404e-12,517.7915669,2002.294649,5805.764844,75225.08308,3294.362538,2511.402305,50391.98556,0
2025-02-27,PuLP HiGHS,Optimal,5.1627711,7011.219256,6999.400096,1.124955|0.726615|0.384264,3198.800191|6999.400096|10800,3198.800191,5010.133169,47443.9843,1928.015677,49371.99998,44361.86681,77209.26396,522.4737757,73689.09729,3520.166668,23068.11549,18695.81079,1797.732755,1200,10800,4.547473509e-13,1.818989404e-12,463.0131812,2187.414752,6343.388244,72423.3832,4785.880756,1557.507488,49631.39905,0
2025-02-28,PuLP HiGHS,Optimal,3.4420262,6999.400096,6999.206474,1.124955|0.726615|0.384264,3198.412948|6999.206474|10800,3198.412948,5009.838226,18898.49024,1085.624245,19984.11449,14974.27626,35384.66277,292.6216173,33023.11858,2361.544189,17926.54615,14520.67664,8472.836691,1200,10800,1.364242053e-12,1.818989404e-12,403.4595027,1444.513809,9089.659211,33314.76246,2069.900309,7019.758903,20343.00405,0
2025-03-01,PuLP HiGHS,Optimal,7.2808663,6999.206474,6967.989416,1.124955|0.726615|0.384264,3135.978833|6967.989416|10800,3135.978833,4962.285438,19015.76475,1064.119968,20079.88472,15117.59928,35372.96039,291.4051742,33029.77773,2343.182655,18469.25428,14988.19132,7994.851096,1200,10800,4.547473509e-13,1.818989404e-12,800.5534375,3373.226926,8999.958963,32113.77805,3259.182333,5740.776629,22388.99168,33.725966
2025-03-02,PuLP HiGHS,Optimal,3.6091585,6967.989416,6999.206264,1.124955|0.726615|0.384264,3198.412529|6999.206264|10800,3198.412529,5009.837907,46959.91736,2155.046671,49114.96403,44105.12613,76515.82874,563.1859094,72813.63943,3702.189312,22999.06648,18601.14868,1934.034846,1200,10800,4.547473509e-13,4.547473509e-13,4428.955392,16793.83479,4142.919942,73114.51768,3401.311061,741.6088812,63753.75215,45.63933217
2025-03-03,PuLP HiGHS,Optimal,3.9534713,6999.206264,7000.173573,1.124955|0.726615|0.384264,3200.347147|7000.173573|10800,3200.347147,5011.311404,46911.47314,2227.092899,49138.56604,44127.25464,76334.84302,592.8375111,72639.98355,3694.859468,23233.38866,18818.17424,1869.775139,1200,10800,9.094947018e-13,9.094947018e-13,3027.697745,12149.5465,2927.246379,73594.44211,2740.400913,186.8454662,59061.01964,2.9333315
2025-03-04,PuLP HiGHS,Optimal,4.9280039,7000.173573,6969.641618,1.124955|0.726615|0.384264,3139.283235|6969.641618|10800,3139.283235,4964.802228,48115.9712,2496.685349,50612.65655,45647.85432,77996.45516,675.4654447,74173.02359,3823.431572,23173.00277,18797.611,1921.844838,1200,10800,1.136868377e-13,9.094947018e-13,665.8116242,2066.778895,5062.490445,74573.21364,3423.241515,1639.24893,50182.75009,24.92663733
2025-03-05,PuLP HiGHS,Optimal,4.157199,6969.641618,7055.402307,1.124955|0.726615|0.384264,3310.804614|7055.402307|10800,3310.804614,5095.441057,48728.79292,2091.441356,50820.23427,45724.79322,79084.05056,556.9460082,75473.83077,3610.219787,23334.11208,18823.44617,1685.116275,1200,10800,0,9.094947018e-13,188.8240341,785.4041068,8631.736663,73450.34352,5633.707038,2998.029625,49514.19703,0
2025-03-06,PuLP HiGHS,Optimal,2.8310745,7055.402307,7044.466627,1.124955|0.726615|0.384264,3288.933255|7044.466627|10800,3288.933255,5078.782791,48663.87829,2301.943685,50965.82198,45887.03919,78573.21975,609.9519561,74787.60261,3785.617141,23176.94625,18783.16857,1721.596096,1200,10800,9.094947018e-13,9.094947018e-13,339.4050493,1004.414976,8533.741649,73542.11608,5031.103666,3502.637982,49668.29327,44.4513385
2025-03-07,PuLP HiGHS,Optimal,2.9925683,7044.466627,7082.919578,1.124955|0.726615|0.384264,3365.839156|7082.919578|10800,3365.839156,5137.357978,18676.14047,1237.896159,19914.03663,14776.67865,34854.35959,338.8108674,32581.15858,2273.201009,17207.60595,13903.55317,5387.936833,1200,10800,4.547473509e-13,1.818989404e-12,214.2971612,747.6849797,10815.5905,31633.32075,3221.038848,7594.551649,19423.82545,26.72793783
2025-03-08,PuLP HiGHS,Optimal,2.6598529,7082.919578,6992.555235,1.124955|0.726615|0.384264,3185.11047|6992.555235|10800,3185.11047,4999.706426,17823.16773,1117.989495,18941.15722,13941.45079,32901.40542,300.0992628,30490.54752,2410.857907,17218.49389,14028.30796,6995.31986,1200,10800,5.073098216e-13,1.818989404e-12,360.2622463,1106.881421,11008.34222,30875.3124,2026.093027,8982.249194,18930.04915,0
2025-03-09,PuLP HiGHS,Optimal,4.1239475,6992.555235,6919.151712,1.124955|0.726615|0.384264,3038.303425|6919.151712|10800,3038.303425,4887.891208,46101.79986,2294.976992,48396.77686,43508.88565,75028.88339,611.4261893,71394.62865,3634.254744,22996.28356,18693.05286,2035.383682,1200,10800,4.547473509e-13,9.094947018e-13,235.0348696,899.0123931,7627.162505,70279.29799,4749.585402,2877.577103,47000.81225,0
2025-03-10,PuLP HiGHS,Optimal,4.6098711,6919.151712,6916.601949,1.124955|0.726615|0.384264,3033.203899|6916.601949|10800,3033.203899,4884.007166,45303.20556,2052.166261,47355.37182,42471.36466,73933.23525,556.4292929,70170.17964,3763.055612,22720.65021,18406.02145,1925.217596,1200,10800,6.252776075e-13,1.818989404e-12,2118.920733,6232.559907,3695.455783,71580.57939,2352.655865,1342.799918,51535.76547,0
2025-03-11,PuLP HiGHS,Optimal,4.5322824,6916.601949,7041.732637,1.124955|0.726615|0.384264,3283.465275|7041.732637|10800,3283.465275,5074.618118,44997.72182,2122.875337,47120.59716,42045.97904,73894.60575,567.0894108,70264.13435,3630.471404,22627.41441,18215.58805,2044.626556,1200,10800,9.094947018e-13,1.818989404e-12,559.9782365,2139.410688,6096.506042,70507.93943,3386.666325,2709.839716,47137.13251,7.332789
2025-03-12,PuLP HiGHS,Optimal,7.4561547,7041.732637,6992.74876,1.124955|0.726615|0.384264,3185.497521|6992.74876|10800,3185.497521,5000.001223,44611.16646,2300.113479,46911.27994,41911.27872,73134.65804,627.4219105,69367.64402,3767.014021,22115.88326,17957.95093,2045.090255,1200,10800,4.547473509e-13,1.818989404e-12,455.2017581,1620.289996,6996.39279,69338.98289,3795.675151,3200.717639,46231.45646,0
2025-03-13,PuLP HiGHS,Optimal,4.2409953,6992.74876,7083.212376,1.124955|0.726615|0.384264,3366.424753|7083.212376|10800,3366.424753,5137.803997,44121.23647,2085.173599,46206.41007,41068.60607,72544.79468,562.2694356,68879.51434,3665.28034,22605.76626,18229.25342,1912.597182,1200,10800,4.547473509e-13,9.094947018e-13,3161.533986,12018.18555,3784.197802,69996.13493,2548.65975,1235.538052,56139.42202,0
2025-03-14,PuLP HiGHS,Optimal,3.2954829,7083.212376,6999.399908,1.124955|0.726615|0.384264,3198.799817|6999.399908|10800,3198.799817,5010.132883,17129.37979,1040.802799,18170.18259,13160.0497,31889.23177,279.7274573,29577.50331,2311.728457,17835.70244,14522.3502,9572.476716,1200,10800,6.821210263e-13,1.818989404e-12,323.1744165,1376.045152,12869.62796,29982.16824,1907.063528,10962.56443,18505.42494,0
2025-03-15,PuLP HiGHS,Optimal,3.0495458,6999.399908,7086.221914,1.124955|0.726615|0.384264,3372.443829|7086.221914|10800,3372.443829,5142.388411,17327.40615,1049.753083,18377.15923,13234.77082,32390.1207,281.2049447,30091.11406,2299.006644,17948.1695,14459.87749,9438.72538,1200,10800,4.547473509e-13,9.094947018e-13,408.043636,1722.082734,8385.747179,30672.19741,1717.923297,6667.823882,19049.48888,0
2025-03-16,PuLP HiGHS,Optimal,3.8359557,7086.221914,7008.485428,1.124955|0.726615|0.384264,3216.970856|7008.485428|10800,3216.970856,5023.97281,43809.20378,2168.665272,45977.86905,40953.89624,72067.66329,573.2791005,68412.20734,3655.455955,22189.43792,18043.40755,1970.964344,1200,10800,0,9.094947018e-13,817.2536756,3147.217224,5384.102836,68545.44341,3522.219882,1861.882954,46956.421,3.736832667
2025-03-17,PuLP HiGHS,Optimal,3.7768749,7008.485428,7044.466573,1.124955|0.726615|0.384264,3288.933146|7044.466573|10800,3288.933146,5078.782708,43936.06896,2579.944379,46516.01334,41437.23063,72422.87138,688.0116226,68770.87123,3652.000148,22035.52414,17816.39152,2219.512702,1200,10800,0,9.094947018e-13,237.4646493,1066.767959,10580.97681,66346.39138,6076.479998,4504.496808,45002.83692,2.095174833
2025-03-18,PuLP HiGHS,Optimal,3.180881,7044.466573,7086.222061,1.124955|0.726615|0.384264,3372.444122|7086.222061|10800,3372.444122,5142.388635,42628.86159,2099.801097,44728.66269,39586.27406,70428.71183,564.6131821,66870.06696,3558.644874,21785.05951,17608.31826,2246.982288,1200,10800,9.094947018e-13,9.094947018e-13,1008.040372,4609.1726,6134.052592,66325.55153,4103.160307,2030.892285,47238.03419,0
2025-03-19,PuLP HiGHS,Optimal,3.0034763,7086.222061,6969.845488,1.124955|0.726615|0.384264,3139.690976|6969.845488|10800,3139.690976,4965.112783,42542.78261,2309.389556,44852.17217,39887.05938,70207.09284,635.4028284,66587.84674,3619.246101,21685.58701,17670.06439,2309.892028,1200,10800,9.094947018e-13,9.094947018e-13,402.2221367,1912.925425,7128.321916,65498.8016,4708.291246,2420.03067,44455.70803,0
2025-03-20,PuLP HiGHS,Optimal,3.9929733,6969.845488,6992.748567,1.124955|0.726615|0.384264,3185.497134|6992.748567|10800,3185.497134,5000.000929,42565.44206,2406.545709,44971.98777,39971.98684,70091.36301,667.2131633,66313.17024,3778.192771,22053.35515,17842.6049,2262.844738,1200,10800,4.547473509e-13,9.094947018e-13,902.4560505,3235.603576,4574.106992,67224.46962,2866.893386,1707.213606,45801.04564,0
2025-03-21,PuLP HiGHS,Optimal,2.8252897,6992.748567,7041.732537,1.124955|0.726615|0.384264,3283.465073|7041.732537|10800,3283.465073,5074.617964,16825.50537,1055.716876,17881.22224,12806.60428,31518.99436,277.9097394,29221.44467,2297.549689,18116.08875,14629.94632,12178.8324,1200,10800,3.183231456e-12,1.818989404e-12,408.6279584,1212.196922,16408.01537,29553.51317,1965.481192,14442.53418,18037.70229,0
2025-03-22,PuLP HiGHS,Optimal,3.4079079,7041.732537,7055.403162,1.124955|0.726615|0.384264,3310.806324|7055.403162|10800,3310.806324,5095.44236,17134.19734,1111.543363,18245.74071,13150.29835,32043.1956,296.1347683,29755.87203,2287.323569,18428.03182,14914.40221,12604.34402,1200,10800,1.818989404e-12,2.728484105e-12,145.1087495,340.160224,12774.58364,29611.19462,2432.000978,10342.58266,17474.35756,18.89136533
2025-03-23,PuLP HiGHS,Optimal,4.0565604,7055.403162,6986.459274,1.124955|0.726615|0.384264,3172.918548|6986.459274|10800,3172.918548,4990.42048,40730.8568,1977.573074,42708.42988,37718.0094,67649.56521,531.5670782,63990.1174,3659.447811,21666.20207,17611.67318,2369.360139,1200,10800,9.094947018e-13,1.818989404e-12,989.5599795,3787.609405,5814.876182,64442.99216,3206.573052,2608.30313,44518.46621,0
2025-03-24,PuLP HiGHS,Optimal,3.9077593,6986.459274,7044.466528,1.124955|0.726615|0.384264,3288.933056|7044.466528|10800,3288.933056,5078.78264,40684.68172,2727.15852,43411.84024,38333.0576,67360.16461,746.8259924,63458.90819,3901.25642,21690.74655,17517.29818,2599.113156,1200,10800,4.547473509e-13,1.818989404e-12,698.7069735,2248.281062,5886.92613,64139.82553,3220.339081,2666.58705,42932.96278,0
2025-03-25,PuLP HiGHS,Optimal,3.9035053,7044.466528,6999.206673,1.124955|0.726615|0.384264,3198.413346|6999.206673|10800,3198.413346,5009.838529,40533.28663,2250.596269,42783.8829,37774.04437,67165.47581,618.1266232,63524.98981,3640.486001,21653.05459,17579.70809,2546.250833,1200,10800,9.094947018e-13,9.094947018e-13,1786.043409,6547.271126,3928.048002,65315.45095,1850.024865,2078.023137,47080.55776,0
2025-03-26,PuLP HiGHS,Optimal,3.7434222,6999.206673,7086.221988,1.124955|0.726615|0.384264,3372.443975|7086.221988|10800,3372.443975,5142.388523,40400.77652,2238.666577,42639.4431,37497.05458,67154.65934,624.9882843,63626.52306,3528.136276,21788.93357,17570.72241,2449.389767,1200,10800,4.547473509e-13,9.094947018e-13,384.1784134,1223.216158,7728.071721,63101.56762,4053.091712,3674.980009,41623.99268,0
2025-03-27,PuLP HiGHS,Optimal,2.77719,7086.221988,7112.324411,1.124955|0.726615|0.384264,3424.648821|7112.324411|10800,3424.648821,5182.150213,40325.17808,2051.301243,42376.47932,37194.32911,66846.44385,569.9101316,63277.03909,3569.404755,21659.89361,17521.02165,2408.110077,1200,10800,9.094947018e-13,9.094947018e-13,806.7751478,2822.925279,4795.175557,63427.15308,3419.290765,1375.884792,43148.10336,2.182072167
2025-03-28,PuLP HiGHS,Optimal,2.7651904,7112.324411,7180.281441,1.124955|0.726615|0.384264,3560.562882|7180.281441|10800,3560.562882,5285.668818,16377.71431,1028.026894,17405.74121,12120.07239,31043.64754,282.5972486,28913.66424,2129.983295,19576.55502,15795.84824,13725.75381,1200,10800,4.092726158e-12,1.818989404e-12,296.0368287,1005.547964,16725.80818,28928.67081,2114.976723,14610.83145,17383.26227,11.28864383
2025-03-29,PuLP HiGHS,Optimal,3.0657059,7180.281441,6999.399892,1.124955|0.726615|0.384264,3198.799783|6999.399892|10800,3198.799783,5010.132858,16067.80067,995.0005928,17062.80126,12052.6684,30524.64093,275.7011237,28284.73032,2239.910604,19054.97375,15597.32214,14490.55256,1200,10800,4.547473509e-13,1.818989404e-12,317.1649588,1319.093512,19676.94508,28900.02118,1624.619749,18052.32534,17386.89418,0
2025-03-30,PuLP HiGHS,Optimal,4.508579,6999.399892,7011.219612,1.124955|0.726615|0.384264,3222.439224|7011.219612|10800,3222.439224,5028.137779,39457.0256,2603.061108,42060.08671,37031.94893,65373.30548,702.2262736,61679.27398,3694.031504,21451.02294,17364.69084,2698.625733,1200,10800,4.831690603e-12,9.094947018e-13,564.4718279,2168.628772,6504.690526,61459.9063,3913.399178,2591.291348,41625.65437,1.134974
2025-03-31,PuLP HiGHS,Optimal,7.9348113,7011.219612,6992.555178,1.124955|0.726615|0.384264,3185.110355|6992.555178|10800,3185.110355,4999.706339,38366.83622,1981.444934,40348.28115,35348.57481,63835.38148,539.5319107,60380.34744,3455.034035,21448.20645,17389.84521,2679.34596,1200,10800,4.547473509e-13,4.547473509e-13,1907.222237,7539.814722,4732.852997,61541.08076,2294.300721,2438.552276,45906.65094,0
2025-04-01,PuLP HiGHS,Optimal,5.8683753,6992.555178,7041.732543,1.124955|0.726615|0.384264,3283.465086|7041.732543|10800,3283.465086,5074.617974,39125.29903,2424.079836,41549.37886,36474.76089,65044.35578,650.2212057,61627.95961,3416.396173,21545.30419,17407.43677,2636.47236,1200,10800,9.094947018e-13,1.818989404e-12,3214.342809,8949.749904,3911.97965,62995.76676,2048.589023,1863.390627,48075.04893,0
2025-04-02,PuLP HiGHS,Optimal,5.0031287,7041.732543,7011.219635,1.124955|0.726615|0.384264,3222.439271|7011.219635|10800,3222.439271,5028.137815,38370.51369,2123.759233,40494.27292,35466.1351,64062.5593,575.9755802,60566.02399,3496.535306,21317.53258,17294.663,2945.85098,1200,10800,2.98427949e-13,1.818989404e-12,3829.614728,14710.98105,3433.969053,61223.11219,2839.447111,594.5219415,53081.49474,0
2025-04-03,PuLP HiGHS,Optimal,4.4925856,7011.219635,7053.950566,1.124955|0.726615|0.384264,3307.901132|7053.950566|10800,3307.901132,5093.229627,38928.61967,2280.495248,41209.11492,36115.88529,65160.48766,638.0341565,61739.44668,3421.040981,21551.26158,17418.06405,2550.465801,1200,10800,2.273736754e-13,4.547473509e-13,686.3822884,2679.702038,5850.142141,61904.64853,3255.839123,2594.303018,41608.32171,0
2025-04-04,PuLP HiGHS,Optimal,2.7915287,7053.950566,7153.158256,1.124955|0.726615|0.384264,3506.316513|7153.158256|10800,3506.316513,5244.352206,15714.57773,1034.971263,16749.54899,11505.19678,30097.2956,281.4011095,28036.32401,2060.971596,19197.62659,15460.79062,15348.24826,1200,10800,5.00222086e-12,9.094947018e-13,363.5268001,1382.902519,20293.18418,28069.01101,2028.284593,18264.89958,17097.48025,0
2025-04-05,PuLP HiGHS,Optimal,1.1338588,7153.158256,6992.363102,1.124955|0.726615|0.384264,3184.726204|6992.363102|10800,3184.726204,4999.413752,15614.41122,983.383474,16597.79469,11598.38094,29906.25285,274.9545984,27803.15839,2103.094463,17557.00226,14365.88747,16587.87315,1200,10800,5.09317033e-11,8.185452316e-12,343.2308576,1180.680468,15014.25394,28282.39663,1623.856225,13390.39771,16795.09169,0
2025-04-06,PuLP HiGHS,Optimal,10.7692237,6992.363102,7597.549452,1.124955|0.726615|0.384264,4395.098904|7597.549452|10800,4395.098904,5921.291092,39120.82119,2637.70757,41758.52876,35837.23766,66078.45368,729.548262,62079.2146,3999.239078,22120.58707,17373.00781,2905.990322,1200,10800,9.094947018e-13,1.818989404e-12,455.7241546,1825.222702,7376.522308,62512.44706,3566.006615,3810.515693,40946.04389,0
2025-04-07,PuLP HiGHS,Optimal,6.7510491,7597.549452,7010.445799,1.124955|0.726615|0.384264,3220.891598|7010.445799|10800,3220.891598,5026.959034,37736.61529,2071.660711,39808.276,34781.31697,63247.80496,581.3321741,59829.57236,3418.232591,20843.98824,17412.02376,2749.0808,1200,10800,0,1.818989404e-12,568.1505639,1524.586079,7141.271757,59958.85475,3288.950202,3852.321556,39261.20137,0
2025-04-08,PuLP HiGHS,Optimal,6.4668682,7010.445799,7041.732863,1.124955|0.726615|0.384264,3283.465726|7041.732863|10800,3283.465726,5074.618461,38451.45061,2025.078657,40476.52927,35401.91081,64532.94504,555.0582178,61202.21261,3330.732434,21646.32146,17505.36202,2907.330456,1200,10800,9.094947018e-13,9.094947018e-13,784.0837637,3508.080826,6822.875753,60391.19082,4141.75422,2681.121533,41959.53144,0
2025-04-09,PuLP HiGHS,Optimal,4.0357836,7041.732863,6954.03954,1.124955|0.726615|0.384264,3108.079079|6954.03954|10800,3108.079079,4941.03566,37597.44989,2217.888944,39815.33884,34874.30318,62803.13904,610.9111051,59582.40165,3220.737386,21366.81526,17386.04435,2928.28189,1200,10800,4.547473509e-13,9.094947018e-13,3202.176668,11054.90788,2890.233783,60621.42557,2181.713472,708.520311,48652.35777,0
2025-04-10,PuLP HiGHS,Optimal,4.4632346,6954.03954,7098.257769,1.124955|0.726615|0.384264,3396.515539|7098.257769|10800,3396.515539,5160.722569,37907.17485,2187.767823,40094.94268,34934.22011,63610.98708,616.6524883,60299.95813,3311.028947,21633.05164,17392.97542,3046.811711,1200,10800,4.547473509e-13,1.818989404e-12,842.1354311,3740.968884,5745.876715,59530.78645,4080.200626,1665.676089,41648.14373,6.5316765
2025-04-11,PuLP HiGHS,Optimal,2.7233955,7098.257769,7009.518223,1.124955|0.726615|0.384264,3219.036446|7009.518223|10800,3219.036446,5025.546061,15094.43694,984.5260266,16078.96296,11053.4169,29256.46535,264.4709379,27238.15488,2018.31047,18765.92414,15280.26414,17139.94545,1200,10800,4.547473509e-13,9.094947018e-13,414.2491739,1619.06372,20865.24436,27578.57369,1677.891661,19187.35269,16713.50066,3.160004833
2025-04-12,PuLP HiGHS,Optimal,1.0374477,7009.518223,7133.960357,1.124955|0.726615|0.384264,3467.920713|7133.960357|10800,3467.920713,5215.108141,15563.34498,924.1294123,16487.47439,11272.36625,30069.90331,254.5756013,28091.19877,1978.704544,17499.75938,14062.80718,16892.82409,1200,10800,9.094947018e-13,2.728484105e-12,156.8780105,558.0667568,17764.66857,27902.4463,2167.457014,15597.21155,16121.41174,0
2025-04-13,PuLP HiGHS,Optimal,2.7606118,7133.960357,7007.235852,1.124955|0.726615|0.384264,3214.471704|7007.235852|10800,3214.471704,5022.069337,37004.36373,2556.422124,39560.78585,34538.71652,62038.65637,705.0135299,58583.79523,3454.861144,21190.22411,17278.13359,3331.640551,1200,10800,4.547473509e-13,4.547473509e-13,800.5825336,3144.207602,4643.639878,59315.87066,2722.785711,1920.854167,40148.57133,7.1500195
2025-04-14,PuLP HiGHS,Optimal,5.0648374,7007.235852,7102.81699,1.124955|0.726615|0.384264,3405.63398|7102.81699|10800,3405.63398,5167.667607,36714.61256,2159.462369,38874.07492,33706.40732,61998.21096,603.59623,58763.98501,3234.225946,21035.29812,16952.56845,3173.731827,1200,10800,3.126388037e-13,1.818989404e-12,598.4658533,2312.707321,5985.915345,58737.28413,3260.926828,2724.988518,39027.31988,0
2025-04-15,PuLP HiGHS,Optimal,4.1051193,7102.81699,7088.539661,1.124955|0.726615|0.384264,3377.079322|7088.539661|10800,3377.079322,5145.919023,36952.88586,1888.212474,38841.09833,33695.17931,61925.58703,532.9768578,58615.7775,3309.809535,20939.34644,16973.72021,3287.50515,1200,10800,4.547473509e-13,0,670.032605,3024.035604,8490.564578,57881.52988,4044.057156,4446.507422,39976.92146,0
2025-04-16,PuLP HiGHS,Optimal,5.043574,7088.539661,7054.015709,1.124955|0.726615|0.384264,3308.031418|7054.015709|10800,3308.031418,5093.32886,36669.04687,2012.401634,38681.4485,33588.11964,61495.96248,587.0034365,58362.09385,3133.868625,20314.09818,16485.49108,3410.223613,1200,10800,5.684341886e-13,1.818989404e-12,1638.47699,5757.362432,3518.45256,59376.62342,2119.339054,1399.113506,42426.4093,7.7878585
2025-04-17,PuLP HiGHS,Optimal,4.9661951,7054.015709,6998.732117,1.124955|0.726615|0.384264,3197.464235|6998.732117|10800,3197.464235,5009.115641,36265.74121,1976.269582,38242.01079,33232.89515,60805.13093,543.1789442,57626.23776,3178.893167,20387.19122,16563.38012,3717.929352,1200,10800,0,9.094947018e-13,619.5892755,2581.51234,4732.566755,58223.02772,2582.103203,2150.463552,38847.25355,0
2025-04-18,PuLP HiGHS,Optimal,1.2034562,6998.732117,7148.162462,1.124955|0.726615|0.384264,3496.324925|7148.162462|10800,3496.324925,5236.742138,15076.29596,889.6010788,15965.89704,10729.1549,29452.28474,249.2380542,27443.60095,2008.683794,17673.27558,14180.86591,18022.86117,1200,10800,2.47268872e-12,1.818989404e-12,304.486937,1000.886288,19910.24482,27152.46952,2299.815223,17610.4296,16077.18225,0
2025-04-19,PuLP HiGHS,Optimal,3.8257831,7148.162462,7418.473261,1.124955|0.726615|0.384264,4036.946522|7418.473261|10800,4036.946522,5648.505226,14687.68959,969.1383275,15656.82792,10008.32269,28799.86476,266.7665799,27071.5975,1728.267257,20803.42373,16607.4935,16891.65973,1200,10800,8.185452316e-12,9.094947018e-13,377.7798222,1365.534884,18197.03511,27035.79757,1764.067195,16432.96791,16053.22447,0
2025-04-20,PuLP HiGHS,Optimal,4.1210105,7418.473261,7042.719433,1.124955|0.726615|0.384264,3285.438866|7042.719433|10800,3285.438866,5076.121299,35950.33964,2077.086547,38027.42619,32951.30489,60394.16264,576.7977137,57275.07557,3119.08707,20086.41177,16608.17198,3624.747357,1200,10800,4.547473509e-13,4.547473509e-13,883.9414764,3449.90896,5842.11944,57670.9789,2723.183735,3118.935705,39400.2486,0
2025-04-21,PuLP HiGHS,Optimal,8.415477,7042.719433,7053.562292,1.124955|0.726615|0.384264,3307.124585|7053.562292|10800,3307.124585,5092.638172,36070.74633,2220.902785,38291.64912,33199.01094,60878.48292,599.944196,57891.75514,2986.727781,20601.2964,16677.29151,3294.60646,1200,10800,0,1.818989404e-12,390.2681868,1202.378861,8827.835835,56919.63972,3958.843206,4868.992629,37273.12519,0
2025-04-22,PuLP HiGHS,Optimal,4.5732926,7053.562292,7120.832187,1.124955|0.726615|0.384264,3441.664373|7120.832187|10800,3441.664373,5195.110066,35467.00437,1912.307616,37379.31199,32184.20192,59445.60584,536.0820185,56493.29645,2952.309391,20212.24357,16311.37439,3681.608835,1200,10800,0,9.094947018e-13,1321.059224,3958.566323,4712.866562,57175.74164,2269.864196,2443.002367,39425.57069,0
2025-04-23,PuLP HiGHS,Optimal,3.4507915,7120.832187,7112.042893,1.124955|0.726615|0.384264,3424.085786|7112.042893|10800,3424.085786,5181.721379,35944.69343,2075.367265,38020.06069,32838.33932,60683.91871,560.7399285,57538.40268,3145.516024,20056.25122,16253.47385,3873.199451,1200,10800,2.273736754e-13,9.094947018e-13,626.6460455,2092.017792,6107.870671,57827.62034,2856.298369,3251.572302,38036.71122,0
2025-04-24,PuLP HiGHS,Optimal,3.6806994,7112.042893,7054.008461,1.124955|0.726615|0.384264,3308.016921|7054.008461|10800,3308.016921,5093.317818,35330.5705,2180.106933,37510.67743,32417.35962,59355.15128,615.1501905,56249.79224,3105.359038,20222.83046,16432.72366,3640.632891,1200,10800,9.094947018e-13,0,209.230254,813.7454947,8684.168034,56376.12269,2979.028591,5705.139443,36144.31599,0
2025-04-25,PuLP HiGHS,Optimal,2.7296098,7054.008461,7427.842133,1.124955|0.726615|0.384264,4055.684266|7427.842133|10800,4055.684266,5662.776782,14168.86549,896.4249328,15065.29042,9402.513637,28280.5473,242.4300374,26436.43988,1844.107421,22691.36483,18043.55521,19199.71867,1200,10800,0,9.094947018e-13,167.7189492,520.3626373,21800.09897,26460.63354,1819.913761,19980.18521,14689.22813,0
2025-04-26,PuLP HiGHS,Optimal,3.6513575,7427.842133,7256.778473,1.124955|0.726615|0.384264,3713.556947|7256.778473|10800,3713.556947,5402.196365,13842.51293,862.7415706,14705.2545,9303.058137,27599.39011,243.0291367,25807.74171,1791.648401,22338.69947,18248.30387,18975.26555,1200,10800,4.547473509e-13,1.818989404e-12,537.950362,2022.679956,23976.75123,26174.8932,1424.496911,22552.25432,15865.19289,0
2025-04-27,PuLP HiGHS,Optimal,4.9283871,7256.778473,7086.222067,1.124955|0.726615|0.384264,3372.444135|7086.222067|10800,3372.444135,5142.388644,33364.40226,1836.176131,35200.57839,30058.18974,56614.74392,510.6277249,53910.92963,2703.814289,20099.59433,16434.17217,3701.161444,1200,10800,4.547473509e-13,0,1378.671669,6040.686909,5754.52225,53862.58336,2752.16056,3002.36169,39405.08917,0
2025-04-28,PuLP HiGHS,Optimal,3.6940176,7086.222067,7055.403047,1.124955|0.726615|0.384264,3310.806093|7055.403047|10800,3310.806093,5095.442184,33871.23711,1930.734265,35801.97138,30706.5292,56940.15962,555.1758756,54164.84492,2775.314699,19961.34785,16196.42887,3789.288334,1200,10800,9.094947018e-13,1.818989404e-12,6226.114136,22825.00723,2779.387465,54909.84523,2030.31439,749.0730747,56696.24434,0
2025-04-29,PuLP HiGHS,Optimal,3.8987747,7055.403047,7332.396581,1.124955|0.726615|0.384264,3864.793162|7332.396581|10800,3864.793162,5517.38505,34949.497,2217.548248,37167.04525,31649.6602,59162.65561,613.0946251,56224.08076,2938.574847,19717.36248,15721.76943,4097.800808,1200,10800,5.684341886e-13,9.094947018e-13,917.5122639,3869.0021,8651.361101,56582.5251,2580.13051,6071.230591,38818.4991,0
2025-04-30,PuLP HiGHS,Optimal,4.1040479,7332.396581,7048.216323,1.124955|0.726615|0.384264,3296.432646|7048.216323|10800,3296.432646,5084.494684,34071.67761,1994.567757,36066.24537,30981.75068,57343.30428,549.9283484,54572.64455,2770.659731,19471.89408,16027.99644,3657.581043,1200,10800,4.547473509e-13,1.818989404e-12,1514.34199,4931.097266,7156.894196,54099.18482,3244.119464,3912.774732,39002.77488,0
2025-05-01,PuLP HiGHS,Optimal,6.2501372,7048.216323,7419.296337,1.124955|0.726615|0.384264,4038.592675|7419.296337|10800,4038.592675,5649.759014,34559.0988,2276.876476,36835.97527,31186.21626,58100.93876,635.3429608,55169.15217,2931.786591,20183.70167,16014.82634,3943.018781,1200,10800,4.547473509e-13,1.818989404e-12,2828.803121,13050.73891,5749.487751,56432.23745,1668.701307,4080.786444,47609.83771,0
2025-05-02,PuLP HiGHS,Optimal,2.3569251,7419.296337,7453.293039,1.124955|0.726615|0.384264,4106.586078|7453.293039|10800,4106.586078,5701.54602,14111.73276,1060.504333,15172.23709,9470.691071,27674.22285,288.681911,25790.86532,1883.357535,22480.49701,18178.60555,19970.90676,1200,10800,1.136868377e-12,9.094947018e-13,2918.411336,12935.90465,12000.42264,27075.52532,598.6975357,11401.72511,27047.63741,0
2025-05-03,PuLP HiGHS,Optimal,0.9818858,7453.293039,7162.855761,1.124955|0.726615|0.384264,3525.711523|7162.855761|10800,3525.711523,5259.124367,14029.85335,904.6973969,14934.55074,9675.426377,27637.59591,252.6297496,25720.67969,1916.91622,17767.32742,14652.92876,19765.32719,1200,10800,1.080024958e-12,9.094947018e-13,1846.164549,9166.100212,17502.19015,26775.91145,861.6844607,16640.50569,23195.95356,0
2025-05-04,PuLP HiGHS,Optimal,3.1507803,7162.855761,7418.637859,1.124955|0.726615|0.384264,4037.275717|7418.637859|10800,4037.275717,5648.755957,35254.53382,2310.190141,37564.72396,31915.968,59412.0343,637.498701,56259.84511,3152.189188,19663.32837,15697.09209,3958.250885,1200,10800,2.842170943e-13,4.547473509e-13,2544.917186,10921.10098,6256.047877,57851.52471,1560.50959,4695.538286,46175.6348,0
2025-05-05,PuLP HiGHS,Optimal,4.1180933,7418.637859,7309.724307,1.124955|0.726615|0.384264,3819.448614|7309.724307|10800,3819.448614,5482.848488,35212.26058,2364.202548,37576.46313,32093.61464,59347.5516,634.4046834,56231.02442,3116.527174,18914.75161,15418.971,3979.095646,1200,10800,9.094947018e-13,1.818989404e-12,3439.355989,15832.43519,4215.120177,56651.96235,2695.589243,1519.530934,51044.69577,0
2025-05-06,PuLP HiGHS,Optimal,4.0894267,7309.724307,7469.675904,1.124955|0.726615|0.384264,4139.351807|7469.675904|10800,4139.351807,5726.501956,35224.64497,2662.114638,37886.75961,32160.25765,59556.40472,742.9664961,56385.7854,3170.619324,19791.28262,15886.98248,4244.18346,1200,10800,9.094947018e-13,1.818989404e-12,2999.127251,13215.32625,5781.149474,57254.06862,2302.3361,3478.813374,48439.97122,0
2025-05-07,PuLP HiGHS,Optimal,4.0353563,7469.675904,7728.615554,1.124955|0.726615|0.384264,4657.231107|7728.615554|10800,4657.231107,6120.94343,35491.69721,2476.705286,37968.4025,31847.45907,60169.68476,712.8970812,56921.37546,3248.309294,19905.46646,15890.38215,4066.162588,1200,10800,4.547473509e-13,9.094947018e-13,3103.968782,14345.16755,4190.723278,58605.07368,1564.611078,2626.1122,49836.86476,0
2025-05-08,PuLP HiGHS,Optimal,5.2355977,7728.615554,7736.477274,1.124955|0.726615|0.384264,4672.954548|7736.477274|10800,4672.954548,6132.919149,38822.63041,2594.711355,41417.34177,35284.42262,63830.42649,674.6293569,60442.71389,3387.712603,20017.20213,16206.85817,4443.523206,1200,10800,9.094947018e-13,1.818989404e-12,1379.662701,5366.46736,5553.916047,60621.77181,3208.654685,2345.261362,44189.09777,19.31679383
2025-05-09,PuLP HiGHS,Optimal,0.9452015,7736.477274,6997.185241,1.124955|0.726615|0.384264,3194.370481|6997.185241|10800,3194.370481,5006.759291,15699.50838,889.2019251,16588.7103,11581.95101,29545.79649,250.3711538,27596.32796,1949.468529,17396.2758,14756.34622,18527.64731,1200,10800,4.348521543e-12,9.094947018e-13,533.9363006,2063.974291,18940.41737,27424.6662,2121.130289,16819.28708,17763.48267,0
2025-05-10,PuLP HiGHS,Optimal,1.0001324,6997.185241,7128.584282,1.124955|0.726615|0.384264,3457.168565|7128.584282|10800,3457.168565,5206.918794,16291.98153,1084.118432,17376.09997,12169.18117,30572.93212,285.1001672,28701.98034,1870.951787,17522.39273,14074.87898,18780.69088,1200,10800,1.818989404e-12,3.637978807e-12,800.9877441,3485.500743,15766.93977,28469.3202,2103.611922,13663.32785,19777.48227,38.42105967
2025-05-11,PuLP HiGHS,Optimal,3.9177988,7128.584282,7112.534974,1.124955|0.726615|0.384264,3425.069947|7112.534974|10800,3425.069947,5182.470963,38145.33656,2525.187297,40670.52386,35488.05289,63062.91967,676.1836709,59934.10246,3128.817219,20064.61415,16266.78184,3627.021311,1200,10800,9.094947018e-13,9.094947018e-13,1257.823068,4674.075507,5038.831349,60514.28421,2548.635466,2490.195883,42819.41207,0
2025-05-12,PuLP HiGHS,Optimal,3.8292442,7112.534974,7123.293147,1.124955|0.726615|0.384264,3446.586293|7123.293147|10800,3446.586293,5198.858834,37965.82173,2397.880504,40363.70224,35164.8434,63021.98102,666.5791045,59724.6258,3297.355223,20386.46138,16503.35136,3636.957915,1200,10800,9.094947018e-13,1.818989404e-12,1853.03811,5490.045868,9053.97395,60357.75235,2664.228668,6389.745281,43455.8676,6.739931333
2025-05-13,PuLP HiGHS,Optimal,2.8062124,7123.293147,7423.743937,1.124955|0.726615|0.384264,4047.487874|7423.743937|10800,4047.487874,5656.534021,38428.77625,2616.968899,41045.74515,35389.21113,63750.23589,680.145806,60522.81044,3227.425452,20067.28683,15984.09662,3527.157324,1200,10800,5.684341886e-13,0,362.3111843,1472.804392,6900.144102,59631.09348,4119.142414,2781.001687,39901.58064,0
2025-05-14,PuLP HiGHS,Optimal,3.8425473,7423.743937,7191.816486,1.124955|0.726615|0.384264,3583.632972|7191.816486|10800,3583.632972,5303.240094,38818.64773,2756.224945,41574.87267,36271.63258,64080.46704,736.8563483,60668.88181,3411.585232,19733.26459,16192.67903,3611.919119,1200,10800,9.094947018e-13,9.094947018e-13,269.8906428,864.9203852,7766.443326,60154.91701,3925.550026,3840.8933,39683.56812,29.1800065
2025-05-15,PuLP HiGHS,Optimal,3.865789,7191.816486,7539.663994,1.124955|0.726615|0.384264,4279.327987|7539.663994|10800,4279.327987,5833.114463,38528.20642,2535.912447,41064.11887,35231.00441,63888.12959,661.1747299,60529.38754,3358.742048,19886.9987,15795.40619,3546.762845,1200,10800,6.821210263e-13,9.094947018e-13,1131.095874,4419.467147,8075.971312,59571.1647,4316.964888,3759.006424,42947.67357,86.60335933
2025-05-16,PuLP HiGHS,Optimal,3.7105157,7539.663994,7252.137309,1.124955|0.726615|0.384264,3704.274618|7252.137309|10800,3704.274618,5395.126502,15556.75535,1112.455662,16669.21102,11274.08451,29180.36707,289.7770441,27118.37186,2061.995207,20855.41203,17151.65776,17035.35769,1200,10800,4.547473509e-13,4.547473509e-13,456.8745593,1315.198398,23170.99178,27136.31962,2044.047447,21126.94433,16871.95375,46.98904517
2025-05-17,PuLP HiGHS,Optimal,3.3373852,7252.137309,7476.766394,1.124955|0.726615|0.384264,4153.532788|7476.766394|10800,4153.532788,5737.302864,15847.57874,1192.986806,17040.56555,11303.26268,29944.32409,305.7173451,27917.53936,2026.784731,20225.30168,16180.32818,17984.60362,1200,10800,1.546140993e-11,1.818989404e-12,806.2545485,3050.780557,16256.80606,28455.36123,1488.962869,14767.8432,18898.3593,0
2025-05-18,PuLP HiGHS,Optimal,4.4093673,7476.766394,7500.277262,1.124955|0.726615|0.384264,4200.554523|7500.277262|10800,4200.554523,5773.116851,37526.97964,2345.513543,39872.49318,34099.37633,61934.82364,643.1901915,58797.84971,3136.97393,18256.1822,14766.3478,4059.140082,1200,10800,3.126388037e-13,1.818989404e-12,1764.39607,5959.897825,6476.86626,58565.38335,3369.440293,3107.425967,43486.87746,56.35094983
2025-05-19,PuLP HiGHS,Optimal,4.0069881,7500.277262,8191.441374,1.124955|0.726615|0.384264,5582.882749|8191.441374|10800,5582.882749,6825.963688,38004.22186,2890.40322,40894.62508,34068.66139,63232.66114,764.6490356,59620.72756,3611.933579,19703.19612,15337.54116,4350.540345,1200,10800,4.547473509e-13,9.094947018e-13,387.4600355,1981.094633,11739.24966,57488.65018,5744.010966,5995.238696,39985.31649,0
2025-05-20,PuLP HiGHS,Optimal,3.451436,8191.441374,6997.1858,1.124955|0.726615|0.384264,3194.371601|6997.1858|10800,3194.371601,5006.760144,35380.19998,2371.8337,37752.03368,32745.27353,58048.52388,643.4016344,55012.96201,3035.561865,17906.19918,15578.85135,3686.178666,1200,10800,0,9.094947018e-13,2552.922712,9296.59195,3746.703946,56106.13617,1942.387711,1804.316235,44676.79193,0
2025-05-21,PuLP HiGHS,Optimal,4.0342576,6997.1858,7083.37638,1.124955|0.726615|0.384264,3366.75276|7083.37638|10800,3366.75276,5138.053823,36623.86817,2255.357133,38879.2253,33741.17148,60669.44454,615.3578003,57604.54577,3064.898772,18489.43728,14898.87268,3919.127947,1200,10800,9.094947018e-13,1.818989404e-12,1213.508568,4763.597889,6929.627672,57928.47929,2740.965256,4188.662416,41387.46606,0.145552
2025-05-22,PuLP HiGHS,Optimal,4.8084922,7083.37638,7489.921591,1.124955|0.726615|0.384264,4179.843182|7489.921591|10800,4179.843182,5757.34211,36299.20747,2652.064112,38951.27158,33193.92947,60268.01313,708.1548282,57136.87535,3131.137775,19400.95179,15348.88026,4046.779952,1200,10800,0,1.818989404e-12,589.3085918,2923.854752,5988.619374,57665.5908,2602.422327,3386.197047,39223.06222,0
2025-05-23,PuLP HiGHS,Optimal,3.2069292,7489.921591,7566.053212,1.124955|0.726615|0.384264,4332.106424|7566.053212|10800,4332.106424,5873.313027,15458.49626,1168.281001,16626.77726,10753.46423,29331.03655,301.0378711,27362.69424,1968.34231,21266.48203,17157.33198,18709.36049,1200,10800,4.547473509e-13,9.094947018e-13,432.7147577,1717.810531,19225.19814,27170.61898,2160.417569,17064.78057,17176.30679,8.454238
2025-05-24,PuLP HiGHS,Optimal,3.171582,7566.053212,7476.766182,1.124955|0.726615|0.384264,4153.532363|7476.766182|10800,4153.532363,5737.302541,15781.22478,1301.446442,17082.67122,11345.36868,29747.55832,331.615613,27701.13811,2046.420214,20540.13236,16717.86554,18561.46914,1200,10800,9.094947018e-13,1.818989404e-12,253.5608942,1095.912799,22399.9921,27364.35106,2383.207255,20016.78485,16877.13758,24.35890417
2025-05-25,PuLP HiGHS,Optimal,4.185856,7476.766182,7091.152257,1.124955|0.726615|0.384264,3382.304514|7091.152257|10800,3382.304514,5149.898778,35891.82682,2549.531684,38441.3585,33291.45972,59662.17468,679.6893371,56729.71218,2932.462502,18685.25354,15482.1079,4090.650912,1200,10800,9.094947018e-13,4.547473509e-13,448.911736,2182.273389,8362.930593,56222.01349,3440.161193,4922.7694,38074.10021,0
2025-05-26,PuLP HiGHS,Optimal,3.5155831,7091.152257,7091.229138,1.124955|0.726615|0.384264,3382.458276|7091.229138|10800,3382.458276,5150.01589,35705.57701,2473.943454,38179.52046,33029.50457,58978.97518,696.8999029,56010.42127,2968.553905,18401.85859,14905.43627,4523.494821,1200,10800,9.094947018e-13,9.094947018e-13,3386.119338,12656.39092,4239.451013,56357.38266,2621.592521,1617.858492,48361.96793,49.3882285
2025-05-27,PuLP HiGHS,Optimal,4.3381096,7091.229138,7712.768933,1.124955|0.726615|0.384264,4625.537866|7712.768933|10800,4625.537866,6096.804352,37410.05775,2872.720947,40282.77869,34185.97434,61935.97598,757.2385826,58586.44021,3349.535774,18932.75359,14776.14459,4564.859939,1200,10800,9.094947018e-13,9.094947018e-13,389.1056042,1249.655685,8778.105287,57418.40389,4517.572092,4260.533195,38659.71343,0
2025-05-28,PuLP HiGHS,Optimal,8.3385813,7712.768933,8304.467502,1.124955|0.726615|0.384264,5808.935004|8304.467502|10800,5808.935004,6998.135823,37399.52273,2966.225994,40365.74872,33367.6129,61685.68718,777.3983928,58173.07848,3512.608706,19270.47003,15076.55202,4653.811933,1200,10800,2.273736754e-13,1.818989404e-12,1901.23831,5362.099834,7119.183376,58035.81618,3649.871007,3469.312369,42761.62256,0
2025-05-29,PuLP HiGHS,Optimal,4.7054888,8304.467502,7149.062065,1.124955|0.726615|0.384264,3498.12413|7149.062065|10800,3498.12413,5238.112499,35202.70244,2936.652475,38139.35491,32901.24241,57941.6523,808.7835129,55011.98365,2929.668647,17449.48672,15173.94914,4576.757853,1200,10800,9.094947018e-13,1.818989404e-12,1885.469219,7339.29037,3441.460436,56203.14337,1738.508927,1702.951509,42541.99281,0
2025-05-30,PuLP HiGHS,Optimal,3.4987755,7149.062065,7447.430541,1.124955|0.726615|0.384264,4094.861081|7447.430541|10800,4094.861081,5692.615705,15245.34494,1147.425507,16392.77044,10700.15474,29225.24625,301.4138955,27253.97671,1971.269545,21703.8598,17311.59481,18587.49963,1200,10800,4.547473509e-13,1.591615728e-12,866.6697991,3634.254696,19103.41779,27164.89221,2060.354042,17043.06375,18879.59964,0
2025-05-31,PuLP HiGHS,Optimal,2.6424336,7447.430541,7588.598768,1.124955|0.726615|0.384264,4377.197536|7588.598768|10800,4377.197536,5907.65656,15379.89547,1258.761128,16638.6566,10731.00004,29299.74838,320.694707,27377.72409,1922.024295,19959.21716,16039.9145,19234.79469,1200,10800,1.364242053e-12,1.818989404e-12,596.7660609,2227.000226,17584.5719,27117.46395,2182.284437,15402.28746,17606.8957,3.458331667
2025-06-01,PuLP HiGHS,Optimal,5.7964995,7588.598768,7500.277049,1.124955|0.726615|0.384264,4200.554098|7500.277049|10800,4200.554098,5773.116527,36699.45789,2222.550531,38922.00842,33148.89189,60864.0374,647.7905511,57597.05433,3266.983065,18944.87967,15424.84208,3893.068316,1200,10800,3.126388037e-13,1.818989404e-12,14315.31528,55162.15636,434.4887888,60653.56288,210.4745185,224.0142703,91861.61425,0
2025-06-02,PuLP HiGHS,Optimal,4.1507153,7500.277049,7381.262465,1.124955|0.726615|0.384264,3962.524929|7381.262465|10800,3962.524929,5591.822206,37546.60227,3234.39981,40781.00208,35189.17987,62423.96198,865.6664056,58895.44913,3528.512852,19011.04143,15506.05668,3513.578753,1200,10800,4.547473509e-13,9.094947018e-13,11745.73222,48031.51968,2023.902015,61754.40626,669.5557302,1354.346285,85578.12195,0
2025-06-03,PuLP HiGHS,Optimal,4.1767507,7381.262465,7376.643963,1.124955|0.726615|0.384264,3953.287926|7376.643963|10800,3953.287926,5584.786865,38033.31123,2798.714721,40832.02595,35247.23909,63487.8745,759.2402663,59925.87167,3562.002831,19795.11262,16038.19788,3656.152253,1200,10800,9.094947018e-13,9.094947018e-13,9040.380051,37448.01145,578.9729734,63226.84344,261.0310611,317.9419123,75481.32268,0
2025-06-04,PuLP HiGHS,Optimal,4.2447086,7376.643963,7588.598875,1.124955|0.726615|0.384264,4377.197751|7588.598875|10800,4377.197751,5907.656724,39084.27891,2713.189534,41797.46844,35889.81172,65445.6006,705.9525208,61809.6357,3635.964907,20829.12422,16680.8312,3250.953637,1200,10800,9.094947018e-13,9.094947018e-13,9245.171808,34866.21162,897.2185713,65318.64541,126.955198,770.2633733,73950.49053,0
2025-06-05,PuLP HiGHS,Optimal,5.5860134,7588.598875,8165.741887,1.124955|0.726615|0.384264,5531.483774|8165.741887|10800,5531.483774,6786.815787,41305.2619,4629.921902,45935.1838,39148.36802,68675.50336,1208.879218,64635.14921,4040.354145,21927.93481,17242.19849,3295.146625,1200,10800,9.094947018e-13,1.818989404e-12,8158.978587,30866.89662,999.4276036,68527.92879,147.57457,851.8530336,72172.15852,0
2025-06-06,PuLP HiGHS,Optimal,2.9820105,8165.741887,7274.94724,1.124955|0.726615|0.384264,3749.894481|7274.94724|10800,3749.894481,5429.872757,15145.50303,1637.859308,16783.36234,11353.48959,28694.43198,419.2848767,26635.33691,2059.095073,18249.95342,15584.17745,12349.39267,1200,10800,3.410605132e-13,2.273736754e-13,8402.712946,35283.22135,3576.373559,28446.50786,247.9241252,3328.449434,50428.72438,0
2025-06-07,PuLP HiGHS,Optimal,3.2358283,7274.94724,7469.675791,1.124955|0.726615|0.384264,4139.351583|7469.675791|10800,4139.351583,5726.501785,16310.73916,2900.994543,19211.7337,13485.23192,30813.8233,763.4223082,28488.11524,2325.708065,17632.9731,14107.45252,9968.740085,1200,10800,4.547473509e-13,1.818989404e-12,6075.52507,24996.54606,2237.314623,30422.95093,390.8723758,1846.442247,41307.28522,0
2025-06-08,PuLP HiGHS,Optimal,3.7304522,7469.675791,8367.18875,1.124955|0.726615|0.384264,5934.377501|8367.18875|10800,5934.377501,7093.678787,51278.11409,4104.823458,55382.93755,48289.25876,82486.35631,1063.748548,77842.35515,4644.001159,23733.46468,18416.34473,2250.454872,1200,10800,9.094947018e-13,9.094947018e-13,168.5341545,655.8634129,12152.84724,76416.65284,6069.703467,6083.143773,51933.9775,0
2025-06-09,PuLP HiGHS,Optimal,2.7611063,8367.18875,7499.137275,1.124955|0.726615|0.384264,4198.274551|7499.137275|10800,4198.274551,5771.380316,48975.69365,4279.215162,53254.90881,47483.52849,78588.77937,1095.012521,74178.8194,4409.95997,21368.83169,18090,2344.01196,1200,10800,4.547473509e-13,4.547473509e-13,1425.782827,5152.897201,5803.017765,75199.38557,3389.393794,2413.623972,54128.59085,0
2025-06-10,PuLP HiGHS,Optimal,2.7559222,7499.137275,7707.43946,1.124955|0.726615|0.384264,4614.878921|7707.43946|10800,4614.878921,6088.685993,49822.0384,3631.779581,53453.81799,47365.13199,80264.2378,930.9962237,76079.4554,4184.782403,22755.67979,18244.62866,2341.550236,1200,10800,9.094947018e-13,1.818989404e-12,965.6895393,3390.050066,5100.431978,77114.03558,3150.202217,1950.229761,53212.08847,0
2025-06-11,PuLP HiGHS,Optimal,4.756949,7707.43946,7712.768764,1.124955|0.726615|0.384264,4625.537527|7712.768764|10800,4625.537527,6096.804094,50069.75737,3315.077549,53384.83492,47288.03083,81184.79161,859.6170275,76718.70437,4466.08724,22881.75531,18529.42543,2378.496917,1200,10800,9.094947018e-13,4.547473509e-13,3071.063346,14185.44569,3819.078759,77582.55564,3602.235973,216.8427867,64255.20306,0
2025-06-12,PuLP HiGHS,Optimal,3.7426774,7712.768764,8253.664666,1.124955|0.726615|0.384264,5707.329332|8253.664666|10800,5707.329332,6920.748117,51301.99369,3464.356009,54766.3497,47845.60158,82619.0346,907.117858,78071.59389,4547.440711,23350.31557,18426.9493,2576.077833,1200,10800,4.547473509e-13,9.094947018e-13,1036.396372,4306.620891,6279.673264,78044.65659,4574.378008,1705.295256,55608.61458,0
2025-06-13,PuLP HiGHS,Optimal,3.2727531,8253.664666,7840.787051,1.124955|0.726615|0.384264,4881.574102|7840.787051|10800,4881.574102,6291.813711,22131.78825,3379.790704,25511.57896,19219.76525,38470.32678,889.1769432,36050.6349,2419.691885,16903.00417,14063.02323,7532.016227,1200,10800,0,1.818989404e-12,791.7989088,3794.857183,8076.831051,35536.57875,2933.748033,5143.083017,25926.64543,0
2025-06-14,PuLP HiGHS,Optimal,3.2490041,7840.787051,7678.781271,1.124955|0.726615|0.384264,4557.562541|7678.781271|10800,4557.562541,6045.031115,21986.96978,2295.730957,24282.70074,18237.66962,38284.30612,607.172405,35934.78824,2349.517881,17251.41095,14119.44807,6687.393428,1200,10800,0,1.818989404e-12,327.0033376,985.9327545,9286.003833,35943.05126,2341.254866,6944.748966,22972.90253,0
2025-06-15,PuLP HiGHS,Optimal,4.2337506,7678.781271,7712.570214,1.124955|0.726615|0.384264,4625.140428|7712.570214|10800,4625.140428,6096.501644,51933.44346,5602.578772,57536.02224,51439.52059,82986.66202,1432.339649,77679.9956,5306.666412,22941.26426,18552.014,2561.941745,1200,10800,4.547473509e-13,1.818989404e-12,480.6668207,2075.812617,8439.718947,76139.402,6847.260019,1592.458927,54009.25608,11.3853
2025-06-16,PuLP HiGHS,Optimal,4.8930729,7712.570214,7827.469727,1.124955|0.726615|0.384264,4854.939453|7827.469727|10800,4854.939453,6271.527497,51483.96491,4569.2188,56053.18371,49781.65622,82712.26427,1160.544288,78016.90963,4695.354647,22893.3711,18440.22103,2352.947652,1200,10800,9.094947018e-13,4.547473509e-13,796.4942114,3118.436972,6361.555597,77355.1092,5357.155077,1004.40052,54602.40188,0
2025-06-17,PuLP HiGHS,Optimal,2.8599945,7827.469727,8165.741906,1.124955|0.726615|0.384264,5531.483813|8165.741906|10800,5531.483813,6786.815817,51767.25242,4475.251681,56242.5041,49455.68829,83283.35928,1154.900197,78468.32845,4815.030837,23435.73352,18678.49919,2306.236788,1200,10800,2.273736754e-13,2.273736754e-13,1855.098081,7797.424549,5744.211818,79475.92192,3807.437368,1936.77445,59564.67697,0
2025-06-18,PuLP HiGHS,Optimal,3.7518423,8165.741906,7659.435748,1.124955|0.726615|0.384264,4518.871496|7659.435748|10800,4518.871496,6015.562178,51714.94646,4188.962845,55903.90931,49888.34713,82734.61446,1060.205641,78209.42507,4525.189395,22604.10427,18765,2088.086989,1200,10800,4.547473509e-13,1.818989404e-12,402.7314495,1451.278381,8369.850743,77810.65184,4923.962624,3445.888118,53166.22484,0
2025-06-19,PuLP HiGHS,Optimal,5.0048985,7659.435748,8028.876871,1.124955|0.726615|0.384264,5257.753741|8028.876871|10800,5257.753741,6578.329992,51587.82292,3684.870416,55272.69334,48694.36335,82694.92236,950.8887224,78000.38326,4694.539105,23788.27876,18936.00879,2369.170084,1200,10800,4.547473509e-13,4.547473509e-13,689.1957758,2565.457059,10272.34396,76517.70556,6177.216805,4095.127158,54153.27998,0
2025-06-20,PuLP HiGHS,Optimal,3.3053114,8028.876871,8191.692693,1.124955|0.726615|0.384264,5583.385387|8191.692693|10800,5583.385387,6826.346521,22694.63127,3820.696959,26515.32823,19688.98171,39388.82777,1027.42727,36618.26351,2770.564268,16334.88667,13084.72396,7867.335796,1200,10800,0,1.818989404e-12,217.7629187,572.3481628,13954.49508,35681.72683,3707.100945,10247.39414,23266.97943,1.352050167
2025-06-21,PuLP HiGHS,Optimal,3.4976564,8191.692693,7852.305205,1.124955|0.726615|0.384264,4904.610409|7852.305205|10800,4904.610409,6309.359257,21245.11793,2406.525133,23651.64307,17342.28381,36960.17434,606.0724922,34537.01016,2423.164177,18058.11689,14932.52342,6742.755797,1200,10800,4.547473509e-13,1.818989404e-12,204.2154642,583.330071,14692.64875,33098.49945,3861.674887,10830.97386,21828.448,11.40718133
2025-06-22,PuLP HiGHS,Optimal,1.0751164,7852.305205,7837.442156,1.124955|0.726615|0.384264,4874.884313|7837.442156|10800,4874.884313,6286.718449,49201.55414,4419.788357,53621.3425,47334.62405,79394.10724,1111.97978,74881.74304,4512.3642,22316.81884,18090,2141.195173,1200,10800,9.094947018e-13,1.818989404e-12,794.8659391,3151.922294,8504.813244,74185.91599,5208.191252,3296.621991,52353.47643,0
2025-06-23,PuLP HiGHS,Optimal,2.745345,7837.442156,8319.030045,1.124955|0.726615|0.384264,5838.060089|8319.030045|10800,5838.060089,7020.318872,50351.61156,5001.24773,55352.85929,48332.54042,81235.38977,1296.976287,76267.36894,4968.020826,23497.73949,18599.73989,2831.770288,1200,10800,4.547473509e-13,4.547473509e-13,418.1472585,1354.900371,9694.251425,74443.45273,6791.937039,2902.314385,51706.51193,0
2025-06-24,PuLP HiGHS,Optimal,2.8058965,8319.030045,7699.166866,1.124955|0.726615|0.384264,4598.333732|7699.166866|10800,4598.333732,6076.084391,48288.40273,3502.982498,51791.38523,45715.30084,77739.06056,913.5268634,73447.52975,4291.530814,21673.34267,18113.28442,2873.9835,1200,10800,6.252776075e-13,4.547473509e-13,5033.970836,20187.54246,2944.180901,74965.73204,2773.328517,170.8523832,68475.94519,0
2025-06-25,PuLP HiGHS,Optimal,3.9330461,7699.166866,7596.852649,1.124955|0.726615|0.384264,4393.705298|7596.852649|10800,4393.705298,5920.229656,48709.41161,4123.647428,52833.05904,46912.82938,78703.0348,1061.649255,74279.54144,4423.493361,22323.57695,18174.18013,2723.722477,1200,10800,6.252776075e-13,1.818989404e-12,1662.455516,6182.498616,5778.67212,74018.19775,4684.837048,1093.835072,54891.91023,0
2025-06-26,PuLP HiGHS,Optimal,3.5451443,7596.852649,7551.977465,1.124955|0.726615|0.384264,4303.954931|7551.977465|10800,4303.954931,5851.871513,48674.46476,4105.956546,52780.42131,46928.54979,78441.05878,1072.199855,74039.6487,4401.41008,22726.24565,18448.64664,2492.399561,1200,10800,4.547473509e-13,9.094947018e-13,965.5929851,3763.577338,7581.668925,72563.89649,5877.16229,1704.506635,52438.0421,0
2025-06-27,PuLP HiGHS,Optimal,3.6428497,7551.977465,8165.741815,1.124955|0.726615|0.384264,5531.483631|8165.741815|10800,5531.483631,6786.815679,20313.80412,3174.277818,23488.08193,16701.26625,36115.73623,816.4812162,33663.90297,2451.833258,18406.37979,14356.77972,7389.674057,1200,10800,4.547473509e-13,1.818989404e-12,217.9245722,948.1352169,12512.41486,33405.69642,2710.039808,9802.375051,21261.93934,0
2025-06-28,PuLP HiGHS,Optimal,3.4616778,8165.741815,8285.416542,1.124955|0.726615|0.384264,5770.833084|8285.416542|10800,5770.833084,6969.115591,20326.59217,3437.313238,23763.90541,16794.78982,36371.2596,875.1989947,33735.96971,2635.289892,18549.24252,14917.17919,7652.941114,1200,10800,4.547473509e-13,1.818989404e-12,681.0016003,3020.892487,11616.53022,33356.09543,3015.164172,8601.36605,23347.48466,26.741528
2025-06-29,PuLP HiGHS,Optimal,3.7511366,8285.416542,7717.652083,1.124955|0.726615|0.384264,4635.304166|7717.652083|10800,4635.304166,6104.24283,48165.81032,3744.160084,51909.9704,45805.72757,77764.31824,963.1490724,73273.11813,4491.200109,22226.06469,18514.10041,2450.783222,1200,10800,9.094947018e-13,2.273736754e-13,1615.359984,5196.169617,6399.945414,74280.12817,3484.190066,2915.755348,53361.97994,0
2025-06-30,PuLP HiGHS,Optimal,3.6832173,7717.652083,7755.336057,1.124955|0.726615|0.384264,4710.672113|7755.336057|10800,4710.672113,6161.646638,49282.24718,5374.909476,54657.15665,48495.51001,79170.31879,1366.974719,74535.06959,4635.249209,22700.3089,18353.33464,2517.165079,1200,10800,9.094947018e-13,1.818989404e-12,1572.191583,5445.531928,6500.13046,74921.08006,4249.238735,2250.891725,54727.77911,17.72166667
2025-07-01,PuLP HiGHS,Optimal,7.5221954,7755.336057,7987.686779,1.124955|0.726615|0.384264,5175.373559|7987.686779|10800,5175.373559,6515.585333,51102.64851,5494.73636,56597.38487,50081.79954,82272.77216,1394.383762,76984.50283,5288.269329,23572.48175,18884.59456,2884.013768,1200,10800,1.250555215e-12,1.818989404e-12,5774.26276,20206.88854,4492.603707,80426.22118,1846.550979,2646.052728,71309.53705,0
2025-07-02,PuLP HiGHS,Optimal,3.6369795,7987.686779,7756.425477,1.124955|0.726615|0.384264,4712.850955|7756.425477|10800,4712.850955,6163.306147,47615.07305,3630.496795,51245.56985,45082.2637,76966.10896,928.4431647,72565.87457,4400.234391,22104.92402,18113.12363,2622.232521,1200,10800,9.094947018e-13,1.818989404e-12,7037.455605,24530.66773,7106.997803,74766.24006,2199.868895,4907.128908,72145.74078,0
2025-07-03,PuLP HiGHS,Optimal,2.9739268,7756.425477,7267.641146,1.124955|0.726615|0.384264,3735.282293|7267.641146|10800,3735.282293,5418.74342,46563.89344,5011.93939,51575.83283,46157.08941,75196.53951,1284.528193,70944.126,4252.413515,21602.21192,17937.69755,3005.032454,1200,10800,9.094947018e-13,4.547473509e-13,9551.136881,34905.22263,1322.743094,74998.94207,197.5974402,1125.145654,81469.11607,0
2025-07-04,PuLP HiGHS,Optimal,2.7650757,7267.641146,7867.272575,1.124955|0.726615|0.384264,4934.545151|7867.272575|10800,4934.545151,6332.158978,19691.52577,3013.303367,22704.82913,16372.67015,35107.38784,771.4198293,32687.298,2420.089841,18310.19148,14291.58681,10669.24661,1200,10800,3.183231456e-12,9.094947018e-13,7637.163868,27372.49282,9845.079577,35084.2283,23.1595446,9821.920032,47064.01859,0
2025-07-05,PuLP HiGHS,Optimal,3.3698445,7867.272575,7738.969908,1.124955|0.726615|0.384264,4677.939816|7738.969908|10800,4677.939816,6136.716166,19415.56838,2081.733687,21497.30207,15360.5859,34916.07535,549.901976,32430.43922,2485.636135,17932.18879,14640.54532,11278.52246,1200,10800,4.547473509e-13,9.094947018e-13,7756.790572,29448.58189,10591.14249,34916.07535,0,10591.14249,48864.15027,0
2025-07-06,PuLP HiGHS,Optimal,3.5016112,7738.969908,8019.233807,1.124955|0.726615|0.384264,5238.467613|8019.233807|10800,5238.467613,6563.640762,45814.26439,4957.210737,50771.47513,44207.83437,74624.72339,1314.580486,70194.87355,4429.849845,22277.68065,17792.68382,3579.901828,1200,10800,9.094947018e-13,0,10896.13345,42783.38165,1241.878457,74159.71033,465.0130593,776.8653974,88597.64604,0
2025-07-07,PuLP HiGHS,Optimal,3.3157924,8019.233807,8194.65904,1.124955|0.726615|0.384264,5589.31808|8194.65904|10800,5589.31808,6830.865142,44287.22398,3675.155477,47962.37945,41131.51431,72373.42676,975.9367661,68435.33138,3938.095388,21561.67665,17307.07538,3381.887552,1200,10800,4.547473509e-13,0,8091.096205,29024.55545,2800.438927,71838.16705,535.259708,2265.179219,73311.77943,0
2025-07-08,PuLP HiGHS,Optimal,2.4884402,8194.65904,7435.088139,1.124955|0.726615|0.384264,4070.176277|7435.088139|10800,4070.176277,5673.814586,53212.51686,4651.518916,57864.03577,52190.22119,84406.23066,1227.515279,80353.36124,4052.869423,21569.41687,18154.84147,2756.901121,1200,10800,0,4.547473509e-13,1488.873609,6010.916258,6909.14186,80089.64458,4316.586084,2592.555776,59223.43312,0
2025-07-09,PuLP HiGHS,Optimal,4.2646173,7435.088139,8225.199478,1.124955|0.726615|0.384264,5650.398957|8225.199478|10800,5650.398957,6877.387239,54773.20378,4380.345989,59153.54977,52276.16253,87147.61629,1122.999264,82700.22763,4447.38866,23339.41842,18193.82871,2928.973276,1200,10800,0,2.273736754e-13,732.1837714,2836.157931,8675.485339,81814.03829,5333.578003,3341.907336,57609.36171,0
2025-07-10,PuLP HiGHS,Optimal,3.4935374,8225.199478,8271.780232,1.124955|0.726615|0.384264,5743.560463|8271.780232|10800,5743.560463,6948.343468,55609.64302,4653.964608,60263.60763,53315.26416,87753.03781,1200.15717,82934.53941,4818.498395,23054.03013,18631.84173,2989.010958,1200,10800,9.094947018e-13,9.094947018e-13,454.6426024,1515.717704,10931.86862,80824.16247,6928.875331,4002.993289,57125.36072,0
2025-07-11,PuLP HiGHS,Optimal,3.4496988,8271.780232,7726.121303,1.124955|0.726615|0.384264,4652.242605|7726.121303|10800,4652.242605,6117.14395,26972.76987,2717.398307,29690.16817,23573.02423,45029.73494,714.1329184,42166.88618,2862.848769,17924.89059,15010.25441,10779.02862,1200,10800,9.094947018e-13,1.818989404e-12,487.1072821,1496.832935,10083.4289,41434.59713,3595.137815,6488.291088,28469.60281,0
2025-07-12,PuLP HiGHS,Optimal,3.480948,7726.121303,7427.183782,1.124955|0.726615|0.384264,4054.367565|7427.183782|10800,4054.367565,5661.77392,26332.2074,1370.857192,27703.06459,22041.29067,44402.88134,362.5459099,41996.13738,2406.743963,17590.0275,14516.96604,10648.33543,1200,10800,2.273736754e-13,1.818989404e-12,596.5392506,2051.730947,10842.11581,41975.49198,2427.389368,8414.726437,28383.93835,0
2025-07-13,PuLP HiGHS,Optimal,3.9956759,7427.183782,8664.049733,1.124955|0.726615|0.384264,6528.099466|8664.049733|10800,6528.099466,7545.885638,56481.89423,6221.911823,62703.80606,55157.92042,89479.93701,1618.153782,84017.22397,5462.713045,23918.71958,18260.98351,3053.720729,1200,10800,4.547473509e-13,9.094947018e-13,146.3743519,614.6860856,14700.85489,80675.87095,8804.066065,5896.788823,57096.58032,0
2025-07-14,PuLP HiGHS,Optimal,3.656142,8664.049733,8471.414912,1.124955|0.726615|0.384264,6142.829824|8471.414912|10800,6142.829824,7252.445979,53814.42704,4829.265683,58643.69273,51391.24675,85542.15625,1255.725718,80860.10022,4682.056035,21621.49868,17686.78527,3028.338057,1200,10800,0,4.547473509e-13,348.2612208,1704.147845,10148.02485,79366.80343,6175.352826,3972.672021,55518.57488,0
2025-07-15,PuLP HiGHS,Optimal,7.9020836,8471.414912,7786.703692,1.124955|0.726615|0.384264,4773.407384|7786.703692|10800,4773.407384,6209.428801,53140.65112,4749.921569,57890.57269,51681.14389,84138.61363,1233.937127,79906.59058,4232.023049,21647.07497,18150.37083,3103.194888,1200,10800,9.094947018e-13,1.818989404e-12,1556.592085,4484.933898,9449.450981,78955.09114,5183.522486,4265.928495,57625.58502,0
2025-07-16,PuLP HiGHS,Optimal,3.4674874,7786.703692,8588.34909,1.124955|0.726615|0.384264,6376.69818|8588.34909|10800,6376.69818,7430.571227,54877.67534,5103.056544,59980.73188,52550.16066,87328.92625,1302.66509,82185.95015,5142.976099,23061.33961,17958.20423,3188.331479,1200,10800,9.094947018e-13,9.094947018e-13,733.3485363,2670.261784,10824.57602,81641.78738,5687.138869,5137.437148,57547.93712,0
2025-07-17,PuLP HiGHS,Optimal,3.3228884,8588.34909,8215.113982,1.124955|0.726615|0.384264,5630.227965|8215.113982|10800,5630.227965,6862.024054,53358.29325,5598.49796,58956.79121,52094.76716,84612.03646,1485.434607,79783.58102,4828.455442,21901.8183,18076.38442,3518.853312,1200,10800,5.684341886e-13,2.273736754e-13,1065.207079,4100.989913,9131.393592,78246.99809,6365.03837,2766.355222,57459.28316,0
2025-07-18,PuLP HiGHS,Optimal,3.7480524,8215.113982,7775.668658,1.124955|0.726615|0.384264,4751.337315|7775.668658|10800,4751.337315,6192.619188,25999.83839,1960.67436,27960.51275,21767.89357,43873.18193,516.9506016,41318.15658,2555.025349,18717.78524,15556.90684,11681.42585,1200,10800,9.094947018e-13,1.818989404e-12,305.4137678,1275.326783,9712.368975,40884.9152,2988.266735,6724.10224,27275.16517,31.10022033
2025-07-19,PuLP HiGHS,Optimal,3.5511566,7775.668658,7787.828452,1.124955|0.726615|0.384264,4775.656904|7787.828452|10800,4775.656904,6211.142142,26420.83299,2774.684228,29195.51722,22984.37508,44703.14039,721.2217888,41998.46245,2704.677942,17986.47606,14558.10179,11418.83825,1200,10800,4.547473509e-13,1.818989404e-12,402.2066325,1427.906143,14494.15371,42087.66394,2615.476452,11878.67726,27848.73913,0
2025-07-20,PuLP HiGHS,Optimal,3.7605847,7787.828452,7571.546284,1.124955|0.726615|0.384264,4343.092569|7571.546284|10800,4343.092569,5881.680597,51312.69126,3522.374746,54835.06601,48953.38541,81203.54984,923.7085994,77231.80757,3971.742268,21319.44407,17463.40365,3155.524439,1200,10800,9.094947018e-13,4.547473509e-13,1150.039806,3568.39668,6407.571005,77132.31383,4071.23601,2336.334995,54881.08794,0
2025-07-21,PuLP HiGHS,Optimal,2.9542135,7571.546284,8274.567152,1.124955|0.726615|0.384264,5749.134303|8274.567152|10800,5749.134303,6952.588769,54319.99514,5269.563877,59589.55901,52636.97024,86237.49136,1381.340183,81651.22936,4586.261997,22953.96578,17959.9935,3264.827538,1200,10800,4.547473509e-13,2.273736754e-13,623.8599095,2149.013086,7877.62964,81432.23239,4805.258968,3072.370672,56469.00823,0
2025-07-22,PuLP HiGHS,Optimal,3.5388229,8274.567152,7712.570106,1.124955|0.726615|0.384264,4625.140211|7712.570106|10800,4625.140211,6096.501479,52536.25033,4638.337045,57174.58738,51078.0859,83450.2818,1202.618755,78887.58513,4562.69667,21668.65149,18057.40505,3341.218112,1200,10800,9.094947018e-13,2.273736754e-13,1076.132949,3739.361772,7120.023688,78221.15876,5229.12304,1890.900648,56275.6121,0
2025-07-23,PuLP HiGHS,Optimal,4.2350117,7712.570106,7837.442034,1.124955|0.726615|0.384264,4874.884069|7837.442034|10800,4874.884069,6286.718264,53268.49097,4344.427506,57612.91847,51326.20021,84783.77765,1110.883484,80331.43343,4452.344212,22116.61104,17802.07021,3188.629482,1200,10800,3.637978807e-12,1.818989404e-12,892.0902619,3473.477051,7144.779957,80238.57722,4545.200431,2599.579527,56741.96802,0
2025-07-24,PuLP HiGHS,Optimal,3.3994507,7837.442034,8411.66489,1.124955|0.726615|0.384264,6023.329779|8411.66489|10800,6023.329779,7161.429068,53709.39725,4628.289363,58337.68661,51176.25755,85555.9411,1200.640094,80804.06539,4751.87571,23213.6938,18286.2914,3098.713465,1200,10800,9.094947018e-13,9.094947018e-13,1347.605607,5187.309089,8359.672322,80563.89627,4992.044831,3367.627491,58896.70634,0
2025-07-25,PuLP HiGHS,Optimal,3.6411664,8411.66489,8742.333601,1.124955|0.726615|0.384264,6684.667201|8742.333601|10800,6684.667201,7665.135062,27341.15862,3641.351415,30982.51004,23317.37497,45949.11927,1009.891817,42382.01037,3567.108895,19048.44501,15131.63862,10345.51149,1200,10800,3.410605132e-13,1.818989404e-12,158.235007,553.437236,15685.22832,41520.50628,4428.612986,11256.61533,27894.59586,0
2025-07-26,PuLP HiGHS,Optimal,5.6524209,8742.333601,8216.153634,1.124955|0.726615|0.384264,5632.307268|8216.153634|10800,5632.307268,6863.60775,26685.71514,2935.907406,29621.62254,22758.01479,44701.45473,786.2901524,41941.83071,2759.624013,18537.67161,15489.07598,10898.81705,1200,10800,2.842170943e-13,9.094947018e-13,340.1066867,953.695113,13520.99193,40803.01347,3898.441257,9622.550673,27639.41025,2.882280333
2025-07-27,PuLP HiGHS,Optimal,2.8233661,8216.153634,7711.566582,1.124955|0.726615|0.384264,4623.133163|7711.566582|10800,4623.133163,6094.972816,52186.70585,4875.92385,57062.6297,50967.65689,82934.66912,1265.137183,78503.49419,4431.174929,21599.84734,17950.00469,3287.64728,1200,10800,4.547473509e-13,9.094947018e-13,1426.126211,5797.514804,7025.762882,77723.74945,5210.919668,1814.843214,57984.22065,0
2025-07-28,PuLP HiGHS,Optimal,3.4686239,7711.566582,7754.281725,1.124955|0.726615|0.384264,4708.563451|7754.281725|10800,4708.563451,6160.040581,52336.29814,3675.748343,56012.04648,49852.0059,83329.94774,977.0031949,78948.2144,4381.733336,22444.81544,18141.85688,3018.476774,1200,10800,9.094947018e-13,4.547473509e-13,2804.937606,10224.69246,3877.049545,80241.09392,3088.85382,788.1957248,62560.9906,0
2025-07-29,PuLP HiGHS,Optimal,7.9865411,7754.281725,8165.74207,1.124955|0.726615|0.384264,5531.48414|8165.74207|10800,5531.48414,6786.816066,53956.1437,5263.752968,59219.89667,52433.0806,85837.07846,1367.74624,81304.11218,4532.966281,22715.91167,18029.57415,2961.436664,1200,10800,4.547473509e-13,1.818989404e-12,1683.874469,5468.05539,6765.369449,80802.75751,5034.320945,1731.048504,59424.19909,0
2025-07-30,PuLP HiGHS,Optimal,4.1899233,8165.74207,9260.7822,1.124955|0.726615|0.384264,7721.5644|9260.7822|10800,7721.5644,8454.885221,55845.49542,5618.564994,61464.06042,53009.1752,88875.91278,1507.153287,83573.58674,5302.326039,23756.17978,18256.9695,2887.428244,1200,10800,1.136868377e-12,1.818989404e-12,437.5448242,1644.423769,9710.993281,82781.80028,6094.112502,3616.880779,57489.91919,0
2025-07-31,PuLP HiGHS,Optimal,3.0816331,9260.7822,7759.205473,1.124955|0.726615|0.384264,4718.410946|7759.205473|10800,4718.410946,6167.540901,52614.43654,4078.948914,56693.38545,50525.84455,83378.45526,1096.494178,78759.43177,4619.023498,20442.01308,17909.44965,2912.386265,1200,10800,4.547473509e-13,9.094947018e-13,916.5673613,3844.140842,7067.462929,78435.99683,4942.458432,2125.004497,56458.57738,0
2025-08-01,PuLP HiGHS,Optimal,3.4100892,7759.205473,8715.459848,1.124955|0.726615|0.384264,6630.919696|8715.459848|10800,6630.919696,7624.198409,27127.88168,2939.189031,30067.07071,22442.8723,45897.57879,812.712114,42815.15617,3082.422621,19017.17761,14543.28493,9897.86923,1200,10800,0,1.818989404e-12,220.9045721,530.8521125,20393.23101,42018.51975,3879.059038,16514.17197,27658.73379,0
2025-08-02,PuLP HiGHS,Optimal,3.4147059,8715.459848,7732.969879,1.124955|0.726615|0.384264,4665.939758|7732.969879|10800,4665.939758,6127.576352,25392.77578,2450.314444,27843.09022,21715.51387,42818.01069,635.0930379,40230.67498,2587.335707,17925.52209,15403.91386,9832.055761,1200,10800,2.273736754e-13,1.818989404e-12,257.9780594,964.7125497,19627.35559,39116.05279,3701.957901,15925.39769,26357.48833,0
2025-08-03,PuLP HiGHS,Optimal,4.2548594,7732.969879,8325.447398,1.124955|0.726615|0.384264,5850.894796|8325.447398|10800,5850.894796,7030.094394,53070.66012,5475.893256,58546.55337,51516.45898,84727.47676,1441.836753,80009.3478,4718.128959,22851.69771,17976.64538,3188.739982,1200,10800,4.547473509e-13,2.273736754e-13,224.5959707,842.6322287,17237.54042,76344.97389,8382.502875,8855.037543,53913.29235,0
2025-08-04,PuLP HiGHS,Optimal,4.338292,8325.447398,8336.611774,1.124955|0.726615|0.384264,5873.223548|8336.611774|10800,5873.223548,7047.101032,51692.15538,4685.212044,56377.36742,49330.26639,82536.82256,1255.977772,78103.74481,4433.077747,22119.76891,17906.96488,3337.145018,1200,10800,5.684341886e-13,2.273736754e-13,375.9391566,1282.654881,13284.3026,75533.19012,7003.632431,6280.670166,52974.81026,0
2025-08-05,PuLP HiGHS,Optimal,4.1562443,8336.611774,8766.838459,1.124955|0.726615|0.384264,6733.676917|8766.838459|10800,6733.676917,7702.46319,51928.28895,5588.837044,57517.126,49814.66281,82697.54769,1483.205908,77492.11944,5205.428243,22497.70229,17835.93483,3615.291261,1200,10800,1.136868377e-12,1.818989404e-12,172.8097378,625.7154175,13056.28024,75422.51197,7275.035715,5781.244525,52554.00437,0
2025-08-06,PuLP HiGHS,Optimal,3.8525243,8766.838459,10594.90664,1.124955|0.726615|0.384264,10389.81328|10594.90664|10800,10389.81328,10487.15031,53043.89182,5354.503837,58398.39566,47911.24535,84793.68938,1448.386698,79035.53206,5758.157325,23870.36021,17689.73041,4068.462127,1200,10800,2.273736754e-13,4.547473509e-13,631.4093167,2334.87132,11130.06963,78032.95354,6760.735842,4369.333785,55378.76314,0
2025-08-07,PuLP HiGHS,Optimal,3.4644696,10594.90664,7749.847142,1.124955|0.726615|0.384264,4699.694283|7749.847142|10800,4699.694283,6153.285402,47496.69773,3843.138585,51339.83632,45186.55091,73973.52944,1034.659531,70054.51174,3919.017703,17167.52495,16466.24876,4444.316773,1200,10800,4.547473509e-13,9.094947018e-13,715.7598061,2138.620044,10600.02781,68710.69626,5262.833176,5337.19463,49635.31777,0
2025-08-08,PuLP HiGHS,Optimal,3.4919116,7749.847142,8031.597099,1.124955|0.726615|0.384264,5263.194198|8031.597099|10800,5263.194198,6582.473703,25981.59913,3300.118732,29281.71787,22699.24416,44010.5107,864.9978615,41034.54,2975.970702,19825.95194,15805.44611,17026.15226,1200,10800,5.911715562e-12,4.320099833e-12,243.3393283,932.8737454,24407.10061,39417.02124,4593.489456,19813.61115,26914.47288,51.07234333
2025-08-09,PuLP HiGHS,Optimal,3.6050002,8031.597099,8159.317324,1.124955|0.726615|0.384264,5518.634648|8159.317324|10800,5518.634648,6777.029283,25190.78847,2843.521985,28034.31045,21257.28117,42714.32173,753.6362306,39977.62637,2736.695365,20590.86403,16563.65166,17154.25034,1200,10800,4.547473509e-13,1.818989404e-12,419.8976013,1449.2651,20185.07796,39596.12096,3118.200774,17066.87719,26640.05357,0
2025-08-10,PuLP HiGHS,Optimal,2.9675162,8159.317324,8318.797553,1.124955|0.726615|0.384264,5837.595106|8318.797553|10800,5837.595106,7019.964718,49648.09556,4140.010119,53788.10568,46768.14096,78211.33036,1096.043112,73760.74873,4450.581634,20577.15994,16523.96735,4873.117511,1200,10800,9.094947018e-13,9.094947018e-13,471.9560658,1367.239588,9325.474784,73099.14744,5112.182924,4213.29186,51015.33515,0
2025-08-11,PuLP HiGHS,Optimal,3.9795457,8318.797553,7727.047655,1.124955|0.726615|0.384264,4654.09531|7727.047655|10800,4654.09531,6118.555058,47863.96709,3198.977368,51062.94445,44944.3894,75685.10653,876.455685,71833.49951,3851.607012,19334.09181,16193.18927,4143.33163,1200,10800,4.547473509e-13,1.818989404e-12,883.0030645,3635.057557,8865.953722,71283.11497,4401.991559,4463.962164,51499.02465,0
2025-08-12,PuLP HiGHS,Optimal,4.8739968,7727.047655,7849.282352,1.124955|0.726615|0.384264,4898.564704|7849.282352|10800,4898.564704,6304.754561,47633.45037,3889.42894,51522.87931,45218.12475,75741.2399,1060.39287,71708.32233,4032.91757,20462.85755,16464.90339,4936.387557,1200,10800,4.547473509e-13,1.818989404e-12,1591.643059,6613.544304,5574.385148,72839.50122,2901.738683,2672.646465,54246.99467,0
2025-08-13,PuLP HiGHS,Optimal,3.4107102,7849.282352,7715.15905,1.124955|0.726615|0.384264,4630.3181|7715.15905|10800,4630.3181,6100.445205,47629.47486,3359.765036,50989.23989,44888.79469,75612.43093,896.0545893,71679.3929,3933.038034,20075.612,16381.9567,4223.529105,1200,10800,9.094947018e-13,4.547473509e-13,1074.763942,3859.071012,6872.560116,71286.01594,4326.414993,2546.145123,51488.54587,0
2025-08-14,PuLP HiGHS,Optimal,3.2597519,7715.15905,8414.251051,1.124955|0.726615|0.384264,6028.502103|8414.251051|10800,6028.502103,7165.368555,48633.27255,4269.000599,52902.27315,45736.9046,77414.7391,1121.95937,72929.84335,4484.895749,21128.57752,16484.96499,4140.851387,1200,10800,4.547473509e-13,2.273736754e-13,1028.424289,4976.129494,7873.259876,72955.05359,4459.685513,3413.574363,53609.40204,0
2025-08-15,PuLP HiGHS,Optimal,2.724248,8414.251051,7808.038993,1.124955|0.726615|0.384264,4816.077986|7808.038993|10800,4816.077986,6241.928758,24575.55764,2684.291421,27259.84906,21017.9203,41623.73739,711.1080647,38881.83217,2741.905226,18369.94597,15425.24709,17317.29404,1200,10800,7.730704965e-12,1.818989404e-12,445.603213,1391.977603,21962.41957,38954.95755,2668.779845,19293.63972,25967.53524,2.4952715
2025-08-16,PuLP HiGHS,Optimal,1.0242395,7808.038993,7871.739141,1.124955|0.726615|0.384264,4943.478282|7871.739141|10800,4943.478282,6338.962875,24630.37868,1910.989691,26541.36838,20202.4055,42023.61257,492.7671,39471.21548,2552.397086,18253.64753,14728.12437,18076.78625,1200,10800,8.242295735e-12,1.818989404e-12,427.2425336,1676.21509,21996.05157,39464.71191,2558.900662,19437.15091,26306.59377,0
2025-08-17,PuLP HiGHS,Optimal,3.6190798,7871.739141,7831.990099,1.124955|0.726615|0.384264,4863.980198|7831.990099|10800,4863.980198,6278.413358,47630.09727,3776.633639,51406.73091,45128.31755,75318.16147,1042.335317,71410.65792,3907.50355,19786.68728,16062.99083,4188.186387,1200,10800,1.136868377e-12,2.273736754e-13,789.3361928,3262.348155,9218.407602,71107.87006,4210.291408,5008.116195,50892.44542,0
2025-08-18,PuLP HiGHS,Optimal,3.5834978,7831.990099,7745.888581,1.124955|0.726615|0.384264,4691.777161|7745.888581|10800,4691.777161,6147.255345,48131.32578,4222.367532,52353.69331,46206.43797,76391.42648,1165.982226,72200.75701,4190.669469,20763.11962,16895.61826,4476.401794,1200,10800,5.684341886e-13,2.273736754e-13,711.6164747,2972.095665,8841.42598,71041.24297,5350.183512,3491.242468,51103.42145,0
2025-08-19,PuLP HiGHS,Optimal,7.276818,7745.888581,7987.611382,1.124955|0.726615|0.384264,5175.222764|7987.611382|10800,5175.222764,6515.47048,48583.25,4438.912438,53022.16243,46506.69195,76915.6949,1165.660278,72533.65708,4382.037813,20687.56344,16539.37586,4685.813873,1200,10800,2.842170943e-13,1.818989404e-12,518.8316027,2062.992793,8968.678874,73007.7798,3907.915099,5060.763775,50646.24279,0
2025-08-20,PuLP HiGHS,Optimal,3.7620141,7987.611382,7870.779335,1.124955|0.726615|0.384264,4941.55867|7870.779335|10800,4941.55867,6337.500807,47487.19554,4419.708578,51906.90412,45569.40331,75028.85069,1199.066179,71121.08161,3907.769079,19933.46612,16251.2564,3987.046723,1200,10800,9.094947018e-13,9.094947018e-13,3442.708887,14235.82347,4138.658794,71601.49995,3427.350742,711.3080515,61723.01901,0
2025-08-21,PuLP HiGHS,Optimal,3.7065994,7870.779335,7868.692657,1.124955|0.726615|0.384264,4937.385313|7868.692657|10800,4937.385313,6334.32218,48489.12512,4028.831869,52517.95698,46183.6348,76477.01169,1057.571751,72334.88907,4142.12262,21249.67491,17214.11469,4288.920047,1200,10800,6.821210263e-13,2.273736754e-13,1060.582189,3781.61554,7657.61517,72617.20483,3859.806859,3797.808311,52270.74066,0
2025-08-22,PuLP HiGHS,Optimal,2.6531023,7868.692657,7714.971282,1.124955|0.726615|0.384264,4629.942563|7714.971282|10800,4629.942563,6100.159179,24539.23303,2093.597311,26632.83034,20532.67117,41927.35837,543.2017607,39427.93025,2499.42812,19827.54395,16198.65984,17485.10836,1200,10800,2.273736754e-12,9.094947018e-13,948.2355356,3737.754979,17998.29057,39869.01068,2058.347691,15939.94288,28276.98801,17.849825
2025-08-23,PuLP HiGHS,Optimal,2.9396806,7714.971282,7745.62903,1.124955|0.726615|0.384264,4691.258059|7745.62903|10800,4691.258059,6146.859973,24891.09104,1889.864526,26780.95556,20634.09559,42346.91912,504.2068419,39775.91454,2571.004578,20114.66382,16265.28572,17649.65333,1200,10800,1.546140993e-11,9.094947018e-12,431.4442976,1582.737776,16398.97917,40086.37525,2260.543868,14138.4353,26473.82882,0
2025-08-24,PuLP HiGHS,Optimal,5.858361,7745.62903,7787.694392,1.124955|0.726615|0.384264,4775.388784|7787.694392|10800,4775.388784,6210.937929,48562.47264,3938.542275,52501.01491,46290.07699,76877.38859,1046.128208,72708.40088,4168.987713,20749.70561,16769.40272,3768.257962,1200,10800,1.136868377e-12,1.818989404e-12,728.0900019,2946.255322,9891.586216,71647.48931,5229.899283,4661.686932,51508.72796,0
2025-08-25,PuLP HiGHS,Optimal,4.5806949,7787.694392,8428.131143,1.124955|0.726615|0.384264,6056.262286|8428.131143|10800,6056.262286,7186.512029,50184.57102,4357.326308,54541.89733,47355.3853,79484.71449,1142.711991,74865.48828,4619.226211,22494.19065,17643.90135,3926.060669,1200,10800,5.684341886e-13,1.818989404e-12,1658.925233,6394.890123,5520.263413,75894.82503,3589.889463,1930.37395,56579.46114,0
2025-08-26,PuLP HiGHS,Optimal,6.1422033,8428.131143,8088.208171,1.124955|0.726615|0.384264,5376.416343|8088.208171|10800,5376.416343,6668.709066,48665.66526,3334.663433,52000.32869,45331.61962,76912.61013,905.2539434,72956.95485,3955.655281,20601.10762,16992.82785,4005.595286,1200,10800,9.094947018e-13,1.818989404e-12,733.0326268,3108.568179,8508.544597,71597.93663,5314.673499,3193.871098,51774.23344,0
2025-08-27,PuLP HiGHS,Optimal,2.7661047,8088.208171,8248.358373,1.124955|0.726615|0.384264,5696.716747|8248.358373|10800,5696.716747,6912.665068,50272.54726,4639.935029,54912.48229,47999.81722,79572.41794,1225.885008,74817.39199,4755.025946,21836.71789,17543.60631,4544.485354,1200,10800,9.094947018e-13,4.547473509e-13,477.9155182,1993.750749,7843.073008,75055.0116,4517.406342,3325.666666,52266.29801,0
2025-08-28,PuLP HiGHS,Optimal,4.4053411,8248.358373,8102.242099,1.124955|0.726615|0.384264,5404.484199|8102.242099|10800,5404.484199,6690.086879,49403.04573,4358.607475,53761.65321,47071.56633,77982.10405,1158.233349,73576.33163,4405.77242,21333.38931,17411.54999,3994.973454,1200,10800,9.094947018e-13,4.547473509e-13,3065.991164,12009.62072,6358.460913,73729.70255,4252.401504,2106.059409,61412.66645,0
2025-08-29,PuLP HiGHS,Optimal,3.423659,8102.242099,8319.030102,1.124955|0.726615|0.384264,5838.060204|8319.030102|10800,5838.060204,7020.318959,26839.59403,3124.476967,29964.071,22943.75204,44979.15801,824.4539164,41829.85289,3149.305117,20291.84216,16241.28295,14610.94705,1200,10800,9.094947018e-13,9.094947018e-13,438.0271602,1939.708861,18790.4606,40311.7829,4667.375109,14123.0855,28779.30289,20.94499833
2025-08-30,PuLP HiGHS,Optimal,3.2220539,8319.030102,8328.555891,1.124955|0.726615|0.384264,5857.111781|8328.555891|10800,5857.111781,7034.829545,25911.51349,2424.266265,28335.77975,21300.95021,43776.09612,620.396123,41022.31624,2753.779878,19619.45583,15883.18601,15229.24347,1200,10800,9.094947018e-13,1.818989404e-12,290.9958016,981.7966313,21803.6612,41175.99576,2600.100362,19203.56083,26893.31012,14.44107367
2025-08-31,PuLP HiGHS,Optimal,4.234343,8328.555891,7847.081682,1.124955|0.726615|0.384264,4894.163363|7847.081682|10800,4894.163363,6301.40229,49926.84859,4711.528202,54638.37679,48336.9745,78505.32493,1234.267322,73885.93098,4619.393947,21581.23457,17914.12679,3746.126381,1200,10800,4.547473509e-13,1.818989404e-12,484.7785824,1872.740932,8676.372648,73754.89247,4750.432459,3925.940189,51799.58952,0
2025-09-01,PuLP HiGHS,Optimal,4.215705,7847.081682,7706.841962,1.124955|0.726615|0.384264,4613.683924|7706.841962|10800,4613.683924,6087.775826,49608.49747,3983.047185,53591.54465,47503.76883,78435.05767,1074.122346,74175.82138,4259.236292,21639.58302,17654.27799,3632.020662,1200,10800,9.094947018e-13,1.818989404e-12,44.77639633,127.9821076,20656.78642,64212.69219,14222.36547,6434.420947,49736.47958,263.6080833
2025-09-02,PuLP HiGHS,Optimal,4.0192435,7706.841962,8194.659319,1.124955|0.726615|0.384264,5589.318638|8194.659319|10800,5589.318638,6830.865567,49600.00629,4535.427306,54135.4336,47304.56803,78604.68954,1243.130039,74557.72699,4046.962554,22208.61994,17549.94653,4114.704834,1200,10800,4.547473509e-13,2.273736754e-13,106.1944655,395.3891667,19858.38184,63226.27803,15378.41151,4479.970326,49995.39546,136.0729093
2025-09-03,PuLP HiGHS,Optimal,5.140399,8194.659319,7842.916536,1.124955|0.726615|0.384264,4885.833072|7842.916536|10800,4885.833072,6295.057545,49058.88214,3694.715675,52753.59781,46458.54027,77399.20068,993.0994117,72816.1809,4583.019776,21366.42181,17623.37017,3848.493847,1200,10800,9.094947018e-13,1.818989404e-12,12.81481483,50.12514822,18023.47,64926.12305,12473.07763,5550.392364,49109.00729,97.77660883
2025-09-04,PuLP HiGHS,Optimal,4.1646111,7842.916536,8040.288205,1.124955|0.726615|0.384264,5280.576409|8040.288205|10800,5280.576409,6595.712821,49883.53331,3799.558973,53683.09229,47087.37947,78941.04615,1014.011925,74521.48816,4419.557994,22019.03683,17657.78533,3749.360835,1200,10800,3.410605132e-13,4.547473509e-13,7.335229333,31.54515375,20570.10223,65458.69521,13482.35094,7087.751294,49915.07846,91.46209683
2025-09-05,PuLP HiGHS,Optimal,3.0917538,8040.288205,8414.237355,1.124955|0.726615|0.384264,6028.47471|8414.237355|10800,6028.47471,7165.347692,25732.09145,2651.747184,28383.83863,21218.49094,43474.37612,681.7660422,40493.73194,2980.644182,20616.62718,16362.91378,16339.24239,1200,10800,1.818989404e-12,9.094947018e-13,0,0,32103.60788,32433.16824,11041.20789,21062.39999,25732.09145,292.793178
2025-09-06,PuLP HiGHS,Optimal,3.0592968,8414.237355,7712.570212,1.124955|0.726615|0.384264,4625.140424|7712.570212|10800,4625.140424,6096.501641,25444.97555,2128.132085,27573.10763,21476.60599,42573.95736,555.3507363,39678.64823,2895.309131,18981.82951,16006.78233,17300.68193,1200,10800,1.818989404e-12,1.818989404e-12,132.3949367,649.2114944,31707.84639,30972.08257,11601.8748,20105.97159,26094.18704,302.3750365
2025-09-07,PuLP HiGHS,Optimal,5.3046798,7712.570212,7656.356996,1.124955|0.726615|0.384264,4512.713991|7656.356996|10800,4512.713991,6010.87233,48193.423,3796.015799,51989.4388,45978.56647,75676.44674,1012.35281,71600.55629,4075.89045,21309.46401,17311.25774,4018.508292,1200,10800,4.547473509e-13,1.818989404e-12,223.7665668,960.925947,16778.11987,62687.23503,12989.21172,3788.90815,49154.34895,162.9035598
2025-09-08,PuLP HiGHS,Optimal,4.5145534,7656.356996,7531.859554,1.124955|0.726615|0.384264,4263.719108|7531.859554|10800,4263.719108,5821.226,38861.50083,2934.915474,41796.4163,35975.1903,62851.08024,791.2930872,58992.32987,3858.750373,20185.49912,16462.30198,4373.264049,1200,10800,4.547473509e-13,9.094947018e-13,3479.551987,14353.34858,3211.865558,61046.24422,1804.836017,1407.029541,53214.84941,0
2025-09-09,PuLP HiGHS,Optimal,4.1407067,7531.859554,7825.938096,1.124955|0.726615|0.384264,4851.876191|7825.938096|10800,4851.876191,6269.194372,41209.73656,4178.473915,45388.21047,39119.0161,66592.95617,1109.09894,62204.57451,4388.381658,21504.75764,17154.183,4151.820089,1200,10800,4.547473509e-13,9.094947018e-13,687.3504271,2847.658783,9826.897691,62211.36673,4381.589437,5445.308254,44057.39534,0
2025-09-10,PuLP HiGHS,Optimal,4.3670774,7825.938096,7764.145294,1.124955|0.726615|0.384264,4728.290589|7764.145294|10800,4728.290589,6175.065706,41011.8773,4364.299669,45376.17697,39201.11127,65788.4875,1176.340317,61479.74811,4308.739386,20460.09594,16628.29123,4789.719304,1200,10800,1.136868377e-12,9.094947018e-13,3054.646775,13002.60802,3695.330916,62258.25017,3530.237326,165.09359,54014.48532,0
2025-09-11,PuLP HiGHS,Optimal,5.1685604,7764.145294,8424.524817,1.124955|0.726615|0.384264,6049.049635|8424.524817|10800,6049.049635,7181.018532,41946.22041,4185.84604,46132.06645,38951.04791,67903.68002,1120.487089,63386.29569,4517.384326,22329.50467,17492.55721,4129.433841,1200,10800,9.094947018e-13,9.094947018e-13,467.3561742,2100.668029,10028.85314,63135.12263,4768.557394,5260.295745,44046.88844,9.149812833
2025-09-12,PuLP HiGHS,Optimal,2.6528533,8424.524817,7827.007418,1.124955|0.726615|0.384264,4854.014837|7827.007418|10800,4854.014837,6270.823266,19046.62095,3108.57101,22155.19196,15884.36869,33804.84576,818.1335452,30755.67116,3049.174604,18134.35264,15226.5913,19689.45411,1200,10800,9.094947018e-13,1.818989404e-12,472.5355308,1843.14207,19793.44502,31216.56811,2588.277653,17205.16736,20889.76302,24.51873133
2025-09-13,PuLP HiGHS,Optimal,3.2726801,7827.007418,7983.865693,1.124955|0.726615|0.384264,5167.731386|7983.865693|10800,5167.731386,6509.764691,19385.25663,2271.165885,21656.42252,15146.65783,34390.24954,608.3494976,31594.65975,2795.589795,21765.51738,17488.89663,17353.45451,1200,10800,4.547473509e-13,9.094947018e-13,660.9462783,2689.195665,22767.47359,31755.47949,2634.770055,20132.70353,22074.4523,0
2025-09-14,PuLP HiGHS,Optimal,4.2203656,7983.865693,7826.572706,1.124955|0.726615|0.384264,4853.145412|7826.572706|10800,4853.145412,6270.16107,41005.81025,4144.738643,45150.54889,38880.38782,66080.76166,1083.768528,61262.97145,4817.790209,21293.74951,17389.50079,4112.312302,1200,10800,4.547473509e-13,9.094947018e-13,1930.264312,7183.938457,4007.452503,63578.03399,2502.727668,1504.724834,48189.74871,0
2025-09-15,PuLP HiGHS,Optimal,3.1618509,7826.572706,7731.264536,1.124955|0.726615|0.384264,4662.529071|7731.264536|10800,4662.529071,6124.978611,41567.60115,3916.146012,45483.74716,39358.76855,67114.26189,1022.75908,62550.30276,4563.959134,21511.86992,17510.39199,3985.56241,1200,10800,9.094947018e-13,9.094947018e-13,646.7607677,2609.873742,8692.514094,62508.05657,4606.205322,4086.308772,44177.47489,0
2025-09-16,PuLP HiGHS,Optimal,5.0871462,7731.264536,7703.601924,1.124955|0.726615|0.384264,4607.203847|7703.601924|10800,4607.203847,6082.840292,41713.23695,3828.411917,45541.64887,39458.80857,66922.21959,1023.995241,62485.3417,4436.877888,21608.81153,17528.03369,4188.518957,1200,10800,1.136868377e-12,9.094947018e-13,1553.722453,4549.317759,4903.394215,64637.69329,2284.526298,2618.867917,46262.55471,0
2025-09-17,PuLP HiGHS,Optimal,5.6877514,7703.601924,8285.417938,1.124955|0.726615|0.384264,5770.835876|8285.417938|10800,5770.835876,6969.117718,42617.44169,3921.344404,46538.78609,39569.66837,68930.24142,1029.464408,64274.8394,4655.402029,22409.73545,17628.2513,3562.521522,1200,10800,9.094947018e-13,1.818989404e-12,974.7358665,3656.182116,5163.374742,65414.82787,3515.413553,1647.961189,46273.62381,0
2025-09-18,PuLP HiGHS,Optimal,4.503198,8285.417938,7658.488653,1.124955|0.726615|0.384264,4516.977305|7658.488653|10800,4516.977305,6014.119472,41649.72974,3802.641937,45452.37167,39438.2522,66509.5472,996.9657492,62017.43218,4492.115023,20771.56009,17389.20003,3986.925448,1200,10800,5.684341886e-13,9.094947018e-13,866.4765682,3789.538452,5037.612592,63137.09924,3372.447961,1665.164631,45439.26819,0
2025-09-19,PuLP HiGHS,Optimal,3.2836663,7658.488653,8094.857153,1.124955|0.726615|0.384264,5389.714305|8094.857153|10800,5389.714305,6678.837426,19686.88457,2585.773932,22272.6585,15593.82108,35299.36884,675.2393233,32557.59044,2741.778395,19811.33777,15654.45194,17293.08326,1200,10800,9.094947018e-13,9.094947018e-13,586.0166981,2101.62333,15626.46741,32687.46952,2611.899315,13014.5681,21788.5079,0.6799805
2025-09-20,PuLP HiGHS,Optimal,3.5709305,8094.857153,7713.515035,1.124955|0.726615|0.384264,4627.03007|7713.515035|10800,4627.03007,6097.940885,19349.16343,1600.875524,20950.03896,14852.09807,33938.36011,440.2140912,31325.9911,2612.369007,21197.5317,17513.20859,16733.29797,1200,10800,4.547473509e-13,9.094947018e-13,792.5029253,3394.366847,15401.10618,31654.81506,2283.54505,13117.56113,22743.53028,0
2025-09-21,PuLP HiGHS,Optimal,4.2788302,7713.515035,8194.659439,1.124955|0.726615|0.384264,5589.318878|8194.659439|10800,5589.318878,6830.86575,43574.1627,4089.483507,47663.64621,40832.78046,70386.49904,1099.008973,66187.59746,4198.901577,22195.02869,17544.94328,3217.137149,1200,10800,9.094947018e-13,1.818989404e-12,699.0870824,2408.658981,8148.013221,66242.66385,4143.835189,4004.178032,45982.82168,0
2025-09-22,PuLP HiGHS,Optimal,3.7082669,8194.659439,7699.139333,1.124955|0.726615|0.384264,4598.278666|7699.139333|10800,4598.278666,6076.04245,42674.83533,3701.979527,46376.81486,40300.7724,68354.75567,976.2967428,63928.07985,4426.675815,20990.31435,17448.12272,3686.844084,1200,10800,1.136868377e-12,9.094947018e-13,1124.583308,4308.371046,5323.127461,65902.82939,2451.92628,2871.201181,46983.20638,0
2025-09-23,PuLP HiGHS,Optimal,5.2682317,7699.139333,7780.843755,1.124955|0.726615|0.384264,4761.68751|7780.843755|10800,4761.68751,6200.502388,43975.53612,3090.831532,47066.36765,40865.86526,70828.66739,827.6549604,65886.723,4941.944383,21655.89379,17467.73999,3596.873701,1200,10800,4.547473509e-13,1.818989404e-12,1170.012576,5198.144107,5693.91058,66851.90319,3976.764201,1717.146379,49173.68023,0
2025-09-24,PuLP HiGHS,Optimal,4.4432937,7780.843755,8235.846678,1.124955|0.726615|0.384264,5671.693356|8235.846678|10800,5671.693356,6893.606066,44474.52905,4307.448614,48781.97766,41888.3716,71665.34971,1132.216348,66819.83222,4845.517488,22256.62458,17618.36328,3560.583298,1200,10800,2.728484105e-12,3.637978807e-12,616.8477219,2165.273122,6580.711027,68249.58448,3415.765227,3164.945801,46639.80217,0
2025-09-25,PuLP HiGHS,Optimal,4.0798507,8235.846678,8314.936859,1.124955|0.726615|0.384264,5829.873718|8314.936859|10800,5829.873718,7014.083742,44972.87139,4602.358281,49575.22967,42561.14593,71611.89577,1233.226672,66494.95361,5116.942158,21676.60521,17486.86906,3612.867573,1200,10800,1.136868377e-12,9.094947018e-13,497.5890769,1847.574201,7584.299796,67511.38261,4100.513164,3483.786633,46820.44559,0
2025-09-26,PuLP HiGHS,Optimal,3.3205667,8314.936859,8267.342575,1.124955|0.726615|0.384264,5734.685149|8267.342575|10800,5734.685149,6941.583607,20790.1955,2933.22756,23723.42306,16781.83945,35903.65363,787.5119761,32587.5838,3316.069823,20482.60488,16633.74481,14783.45641,1200,10800,4.547473509e-13,9.094947018e-13,310.7900361,1244.043015,14671.34009,32520.62728,3383.02635,11288.31374,22034.23851,0
2025-09-27,PuLP HiGHS,Optimal,2.7698409,8267.342575,8107.468471,1.124955|0.726615|0.384264,5414.936943|8107.468471|10800,5414.936943,6698.048185,20016.76071,2093.434684,22110.19539,15412.14721,35435.10368,549.6790317,32685.95782,2749.145861,20452.90125,16710.7367,14574.03743,1200,10800,9.094947018e-13,4.547473509e-13,1216.753179,4616.816694,15078.53445,33125.41952,2309.68416,12768.85029,24633.5774,29.85561733
2025-09-28,PuLP HiGHS,Optimal,5.3420322,8107.468471,8204.073514,1.124955|0.726615|0.384264,5608.147028|8204.073514|10800,5608.147028,6845.206164,44694.63712,3716.751189,48411.38831,41566.18215,71722.81995,980.7407991,67251.55761,4471.262338,21928.50955,17675.14819,3394.939495,1200,10800,4.547473509e-13,4.547473509e-13,700.9075875,2728.969335,4682.737014,67723.27704,3999.542902,683.1941124,47423.60645,0
2025-09-29,PuLP HiGHS,Optimal,5.5600621,8204.073514,8197.045436,1.124955|0.726615|0.384264,5594.090873|8197.045436|10800,5594.090873,6834.500328,45720.99809,4472.29934,50193.29743,43358.7971,73206.21584,1172.751172,68129.04327,5077.17257,21852.15859,17706.57373,3102.114245,1200,10800,4.547473509e-13,9.094947018e-13,496.2744253,1954.85686,6797.013806,68287.93997,4918.275877,1878.73793,47675.85495,0
2025-09-30,PuLP HiGHS,Optimal,3.2771548,8197.045436,8106.784223,1.124955|0.726615|0.384264,5413.568446|8106.784223|10800,5413.568446,6697.005873,46181.03309,4613.129888,50794.16298,44097.15711,73447.2766,1212.160356,68099.13873,5348.137874,21948.10637,17859.20125,3200.644019,1200,10800,9.094947018e-13,2.273736754e-13,899.587129,3731.141067,4835.783844,69270.57089,4176.705706,659.0781374,49912.17416,0
2025-10-01,PuLP HiGHS,Optimal,5.3402625,8106.784223,8426.186871,1.124955|0.726615|0.384264,6052.373741|8426.186871|10800,6052.373741,7183.550329,45723.04986,4742.337587,50465.38744,43281.83711,73566.37421,1242.484889,68294.06043,5272.313779,22070.18498,17589.38745,3289.212984,1200,10800,9.094947018e-13,1.818989404e-12,38.71275207,97.82130781,19441.90527,61851.44595,11714.92826,7726.977006,45820.87117,20.86263367
2025-10-02,PuLP HiGHS,Optimal,3.1677301,8426.186871,8289.775748,1.124955|0.726615|0.384264,5779.551496|8289.775748|10800,5779.551496,6975.755948,45103.41501,4047.136919,49150.55193,42174.79598,71942.35297,1072.507614,66502.48358,5439.869388,21887.09783,17851.31925,3065.831967,1200,10800,3.410605132e-13,4.547473509e-13,124.9267604,301.7975678,16213.57615,61736.60361,10205.74936,6007.826795,45405.21258,87.1418815
2025-10-03,PuLP HiGHS,Optimal,2.4683603,8289.775748,8007.9416,1.124955|0.726615|0.384264,5215.883199|8007.9416|10800,5215.883199,6546.439399,20016.42932,1878.55903,21894.98834,15348.54895,34990.19799,475.8406864,31953.39775,3036.800233,19718.96407,16226.01163,15026.08183,1200,10800,1.364242053e-12,9.094947018e-13,138.4150237,358.858151,23742.3771,29651.79003,5338.407955,18403.96915,20375.28747,76.12976467
2025-10-04,PuLP HiGHS,Optimal,2.5547168,8007.9416,7950,1.124955|0.726615|0.384264,5106.068996|7953.034498|10800,5106.068996,6460.594774,20797.13342,2106.17919,22903.31261,16442.71784,36331.36282,545.2112032,33327.68007,3003.682754,19134.41317,15551.02211,15671.45335,1200,10800,9.094947018e-13,1.364242053e-12,159.9897448,610.4236844,19804.13507,30861.08888,5470.273942,14333.86113,21407.5571,7.843999
2025-10-05,PuLP HiGHS,Optimal,4.2678883,7950,8109.345309,1.124955|0.726615|0.384264,5418.690618|8109.345309|10800,5418.690618,6700.907163,44424.04939,4706.852156,49130.90154,42429.99438,71149.16955,1239.094258,66026.66694,5122.502617,22043.75197,17712.02832,3524.459202,1200,10800,9.094947018e-13,1.818989404e-12,91.115736,197.300945,12172.60057,63817.4738,7331.695759,4840.904811,44621.35034,0
2025-10-06,PuLP HiGHS,Optimal,4.059849,8109.345309,7778.386888,1.124955|0.726615|0.384264,4756.773777|7778.386888|10800,4756.773777,6196.759855,43930.42651,4646.932687,48577.3592,42380.59935,69729.3093,1237.654669,64751.79791,4977.51139,21307.32067,17556.79232,3631.926902,1200,10800,9.094947018e-13,9.094947018e-13,308.5202065,795.1448995,8498.160071,63973.16532,5756.14398,2742.016091,44725.57141,56.031841
2025-10-07,PuLP HiGHS,Optimal,4.7707722,7778.386888,7736.714466,1.124955|0.726615|0.384264,4673.428932|7736.714466|10800,4673.428932,6133.280463,42717.90567,2727.278852,45445.18452,39311.90405,68268.57767,723.2917412,63659.99918,4608.578487,21537.35857,17482.76562,3716.325359,1200,10800,9.094947018e-13,4.547473509e-13,531.804658,1867.091139,6954.492833,63070.06414,5198.513533,1755.979301,44584.99681,19.7335455
2025-10-08,PuLP HiGHS,Optimal,3.315027,7736.714466,7781.342475,1.124955|0.726615|0.384264,4762.684949|7781.342475|10800,4762.684949,6201.262085,39983.72486,4343.296386,44327.02124,38125.75916,65282.66083,1168.636063,60480.7155,4801.945334,21573.30489,17434.21175,3468.344498,1200,10800,9.094947018e-13,4.547473509e-13,1077.36998,3508.766326,5742.44201,61965.58522,3317.075612,2425.366398,43492.49119,0
2025-10-09,PuLP HiGHS,Optimal,4.8513604,7781.342475,7755.314494,1.124955|0.726615|0.384264,4710.628989|7755.314494|10800,4710.628989,6161.613793,39930.18586,4132.403328,44062.58918,37900.97539,65509.15758,1076.187006,60837.42515,4671.732429,21441.95163,17391.40601,3599.607188,1200,10800,9.094947018e-13,9.094947018e-13,522.0704074,2250.568145,6220.700676,62464.28766,3044.869923,3175.830752,42180.75401,0
2025-10-10,PuLP HiGHS,Optimal,2.5039521,7755.314494,7766.562042,1.124955|0.726615|0.384264,4733.124084|7766.562042|10800,4733.124084,6178.747126,17162.2359,1517.673134,18679.90904,12501.16191,31812.03604,393.9632795,29301.57902,2510.457019,19797.4012,16025.77218,16513.65222,1200,10800,9.094947018e-13,9.094947018e-13,797.1176524,2851.242664,19493.91376,30374.39811,1437.637926,18056.27583,20013.47856,0
2025-10-11,PuLP HiGHS,Optimal,3.0840609,7766.562042,8573.974701,1.124955|0.726615|0.384264,6347.949403|8573.974701|10800,6347.949403,7408.674793,18882.65965,2662.475321,21545.13498,14136.46018,34547.9658,680.1886672,31722.61473,2825.351067,21305.71994,16530.96176,16662.12449,1200,10800,9.094947018e-13,1.364242053e-12,232.7425055,1144.32132,15899.63654,32144.29583,2403.669967,13495.96657,20026.98097,0
2025-10-12,PuLP HiGHS,Optimal,3.0992144,8573.974701,8714.548686,1.124955|0.726615|0.384264,6629.097372|8714.548686|10800,6629.097372,7622.810441,42958.79464,4713.084217,47671.87885,40049.06841,69385.40248,1274.729865,63854.04386,5531.358612,21893.77851,17607.44401,3264.397241,1200,10800,9.094947018e-13,9.094947018e-13,458.8084504,1505.422644,7042.920438,64426.93462,4958.467856,2084.452583,44464.21728,0
2025-10-13,PuLP HiGHS,Optimal,4.3704722,8714.548686,7929.353426,1.124955|0.726615|0.384264,5058.706851|7929.353426|10800,5058.706851,6426.726426,42180.57073,4642.522221,46823.09295,40396.36652,68189.44112,1268.021846,63197.4122,4992.028928,20714.10365,17485.09969,3260.553911,1200,10800,9.094947018e-13,9.094947018e-13,125.1499575,366.7169457,8058.191824,62889.8008,5299.640323,2758.551501,42547.28768,0
2025-10-14,PuLP HiGHS,Optimal,4.0264254,7929.353426,7783.322977,1.124955|0.726615|0.384264,4766.645954|7783.322977|10800,4766.645954,6204.278974,41085.41287,2932.089528,44017.5024,37813.22343,67044.78023,774.6028967,62551.48642,4493.293811,21311.22143,17393.51676,3261.143521,1200,10800,4.547473509e-13,1.818989404e-12,1136.806205,4635.860489,3490.052481,64532.14289,2512.637342,977.4151392,45721.27336,0
2025-10-15,PuLP HiGHS,Optimal,3.7667805,7783.322977,7749.180537,1.124955|0.726615|0.384264,4698.361074|7749.180537|10800,4698.361074,6152.269966,41158.89453,3597.254183,44756.14871,38603.87875,66965.0842,957.9945622,62497.68208,4467.402127,21479.69744,17429.28312,3539.566215,1200,10800,4.547473509e-13,9.094947018e-13,1702.450094,6731.897159,2697.096332,64623.88584,2341.198361,355.8979708,47890.79169,0
2025-10-16,PuLP HiGHS,Optimal,3.7622906,7749.180537,8179.210514,1.124955|0.726615|0.384264,5558.421028|8179.210514|10800,5558.421028,6807.33248,42534.63784,4236.190722,46770.82856,39963.49608,69065.11898,1089.774924,64298.67778,4766.441201,22068.59222,17488.53271,3475.073141,1200,10800,4.547473509e-13,9.094947018e-13,2176.65037,8965.84877,3695.236902,66603.2558,2461.863184,1233.373717,51500.48661,0
2025-10-17,PuLP HiGHS,Optimal,3.2551147,8179.210514,8100.816635,1.124955|0.726615|0.384264,5401.63327|8100.816635|10800,5401.63327,6687.915476,18699.23993,1915.784216,20615.02415,13927.10867,34072.16582,492.7469418,31262.70926,2809.456568,18466.36079,15028.30673,14496.68606,1200,10800,1.091393642e-11,1.818989404e-12,164.13491,745.7136445,14794.04736,31527.34524,2544.820582,12249.22678,19444.95357,0
2025-10-18,PuLP HiGHS,Optimal,3.5652915,8100.816635,7764.861842,1.124955|0.726615|0.384264,4729.723684|7764.861842|10800,4729.723684,6176.15722,18807.81583,2034.938154,20842.75398,14666.59676,33542.91459,531.1735477,30709.49918,2833.415409,19033.49585,15719.49095,14140.13545,1200,10800,4.547473509e-12,9.094947018e-13,412.0817372,1372.292158,14564.39816,31350.43253,2192.482055,12371.9161,20180.10799,0
2025-10-19,PuLP HiGHS,Optimal,4.7740068,7764.861842,8371.418019,1.124955|0.726615|0.384264,5942.836039|8371.418019|10800,5942.836039,7100.121212,45309.98943,5031.486742,50341.47617,43241.35496,73544.52546,1295.645578,68024.71778,5519.807682,23008.26673,18090.79549,3187.235464,1200,10800,4.860112313e-12,1.818989404e-12,804.2729501,3016.836728,5545.604638,69498.08349,4046.441965,1499.162672,48326.82616,0
2025-10-20,PuLP HiGHS,Optimal,4.3865298,8371.418019,7999.047077,1.124955|0.726615|0.384264,5198.094154|7999.047077|10800,5198.094154,6532.890417,44278.40217,3925.038426,48203.4406,41670.55018,71405.49904,1023.28741,66412.66423,4992.834804,21781.68245,17978.29663,3062.183901,1200,10800,9.094947018e-13,1.818989404e-12,928.5841936,4063.075212,4089.915048,68254.31906,3151.179975,938.7350723,48341.47738,0
2025-10-21,PuLP HiGHS,Optimal,4.4862356,7999.047077,7801.082158,1.124955|0.726615|0.384264,4802.164316|7801.082158|10800,4802.164316,6231.331446,44778.02584,3356.004958,48134.0308,41902.69935,72472.96952,871.5386686,67520.1487,4952.820823,21943.03068,17952.02328,2682.464953,1200,10800,2.273736754e-13,1.818989404e-12,1133.1009,4051.790319,3152.481671,69781.4292,2691.540324,460.9413465,48829.81616,0
2025-10-22,PuLP HiGHS,Optimal,5.1131324,7801.082158,8222.627733,1.124955|0.726615|0.384264,5645.255465|8222.627733|10800,5645.255465,6873.469712,45243.34826,3735.783153,48979.13141,42105.6617,73338.82849,983.8662434,67926.83128,5411.997216,23020.63499,18267.32332,3254.522426,1200,10800,2.273736754e-13,1.818989404e-12,1613.093072,7100.792373,4643.713199,70768.88798,2569.940513,2073.772686,52344.14063,0
2025-10-23,PuLP HiGHS,Optimal,5.2099683,8222.627733,7459.827241,1.124955|0.726615|0.384264,4119.654482|7459.827241|10800,4119.654482,5711.499537,44911.60717,3665.23645,48576.84362,42865.34408,72362.78243,944.2733649,67795.20246,4567.579972,21404.12827,18023.86434,2635.28944,1200,10800,9.094947018e-13,1.818989404e-12,504.4194281,2012.367173,6107.440899,68211.70382,4151.07861,1956.362289,46923.97434,0
2025-10-24,PuLP HiGHS,Optimal,3.4814525,7459.827241,7583.28589,1.124955|0.726615|0.384264,4366.57178|7583.28589|10800,4366.57178,5899.56348,19325.99192,2008.83009,21334.82201,15435.25853,34250.76062,522.5998434,31160.91172,3089.8489,18340.40877,14744.61832,11352.87855,1200,10800,4.547473509e-13,1.818989404e-12,578.2993374,2503.585303,12813.21879,32365.73709,1885.023524,10928.19526,21829.57722,0
2025-10-25,PuLP HiGHS,Optimal,2.6550476,7583.28589,7770.714958,1.124955|0.726615|0.384264,4741.429916|7770.714958|10800,4741.429916,6185.073242,19385.67316,2399.721037,21785.39419,15600.32095,34783.92691,624.1650276,31750.71505,3033.211858,18318.04977,14668.93415,11695.1509,1200,10800,9.094947018e-13,9.094947018e-13,452.8925127,1821.672341,12189.27107,32703.57419,2080.352718,10108.91835,21207.3455,0
2025-10-26,PuLP HiGHS,Optimal,4.8205925,7770.714958,8209.046503,1.124955|0.726615|0.384264,5618.093005|8209.046503|10800,5618.093005,6852.781492,47642.59064,5543.068485,53185.65913,46332.87764,76627.36916,1448.783896,71440.28232,5187.086844,23793.87606,18878.54122,2929.045391,1200,10800,4.547473509e-13,1.818989404e-12,204.841356,647.0364019,7372.56366,71791.8182,4835.550965,2537.012695,48289.62704,0
2025-10-27,PuLP HiGHS,Optimal,3.6485236,8209.046503,7774.854118,1.124955|0.726615|0.384264,4749.708236|7774.854118|10800,4749.708236,6191.378404,46161.29333,3565.395862,49726.68919,43535.31079,74216.19848,933.2113369,69438.67855,4777.519924,22383.23493,18521.19344,2624.70141,1200,10800,9.094947018e-13,9.094947018e-13,679.6520267,2576.337797,7481.227345,69480.66108,4735.5374,2745.689945,48737.63113,0
2025-10-28,PuLP HiGHS,Optimal,4.3005391,7774.854118,8194.659328,1.124955|0.726615|0.384264,5589.318655|8194.659328|10800,5589.318655,6830.865581,47500.01406,3640.956433,51140.97049,44310.10491,76875.83481,931.646422,72001.07123,4874.763579,23879.81688,18964.82699,2725.097319,1200,10800,9.094947018e-13,1.818989404e-12,371.160823,1488.551038,6359.584031,72682.16704,4193.667764,2165.916267,48988.5651,0
2025-10-29,PuLP HiGHS,Optimal,3.3271705,8194.659328,8161.051845,1.124955|0.726615|0.384264,5522.103689|8161.051845|10800,5522.103689,6779.671469,46772.92852,4619.885159,51392.81368,44613.14221,75067.34451,1177.460058,69829.79597,5237.54854,23108.97881,18748.51957,2939.340247,1200,10800,9.094947018e-13,9.094947018e-13,1637.944694,5464.291196,3032.573167,72413.15244,2654.192076,378.3810912,52237.21972,0
2025-10-30,PuLP HiGHS,Optimal,3.7326828,8161.051845,7728.252599,1.124955|0.726615|0.384264,4656.505199|7728.252599|10800,4656.505199,6120.390544,47061.22951,4487.992133,51549.22165,45428.8311,75424.93038,1161.302768,70337.22482,5087.705559,23160.82398,19149.78674,2981.420546,1200,10800,9.094947018e-13,9.094947018e-13,361.4139392,1419.865807,6987.489429,71702.394,3722.536373,3264.953056,48481.09532,0
2025-10-31,PuLP HiGHS,Optimal,2.855216,7728.252599,7694.375967,1.124955|0.726615|0.384264,4588.751934|7694.375967|10800,4588.751934,6068.786439,20246.11561,2521.337698,22767.45331,16698.66687,35778.0655,670.5740828,32629.30297,3148.762532,17905.19519,14533.69707,10765.05384,1200,10800,2.273736754e-13,9.094947018e-13,292.3505941,1134.610404,8794.625913,33375.31231,2402.753194,6391.872719,21380.72601,0
2025-11-01,PuLP HiGHS,Optimal,2.8832658,7694.375967,8101.679327,1.124955|0.726615|0.384264,5403.358654|8101.679327|10800,5403.358654,6689.22961,20780.82333,3313.945556,24094.76888,17405.53927,36863.12487,871.8863738,33506.52362,3356.601247,18354.74266,14500.76853,9282.802715,1200,10800,4.547473509e-13,1.818989404e-12,248.8185773,712.048636,10713.93088,33681.82349,3181.301375,7532.629508,21492.87197,0
2025-11-02,PuLP HiGHS,Optimal,4.2883268,8101.679327,7660.772913,1.124955|0.726615|0.384264,4521.545826|7660.772913|10800,4521.545826,6017.599074,47201.02634,3770.166722,50971.19306,44953.59399,75693.50847,969.6967329,71118.11108,4575.397395,22909.48499,18953.49862,2686.250508,1200,10800,9.094947018e-13,9.094947018e-13,780.8123823,2988.510358,3721.950546,72927.6828,2765.82567,956.1248757,50189.5367,0
2025-11-03,PuLP HiGHS,Optimal,3.9112349,7660.772913,7723.303581,1.124955|0.726615|0.384264,4646.607163|7723.303581|10800,4646.607163,6112.851729,47854.82524,3507.640537,51362.46578,45249.61405,76789.41396,927.7920532,71987.86527,4801.548692,23610.46989,19068.20301,2741.750023,1200,10800,2.273736754e-13,9.094947018e-13,1413.420777,4170.716146,4155.637574,74311.62741,2477.786555,1677.851018,52025.54139,0
2025-11-04,PuLP HiGHS,Optimal,4.5824467,7723.303581,8188.671826,1.124955|0.726615|0.384264,5577.343653|8188.671826|10800,5577.343653,6821.74485,49622.97696,3621.874911,53244.85187,46423.10702,79604.4166,926.738504,74299.4988,5304.917803,23876.79513,18921.37263,2854.422865,1200,10800,6.252776075e-13,9.094947018e-13,319.9827098,1173.306901,7388.904785,75180.33477,4424.081835,2964.82295,50796.28386,0
2025-11-05,PuLP HiGHS,Optimal,3.5995485,8188.671826,8400.098075,1.124955|0.726615|0.384264,6000.196149|8400.098075|10800,6000.196149,7143.809396,49794.76053,4703.221631,54497.98216,47354.17276,79509.16032,1209.97324,74432.63087,5076.529449,23628.00216,18948.39813,2727.733384,1200,10800,4.547473509e-13,9.094947018e-13,345.9150683,1109.750561,5497.451285,76071.61406,3437.546262,2059.905023,50904.51109,0
2025-11-06,PuLP HiGHS,Optimal,5.3969131,8400.098075,8173.386191,1.124955|0.726615|0.384264,5546.772382|8173.386191|10800,5546.772382,6798.460318,49103.61983,4000.130801,53103.75063,46305.29031,78410.82291,1059.330775,73518.36009,4892.462828,22988.44166,18824.67844,2585.988507,1200,10800,4.547473509e-13,4.547473509e-13,1399.872949,5668.195328,4277.348094,75154.58128,3256.241638,1021.106456,54771.81516,0
2025-11-07,PuLP HiGHS,Optimal,3.1822883,8173.386191,7740.281434,1.124955|0.726615|0.384264,4680.562867|7740.281434|10800,4680.562867,6138.714006,19993.28682,2044.979396,22038.26622,15899.55221,35617.53682,539.1832894,32575.21372,3042.323101,17954.73787,14933.13196,8082.737714,1200,10800,4.547473509e-13,1.818989404e-12,502.8226723,2237.543134,9780.291795,33127.99083,2489.545989,7290.745806,22230.82995,0
2025-11-08,PuLP HiGHS,Optimal,3.1353945,7740.281434,7705.17389,1.124955|0.726615|0.384264,4610.34778|7705.17389|10800,4610.34778,6085.23486,20135.16594,2479.903687,22615.06963,16529.83477,35804.24282,650.4239005,32650.21191,3154.030916,17931.3775,14556.01257,7404.097211,1200,10800,3.410605132e-13,9.094947018e-13,267.1201145,1116.406095,8904.790901,33499.86884,2304.373985,6600.416916,21251.57203,0
2025-11-09,PuLP HiGHS,Optimal,3.4029423,7705.17389,8187.347074,1.124955|0.726615|0.384264,5574.694147|8187.347074|10800,5574.694147,6819.726861,50152.09158,3231.964629,53384.05621,46564.32935,80137.98872,836.5727315,75031.08903,5106.899689,23816.16823,18857.1404,2801.493643,1200,10800,4.547473509e-13,9.094947018e-13,981.5776764,3937.422523,4813.721388,77271.40225,2866.586471,1947.134917,54089.5141,0
2025-11-10,PuLP HiGHS,Optimal,3.0281762,8187.347074,8386.085231,1.124955|0.726615|0.384264,5972.170461|8386.085231|10800,5972.170461,7122.463701,50170.89592,4211.250209,54382.14613,47259.68242,80295.12681,1098.477973,75665.48758,4629.639234,23483.36908,18842.66462,2535.596302,1200,10800,4.547473509e-13,9.094947018e-13,1459.43078,5563.605019,3255.410025,77992.56643,2302.560378,952.849647,55734.50094,0
2025-11-11,PuLP HiGHS,Optimal,2.5252983,8386.085231,8252.978512,1.124955|0.726615|0.384264,5705.957024|8252.978512|10800,5705.957024,6919.702903,50963.99521,4620.62637,55584.62158,48664.91868,80719.90542,1204.219215,75330.99303,5388.912395,23120.63213,18847.50807,2954.627861,1200,10800,2.273736754e-13,9.094947018e-13,320.0700878,1145.099195,5207.831786,77143.37944,3576.525979,1631.305807,52109.0944,0
2025-11-12,PuLP HiGHS,Optimal,3.4236264,8252.978512,8017.46972,1.124955|0.726615|0.384264,5234.93944|8017.46972|10800,5234.93944,6560.953537,50738.63122,5285.077715,56023.70893,49462.7554,80829.90579,1365.262867,76092.5241,4737.381685,22904.99023,18765,2457.047387,1200,10800,4.547473509e-13,4.547473509e-13,255.3654603,1248.224972,5989.293266,76013.14813,4816.757655,1172.535611,51986.85619,0
2025-11-13,PuLP HiGHS,Optimal,4.6587939,8017.46972,8260.199522,1.124955|0.726615|0.384264,5720.399043|8260.199522|10800,5720.399043,6930.70263,52446.76176,5726.278644,58173.0404,51242.33777,83038.0902,1461.3571,77790.76211,5247.328092,23705.92955,18983.34611,2615.759988,1200,10800,4.547473509e-13,4.547473509e-13,556.697281,1739.386649,6476.332728,78985.69751,4052.392687,2423.940041,54186.14841,0
2025-11-14,PuLP HiGHS,Optimal,4.0016795,8260.199522,8230.483987,1.124955|0.726615|0.384264,5660.967975|8230.483987|10800,5660.967975,6885.437106,21557.25521,2776.303343,24333.55856,17448.12145,37709.47826,727.3054088,34472.51396,3236.964303,18478.31554,14994.17957,6377.501597,1200,10800,2.273736754e-13,1.818989404e-12,147.5833136,568.8671178,6774.470302,34990.35973,2719.118525,4055.351777,22126.12233,0
2025-11-15,PuLP HiGHS,Optimal,4.1991662,8230.483987,8070.089015,1.124955|0.726615|0.384264,5340.178029|8070.089015|10800,5340.178029,6641.108246,21282.66995,3065.36579,24348.03574,17706.92749,37669.31118,797.6705807,34428.9978,3240.313377,17515.88382,14332.22137,6065.710671,1200,10800,2.273736754e-13,9.094947018e-13,282.0415625,1025.608933,6555.803374,35328.40369,2340.907492,4214.895882,22308.27888,0
2025-11-16,PuLP HiGHS,Optimal,3.4483766,8070.089015,8106.468676,1.124955|0.726615|0.384264,5412.937351|8106.468676|10800,5412.937351,6696.525201,52365.12255,4089.687251,56454.8098,49758.2846,82977.51311,1073.952512,77760.82092,5216.692194,23657.2667,19129.64434,2464.023796,1200,10800,9.094947018e-13,1.818989404e-12,835.5048315,2939.194072,4850.851194,79211.43658,3766.076535,1084.774659,55304.31662,0
2025-11-17,PuLP HiGHS,Optimal,5.5803094,8106.468676,8519.305122,1.124955|0.726615|0.384264,6238.610245|8519.305122|10800,6238.610245,7325.396896,54032.59271,4465.891044,58498.48376,51173.08686,85341.98999,1176.647232,79939.64439,5402.345597,24351.4117,19353.09068,2507.340539,1200,10800,9.094947018e-13,4.547473509e-13,198.8365773,607.0932271,7846.751211,79488.00027,5853.989722,1992.761489,54639.68594,0
2025-11-18,PuLP HiGHS,Optimal,5.9393923,8519.305122,8069.166516,1.124955|0.726615|0.384264,5338.333031|8069.166516|10800,5338.333031,6639.703007,52641.41271,4333.624346,56975.03706,50335.33405,82980.36589,1122.523286,77744.07255,5236.293337,23014.05252,19046.50728,2219.345711,1200,10800,3.410605132e-13,1.818989404e-12,746.9981508,2320.621924,4869.266971,79533.93212,3446.433764,1422.833207,54962.03463,0
2025-11-19,PuLP HiGHS,Optimal,5.2927714,8069.166516,7684.976071,1.124955|0.726615|0.384264,4569.952143|7684.976071|10800,4569.952143,6054.467625,52174.52874,5240.345203,57414.87394,51360.40631,82636.48733,1353.261803,77445.15,5191.337324,23149.41989,19096.80151,2323.009699,1200,10800,9.094947018e-13,1.818989404e-12,909.1485169,3920.099891,4124.705862,79046.14257,3590.344752,534.3611092,56094.62863,0
2025-11-20,PuLP HiGHS,Optimal,3.3209785,7684.976071,8502.822894,1.124955|0.726615|0.384264,6205.645788|8502.822894|10800,6205.645788,7300.289601,54588.28302,4344.993758,58933.27678,51632.98718,86311.67401,1103.986333,81123.2931,5188.380907,24871.72599,19410.03591,2322.312723,1200,10800,9.094947018e-13,9.094947018e-13,341.1965202,1244.538748,6398.104417,81621.31529,4690.358715,1707.745702,55832.82177,0
2025-11-21,PuLP HiGHS,Optimal,4.0099715,8502.822894,7776.83435,1.124955|0.726615|0.384264,4753.668699|7776.83435|10800,4753.668699,6194.39488,21879.05231,3144.917002,25023.96931,18829.57443,38653.72854,853.1287031,35271.27527,3382.453267,17380.63939,14731.7076,5885.109916,1200,10800,4.547473509e-13,9.094947018e-13,305.4564551,801.3855031,7445.869135,36041.8518,2611.876739,4833.992396,22680.43781,0
2025-11-22,PuLP HiGHS,Optimal,9.6891995,7776.83435,8598.328084,1.124955|0.726615|0.384264,6396.656168|8598.328084|10800,6396.656168,7445.772179,23150.37198,4284.255374,27434.62735,19988.85517,42232.21522,1120.759465,38741.7874,3490.427825,19327.63777,14916.04224,5954.426847,1200,10800,3.126388037e-13,3.637978807e-12,244.8324566,952.6473524,7845.622658,39579.23706,2652.97816,5192.644498,24103.01933,0
2025-11-23,PuLP HiGHS,Optimal,3.6504181,8598.328084,8257.284492,1.124955|0.726615|0.384264,5714.568983|8257.284492|10800,5714.568983,6926.26218,54530.37705,4877.158071,59407.53513,52481.27295,85728.73726,1242.307745,80053.82654,5674.910724,24128.38215,19850.92877,2333.835208,1200,10800,9.094947018e-13,9.094947018e-13,655.1686281,2854.107037,6874.356234,80897.84084,4830.896425,2043.459809,57384.48409,0
2025-11-24,PuLP HiGHS,Optimal,4.2997918,8257.284492,7678.08247,1.124955|0.726615|0.384264,4556.16494|7678.08247|10800,4556.16494,6043.966636,52720.22027,3775.56684,56495.78711,50451.82048,83290.23643,975.8324131,78478.24868,4811.987754,22984.9109,19139.05965,1966.885532,1200,10800,4.547473509e-13,1.818989404e-12,562.2347013,2179.313823,5844.676178,79342.09229,3948.144136,1896.532042,54899.53409,0
2025-11-25,PuLP HiGHS,Optimal,3.5866204,7678.08247,8387.03883,1.124955|0.726615|0.384264,5974.077659|8387.03883|10800,5974.077659,7123.916314,54840.85693,4060.642236,58901.49917,51777.58285,86881.2071,1050.506584,81579.1133,5302.093796,25577.82547,20079.97791,2487.987017,1200,10800,4.547473509e-13,9.094947018e-13,420.7157621,1267.742923,5635.414834,83011.9683,3869.238806,1766.176028,56108.59985,0
2025-11-26,PuLP HiGHS,Optimal,4.4477182,8387.03883,7817.767339,1.124955|0.726615|0.384264,4835.534677|7817.767339|10800,4835.534677,6256.747898,53880.26739,3378.269825,57258.53721,51001.78932,84913.36202,882.2411632,79776.29836,5137.063665,23703.92526,19712.5238,2139.5986,1200,10800,1.136868377e-12,2.273736754e-13,405.2494979,1562.255093,4569.543179,81257.44267,3655.919356,913.6238237,55442.52248,0
2025-11-27,PuLP HiGHS,Optimal,4.1011298,7817.767339,8183.538877,1.124955|0.726615|0.384264,5567.077755|8183.538877|10800,5567.077755,6813.925854,54649.43722,3943.667641,58593.10486,51779.17901,86311.09053,996.8934277,81510.84245,4800.248076,24905.05211,19843.89783,2104.088682,1200,10800,4.547473509e-13,9.094947018e-13,337.2528398,1230.604395,5806.296348,82266.04221,4045.048318,1761.248029,55880.04162,0
2025-11-28,PuLP HiGHS,Optimal,3.6345462,8183.538877,8219.174585,1.124955|0.726615|0.384264,5638.349171|8219.174585|10800,5638.349171,6868.20955,23185.06457,4370.869173,27555.93375,20687.7242,41105.52036,1179.832074,37438.2663,3667.254068,18552.02283,14995.06636,5130.658534,1200,10800,3.055333764e-13,1.818989404e-12,284.2058975,1034.426901,6911.531237,37763.05354,3342.466822,3569.064415,24219.49147,0
2025-11-29,PuLP HiGHS,Optimal,3.1127811,8219.174585,8183.58055,1.124955|0.726615|0.384264,5567.161101|8183.58055|10800,5567.161101,6813.989334,23525.19703,4254.503148,27779.70018,20965.71085,41933.69649,1107.13842,38378.07666,3555.619835,19030.05991,15446.38316,5130.107597,1200,10800,4.547473509e-13,1.818989404e-12,1309.521079,4012.309792,4730.090721,38562.37943,3371.317062,1358.77366,27537.50682,0
2025-11-30,PuLP HiGHS,Optimal,1.1754595,8183.58055,7867.441374,1.124955|0.726615|0.384264,4934.882747|7867.441374|10800,4934.882747,6332.416107,54958.09018,4219.2545,59177.34468,52844.92857,86563.30168,1070.793792,81355.10686,5208.194826,24214.80604,19898.51815,2149.977462,1200,10800,9.094947018e-13,9.094947018e-13,1192.704986,4415.950424,3194.890666,83711.41701,2851.884679,343.0059872,59374.0406,0
2025-12-01,PuLP HiGHS,Optimal,0.9898218,7867.441374,7950,1.124955|0.726615|0.384264,5121.374675|7960.687337|10800,5121.374675,6466.691638,55920.67091,3437.532735,59358.20364,52891.512,88049.93187,874.420033,82762.23631,5287.695569,24910.4808,20103.18669,2274.909876,1200,10800,9.094947018e-13,9.094947018e-13,4713.111732,17769.46727,1656.821756,86394.7945,1655.137372,1.684383167,73690.13818,0
2025-12-02,PuLP HiGHS,Optimal,3.1591373,7950,8725.034027,1.124955|0.726615|0.384264,6650.068054|8725.034027|10800,6650.068054,7638.782708,57078.91161,5465.446853,62544.35846,54905.57576,90124.51524,1414.348587,84361.12748,5763.387752,25694.48225,20115,2276.113312,1200,10800,1.136868377e-13,1.818989404e-12,5374.987708,21081.09602,1282.210741,88858.72967,1265.785566,16.42517583,78160.00763,0
2025-12-03,PuLP HiGHS,Optimal,4.8300463,8725.034027,7703.991726,1.124955|0.726615|0.384264,4607.983452|7703.991726|10800,4607.983452,6083.434077,55842.97995,3809.332209,59652.31216,53568.87808,87416.42197,991.9917157,81798.21565,5618.206315,23712.95166,20126.42891,1869.122413,1200,10800,6.110667528e-13,9.094947018e-13,4661.600242,15667.95763,1328.7509,86305.6409,1110.78107,217.9698295,71510.93758,0
2025-12-04,PuLP HiGHS,Optimal,6.3106694,7703.991726,7645.718387,1.124955|0.726615|0.384264,4491.436774|7645.718387|10800,4491.436774,5994.66659,56679.10269,3738.230256,60417.33295,54422.66636,88803.60832,960.0766531,83530.62189,5272.986427,24768.58518,20115,1888.694148,1200,10800,3.410605132e-13,1.818989404e-12,4478.588726,16337.14671,1857.403115,87132.68202,1670.926297,186.4768182,73016.2494,0
2025-12-05,PuLP HiGHS,Optimal,3.6667216,7645.718387,8153.638162,1.124955|0.726615|0.384264,5507.276325|8153.638162|10800,5507.276325,6768.378244,24939.428,3161.01833,28100.44633,21332.06808,45238.22557,862.5741721,41484.35103,3753.874549,19895.6676,15658.36296,3848.919997,1200,10800,4.547473509e-13,3.637978807e-12,2849.932574,9818.170427,2539.225824,43335.65517,1902.570403,636.6554206,34757.59843,0
2025-12-06,PuLP HiGHS,Optimal,2.7318891,8153.638162,8729.254957,1.124955|0.726615|0.384264,6658.509914|8729.254957|10800,6658.509914,7645.21243,26220.09464,3768.527472,29988.62211,22343.40969,47305.04313,1003.685058,42982.87927,4322.163865,20350.59745,15965.92882,4542.669122,1200,10800,4.547473509e-13,9.094947018e-13,3635.451834,10998.35152,2891.195517,45790.70118,1514.34195,1376.853567,37218.44616,0
2025-12-07,PuLP HiGHS,Optimal,3.0142059,8729.254957,7931.32036,1.124955|0.726615|0.384264,5062.640721|7931.32036|10800,5062.640721,6429.722649,58096.35598,5365.992894,63462.34887,57032.62622,90405.45603,1395.886285,84367.25732,6038.198705,23946.73934,20115,1773.055402,1200,10800,4.547473509e-13,2.273736754e-13,3007.462479,10284.58199,1928.497917,88930.22516,1475.230863,453.2670537,68380.93797,0
2025-12-08,PuLP HiGHS,Optimal,1.067513,7931.32036,7920.813807,1.124955|0.726615|0.384264,5041.627614|7920.813807|10800,5041.627614,6413.718068,63390.84455,4319.7713,67710.61585,61296.89778,98386.52386,1115.541786,92579.65028,5806.873579,25336.52484,20532.04102,1164.076001,1200,10800,4.547473509e-13,4.547473509e-13,456.816868,1915.673392,6191.645786,93525.68683,4860.837025,1330.808761,65306.51794,0
2025-12-09,PuLP HiGHS,Optimal,2.7810442,7920.813807,7715.13578,1.124955|0.726615|0.384264,4630.271561|7715.13578|10800,4630.271561,6100.409759,63151.48635,4085.449362,67236.93571,61136.52595,98120.18064,1067.294412,92400.17331,5720.007326,25349.61606,20718.29924,1383.81748,1200,10800,0,9.094947018e-13,450.0074222,1990.773606,6550.416966,92463.2291,5656.951536,893.4654297,65142.25996,0
2025-12-10,PuLP HiGHS,Optimal,3.4624275,7715.13578,8528.93795,1.124955|0.726615|0.384264,6257.8759|8528.93795|10800,6257.8759,7340.070534,65032.07562,5441.465178,70473.5408,63133.47027,101166.0188,1401.835079,94183.73285,6982.285973,26570.8913,20790,1553.278119,1200,10800,4.547473509e-13,9.094947018e-13,250.8420796,980.0407941,7248.351134,95659.99784,5506.020976,1742.330158,66012.11641,0
2025-12-11,PuLP HiGHS,Optimal,4.6290271,8528.93795,7775.99462,1.124955|0.726615|0.384264,4751.98924|7775.99462|10800,4751.98924,6193.115724,63170.48158,4011.962799,67182.44438,60989.32866,97699.45977,1029.901057,91646.46754,6052.992222,24677.09023,20666.09208,1279.836315,1200,10800,2.842170943e-13,9.094947018e-13,198.6064736,584.3008304,7925.813393,91248.39997,6451.059799,1474.753593,63754.78241,0
2025-12-12,PuLP HiGHS,Optimal,3.319767,7775.99462,8465.077739,1.124955|0.726615|0.384264,6130.155479|8465.077739|10800,6130.155479,7242.792595,29622.21457,4197.482837,33819.6974,26576.90481,54052.82653,1110.049793,49319.60207,4733.224456,22265.19613,17414.63405,3191.340804,1200,10800,0,2.273736754e-13,497.461314,1444.832168,5985.312288,50403.27036,3649.556174,2335.756114,31067.04674,0
2025-12-13,PuLP HiGHS,Optimal,3.845068,8465.077739,8176.217885,1.124955|0.726615|0.384264,5552.435771|8176.217885|10800,5552.435771,6802.773824,29509.15755,3598.223031,33107.38058,26304.60676,53935.07399,963.1480463,49188.76042,4746.31357,21210.9022,17440.80465,3242.004199,1200,10800,2.273736754e-13,1.818989404e-12,224.8245857,1095.961812,6591.267649,49120.53709,4814.536904,1776.730745,30605.11936,0
2025-12-14,PuLP HiGHS,Optimal,0.961205,8176.217885,8641.608083,1.124955|0.726615|0.384264,6483.216166|8641.608083|10800,6483.216166,7511.700384,65042.12719,4505.727924,69547.85512,62036.15473,100623.3422,1149.946439,94248.71536,6374.626833,26183.76689,20790,1406.550875,1200,10800,9.094947018e-13,9.094947018e-13,248.7556607,962.6672398,6699.609166,95056.42,5566.922193,1132.686974,66004.79443,0
2025-12-15,PuLP HiGHS,Optimal,1.0579393,8641.608083,7946.478689,1.124955|0.726615|0.384264,5092.957377|7946.478689|10800,5092.957377,6452.813254,62478.89182,3925.868038,66404.75986,59951.94661,97022.40712,1015.524146,91231.34443,5791.06269,24556.45983,20516.34892,1348.246699,1200,10800,4.547473509e-13,4.547473509e-13,450.1682593,1598.019068,3962.906501,93710.87447,3311.532649,651.3738527,64076.91089,0
2025-12-16,PuLP HiGHS,Optimal,2.4760923,7946.478689,7664.628133,1.124955|0.726615|0.384264,4529.256266|7664.628133|10800,4529.256266,6023.471712,63463.96049,3919.628196,67383.58869,61360.11697,98206.68451,1022.541873,92115.0974,6091.587103,25248.62953,20705.05542,1373.742654,1200,10800,9.094947018e-13,9.094947018e-13,273.8680891,952.6547464,4518.887151,94494.03114,3712.65337,806.2337808,64416.61524,0
2025-12-17,PuLP HiGHS,Optimal,3.1687577,7664.628133,8021.938482,1.124955|0.726615|0.384264,5243.876964|8021.938482|10800,5243.876964,6567.76078,64170.3309,4644.880054,68815.21095,62247.45017,99901.83921,1167.798385,94057.4302,5844.409009,25813.3437,20587.22909,1362.929878,1200,10800,2.273736754e-13,4.547473509e-13,427.5019547,1732.449734,6911.379481,94232.9241,5668.915116,1242.464365,65902.78063,0
2025-12-18,PuLP HiGHS,Optimal,4.0149717,8021.938482,8110.732786,1.124955|0.726615|0.384264,5421.465572|8110.732786|10800,5421.465572,6703.020699,63662.92727,4167.851109,67830.77838,61127.75768,98836.66325,1076.094971,93140.64463,5696.018623,25482.37993,20560.81287,1285.72718,1200,10800,4.547473509e-13,9.094947018e-13,532.8971076,1715.624736,7081.726334,92535.57735,6301.085901,780.6404323,65378.55201,0
2025-12-19,PuLP HiGHS,Optimal,3.1229263,8110.732786,8782.854054,1.124955|0.726615|0.384264,6765.708107|8782.854054|10800,6765.708107,7726.859666,30735.13368,4359.54889,35094.68257,27367.8229,56412.64926,1174.950719,51518.46035,4894.188908,22363.54408,17509.56156,3268.230973,1200,10800,9.094947018e-13,9.094947018e-13,90.19646353,267.4514803,8740.471904,51567.14036,4845.508899,3894.963005,31002.58516,0
2025-12-20,PuLP HiGHS,Optimal,2.5442622,8782.854054,8551.489161,1.124955|0.726615|0.384264,6302.978321|8551.489161|10800,6302.978321,7374.422681,30029.24437,4121.191735,34150.43611,26776.01343,53944.80623,1086.25957,48943.75079,5001.055448,21432.74879,17568.75492,3102.446801,1200,10800,4.547473509e-13,9.094947018e-13,200.501488,651.915544,7381.440258,49246.24825,4698.55798,2682.882278,30681.15991,43.521347
2025-12-21,PuLP HiGHS,Optimal,0.8883001,8551.489161,7950,1.124955|0.726615|0.384264,5101.519049|7950.759525|10800,5101.519049,6458.782348,63782.13152,3364.886684,67147.0182,60688.23585,98550.98209,868.5932833,93124.77472,5426.207368,24963.18978,20761.52397,1168.762082,1200,10800,3.637978807e-12,9.094947018e-13,744.624174,2271.184055,6056.158586,93829.41894,4721.563155,1334.595432,66053.31557,0
2025-12-22,PuLP HiGHS,Optimal,2.4763338,7950,8499.510021,1.124955|0.726615|0.384264,6199.020042|8499.510021|10800,6199.020042,7295.243118,64625.1234,4766.000547,69391.12394,62095.88083,100569.2797,1224.182888,94733.02119,5836.258466,26199.91482,20727.37199,1254.097937,1200,10800,0,9.094947018e-13,301.6505846,930.988859,6460.960319,95156.41931,5412.860348,1048.099971,65556.11226,0
2025-12-23,PuLP HiGHS,Optimal,6.1997773,8499.510021,8566.143246,1.124955|0.726615|0.384264,6332.286492|8566.143246|10800,6332.286492,7396.745176,64214.73218,4205.086037,68419.81821,61023.07304,99569.76892,1097.827153,93900.79865,5668.970276,25620.80351,20692.88094,1245.469842,1200,10800,9.094947018e-13,1.818989404e-12,99.76386317,278.0905736,7483.517683,93310.48026,6259.288659,1224.229024,64492.82275,0
2025-12-24,PuLP HiGHS,Optimal,2.211153,8566.143246,8582.994737,1.124955|0.726615|0.384264,6365.989474|8582.994737|10800,6365.989474,7422.414968,64251.65369,4445.787381,68697.44107,61275.02611,99799.97782,1127.990686,94013.91053,5786.067292,25685.39055,20790,1082.065588,1200,10800,0,9.094947018e-13,186.9333269,696.5866033,7236.961283,93749.25417,6050.723647,1186.237636,64948.24029,0
2025-12-25,PuLP HiGHS,Optimal,3.1333533,8582.994737,8258.585647,1.124955|0.726615|0.384264,5717.171294|8258.585647|10800,5717.171294,6928.244223,63462.89194,3332.296301,66795.18824,59866.94402,98428.77732,871.10701,92229.17298,6199.604347,25246.83531,20741.90479,1233.269845,1200,10800,9.094947018e-13,9.094947018e-13,602.5711062,2197.014697,6713.969367,93309.64563,5119.131698,1594.837669,65659.90664,0
2025-12-26,PuLP HiGHS,Optimal,2.8282893,8258.585647,7933.534312,1.124955|0.726615|0.384264,5067.068623|7933.534312|10800,5067.068623,6433.095149,29464.54625,3201.854227,32666.40048,26233.30533,53114.11596,854.2006411,48565.16627,4548.949689,20933.42338,17248.61914,3142.270898,1200,10800,4.547473509e-13,9.094947018e-13,256.3262709,899.2687783,6678.01556,48887.9919,4226.124059,2451.891501,30363.81503,0
2025-12-27,PuLP HiGHS,Optimal,2.807178,7933.534312,7694.184885,1.124955|0.726615|0.384264,4588.369769|7694.184885|10800,4588.369769,6068.495364,28672.50486,3785.234265,32457.73913,26389.24377,52566.05929,1002.473023,48145.62664,4420.432653,21325.28499,17488.89533,3202.107464,1200,10800,2.273736754e-13,4.547473509e-13,282.3362543,1070.843719,5673.196819,48816.63846,3749.420836,1923.775983,29743.34858,0
2025-12-28,PuLP HiGHS,Optimal,4.4553596,7694.184885,8471.119416,1.124955|0.726615|0.384264,6142.238831|8471.119416|10800,6142.238831,7251.99585,65017.10234,4521.255489,69538.35783,62286.36198,101036.9278,1153.085798,95072.63379,5964.294006,26527.06956,20787.68526,1159.111062,1200,10800,4.547473509e-13,1.818989404e-12,348.655652,1256.421103,8836.944405,94147.02707,6889.900726,1947.043679,66273.52344,0
2025-12-29,PuLP HiGHS,Optimal,4.7171007,8471.119416,7766.107108,1.124955|0.726615|0.384264,4732.214216|7766.107108|10800,4732.214216,6178.054127,63458.19607,4887.169203,68345.36528,62167.31115,98123.67716,1274.965095,92151.74297,5971.934198,24883.31966,20790,1291.077404,1200,10800,1.136868377e-13,1.818989404e-12,294.4067321,936.2616605,6800.99797,92940.3925,5183.284663,1617.713307,64394.45773,0
2025-12-30,PuLP HiGHS,Optimal,6.2284061,7766.107108,8060.185252,1.124955|0.726615|0.384264,5320.370503|8060.185252|10800,5320.370503,6626.021893,63512.51721,4313.360371,67825.87758,61199.85569,98735.04601,1105.743583,92816.86054,5918.185469,25870.23228,20690.21781,1407.699591,1200,10800,4.547473509e-13,1.818989404e-12,227.3037053,687.8300012,7557.932651,92690.69124,6044.35477,1513.577881,64200.34721,0
2025-12-31,PuLP HiGHS,Optimal,1.1349965,8060.185252,7834.330492,1.124955|0.726615|0.384264,4868.660984|7834.330492|10800,4868.660984,6281.978467,63315.06424,3588.952187,66904.01642,60622.03796,98328.53152,928.7002242,92767.79958,5560.731938,25134.2879,20562.04248,1234.195994,1200,10800,4.547473509e-13,9.094947018e-13,491.6301606,1408.560606,5601.493332,93433.33091,4895.200609,706.2927233,64723.62485,0
